word	language	ontology_id	backbone_label	backbone_level	scope	synonym_type	match_kind	evidence	candidate_blocks	flags	corpus_mentions	word_sources	rationale	design_key
blanc	fr	FLOPO:0988009	white	1	EXACT	botanical_colour_name	translation	EVID:NIST_SP440		translation	3892	corpus	French 'blanc' read as English 'white'. Literal ISCC-NBS name 'white' (level 1).	ISCCNBS:L1_011
jaune	fr	FLOPO:0988004	yellow	1	EXACT	botanical_colour_name	translation	EVID:NIST_SP440		level_homonym|translation	3044	corpus	French 'jaune' read as English 'yellow'. Literal ISCC-NBS name 'yellow' (level 1).	ISCCNBS:L1_005
brun	fr	FLOPO:0988003	brown	1	EXACT	botanical_colour_name	translation	EVID:NIST_SP440		level_homonym|translation	3005	botanical_terminology|corpus	French 'brun' read as English 'brown'. Literal ISCC-NBS name 'brown' (level 1).	ISCCNBS:L1_004
vert	fr	FLOPO:0988006	green	1	EXACT	botanical_colour_name	translation	EVID:NIST_SP440		level_homonym|translation	2185	corpus	French 'vert' read as English 'green'. Literal ISCC-NBS name 'green' (level 1).	ISCCNBS:L1_008
rouge	fr	FLOPO:0988001	red	1	EXACT	botanical_colour_name	translation	EVID:NIST_SP440		level_homonym|translation	1574	corpus	French 'rouge' read as English 'red'. Literal ISCC-NBS name 'red' (level 1).	ISCCNBS:L1_002
reddish	en	FLOPO:0988001	red	1	RELATED	botanical_colour_name	ish_tendency	EVID:NIST_SP440			1377	FLOPO value label|PATO related synonym|botanical_terminology|corpus	Hue-tendency adjective; ISCC-NBS uses 'reddish' only as a modifier inside compound names, so the bare word is RELATED to level-1 'red', not a block.	ISCCNBS:L1_002
brownish	en	FLOPO:0988003	brown	1	RELATED	botanical_colour_name	ish_tendency	EVID:NIST_SP440			1357	FLOPO value label|PATO related synonym|botanical_terminology|corpus	Hue-tendency adjective; ISCC-NBS uses 'brownish' only as a modifier inside compound names, so the bare word is RELATED to level-1 'brown', not a block.	ISCCNBS:L1_004
blanchâtre	fr	FLOPO:0988009	white	1	RELATED	botanical_colour_name	ish_tendency	EVID:NIST_SP440		translation	1285	corpus	French 'blanchâtre' read as English 'whitish'. Hue-tendency adjective; ISCC-NBS uses 'whitish' only as a modifier inside compound names, so the bare word is RELATED to level-1 'white', not a block.	ISCCNBS:L1_011
yellowish	en	FLOPO:0988004	yellow	1	RELATED	botanical_colour_name	ish_tendency	EVID:NIST_SP440			1249	FLOPO value label|PATO related synonym|botanical_terminology|corpus	Hue-tendency adjective; ISCC-NBS uses 'yellowish' only as a modifier inside compound names, so the bare word is RELATED to level-1 'yellow', not a block.	ISCCNBS:L1_005
jaunâtre	fr	FLOPO:0988004	yellow	1	RELATED	botanical_colour_name	ish_tendency	EVID:NIST_SP440		translation	1190	corpus	French 'jaunâtre' read as English 'yellowish'. Hue-tendency adjective; ISCC-NBS uses 'yellowish' only as a modifier inside compound names, so the bare word is RELATED to level-1 'yellow', not a block.	ISCCNBS:L1_005
noir	fr	FLOPO:0988011	black	1	EXACT	botanical_colour_name	translation	EVID:NIST_SP440		translation	1136	corpus	French 'noir' read as English 'black'. Literal ISCC-NBS name 'black' (level 1).	ISCCNBS:L1_013
brunâtre	fr	FLOPO:0988003	brown	1	RELATED	botanical_colour_name	ish_tendency	EVID:NIST_SP440		translation	1018	corpus	French 'brunâtre' read as English 'brownish'. Hue-tendency adjective; ISCC-NBS uses 'brownish' only as a modifier inside compound names, so the bare word is RELATED to level-1 'brown', not a block.	ISCCNBS:L1_004
cream	en	FLOPO:0988019	yellow (ISCC-NBS level 2)	2	NARROW	botanical_colour_name	vernacular	EVID:NIST_SP440	89	no_botanical_source_tier_general|single_source_lifted_to_level2	986	PATO label|botanical_terminology|corpus	Documented senses fall in ISCC-NBS block(s) 89; lowest covering backbone class is level 2 'yellow'. PDF p.140 Sense tier used: general (1 sense(s)); all sources give blocks 89 90 92. Only one source places the word in a single block, so it is attached to that block's level-2 class rather than to the block itself.	ISCCNBS:L2_010
purplish	en	FLOPO:0988008	purple	1	RELATED	botanical_colour_name	ish_tendency	EVID:NIST_SP440			947	FLOPO value label|PATO related synonym|botanical_terminology|corpus	Hue-tendency adjective; ISCC-NBS uses 'purplish' only as a modifier inside compound names, so the bare word is RELATED to level-1 'purple', not a block.	ISCCNBS:L1_010
rougeâtre	fr	FLOPO:0988001	red	1	RELATED	botanical_colour_name	ish_tendency	EVID:NIST_SP440		translation	913	corpus	French 'rougeâtre' read as English 'reddish'. Hue-tendency adjective; ISCC-NBS uses 'reddish' only as a modifier inside compound names, so the bare word is RELATED to level-1 'red', not a block.	ISCCNBS:L1_002
ferruginous	en	FLOPO:0988002	orange	1	RELATED	botanical_colour_name	vernacular	EVID:NIST_SP440	37 38 43 55	crosses_level1	892	corpus	Documented senses span ISCC-NBS block(s) 37 38 43 55 across level-1 categories brown, orange; no backbone class below color covers all senses, so the word is a RELATED synonym of the majority/fallback level-1 class. line number approximate (entry not cleanly matched in layout OCR); PDF p.143 Sense tier used: botanical (2 sense(s)); all sources give blocks 37 38 43 55.	ISCCNBS:L1_003
greenish	en	FLOPO:0988006	green	1	RELATED	botanical_colour_name	ish_tendency	EVID:NIST_SP440			888	FLOPO value label|PATO related synonym|botanical_terminology|corpus	Hue-tendency adjective; ISCC-NBS uses 'greenish' only as a modifier inside compound names, so the bare word is RELATED to level-1 'green', not a block.	ISCCNBS:L1_008
roux	fr	FLOPO:0988015	reddish orange	2	NARROW	botanical_colour_name	vernacular	EVID:NIST_SP440	37	single_source_lifted_to_level2|translation	844	corpus	French 'roux' read as English 'rufous'. Documented senses fall in ISCC-NBS block(s) 37; lowest covering backbone class is level 2 'reddish orange'. PDF p.179 Sense tier used: botanical (1 sense(s)); all sources give blocks 26 37 53. Only one source places the word in a single block, so it is attached to that block's level-2 class rather than to the block itself.	ISCCNBS:L2_004
blackish	en	FLOPO:0988011	black	1	RELATED	botanical_colour_name	ish_tendency	EVID:NIST_SP440			834	FLOPO value label|PATO related synonym|botanical_terminology|corpus	Hue-tendency adjective; ISCC-NBS uses 'blackish' only as a modifier inside compound names, so the bare word is RELATED to level-1 'black', not a block.	ISCCNBS:L1_013
pourpre	fr	FLOPO:0988008	purple	1	EXACT	botanical_colour_name	translation	EVID:NIST_SP440		level_homonym|translation	823	botanical_terminology|corpus	French 'pourpre' read as English 'purple'. Literal ISCC-NBS name 'purple' (level 1).	ISCCNBS:L1_010
pale brown	en	FLOPO:0988085	light grayish brown	3	NARROW	botanical_colour_name	iscc_gloss	EVID:NIST_CENTROIDS		b3_pale_gloss_narrow	808	PATO exact synonym|botanical_terminology|corpus	Not a literal ISCC-NBS name; Kelly (1958) glosses 'pale' as 'light grayish', giving block 'light grayish brown'. Curator decision B3 (2026-09-18): 'pale X' is EXACT only where ISCC-NBS itself names the block that way; otherwise NARROW.	ISCCNBS:L3_060
rose	fr	FLOPO:0988000	pink	1	EXACT	botanical_colour_name	translation	EVID:NIST_SP440		level_homonym|translation	804	corpus	French 'rose' read as English 'pink'. Literal ISCC-NBS name 'pink' (level 1).	ISCCNBS:L1_001
verdâtre	fr	FLOPO:0988006	green	1	RELATED	botanical_colour_name	ish_tendency	EVID:NIST_SP440		translation	753	corpus	French 'verdâtre' read as English 'greenish'. Hue-tendency adjective; ISCC-NBS uses 'greenish' only as a modifier inside compound names, so the bare word is RELATED to level-1 'green', not a block.	ISCCNBS:L1_008
gris	fr	FLOPO:0988010	gray	1	EXACT	botanical_colour_name	translation	EVID:NIST_SP440		translation	694	corpus	French 'gris' read as English 'gray'. Literal ISCC-NBS name 'gray' (level 1).	ISCCNBS:L1_012
grayish	en	FLOPO:0988010	gray	1	RELATED	botanical_colour_name	ish_tendency	EVID:NIST_SP440			664	FLOPO value label|PATO related synonym|botanical_terminology|corpus	Hue-tendency adjective; ISCC-NBS uses 'grayish' only as a modifier inside compound names, so the bare word is RELATED to level-1 'gray', not a block.	ISCCNBS:L1_012
noirâtre	fr	FLOPO:0988011	black	1	RELATED	botanical_colour_name	ish_tendency	EVID:NIST_SP440		translation	637	corpus	French 'noirâtre' read as English 'blackish'. Hue-tendency adjective; ISCC-NBS uses 'blackish' only as a modifier inside compound names, so the bare word is RELATED to level-1 'black', not a block.	ISCCNBS:L1_013
fauve	fr	FLOPO:0988002	orange	1	RELATED	botanical_colour_name	vernacular	EVID:NIST_SP440	54 72 74	crosses_level1|translation	633	corpus	French 'fauve' read as English 'fulvous'. Documented senses span ISCC-NBS block(s) 54 72 74 across level-1 categories brown, orange, yellow; no backbone class below color covers all senses, so the word is a RELATED synonym of the majority/fallback level-1 class. no English 'Fulvous' entry; Latin Dade (B) equivalent; PDF p.145 Sense tier used: botanical (1 sense(s)); all sources give blocks 54 72 74.	ISCCNBS:L1_003
rusty	en	FLOPO:0988002	orange	1	RELATED	botanical_colour_name	vernacular	EVID:NIST_SP440	37 38 43 55	crosses_level1	625	botanical_terminology|corpus	Lexical equivalent of 'ferruginous'. Documented senses span ISCC-NBS block(s) 37 38 43 55 across level-1 categories brown, orange; no backbone class below color covers all senses, so the word is a RELATED synonym of the majority/fallback level-1 class. line number approximate (entry not cleanly matched in layout OCR); PDF p.143 Sense tier used: botanical (2 sense(s)); all sources give blocks 37 38 43 55.	ISCCNBS:L1_003
ferrugineux	fr	FLOPO:0988002	orange	1	RELATED	botanical_colour_name	vernacular	EVID:NIST_SP440	37 38 43 55	crosses_level1|translation	594	corpus	French 'ferrugineux' read as English 'ferruginous'. Documented senses span ISCC-NBS block(s) 37 38 43 55 across level-1 categories brown, orange; no backbone class below color covers all senses, so the word is a RELATED synonym of the majority/fallback level-1 class. line number approximate (entry not cleanly matched in layout OCR); PDF p.143 Sense tier used: botanical (2 sense(s)); all sources give blocks 37 38 43 55.	ISCCNBS:L1_003
mauve	en	FLOPO:0988008	purple	1	NARROW	botanical_colour_name	vernacular	EVID:NIST_SP440	206 217 218	multi_block	586	corpus	Documented senses fall in ISCC-NBS block(s) 206 217 218; lowest covering backbone class is level 1 'purple'. PDF p.161 Sense tier used: botanical (2 sense(s)); all sources give blocks 206 217 218 241.	ISCCNBS:L1_010
grisâtre	fr	FLOPO:0988010	gray	1	RELATED	botanical_colour_name	ish_tendency	EVID:NIST_SP440		translation	573	corpus	French 'grisâtre' read as English 'grayish'. Hue-tendency adjective; ISCC-NBS uses 'grayish' only as a modifier inside compound names, so the bare word is RELATED to level-1 'gray', not a block.	ISCCNBS:L1_012
brun rougeâtre	fr	PATO:0001287	reddish brown	2	EXACT	botanical_colour_name	translation	EVID:NIST_SP440		translation|compound_reordered	498	corpus	French 'brun rougeâtre' read as English 'reddish brown'. Literal ISCC-NBS name 'reddish brown' (level 2).	ISCCNBS:L2_005
orangé	fr	FLOPO:0988002	orange	1	EXACT	botanical_colour_name	translation	EVID:NIST_SP440		level_homonym|translation	464	corpus	French 'orangé' read as English 'orange'. Literal ISCC-NBS name 'orange' (level 1).	ISCCNBS:L1_003
violet	fr	FLOPO:0988027	violet	2	EXACT	botanical_colour_name	translation	EVID:NIST_SP440		translation	450	corpus	French 'violet' read as English 'violet'. Literal ISCC-NBS name 'violet' (level 2).	ISCCNBS:L2_022
glaucous	en	FLOPO:0988006	green	1	RELATED	botanical_colour_name	vernacular	EVID:NIST_SP440	121 135 148 149 163 171 184	crosses_level1	431	corpus	Documented senses span ISCC-NBS block(s) 121 135 148 149 163 171 184 across level-1 categories blue, green, yellow green; no backbone class below color covers all senses, so the word is a RELATED synonym of the majority/fallback level-1 class. PDF p.145 Sense tier used: botanical (2 sense(s)); all sources give blocks 121 135 148 149 163 171 184.	ISCCNBS:L1_008
gray brown	en	FLOPO:0988086	grayish brown	3	EXACT	botanical_colour_name	iscc_variant	EVID:NIST_SP440			393	corpus	'-ish' variant of the ISCC-NBS name 'grayish brown' (level 3).	ISCCNBS:L3_061
silvery	en	FLOPO:0988009	white	1	RELATED	botanical_colour_name	vernacular	EVID:SACCARDO_CHROMOTAXIA	263		362	FLOPO value label|botanical_terminology|corpus	Lexical equivalent of 'silver'. Documented senses fall in ISCC-NBS block(s) 263; lowest covering backbone class is level 1 'white'. Lustre is not a colour; hue component is white. Sense tier used: botanical (1 sense(s)); all sources give blocks 263.	ISCCNBS:L1_011
pinkish	en	FLOPO:0988000	pink	1	RELATED	botanical_colour_name	ish_tendency	EVID:NIST_SP440			346	FLOPO value label|PATO related synonym|botanical_terminology|corpus	Hue-tendency adjective; ISCC-NBS uses 'pinkish' only as a modifier inside compound names, so the bare word is RELATED to level-1 'pink', not a block.	ISCCNBS:L1_001
violacé	fr	FLOPO:0988027	violet	2	RELATED	botanical_colour_name	ish_tendency	EVID:NIST_SP440		translation	344	corpus	French 'violacé' read as English 'violaceous'. Hue-tendency adjective; ISCC-NBS uses 'violaceous' only as a modifier inside compound names, so the bare word is RELATED to level-1 'violet', not a block.	ISCCNBS:L2_022
red brown	en	PATO:0001287	reddish brown	2	EXACT	botanical_colour_name	iscc_variant	EVID:NIST_SP440			320	PATO label|corpus	'-ish' variant of the ISCC-NBS name 'reddish brown' (level 2).	ISCCNBS:L2_005
orange	fr	FLOPO:0988002	orange	1	EXACT	botanical_colour_name	translation	EVID:NIST_SP440		level_homonym|translation	290	botanical_terminology|corpus	French 'orange' read as English 'orange'. Literal ISCC-NBS name 'orange' (level 1).	ISCCNBS:L1_003
fulvous	en	FLOPO:0988002	orange	1	RELATED	botanical_colour_name	vernacular	EVID:NIST_SP440	54 72 74	crosses_level1	288	botanical_terminology|corpus	Documented senses span ISCC-NBS block(s) 54 72 74 across level-1 categories brown, orange, yellow; no backbone class below color covers all senses, so the word is a RELATED synonym of the majority/fallback level-1 class. no English 'Fulvous' entry; Latin Dade (B) equivalent; PDF p.145 Sense tier used: botanical (1 sense(s)); all sources give blocks 54 72 74.	ISCCNBS:L1_003
mauve	fr	FLOPO:0988008	purple	1	NARROW	botanical_colour_name	vernacular	EVID:NIST_SP440	206 217 218	multi_block|translation	279	corpus	French 'mauve' read as English 'mauve'. Documented senses fall in ISCC-NBS block(s) 206 217 218; lowest covering backbone class is level 1 'purple'. PDF p.161 Sense tier used: botanical (2 sense(s)); all sources give blocks 206 217 218 241.	ISCCNBS:L1_010
bleu	fr	FLOPO:0988007	blue	1	EXACT	botanical_colour_name	translation	EVID:NIST_SP440		level_homonym|translation	278	corpus	French 'bleu' read as English 'blue'. Literal ISCC-NBS name 'blue' (level 1).	ISCCNBS:L1_009
straw	en	FLOPO:0988019	yellow (ISCC-NBS level 2)	2	NARROW	botanical_colour_name	vernacular	DOI:10.1364/JOSA.39.000592|EVID:NIST_SP440|EVID:RIDGWAY_1912	83 86	multi_block	273	PATO exact synonym|botanical_terminology|corpus	Documented senses fall in ISCC-NBS block(s) 83 86; lowest covering backbone class is level 2 'yellow'. PDF p.183 Sense tier used: botanical (3 sense(s)); all sources give blocks 83 86 87 89.	ISCCNBS:L2_010
crimson	en	FLOPO:0988001	red	1	NARROW	botanical_colour_name	vernacular	EVID:NIST_SP440	11 254	multi_block	247	FLOPO value label|PATO label|botanical_terminology|corpus	Documented senses fall in ISCC-NBS block(s) 11 254; lowest covering backbone class is level 1 'red'. PDF p.140 Sense tier used: botanical (2 sense(s)); all sources give blocks 11 12 254 256.	ISCCNBS:L1_002
yellow brown	en	FLOPO:0988018	yellowish brown	2	EXACT	botanical_colour_name	iscc_variant	EVID:NIST_SP440			237	PATO label|corpus	'-ish' variant of the ISCC-NBS name 'yellowish brown' (level 2).	ISCCNBS:L2_009
roussâtre	fr	FLOPO:0988015	reddish orange	2	NARROW	botanical_colour_name	vernacular	EVID:NIST_SP440	37	single_source_lifted_to_level2|translation	204	corpus	French 'roussâtre' read as English 'rufous'. Documented senses fall in ISCC-NBS block(s) 37; lowest covering backbone class is level 2 'reddish orange'. PDF p.179 Sense tier used: botanical (1 sense(s)); all sources give blocks 26 37 53. Only one source places the word in a single block, so it is attached to that block's level-2 class rather than to the block itself.	ISCCNBS:L2_004
bright yellow	en	FLOPO:0988019	yellow (ISCC-NBS level 2)	2	NARROW	botanical_colour_name	modified	EVID:NIST_SP440		degree_modifier|level_homonym	202	PATO related synonym|botanical_terminology|corpus	Modifier 'bright' is not an ISCC-NBS modifier for this head (or the phrase is not a level-3 name); the phrase is a NARROW synonym of the class of its head 'yellow'.	ISCCNBS:L2_010
gray green	en	PATO:0104007	grayish green	3	EXACT	botanical_colour_name	iscc_variant	EVID:NIST_SP440			199	PATO exact synonym|botanical_terminology|corpus	'-ish' variant of the ISCC-NBS name 'grayish green' (level 3).	ISCCNBS:L3_150
marron	fr	PATO:0001287	reddish brown	2	NARROW	botanical_colour_name	vernacular	DOI:10.1364/JOSA.39.000592|EVID:NIST_SP440|EVID:RIDGWAY_1912	43 44 46 47	multi_block|translation	197	corpus	French 'marron' read as English 'chestnut'. Documented senses fall in ISCC-NBS block(s) 43 44 46 47; lowest covering backbone class is level 2 'reddish brown'. M synonyms: Brown Bay, Brownstone, Castaneous, Marone, Marron, Marrone; PDF p.137 Sense tier used: botanical (4 sense(s)); all sources give blocks 43 44 46 47 61.	ISCCNBS:L2_005
doré	fr	FLOPO:0988004	yellow	1	RELATED	botanical_colour_name	vernacular	DOI:10.1364/JOSA.39.000592|EVID:RIDGWAY_1912	88 94	crosses_level1|translation	186	corpus	French 'doré' read as English 'golden'. Documented senses span ISCC-NBS block(s) 88 94 across level-1 categories olive, yellow; no backbone class below color covers all senses, so the word is a RELATED synonym of the majority/fallback level-1 class. M synonyms: Aurum, Golden, Imperial Stone; PDF p.145 Sense tier used: botanical (1 sense(s)); all sources give blocks 76 82 84 87 88 91 94.	ISCCNBS:L1_005
orange red	en	FLOPO:0988001	red	1	NARROW	botanical_colour_name	compound_head			compound_head_rule|components_cross_level1	183	PATO exact synonym|PATO label|botanical_terminology|corpus	Two-colour compound not named by ISCC-NBS; English head-final reading makes it a NARROW synonym of the head 'red' class 'red' (tending towards 'orange').	ISCCNBS:L1_002
brun rouge	fr	PATO:0001287	reddish brown	2	EXACT	botanical_colour_name	translation	EVID:NIST_SP440		translation|compound_reordered	183	corpus	French 'brun rouge' read as English 'reddish brown'. Literal ISCC-NBS name 'reddish brown' (level 2).	ISCCNBS:L2_005
jaune verdâtre	fr	PATO:0104013	greenish yellow	2	EXACT	botanical_colour_name	translation	EVID:NIST_SP440		translation|compound_reordered	179	corpus	French 'jaune verdâtre' read as English 'greenish yellow'. Literal ISCC-NBS name 'greenish yellow' (level 2).	ISCCNBS:L2_012
vert jaunâtre	fr	PATO:0104114	yellowish green	2	EXACT	botanical_colour_name	translation	EVID:NIST_SP440		translation|compound_reordered	179	corpus	French 'vert jaunâtre' read as English 'yellowish green'. Literal ISCC-NBS name 'yellowish green' (level 2).	ISCCNBS:L2_016
olivaceous	en	FLOPO:0988005	olive	1	RELATED	botanical_colour_name	ish_tendency	EVID:NIST_SP440			178	botanical_terminology|corpus	Hue-tendency adjective; ISCC-NBS uses 'olivaceous' only as a modifier inside compound names, so the bare word is RELATED to level-1 'olive', not a block.	ISCCNBS:L1_006
golden	en	FLOPO:0988004	yellow	1	RELATED	botanical_colour_name	vernacular	DOI:10.1364/JOSA.39.000592|EVID:RIDGWAY_1912	88 94	crosses_level1	177	FLOPO value label|botanical_terminology|corpus	Documented senses span ISCC-NBS block(s) 88 94 across level-1 categories olive, yellow; no backbone class below color covers all senses, so the word is a RELATED synonym of the majority/fallback level-1 class. M synonyms: Aurum, Golden, Imperial Stone; PDF p.145 Sense tier used: botanical (1 sense(s)); all sources give blocks 76 82 84 87 88 91 94.	ISCCNBS:L1_005
crème	fr	FLOPO:0988019	yellow (ISCC-NBS level 2)	2	NARROW	botanical_colour_name	vernacular	EVID:NIST_SP440	89	no_botanical_source_tier_general|single_source_lifted_to_level2|translation	177	corpus	French 'crème' read as English 'cream'. Documented senses fall in ISCC-NBS block(s) 89; lowest covering backbone class is level 2 'yellow'. PDF p.140 Sense tier used: general (1 sense(s)); all sources give blocks 89 90 92. Only one source places the word in a single block, so it is attached to that block's level-2 class rather than to the block itself.	ISCCNBS:L2_010
orange brown	en	FLOPO:0988003	brown	1	NARROW	botanical_colour_name	compound_head			compound_head_rule|components_cross_level1	174	corpus	Two-colour compound not named by ISCC-NBS; English head-final reading makes it a NARROW synonym of the head 'brown' class 'brown' (tending towards 'orange').	ISCCNBS:L1_004
buff	en	PATO:0104054	orange yellow	2	NARROW	botanical_colour_name	vernacular	EVID:NIST_SP440	71	no_botanical_source_tier_general|single_source_lifted_to_level2	172	botanical_terminology|corpus	Documented senses fall in ISCC-NBS block(s) 71; lowest covering backbone class is level 2 'orange yellow'. line number approximate (entry not cleanly matched in layout OCR); PDF p.134 Sense tier used: general (1 sense(s)); all sources give blocks 28 29 31 33 52 53 71 72 73 76 79 87 89 90 92 93. Only one source places the word in a single block, so it is attached to that block's level-2 class rather than to the block itself.	ISCCNBS:L2_008
rosé	fr	FLOPO:0988000	pink	1	RELATED	botanical_colour_name	ish_tendency	EVID:NIST_SP440		translation	172	corpus	French 'rosé' read as English 'pinkish'. Hue-tendency adjective; ISCC-NBS uses 'pinkish' only as a modifier inside compound names, so the bare word is RELATED to level-1 'pink', not a block.	ISCCNBS:L1_001
creamy white	en	FLOPO:0988009	white	1	NARROW	botanical_colour_name	compound_head			compound_head_rule|components_cross_level1	167	corpus	Two-colour compound not named by ISCC-NBS; English head-final reading makes it a NARROW synonym of the head 'white' class 'white' (tending towards 'creamy').	ISCCNBS:L1_011
purplish brown	en	FLOPO:0988003	brown	1	NARROW	botanical_colour_name	compound_head			compound_head_rule|components_cross_level1	167	corpus	Two-colour compound not named by ISCC-NBS; English head-final reading makes it a NARROW synonym of the head 'brown' class 'brown' (tending towards 'purplish').	ISCCNBS:L1_004
blanc jaunâtre	fr	FLOPO:0988116	yellowish white	3	EXACT	botanical_colour_name	translation	EVID:NIST_SP440		translation|compound_reordered	162	corpus	French 'blanc jaunâtre' read as English 'yellowish white'. Literal ISCC-NBS name 'yellowish white' (level 3).	ISCCNBS:L3_092
lilac	en	FLOPO:0988008	purple	1	RELATED	botanical_colour_name	vernacular	EVID:NIST_SP440	206 210 217 222 223 226 227 237 240 241 244 248 249 250 252 253	crosses_level1	152	PATO label|corpus	Documented senses span ISCC-NBS block(s) 206 210 217 222 223 226 227 237 240 241 244 248 249 250 252 253 across level-1 categories pink, purple; no backbone class below color covers all senses, so the word is a RELATED synonym of the majority/fallback level-1 class. M synonyms: Lilaceous, Lilas, Mauvette; txt line OCR-garbled (source/blocks read from PDF page image); PDF p.159 Sense tier used: botanical (2 sense(s)); all sources give blocks 5 10 18 206 209 210 217 221 222 223 226 227 228 231 232 233 237 240 241 244 248 249 250 252 253 261 262.	ISCCNBS:L1_010
argenté	fr	FLOPO:0988009	white	1	RELATED	botanical_colour_name	vernacular	EVID:SACCARDO_CHROMOTAXIA	263	translation	152	corpus	French 'argenté' read as English 'silver'. Documented senses fall in ISCC-NBS block(s) 263; lowest covering backbone class is level 1 'white'. Lustre is not a colour; hue component is white. Sense tier used: botanical (1 sense(s)); all sources give blocks 263.	ISCCNBS:L1_011
blackish brown	en	FLOPO:0988017	brown (ISCC-NBS level 2)	2	NARROW	botanical_colour_name	modified	EVID:NIST_SP440		degree_modifier|level_homonym	149	corpus	Modifier 'blackish' is not an ISCC-NBS modifier for this head (or the phrase is not a level-3 name); the phrase is a NARROW synonym of the class of its head 'brown'.	ISCCNBS:L2_007
rosâtre	fr	FLOPO:0988000	pink	1	RELATED	botanical_colour_name	ish_tendency	EVID:NIST_SP440		translation	149	corpus	French 'rosâtre' read as English 'pinkish'. Hue-tendency adjective; ISCC-NBS uses 'pinkish' only as a modifier inside compound names, so the bare word is RELATED to level-1 'pink', not a block.	ISCCNBS:L1_001
blanc verdâtre	fr	PATO:0104067	greenish white	3	EXACT	botanical_colour_name	translation	EVID:NIST_SP440		translation|compound_reordered	148	corpus	French 'blanc verdâtre' read as English 'greenish white'. Literal ISCC-NBS name 'greenish white' (level 3).	ISCCNBS:L3_153
bright red	en	FLOPO:0988013	red (ISCC-NBS level 2)	2	NARROW	botanical_colour_name	modified	EVID:NIST_SP440		degree_modifier|level_homonym	142	PATO related synonym|corpus	Modifier 'bright' is not an ISCC-NBS modifier for this head (or the phrase is not a level-3 name); the phrase is a NARROW synonym of the class of its head 'red'.	ISCCNBS:L2_002
glauque	fr	FLOPO:0988006	green	1	RELATED	botanical_colour_name	vernacular	EVID:NIST_SP440	121 135 148 149 163 171 184	crosses_level1|translation	138	corpus	French 'glauque' read as English 'glaucous'. Documented senses span ISCC-NBS block(s) 121 135 148 149 163 171 184 across level-1 categories blue, green, yellow green; no backbone class below color covers all senses, so the word is a RELATED synonym of the majority/fallback level-1 class. PDF p.145 Sense tier used: botanical (2 sense(s)); all sources give blocks 121 135 148 149 163 171 184.	ISCCNBS:L1_008
ferrugineous	en	FLOPO:0988002	orange	1	RELATED	botanical_colour_name	vernacular	EVID:NIST_SP440	37 38 43 55	crosses_level1	137	corpus	Lexical equivalent of 'ferruginous'. Documented senses span ISCC-NBS block(s) 37 38 43 55 across level-1 categories brown, orange; no backbone class below color covers all senses, so the word is a RELATED synonym of the majority/fallback level-1 class. line number approximate (entry not cleanly matched in layout OCR); PDF p.143 Sense tier used: botanical (2 sense(s)); all sources give blocks 37 38 43 55.	ISCCNBS:L1_003
creamy	en	FLOPO:0988019	yellow (ISCC-NBS level 2)	2	NARROW	botanical_colour_name	vernacular	EVID:NIST_SP440	89	no_botanical_source_tier_general|single_source_lifted_to_level2	134	PATO exact synonym|botanical_terminology|corpus	Lexical equivalent of 'cream'. Documented senses fall in ISCC-NBS block(s) 89; lowest covering backbone class is level 2 'yellow'. PDF p.140 Sense tier used: general (1 sense(s)); all sources give blocks 89 90 92. Only one source places the word in a single block, so it is attached to that block's level-2 class rather than to the block itself.	ISCCNBS:L2_010
brun noir	fr	FLOPO:0988017	brown (ISCC-NBS level 2)	2	NARROW	botanical_colour_name	modified	EVID:NIST_SP440		degree_modifier|level_homonym|translation	134	corpus	French 'brun noir' read as English 'blackish brown'. Modifier 'blackish' is not an ISCC-NBS modifier for this head (or the phrase is not a level-3 name); the phrase is a NARROW synonym of the class of its head 'brown'.	ISCCNBS:L2_007
tawny	en	FLOPO:0988016	orange (ISCC-NBS level 2)	2	NARROW	botanical_colour_name	vernacular	EVID:NIST_SP440	54	single_source_lifted_to_level2	132	botanical_terminology|corpus	Documented senses fall in ISCC-NBS block(s) 54; lowest covering backbone class is level 2 'orange'. PDF p.185 Sense tier used: botanical (1 sense(s)); all sources give blocks 54 57. Only one source places the word in a single block, so it is attached to that block's level-2 class rather than to the block itself.	ISCCNBS:L2_006
pale gray	en	FLOPO:0988010	gray	1	NARROW	botanical_colour_name	modified	EVID:NIST_SP440		degree_modifier	130	FLOPO value label|corpus	Modifier 'pale' is not an ISCC-NBS modifier for this head (or the phrase is not a level-3 name); the phrase is a NARROW synonym of the class of its head 'gray'.	ISCCNBS:L1_012
brun noirâtre	fr	FLOPO:0988017	brown (ISCC-NBS level 2)	2	NARROW	botanical_colour_name	modified	EVID:NIST_SP440		degree_modifier|level_homonym|translation	127	corpus	French 'brun noirâtre' read as English 'blackish brown'. Modifier 'blackish' is not an ISCC-NBS modifier for this head (or the phrase is not a level-3 name); the phrase is a NARROW synonym of the class of its head 'brown'.	ISCCNBS:L2_007
greenish brown	en	FLOPO:0988003	brown	1	NARROW	botanical_colour_name	compound_head			compound_head_rule|components_cross_level1	125	corpus	Two-colour compound not named by ISCC-NBS; English head-final reading makes it a NARROW synonym of the head 'brown' class 'brown' (tending towards 'greenish').	ISCCNBS:L1_004
bright green	en	FLOPO:0988023	green (ISCC-NBS level 2)	2	NARROW	botanical_colour_name	modified	EVID:NIST_SP440		degree_modifier|level_homonym	121	PATO related synonym|corpus	Modifier 'bright' is not an ISCC-NBS modifier for this head (or the phrase is not a level-3 name); the phrase is a NARROW synonym of the class of its head 'green'.	ISCCNBS:L2_017
scarlet	en	FLOPO:0988001	red	1	RELATED	botanical_colour_name	vernacular	EVID:NIST_SP440	11 35	crosses_level1	121	FLOPO value label|PATO label|botanical_terminology|corpus	Documented senses span ISCC-NBS block(s) 11 35 across level-1 categories orange, red; no backbone class below color covers all senses, so the word is a RELATED synonym of the majority/fallback level-1 class. PDF p.180 Sense tier used: botanical (4 sense(s)); all sources give blocks 3 11 12 15 34 35.	ISCCNBS:L1_002
jaune paille	fr	FLOPO:0988019	yellow (ISCC-NBS level 2)	2	NARROW	botanical_colour_name	vernacular	DOI:10.1364/JOSA.39.000592|EVID:NIST_SP440|EVID:RIDGWAY_1912	83 86	multi_block|translation	119	corpus	French 'jaune paille' read as English 'straw yellow'. Lexical equivalent of 'straw'. Documented senses fall in ISCC-NBS block(s) 83 86; lowest covering backbone class is level 2 'yellow'. PDF p.183 Sense tier used: botanical (3 sense(s)); all sources give blocks 83 86 87 89.	ISCCNBS:L2_010
pale mauve	en	FLOPO:0988008	purple	1	NARROW	botanical_colour_name	modified	EVID:NIST_SP440		degree_modifier|multi_block	115	corpus	Modifier 'pale' is not an ISCC-NBS modifier for this head (or the phrase is not a level-3 name); the phrase is a NARROW synonym of the class of its head 'mauve'.	ISCCNBS:L1_010
golden brown	en	FLOPO:0988003	brown	1	NARROW	botanical_colour_name	compound_head			compound_head_rule|components_cross_level1	114	corpus	Two-colour compound not named by ISCC-NBS; English head-final reading makes it a NARROW synonym of the head 'brown' class 'brown' (tending towards 'golden').	ISCCNBS:L1_004
brun jaunâtre	fr	FLOPO:0988018	yellowish brown	2	EXACT	botanical_colour_name	translation	EVID:NIST_SP440		translation|compound_reordered	111	corpus	French 'brun jaunâtre' read as English 'yellowish brown'. Literal ISCC-NBS name 'yellowish brown' (level 2).	ISCCNBS:L2_009
chestnut	en	PATO:0001287	reddish brown	2	NARROW	botanical_colour_name	vernacular	DOI:10.1364/JOSA.39.000592|EVID:NIST_SP440|EVID:RIDGWAY_1912	43 44 46 47	multi_block	106	PATO exact synonym|PATO label|botanical_terminology|corpus	Documented senses fall in ISCC-NBS block(s) 43 44 46 47; lowest covering backbone class is level 2 'reddish brown'. M synonyms: Brown Bay, Brownstone, Castaneous, Marone, Marron, Marrone; PDF p.137 Sense tier used: botanical (4 sense(s)); all sources give blocks 43 44 46 47 61.	ISCCNBS:L2_005
brun roux	fr	FLOPO:0988003	brown	1	NARROW	botanical_colour_name	compound_head			components_cross_level1|compound_head_rule|translation	106	corpus	French 'brun roux' read as English 'rufous brown'. Two-colour compound not named by ISCC-NBS; English head-final reading makes it a NARROW synonym of the head 'brown' class 'brown' (tending towards 'rufous').	ISCCNBS:L1_004
maroon	en	FLOPO:0988001	red	1	RELATED	botanical_colour_name	vernacular	EVID:NIST_SP440	17 44	crosses_level1	102	PATO label|botanical_terminology|corpus	Documented senses span ISCC-NBS block(s) 17 44 across level-1 categories brown, red; no backbone class below color covers all senses, so the word is a RELATED synonym of the majority/fallback level-1 class. line number approximate (entry not cleanly matched in layout OCR); PDF p.161 Sense tier used: botanical (2 sense(s)); all sources give blocks 14 16 17 20 41 44 46 259.	ISCCNBS:L1_002
blanc crème	fr	FLOPO:0988009	white	1	NARROW	botanical_colour_name	compound_head			components_cross_level1|compound_head_rule|translation	101	corpus	French 'blanc crème' read as English 'cream white'. Two-colour compound not named by ISCC-NBS; English head-final reading makes it a NARROW synonym of the head 'white' class 'white' (tending towards 'cream').	ISCCNBS:L1_011
golden yellow	en	FLOPO:0988004	yellow	1	RELATED	botanical_colour_name	vernacular	DOI:10.1364/JOSA.39.000592|EVID:RIDGWAY_1912	88 94	crosses_level1	100	FLOPO value label|corpus	Lexical equivalent of 'golden'. Documented senses span ISCC-NBS block(s) 88 94 across level-1 categories olive, yellow; no backbone class below color covers all senses, so the word is a RELATED synonym of the majority/fallback level-1 class. M synonyms: Aurum, Golden, Imperial Stone; PDF p.145 Sense tier used: botanical (1 sense(s)); all sources give blocks 76 82 84 87 88 91 94.	ISCCNBS:L1_005
fawn	en	FLOPO:0988003	brown	1	NARROW	botanical_colour_name	vernacular	EVID:NIST_SP440	45 57 60	multi_block	97	corpus	Documented senses fall in ISCC-NBS block(s) 45 57 60; lowest covering backbone class is level 1 'brown'. PDF p.143 Sense tier used: botanical (1 sense(s)); all sources give blocks 29 43 45 57 58 60 61 80.	ISCCNBS:L1_004
purpurin	fr	FLOPO:0988008	purple	1	RELATED	botanical_colour_name	ish_tendency	EVID:NIST_SP440		translation	97	corpus	French 'purpurin' read as English 'purplish'. Hue-tendency adjective; ISCC-NBS uses 'purplish' only as a modifier inside compound names, so the bare word is RELATED to level-1 'purple', not a block.	ISCCNBS:L1_010
jaune orangé	fr	PATO:0104054	orange yellow	2	EXACT	botanical_colour_name	translation	EVID:NIST_SP440		translation|compound_reordered	96	corpus	French 'jaune orangé' read as English 'orange yellow'. Literal ISCC-NBS name 'orange yellow' (level 2).	ISCCNBS:L2_008
ochracé	fr	FLOPO:0988004	yellow	1	RELATED	botanical_colour_name	vernacular	EVID:NIST_SP440	28 29 50 53 68 69 72	crosses_level1|translation	95	corpus	French 'ochracé' read as English 'ochre'. Documented senses span ISCC-NBS block(s) 28 29 50 53 68 69 72 across level-1 categories orange, pink, yellow; no backbone class below color covers all senses, so the word is a RELATED synonym of the majority/fallback level-1 class. PDF p.165 Sense tier used: botanical (1 sense(s)); all sources give blocks 28 29 50 51 53 57 67 68 69 71 72 73 74 83 84 86 87.	ISCCNBS:L1_005
beige	fr	FLOPO:0988019	yellow (ISCC-NBS level 2)	2	NARROW	botanical_colour_name	vernacular	EVID:NIST_SP440	89 90	multi_block|no_botanical_source_tier_general|translation	90	corpus	French 'beige' read as English 'beige'. Documented senses fall in ISCC-NBS block(s) 89 90; lowest covering backbone class is level 2 'yellow'. M synonyms: Ecru, Lint-white; PDF p.124 Sense tier used: general (1 sense(s)); all sources give blocks 60 79 89 90 94.	ISCCNBS:L2_010
jaune orange	fr	PATO:0104054	orange yellow	2	EXACT	botanical_colour_name	translation	EVID:NIST_SP440		translation|compound_reordered	85	corpus	French 'jaune orange' read as English 'orange yellow'. Literal ISCC-NBS name 'orange yellow' (level 2).	ISCCNBS:L2_008
olivâtre	fr	FLOPO:0988005	olive	1	RELATED	botanical_colour_name	ish_tendency	EVID:NIST_SP440		translation	85	corpus	French 'olivâtre' read as English 'olivaceous'. Hue-tendency adjective; ISCC-NBS uses 'olivaceous' only as a modifier inside compound names, so the bare word is RELATED to level-1 'olive', not a block.	ISCCNBS:L1_006
almost black	en	FLOPO:0988011	black	1	NARROW	botanical_colour_name	modified	EVID:NIST_SP440		degree_modifier	84	corpus	Modifier 'almost' is not an ISCC-NBS modifier for this head (or the phrase is not a level-3 name); the phrase is a NARROW synonym of the class of its head 'black'.	ISCCNBS:L1_013
chestnut brown	en	PATO:0001287	reddish brown	2	NARROW	botanical_colour_name	vernacular	DOI:10.1364/JOSA.39.000592|EVID:NIST_SP440|EVID:RIDGWAY_1912	43 44 46 47	multi_block	84	FLOPO value label|PATO exact synonym|corpus	Lexical equivalent of 'chestnut'. Documented senses fall in ISCC-NBS block(s) 43 44 46 47; lowest covering backbone class is level 2 'reddish brown'. M synonyms: Brown Bay, Brownstone, Castaneous, Marone, Marron, Marrone; PDF p.137 Sense tier used: botanical (4 sense(s)); all sources give blocks 43 44 46 47 61.	ISCCNBS:L2_005
vert olive	fr	FLOPO:0988022	olive green	2	EXACT	botanical_colour_name	translation	EVID:NIST_SP440		translation|compound_reordered	84	corpus	French 'vert olive' read as English 'olive green'. Literal ISCC-NBS name 'olive green' (level 2).	ISCCNBS:L2_015
rusty brown	en	FLOPO:0988003	brown	1	NARROW	botanical_colour_name	compound_head			compound_head_rule|components_cross_level1	83	corpus	Two-colour compound not named by ISCC-NBS; English head-final reading makes it a NARROW synonym of the head 'brown' class 'brown' (tending towards 'rusty').	ISCCNBS:L1_004
rufous	en	FLOPO:0988015	reddish orange	2	NARROW	botanical_colour_name	vernacular	EVID:NIST_SP440	37	single_source_lifted_to_level2	78	botanical_terminology|corpus	Documented senses fall in ISCC-NBS block(s) 37; lowest covering backbone class is level 2 'reddish orange'. PDF p.179 Sense tier used: botanical (1 sense(s)); all sources give blocks 26 37 53. Only one source places the word in a single block, so it is attached to that block's level-2 class rather than to the block itself.	ISCCNBS:L2_004
rouge orangé	fr	FLOPO:0988001	red	1	NARROW	botanical_colour_name	compound_head			components_cross_level1|compound_head_rule|translation	78	corpus	French 'rouge orangé' read as English 'orange red'. Two-colour compound not named by ISCC-NBS; English head-final reading makes it a NARROW synonym of the head 'red' class 'red' (tending towards 'orange').	ISCCNBS:L1_002
rose	en	FLOPO:0988000	pink	1	RELATED	botanical_colour_name	vernacular	DOI:10.1364/JOSA.39.000592|EVID:NIST_SP440|EVID:RIDGWAY_1912	1 2 3 15 26 27 237 246 247 248 249 254 255	crosses_level1	77	PATO exact synonym|PATO label|botanical_terminology|corpus	Documented senses span ISCC-NBS block(s) 1 2 3 15 26 27 237 246 247 248 249 254 255 across level-1 categories pink, purple, red; no backbone class below color covers all senses, so the word is a RELATED synonym of the majority/fallback level-1 class. page 177 layout OCR garbled, entry not locatable in txt (read from PDF page 177 image); PDF p.177 Sense tier used: botanical (4 sense(s)); all sources give blocks 1 2 3 4 5 6 12 13 15 19 25 26 27 28 29 30 31 32 37 227 237 246 247 248 249 250 251 254 255 258 262.	ISCCNBS:L1_001
magenta	en	FLOPO:0988001	red	1	RELATED	botanical_colour_name	vernacular	EVID:NIST_SP440	237 254	crosses_level1	76	PATO label|botanical_terminology|corpus	Documented senses span ISCC-NBS block(s) 237 254 across level-1 categories purple, red; no backbone class below color covers all senses, so the word is a RELATED synonym of the majority/fallback level-1 class. line number approximate (entry not cleanly matched in layout OCR); txt line OCR-garbled (source/blocks read from PDF page image); PDF p.160 Sense tier used: botanical (2 sense(s)); all sources give blocks 205 218 237 242 254 255 256 258 259 262.	ISCCNBS:L1_002
purple brown	en	FLOPO:0988003	brown	1	NARROW	botanical_colour_name	compound_head			compound_head_rule|components_cross_level1	74	corpus	Two-colour compound not named by ISCC-NBS; English head-final reading makes it a NARROW synonym of the head 'brown' class 'brown' (tending towards 'purple').	ISCCNBS:L1_004
stramineous	en	FLOPO:0988004	yellow	1	NARROW	botanical_colour_name	vernacular	EVID:NIST_SP440	86 89 101 102 104	multi_block	74	botanical_terminology|corpus	Documented senses fall in ISCC-NBS block(s) 86 89 101 102 104; lowest covering backbone class is level 1 'yellow'. no English 'Stramineous'; Latin Dade (B) equivalent; PDF p.183 Sense tier used: botanical (1 sense(s)); all sources give blocks 86 89 101 102 104.	ISCCNBS:L1_005
brun grisâtre	fr	FLOPO:0988086	grayish brown	3	EXACT	botanical_colour_name	translation	EVID:NIST_SP440		translation|compound_reordered	74	corpus	French 'brun grisâtre' read as English 'grayish brown'. Literal ISCC-NBS name 'grayish brown' (level 3).	ISCCNBS:L3_061
paille	fr	FLOPO:0988019	yellow (ISCC-NBS level 2)	2	NARROW	botanical_colour_name	vernacular	DOI:10.1364/JOSA.39.000592|EVID:NIST_SP440|EVID:RIDGWAY_1912	83 86	multi_block|translation	74	corpus	French 'paille' read as English 'straw'. Documented senses fall in ISCC-NBS block(s) 83 86; lowest covering backbone class is level 2 'yellow'. PDF p.183 Sense tier used: botanical (3 sense(s)); all sources give blocks 83 86 87 89.	ISCCNBS:L2_010
rouge violacé	fr	FLOPO:0988001	red	1	NARROW	botanical_colour_name	compound_head			components_cross_level1|compound_head_rule|translation	73	corpus	French 'rouge violacé' read as English 'violaceous red'. Two-colour compound not named by ISCC-NBS; English head-final reading makes it a NARROW synonym of the head 'red' class 'red' (tending towards 'violaceous').	ISCCNBS:L1_002
dull green	en	FLOPO:0988023	green (ISCC-NBS level 2)	2	NARROW	botanical_colour_name	modified	EVID:NIST_SP440		degree_modifier|level_homonym	72	corpus	Modifier 'dull' is not an ISCC-NBS modifier for this head (or the phrase is not a level-3 name); the phrase is a NARROW synonym of the class of its head 'green'.	ISCCNBS:L2_017
blanc rosé	fr	PATO:0104059	pinkish white	3	EXACT	botanical_colour_name	translation	EVID:NIST_SP440		translation|compound_reordered	71	corpus	French 'blanc rosé' read as English 'pinkish white'. Literal ISCC-NBS name 'pinkish white' (level 3).	ISCCNBS:L3_009
greenish cream	en	FLOPO:0988019	yellow (ISCC-NBS level 2)	2	NARROW	botanical_colour_name	compound_head			compound_head_rule|components_cross_level1	70	corpus	Two-colour compound not named by ISCC-NBS; English head-final reading makes it a NARROW synonym of the head 'cream' class 'yellow' (tending towards 'greenish').	ISCCNBS:L2_010
dull brown	en	FLOPO:0988017	brown (ISCC-NBS level 2)	2	NARROW	botanical_colour_name	modified	EVID:NIST_SP440		degree_modifier|level_homonym	69	corpus	Modifier 'dull' is not an ISCC-NBS modifier for this head (or the phrase is not a level-3 name); the phrase is a NARROW synonym of the class of its head 'brown'.	ISCCNBS:L2_007
dull yellow	en	FLOPO:0988019	yellow (ISCC-NBS level 2)	2	NARROW	botanical_colour_name	modified	EVID:NIST_SP440		degree_modifier|level_homonym	69	corpus	Modifier 'dull' is not an ISCC-NBS modifier for this head (or the phrase is not a level-3 name); the phrase is a NARROW synonym of the class of its head 'yellow'.	ISCCNBS:L2_010
bleu violacé	fr	FLOPO:0988007	blue	1	NARROW	botanical_colour_name	compound_head			components_cross_level1|compound_head_rule|translation	69	corpus	French 'bleu violacé' read as English 'violaceous blue'. Two-colour compound not named by ISCC-NBS; English head-final reading makes it a NARROW synonym of the head 'blue' class 'blue' (tending towards 'violaceous').	ISCCNBS:L1_009
pale ferruginous	en	FLOPO:0988002	orange	1	RELATED	botanical_colour_name	modified	EVID:NIST_SP440		crosses_level1|degree_modifier	66	corpus	Modifier 'pale' is not an ISCC-NBS modifier for this head (or the phrase is not a level-3 name); the phrase is a RELATED synonym of the class of its head 'ferruginous'.	ISCCNBS:L1_003
grayish white	en	FLOPO:0988009	white	1	NARROW	botanical_colour_name	modified	EVID:NIST_SP440		degree_modifier	65	corpus	Modifier 'grayish' is not an ISCC-NBS modifier for this head (or the phrase is not a level-3 name); the phrase is a NARROW synonym of the class of its head 'white'.	ISCCNBS:L1_011
pinkish brown	en	FLOPO:0988003	brown	1	NARROW	botanical_colour_name	compound_head			compound_head_rule|components_cross_level1	65	corpus	Two-colour compound not named by ISCC-NBS; English head-final reading makes it a NARROW synonym of the head 'brown' class 'brown' (tending towards 'pinkish').	ISCCNBS:L1_004
silvery gray	en	FLOPO:0988010	gray	1	NARROW	botanical_colour_name	compound_head			compound_head_rule|components_cross_level1	64	corpus	Two-colour compound not named by ISCC-NBS; English head-final reading makes it a NARROW synonym of the head 'gray' class 'gray' (tending towards 'silvery').	ISCCNBS:L1_012
jaune vert	fr	PATO:0104013	greenish yellow	2	EXACT	botanical_colour_name	translation	EVID:NIST_SP440		translation|compound_reordered	62	corpus	French 'jaune vert' read as English 'greenish yellow'. Literal ISCC-NBS name 'greenish yellow' (level 2).	ISCCNBS:L2_012
vert brunâtre	fr	FLOPO:0988006	green	1	NARROW	botanical_colour_name	compound_head			components_cross_level1|compound_head_rule|translation	62	corpus	French 'vert brunâtre' read as English 'brownish green'. Two-colour compound not named by ISCC-NBS; English head-final reading makes it a NARROW synonym of the head 'green' class 'green' (tending towards 'brownish').	ISCCNBS:L1_008
vert grisâtre	fr	PATO:0104007	grayish green	3	EXACT	botanical_colour_name	translation	EVID:NIST_SP440		translation|compound_reordered	60	corpus	French 'vert grisâtre' read as English 'grayish green'. Literal ISCC-NBS name 'grayish green' (level 3).	ISCCNBS:L3_150
rouille	fr	FLOPO:0988002	orange	1	RELATED	botanical_colour_name	vernacular	EVID:NIST_SP440	37 38 43 55	crosses_level1|translation	58	corpus	French 'rouille' read as English 'ferruginous'. Documented senses span ISCC-NBS block(s) 37 38 43 55 across level-1 categories brown, orange; no backbone class below color covers all senses, so the word is a RELATED synonym of the majority/fallback level-1 class. line number approximate (entry not cleanly matched in layout OCR); PDF p.143 Sense tier used: botanical (2 sense(s)); all sources give blocks 37 38 43 55.	ISCCNBS:L1_003
brownish green	en	FLOPO:0988006	green	1	NARROW	botanical_colour_name	compound_head			compound_head_rule|components_cross_level1	56	corpus	Two-colour compound not named by ISCC-NBS; English head-final reading makes it a NARROW synonym of the head 'green' class 'green' (tending towards 'brownish').	ISCCNBS:L1_008
bright orange	en	FLOPO:0988016	orange (ISCC-NBS level 2)	2	NARROW	botanical_colour_name	modified	EVID:NIST_SP440		degree_modifier|level_homonym	55	PATO related synonym|corpus	Modifier 'bright' is not an ISCC-NBS modifier for this head (or the phrase is not a level-3 name); the phrase is a NARROW synonym of the class of its head 'orange'.	ISCCNBS:L2_006
creamy yellow	en	FLOPO:0988004	yellow	1	NARROW	botanical_colour_name	compound_head			compound_head_rule	55	corpus	Two-colour compound not named by ISCC-NBS; English head-final reading makes it a NARROW synonym of the head 'yellow' class 'yellow' (tending towards 'creamy').	ISCCNBS:L1_005
rust	en	FLOPO:0988002	orange	1	RELATED	botanical_colour_name	vernacular	EVID:NIST_SP440	37 38 43 55	crosses_level1	55	botanical_terminology|corpus	Lexical equivalent of 'ferruginous'. Documented senses span ISCC-NBS block(s) 37 38 43 55 across level-1 categories brown, orange; no backbone class below color covers all senses, so the word is a RELATED synonym of the majority/fallback level-1 class. line number approximate (entry not cleanly matched in layout OCR); PDF p.143 Sense tier used: botanical (2 sense(s)); all sources give blocks 37 38 43 55.	ISCCNBS:L1_003
gris brun	fr	FLOPO:0988089	brownish gray	3	EXACT	botanical_colour_name	translation	EVID:NIST_SP440		translation|compound_reordered	55	corpus	French 'gris brun' read as English 'brownish gray'. Literal ISCC-NBS name 'brownish gray' (level 3).	ISCCNBS:L3_064
gris verdâtre	fr	FLOPO:0988173	greenish gray	3	EXACT	botanical_colour_name	translation	EVID:NIST_SP440		translation|compound_reordered	55	corpus	French 'gris verdâtre' read as English 'greenish gray'. Literal ISCC-NBS name 'greenish gray' (level 3).	ISCCNBS:L3_155
bleuâtre	fr	FLOPO:0988007	blue	1	RELATED	botanical_colour_name	ish_tendency	EVID:NIST_SP440		translation	52	corpus	French 'bleuâtre' read as English 'bluish'. Hue-tendency adjective; ISCC-NBS uses 'bluish' only as a modifier inside compound names, so the bare word is RELATED to level-1 'blue', not a block.	ISCCNBS:L1_009
bluish	en	FLOPO:0988007	blue	1	RELATED	botanical_colour_name	ish_tendency	EVID:NIST_SP440			51	FLOPO value label|PATO related synonym|botanical_terminology|corpus	Hue-tendency adjective; ISCC-NBS uses 'bluish' only as a modifier inside compound names, so the bare word is RELATED to level-1 'blue', not a block.	ISCCNBS:L1_009
brownish red	en	FLOPO:0988001	red	1	NARROW	botanical_colour_name	compound_head			compound_head_rule|components_cross_level1	51	corpus	Two-colour compound not named by ISCC-NBS; English head-final reading makes it a NARROW synonym of the head 'red' class 'red' (tending towards 'brownish').	ISCCNBS:L1_002
brun verdâtre	fr	FLOPO:0988003	brown	1	NARROW	botanical_colour_name	compound_head			components_cross_level1|compound_head_rule|translation	51	corpus	French 'brun verdâtre' read as English 'greenish brown'. Two-colour compound not named by ISCC-NBS; English head-final reading makes it a NARROW synonym of the head 'brown' class 'brown' (tending towards 'greenish').	ISCCNBS:L1_004
vert jaune	fr	PATO:0104114	yellowish green	2	EXACT	botanical_colour_name	translation	EVID:NIST_SP440		translation|compound_reordered	51	corpus	French 'vert jaune' read as English 'yellowish green'. Literal ISCC-NBS name 'yellowish green' (level 2).	ISCCNBS:L2_016
bright brown	en	FLOPO:0988017	brown (ISCC-NBS level 2)	2	NARROW	botanical_colour_name	modified	EVID:NIST_SP440		degree_modifier|level_homonym	50	PATO related synonym|corpus	Modifier 'bright' is not an ISCC-NBS modifier for this head (or the phrase is not a level-3 name); the phrase is a NARROW synonym of the class of its head 'brown'.	ISCCNBS:L2_007
brun violacé	fr	FLOPO:0988003	brown	1	NARROW	botanical_colour_name	compound_head			components_cross_level1|compound_head_rule|translation	49	corpus	French 'brun violacé' read as English 'violaceous brown'. Two-colour compound not named by ISCC-NBS; English head-final reading makes it a NARROW synonym of the head 'brown' class 'brown' (tending towards 'violaceous').	ISCCNBS:L1_004
jaune brunâtre	fr	FLOPO:0988004	yellow	1	NARROW	botanical_colour_name	compound_head			components_cross_level1|compound_head_rule|translation	49	corpus	French 'jaune brunâtre' read as English 'brownish yellow'. Two-colour compound not named by ISCC-NBS; English head-final reading makes it a NARROW synonym of the head 'yellow' class 'yellow' (tending towards 'brownish').	ISCCNBS:L1_005
dark red brown	en	FLOPO:0988070	dark reddish brown	3	EXACT	botanical_colour_name	iscc_variant	EVID:NIST_SP440			48	PATO label|corpus	'-ish' variant of the ISCC-NBS name 'dark reddish brown' (level 3).	ISCCNBS:L3_044
pale lilac	en	FLOPO:0988008	purple	1	RELATED	botanical_colour_name	modified	EVID:NIST_SP440		crosses_level1|degree_modifier	48	FLOPO value label|corpus	Modifier 'pale' is not an ISCC-NBS modifier for this head (or the phrase is not a level-3 name); the phrase is a RELATED synonym of the class of its head 'lilac'.	ISCCNBS:L1_010
rouge pourpre	fr	PATO:0104311	purplish red	2	EXACT	botanical_colour_name	translation	EVID:NIST_SP440		translation|compound_reordered	48	corpus	French 'rouge pourpre' read as English 'purplish red'. Literal ISCC-NBS name 'purplish red' (level 2).	ISCCNBS:L2_026
jaune doré	fr	FLOPO:0988004	yellow	1	RELATED	botanical_colour_name	vernacular	DOI:10.1364/JOSA.39.000592|EVID:RIDGWAY_1912	88 94	crosses_level1|translation	47	corpus	French 'jaune doré' read as English 'golden yellow'. Lexical equivalent of 'golden'. Documented senses span ISCC-NBS block(s) 88 94 across level-1 categories olive, yellow; no backbone class below color covers all senses, so the word is a RELATED synonym of the majority/fallback level-1 class. M synonyms: Aurum, Golden, Imperial Stone; PDF p.145 Sense tier used: botanical (1 sense(s)); all sources give blocks 76 82 84 87 88 91 94.	ISCCNBS:L1_005
rouge brun	fr	FLOPO:0988001	red	1	NARROW	botanical_colour_name	compound_head			components_cross_level1|compound_head_rule|translation	47	corpus	French 'rouge brun' read as English 'brownish red'. Two-colour compound not named by ISCC-NBS; English head-final reading makes it a NARROW synonym of the head 'red' class 'red' (tending towards 'brownish').	ISCCNBS:L1_002
blue black	en	FLOPO:0988208	bluish black	3	EXACT	botanical_colour_name	iscc_variant	EVID:NIST_SP440			46	corpus	'-ish' variant of the ISCC-NBS name 'bluish black' (level 3).	ISCCNBS:L3_193
mid green	en	FLOPO:0988023	green (ISCC-NBS level 2)	2	NARROW	botanical_colour_name	modified	EVID:NIST_SP440		degree_modifier|level_homonym	46	corpus	Modifier 'mid' is not an ISCC-NBS modifier for this head (or the phrase is not a level-3 name); the phrase is a NARROW synonym of the class of its head 'green'.	ISCCNBS:L2_017
pale yellowish	en	FLOPO:0988004	yellow	1	RELATED	botanical_colour_name	modified	EVID:NIST_SP440		degree_modifier	45	FLOPO value label|corpus	Modifier 'pale' is not an ISCC-NBS modifier for this head (or the phrase is not a level-3 name); the phrase is a RELATED synonym of the class of its head 'yellowish'.	ISCCNBS:L1_005
gris brunâtre	fr	FLOPO:0988089	brownish gray	3	EXACT	botanical_colour_name	translation	EVID:NIST_SP440		translation|compound_reordered	45	corpus	French 'gris brunâtre' read as English 'brownish gray'. Literal ISCC-NBS name 'brownish gray' (level 3).	ISCCNBS:L3_064
pourpré	fr	FLOPO:0988008	purple	1	RELATED	botanical_colour_name	ish_tendency	EVID:NIST_SP440		translation	45	corpus	French 'pourpré' read as English 'purplish'. Hue-tendency adjective; ISCC-NBS uses 'purplish' only as a modifier inside compound names, so the bare word is RELATED to level-1 'purple', not a block.	ISCCNBS:L1_010
dull red	en	FLOPO:0988013	red (ISCC-NBS level 2)	2	NARROW	botanical_colour_name	modified	EVID:NIST_SP440		degree_modifier|level_homonym	44	corpus	Modifier 'dull' is not an ISCC-NBS modifier for this head (or the phrase is not a level-3 name); the phrase is a NARROW synonym of the class of its head 'red'.	ISCCNBS:L2_002
lilas	fr	FLOPO:0988008	purple	1	RELATED	botanical_colour_name	vernacular	EVID:NIST_SP440	206 210 217 222 223 226 227 237 240 241 244 248 249 250 252 253	crosses_level1|translation	44	corpus	French 'lilas' read as English 'lilac'. Documented senses span ISCC-NBS block(s) 206 210 217 222 223 226 227 237 240 241 244 248 249 250 252 253 across level-1 categories pink, purple; no backbone class below color covers all senses, so the word is a RELATED synonym of the majority/fallback level-1 class. M synonyms: Lilaceous, Lilas, Mauvette; txt line OCR-garbled (source/blocks read from PDF page image); PDF p.159 Sense tier used: botanical (2 sense(s)); all sources give blocks 5 10 18 206 209 210 217 221 222 223 226 227 228 231 232 233 237 240 241 244 248 249 250 252 253 261 262.	ISCCNBS:L1_010
blanc argenté	fr	FLOPO:0988009	white	1	NARROW	botanical_colour_name	compound_head			compound_head_rule|translation	43	corpus	French 'blanc argenté' read as English 'silver white'. Two-colour compound not named by ISCC-NBS; English head-final reading makes it a NARROW synonym of the head 'white' class 'white' (tending towards 'silver').	ISCCNBS:L1_011
rose violacé	fr	FLOPO:0988000	pink	1	NARROW	botanical_colour_name	compound_head			components_cross_level1|compound_head_rule|translation	43	corpus	French 'rose violacé' read as English 'violaceous pink'. Two-colour compound not named by ISCC-NBS; English head-final reading makes it a NARROW synonym of the head 'pink' class 'pink' (tending towards 'violaceous').	ISCCNBS:L1_001
fauve doré	fr	FLOPO:0988002	orange	1	RELATED	botanical_colour_name	compound_head			components_cross_level1|compound_head_rule|translation	41	corpus	French 'fauve doré' read as English 'golden fulvous'. Two-colour compound not named by ISCC-NBS; English head-final reading makes it a RELATED synonym of the head 'fulvous' class 'orange' (tending towards 'golden').	ISCCNBS:L1_003
gris vert	fr	FLOPO:0988173	greenish gray	3	EXACT	botanical_colour_name	translation	EVID:NIST_SP440		translation|compound_reordered	41	corpus	French 'gris vert' read as English 'greenish gray'. Literal ISCC-NBS name 'greenish gray' (level 3).	ISCCNBS:L3_155
rouge orange	fr	FLOPO:0988001	red	1	NARROW	botanical_colour_name	compound_head			components_cross_level1|compound_head_rule|translation	41	corpus	French 'rouge orange' read as English 'orange red'. Two-colour compound not named by ISCC-NBS; English head-final reading makes it a NARROW synonym of the head 'red' class 'red' (tending towards 'orange').	ISCCNBS:L1_002
ocre	fr	FLOPO:0988004	yellow	1	RELATED	botanical_colour_name	vernacular	EVID:NIST_SP440	28 29 50 53 68 69 72	crosses_level1|translation	39	botanical_terminology|corpus	French 'ocre' read as English 'ochre'. Documented senses span ISCC-NBS block(s) 28 29 50 53 68 69 72 across level-1 categories orange, pink, yellow; no backbone class below color covers all senses, so the word is a RELATED synonym of the majority/fallback level-1 class. PDF p.165 Sense tier used: botanical (1 sense(s)); all sources give blocks 28 29 50 51 53 57 67 68 69 71 72 73 74 83 84 86 87.	ISCCNBS:L1_005
straminé	fr	FLOPO:0988004	yellow	1	NARROW	botanical_colour_name	vernacular	EVID:NIST_SP440	86 89 101 102 104	multi_block|translation	39	corpus	French 'straminé' read as English 'stramineous'. Documented senses fall in ISCC-NBS block(s) 86 89 101 102 104; lowest covering backbone class is level 1 'yellow'. no English 'Stramineous'; Latin Dade (B) equivalent; PDF p.183 Sense tier used: botanical (1 sense(s)); all sources give blocks 86 89 101 102 104.	ISCCNBS:L1_005
dark purplish brown	en	FLOPO:0988003	brown	1	NARROW	botanical_colour_name	modified			components_cross_level1|compound_head_rule|degree_modifier	38	corpus	Modifier 'dark' is not an ISCC-NBS modifier for this head (or the phrase is not a level-3 name); the phrase is a NARROW synonym of the class of its head 'purplish brown'.	ISCCNBS:L1_004
olivaceous brown	en	FLOPO:0988003	brown	1	NARROW	botanical_colour_name	compound_head			compound_head_rule|components_cross_level1	38	corpus	Two-colour compound not named by ISCC-NBS; English head-final reading makes it a NARROW synonym of the head 'brown' class 'brown' (tending towards 'olivaceous').	ISCCNBS:L1_004
pale yellowish brown	en	FLOPO:0988104	light grayish yellowish brown	3	NARROW	botanical_colour_name	iscc_gloss	EVID:NIST_CENTROIDS		b3_pale_gloss_narrow	38	corpus	Not a literal ISCC-NBS name; Kelly (1958) glosses 'pale' as 'light grayish', giving block 'light grayish yellowish brown'. Curator decision B3 (2026-09-18): 'pale X' is EXACT only where ISCC-NBS itself names the block that way; otherwise NARROW.	ISCCNBS:L3_079
lemon yellow	en	FLOPO:0988004	yellow	1	NARROW	botanical_colour_name	vernacular	DOI:10.1364/JOSA.39.000592|EVID:NIST_SP440|EVID:RIDGWAY_1912	82 98 99	multi_block	37	FLOPO value label|PATO exact synonym|PATO label|corpus	Lexical equivalent of 'lemon'. Documented senses fall in ISCC-NBS block(s) 82 98 99; lowest covering backbone class is level 1 'yellow'. PDF p.158 Sense tier used: botanical (3 sense(s)); all sources give blocks 82 83 84 85 86 87 97 98 99 100.	ISCCNBS:L1_005
pale gray brown	en	FLOPO:0988086	grayish brown	3	NARROW	botanical_colour_name	modified	EVID:NIST_SP440		degree_modifier	37	corpus	Modifier 'pale' is not an ISCC-NBS modifier for this head (or the phrase is not a level-3 name); the phrase is a NARROW synonym of the class of its head 'gray brown'.	ISCCNBS:L3_061
pale orange	en	FLOPO:0988016	orange (ISCC-NBS level 2)	2	NARROW	botanical_colour_name	modified	EVID:NIST_SP440		degree_modifier|level_homonym	37	PATO exact synonym|corpus	Modifier 'pale' is not an ISCC-NBS modifier for this head (or the phrase is not a level-3 name); the phrase is a NARROW synonym of the class of its head 'orange'.	ISCCNBS:L2_006
brun doré	fr	FLOPO:0988003	brown	1	NARROW	botanical_colour_name	compound_head			components_cross_level1|compound_head_rule|translation	37	corpus	French 'brun doré' read as English 'golden brown'. Two-colour compound not named by ISCC-NBS; English head-final reading makes it a NARROW synonym of the head 'brown' class 'brown' (tending towards 'golden').	ISCCNBS:L1_004
brun jaune	fr	FLOPO:0988018	yellowish brown	2	EXACT	botanical_colour_name	translation	EVID:NIST_SP440		translation|compound_reordered	37	corpus	French 'brun jaune' read as English 'yellowish brown'. Literal ISCC-NBS name 'yellowish brown' (level 2).	ISCCNBS:L2_009
brownish yellow	en	FLOPO:0988004	yellow	1	NARROW	botanical_colour_name	compound_head			compound_head_rule|components_cross_level1	36	corpus	Two-colour compound not named by ISCC-NBS; English head-final reading makes it a NARROW synonym of the head 'yellow' class 'yellow' (tending towards 'brownish').	ISCCNBS:L1_005
pale grayish brown	en	FLOPO:0988086	grayish brown	3	NARROW	botanical_colour_name	modified	EVID:NIST_SP440		degree_modifier	36	corpus	Modifier 'pale' is not an ISCC-NBS modifier for this head (or the phrase is not a level-3 name); the phrase is a NARROW synonym of the class of its head 'grayish brown'.	ISCCNBS:L3_061
bronze	en	FLOPO:0988018	yellowish brown	2	RELATED	botanical_colour_name	vernacular	EVID:NIST_SP440	77	no_botanical_source_tier_general|single_source_lifted_to_level2	35	PATO label|botanical_terminology|corpus	Documented senses fall in ISCC-NBS block(s) 77; lowest covering backbone class is level 2 'yellowish brown'. M synonyms: Beeswax, Linoleum Brown, Wax Brown; PDF p.131 Sense tier used: general (1 sense(s)); all sources give blocks 77 95. Only one source places the word in a single block, so it is attached to that block's level-2 class rather than to the block itself.	ISCCNBS:L2_009
whitish green	en	FLOPO:0988023	green (ISCC-NBS level 2)	2	NARROW	botanical_colour_name	modified	EVID:NIST_SP440		degree_modifier|level_homonym	35	corpus	Modifier 'whitish' is not an ISCC-NBS modifier for this head (or the phrase is not a level-3 name); the phrase is a NARROW synonym of the class of its head 'green'.	ISCCNBS:L2_017
gris jaunâtre	fr	FLOPO:0988117	yellowish gray	3	EXACT	botanical_colour_name	translation	EVID:NIST_SP440		translation|compound_reordered	35	corpus	French 'gris jaunâtre' read as English 'yellowish gray'. Literal ISCC-NBS name 'yellowish gray' (level 3).	ISCCNBS:L3_093
coppery	en	FLOPO:0988015	reddish orange	2	RELATED	botanical_colour_name	vernacular	EVID:NIST_SP440	39	no_botanical_source_tier_general|single_source_lifted_to_level2	34	corpus	Lexical equivalent of 'copper'. Documented senses fall in ISCC-NBS block(s) 39; lowest covering backbone class is level 2 'reddish orange'. M synonyms: Carnelian, Copper Red, Cornelian Red, Wax Red; PDF p.139 Sense tier used: general (1 sense(s)); all sources give blocks 37 39 53 54. Only one source places the word in a single block, so it is attached to that block's level-2 class rather than to the block itself.	ISCCNBS:L2_004
pinkish mauve	en	FLOPO:0988008	purple	1	NARROW	botanical_colour_name	compound_head			compound_head_rule|components_cross_level1	34	corpus	Two-colour compound not named by ISCC-NBS; English head-final reading makes it a NARROW synonym of the head 'mauve' class 'purple' (tending towards 'pinkish').	ISCCNBS:L1_010
rose pink	en	FLOPO:0988000	pink	1	NARROW	botanical_colour_name	compound_head			compound_head_rule	34	PATO exact synonym|botanical_terminology|corpus	Two-colour compound not named by ISCC-NBS; English head-final reading makes it a NARROW synonym of the head 'pink' class 'pink' (tending towards 'rose').	ISCCNBS:L1_001
brick red	en	FLOPO:0988002	orange	1	RELATED	botanical_colour_name	vernacular	EVID:NIST_SP440	35 43	crosses_level1	33	botanical_terminology|corpus	Lexical equivalent of 'brick'. Documented senses span ISCC-NBS block(s) 35 43 across level-1 categories brown, orange; no backbone class below color covers all senses, so the word is a RELATED synonym of the majority/fallback level-1 class. PDF p.131 Sense tier used: botanical (2 sense(s)); all sources give blocks 15 16 19 35 43 46 55 58.	ISCCNBS:L1_003
yellow orange	en	FLOPO:0988002	orange	1	NARROW	botanical_colour_name	compound_head			compound_head_rule|components_cross_level1	33	PATO label|corpus	Two-colour compound not named by ISCC-NBS; English head-final reading makes it a NARROW synonym of the head 'orange' class 'orange' (tending towards 'yellow').	ISCCNBS:L1_003
blanc grisâtre	fr	FLOPO:0988009	white	1	NARROW	botanical_colour_name	modified	EVID:NIST_SP440		degree_modifier|translation	33	corpus	French 'blanc grisâtre' read as English 'grayish white'. Modifier 'grayish' is not an ISCC-NBS modifier for this head (or the phrase is not a level-3 name); the phrase is a NARROW synonym of the class of its head 'white'.	ISCCNBS:L1_011
silvery white	en	FLOPO:0988009	white	1	NARROW	botanical_colour_name	compound_head			compound_head_rule	32	corpus	Two-colour compound not named by ISCC-NBS; English head-final reading makes it a NARROW synonym of the head 'white' class 'white' (tending towards 'silvery').	ISCCNBS:L1_011
brun olivâtre	fr	FLOPO:0988003	brown	1	NARROW	botanical_colour_name	compound_head			components_cross_level1|compound_head_rule|translation	32	corpus	French 'brun olivâtre' read as English 'olivaceous brown'. Two-colour compound not named by ISCC-NBS; English head-final reading makes it a NARROW synonym of the head 'brown' class 'brown' (tending towards 'olivaceous').	ISCCNBS:L1_004
jaune citron	fr	FLOPO:0988004	yellow	1	NARROW	botanical_colour_name	vernacular	DOI:10.1364/JOSA.39.000592|EVID:NIST_SP440|EVID:RIDGWAY_1912	82 98 99	multi_block|translation	32	corpus	French 'jaune citron' read as English 'lemon yellow'. Lexical equivalent of 'lemon'. Documented senses fall in ISCC-NBS block(s) 82 98 99; lowest covering backbone class is level 1 'yellow'. PDF p.158 Sense tier used: botanical (3 sense(s)); all sources give blocks 82 83 84 85 86 87 97 98 99 100.	ISCCNBS:L1_005
jaune rougeâtre	fr	FLOPO:0988004	yellow	1	NARROW	botanical_colour_name	compound_head			components_cross_level1|compound_head_rule|translation	32	corpus	French 'jaune rougeâtre' read as English 'reddish yellow'. Two-colour compound not named by ISCC-NBS; English head-final reading makes it a NARROW synonym of the head 'yellow' class 'yellow' (tending towards 'reddish').	ISCCNBS:L1_005
rouge vineux	fr	FLOPO:0988001	red	1	RELATED	botanical_colour_name	vernacular	EVID:NIST_SP440	16 17 41 259	crosses_level1|no_botanical_source_tier_other|translation	32	corpus	French 'rouge vineux' read as English 'wine red'. Lexical equivalent of 'wine'. Documented senses span ISCC-NBS block(s) 16 17 41 259 across level-1 categories brown, red; no backbone class below color covers all senses, so the word is a RELATED synonym of the majority/fallback level-1 class. only bare 'Wine' entry; PDF p.190 Sense tier used: other (1 sense(s)); all sources give blocks 16 17 41 259.	ISCCNBS:L1_002
vert glauque	fr	FLOPO:0988006	green	1	NARROW	botanical_colour_name	compound_head			compound_head_rule|translation	32	corpus	French 'vert glauque' read as English 'glaucous green'. Two-colour compound not named by ISCC-NBS; English head-final reading makes it a NARROW synonym of the head 'green' class 'green' (tending towards 'glaucous').	ISCCNBS:L1_008
pale reddish brown	en	FLOPO:0988071	light grayish reddish brown	3	NARROW	botanical_colour_name	iscc_gloss	EVID:NIST_CENTROIDS		b3_pale_gloss_narrow	31	corpus	Not a literal ISCC-NBS name; Kelly (1958) glosses 'pale' as 'light grayish', giving block 'light grayish reddish brown'. Curator decision B3 (2026-09-18): 'pale X' is EXACT only where ISCC-NBS itself names the block that way; otherwise NARROW.	ISCCNBS:L3_045
pale yellowish green	en	PATO:0104114	yellowish green	2	NARROW	botanical_colour_name	modified	EVID:NIST_SP440		degree_modifier	31	corpus	Modifier 'pale' is not an ISCC-NBS modifier for this head (or the phrase is not a level-3 name); the phrase is a NARROW synonym of the class of its head 'yellowish green'.	ISCCNBS:L2_016
pure white	en	FLOPO:0988009	white	1	NARROW	botanical_colour_name	modified	EVID:NIST_SP440		degree_modifier	31	FLOPO value label|corpus	Modifier 'pure' is not an ISCC-NBS modifier for this head (or the phrase is not a level-3 name); the phrase is a NARROW synonym of the class of its head 'white'.	ISCCNBS:L1_011
purplish green	en	FLOPO:0988006	green	1	NARROW	botanical_colour_name	compound_head			compound_head_rule|components_cross_level1	31	corpus	Two-colour compound not named by ISCC-NBS; English head-final reading makes it a NARROW synonym of the head 'green' class 'green' (tending towards 'purplish').	ISCCNBS:L1_008
slightly glaucous	en	FLOPO:0988006	green	1	RELATED	botanical_colour_name	modified	EVID:NIST_SP440		crosses_level1|degree_modifier	31	corpus	Modifier 'slightly' is not an ISCC-NBS modifier for this head (or the phrase is not a level-3 name); the phrase is a RELATED synonym of the class of its head 'glaucous'.	ISCCNBS:L1_008
vermilion	en	FLOPO:0988001	red	1	RELATED	botanical_colour_name	vernacular	EVID:NIST_SP440	11 34	crosses_level1	31	PATO label|corpus	Documented senses span ISCC-NBS block(s) 11 34 across level-1 categories orange, red; no backbone class below color covers all senses, so the word is a RELATED synonym of the majority/fallback level-1 class. line number approximate (entry not cleanly matched in layout OCR); PDF p.187 Sense tier used: botanical (1 sense(s)); all sources give blocks 6 11 12 15 18 19 26 27 30 34 35 36 37 38.	ISCCNBS:L1_002
gris noirâtre	fr	FLOPO:0988010	gray	1	NARROW	botanical_colour_name	modified	EVID:NIST_SP440		degree_modifier|translation	31	corpus	French 'gris noirâtre' read as English 'blackish gray'. Modifier 'blackish' is not an ISCC-NBS modifier for this head (or the phrase is not a level-3 name); the phrase is a NARROW synonym of the class of its head 'gray'.	ISCCNBS:L1_012
blue green	en	PATO:0104020	bluish green	2	EXACT	botanical_colour_name	iscc_variant	EVID:NIST_SP440			30	PATO exact synonym|PATO label|botanical_terminology|corpus	'-ish' variant of the ISCC-NBS name 'bluish green' (level 2).	ISCCNBS:L2_018
chocolate	en	FLOPO:0988072	grayish reddish brown	3	NARROW	botanical_colour_name	vernacular	DOI:10.1364/JOSA.39.000592|EVID:NIST_SP440|EVID:RIDGWAY_1912	46		30	PATO exact synonym|botanical_terminology|corpus	Documented senses fall in ISCC-NBS block(s) 46; lowest covering backbone class is level 3 'grayish reddish brown'. PDF p.137 Sense tier used: botanical (2 sense(s)); all sources give blocks 19 22 23 41 46 62 64 81 266.	ISCCNBS:L3_046
ochre	en	FLOPO:0988004	yellow	1	RELATED	botanical_colour_name	vernacular	EVID:NIST_SP440	28 29 50 53 68 69 72	crosses_level1	30	PATO label|botanical_terminology|corpus	Documented senses span ISCC-NBS block(s) 28 29 50 53 68 69 72 across level-1 categories orange, pink, yellow; no backbone class below color covers all senses, so the word is a RELATED synonym of the majority/fallback level-1 class. PDF p.165 Sense tier used: botanical (1 sense(s)); all sources give blocks 28 29 50 51 53 57 67 68 69 71 72 73 74 83 84 86 87.	ISCCNBS:L1_005
somewhat glaucous	en	FLOPO:0988006	green	1	RELATED	botanical_colour_name	modified	EVID:NIST_SP440		crosses_level1|degree_modifier	30	corpus	Modifier 'somewhat' is not an ISCC-NBS modifier for this head (or the phrase is not a level-3 name); the phrase is a RELATED synonym of the class of its head 'glaucous'.	ISCCNBS:L1_008
jaune brun	fr	FLOPO:0988004	yellow	1	NARROW	botanical_colour_name	compound_head			components_cross_level1|compound_head_rule|translation	30	corpus	French 'jaune brun' read as English 'brownish yellow'. Two-colour compound not named by ISCC-NBS; English head-final reading makes it a NARROW synonym of the head 'yellow' class 'yellow' (tending towards 'brownish').	ISCCNBS:L1_005
dark purplish	en	FLOPO:0988008	purple	1	RELATED	botanical_colour_name	modified	EVID:NIST_SP440		degree_modifier	29	FLOPO value label|corpus	Modifier 'dark' is not an ISCC-NBS modifier for this head (or the phrase is not a level-3 name); the phrase is a RELATED synonym of the class of its head 'purplish'.	ISCCNBS:L1_010
dull purple	en	FLOPO:0988028	purple (ISCC-NBS level 2)	2	NARROW	botanical_colour_name	modified	EVID:NIST_SP440		degree_modifier|level_homonym	29	corpus	Modifier 'dull' is not an ISCC-NBS modifier for this head (or the phrase is not a level-3 name); the phrase is a NARROW synonym of the class of its head 'purple'.	ISCCNBS:L2_023
nearly black	en	FLOPO:0988011	black	1	NARROW	botanical_colour_name	modified	EVID:NIST_SP440		degree_modifier	29	corpus	Modifier 'nearly' is not an ISCC-NBS modifier for this head (or the phrase is not a level-3 name); the phrase is a NARROW synonym of the class of its head 'black'.	ISCCNBS:L1_013
pale greenish	en	FLOPO:0988006	green	1	RELATED	botanical_colour_name	modified	EVID:NIST_SP440		degree_modifier	28	FLOPO value label|corpus	Modifier 'pale' is not an ISCC-NBS modifier for this head (or the phrase is not a level-3 name); the phrase is a RELATED synonym of the class of its head 'greenish'.	ISCCNBS:L1_008
brun fauve	fr	FLOPO:0988003	brown	1	NARROW	botanical_colour_name	compound_head			components_cross_level1|compound_head_rule|translation	28	corpus	French 'brun fauve' read as English 'fulvous brown'. Two-colour compound not named by ISCC-NBS; English head-final reading makes it a NARROW synonym of the head 'brown' class 'brown' (tending towards 'fulvous').	ISCCNBS:L1_004
ochraceous	en	FLOPO:0988004	yellow	1	RELATED	botanical_colour_name	vernacular	EVID:NIST_SP440	28 29 50 53 68 69 72	crosses_level1	27	corpus	Lexical equivalent of 'ochre'. Documented senses span ISCC-NBS block(s) 28 29 50 53 68 69 72 across level-1 categories orange, pink, yellow; no backbone class below color covers all senses, so the word is a RELATED synonym of the majority/fallback level-1 class. PDF p.165 Sense tier used: botanical (1 sense(s)); all sources give blocks 28 29 50 51 53 57 67 68 69 71 72 73 74 83 84 86 87.	ISCCNBS:L1_005
orange tan	en	FLOPO:0988016	orange (ISCC-NBS level 2)	2	NARROW	botanical_colour_name	compound_head			compound_head_rule	27	corpus	Two-colour compound not named by ISCC-NBS; English head-final reading makes it a NARROW synonym of the head 'tan' class 'orange' (tending towards 'orange').	ISCCNBS:L2_006
pinkish red	en	FLOPO:0988001	red	1	NARROW	botanical_colour_name	compound_head			compound_head_rule|components_cross_level1	27	corpus	Two-colour compound not named by ISCC-NBS; English head-final reading makes it a NARROW synonym of the head 'red' class 'red' (tending towards 'pinkish').	ISCCNBS:L1_002
blanc jaune	fr	FLOPO:0988116	yellowish white	3	EXACT	botanical_colour_name	translation	EVID:NIST_SP440		translation|compound_reordered	27	corpus	French 'blanc jaune' read as English 'yellowish white'. Literal ISCC-NBS name 'yellowish white' (level 3).	ISCCNBS:L3_092
cendré	fr	FLOPO:0988025	blue (ISCC-NBS level 2)	2	NARROW	botanical_colour_name	vernacular	EVID:NIST_SP440	190 191	multi_block|translation	27	corpus	French 'cendré' read as English 'cinereous'. Documented senses fall in ISCC-NBS block(s) 190 191; lowest covering backbone class is level 2 'blue'. PDF p.137 Sense tier used: botanical (1 sense(s)); all sources give blocks 190 191 264.	ISCCNBS:L2_020
ivoire	fr	FLOPO:0988019	yellow (ISCC-NBS level 2)	2	NARROW	botanical_colour_name	vernacular	EVID:NIST_SP440	89	no_botanical_source_tier_general|single_source_lifted_to_level2|translation	27	corpus	French 'ivoire' read as English 'ivory'. Documented senses fall in ISCC-NBS block(s) 89; lowest covering backbone class is level 2 'yellow'. PDF p.156 Sense tier used: general (1 sense(s)); all sources give blocks 86 89 90 92. Only one source places the word in a single block, so it is attached to that block's level-2 class rather than to the block itself.	ISCCNBS:L2_010
cinnamon	en	FLOPO:0988003	brown	1	RELATED	botanical_colour_name	vernacular	EVID:NIST_SP440	29 53 57 71 72 74 76 77	crosses_level1	26	corpus	Documented senses span ISCC-NBS block(s) 29 53 57 71 72 74 76 77 across level-1 categories brown, orange, pink, yellow; no backbone class below color covers all senses, so the word is a RELATED synonym of the majority/fallback level-1 class. line number approximate (entry not cleanly matched in layout OCR); PDF p.137 Sense tier used: botanical (2 sense(s)); all sources give blocks 29 53 54 57 71 72 74 76 77.	ISCCNBS:L1_004
reddish green	en	FLOPO:0988006	green	1	NARROW	botanical_colour_name	compound_head			compound_head_rule|components_cross_level1	26	corpus	Two-colour compound not named by ISCC-NBS; English head-final reading makes it a NARROW synonym of the head 'green' class 'green' (tending towards 'reddish').	ISCCNBS:L1_008
whitish gray	en	FLOPO:0988010	gray	1	NARROW	botanical_colour_name	modified	EVID:NIST_SP440		degree_modifier	26	corpus	Modifier 'whitish' is not an ISCC-NBS modifier for this head (or the phrase is not a level-3 name); the phrase is a NARROW synonym of the class of its head 'gray'.	ISCCNBS:L1_012
gris beige	fr	FLOPO:0988010	gray	1	NARROW	botanical_colour_name	compound_head			components_cross_level1|compound_head_rule|translation	26	corpus	French 'gris beige' read as English 'beige gray'. Two-colour compound not named by ISCC-NBS; English head-final reading makes it a NARROW synonym of the head 'gray' class 'gray' (tending towards 'beige').	ISCCNBS:L1_012
olive	fr	FLOPO:0988005	olive	1	EXACT	botanical_colour_name	translation	EVID:NIST_SP440		level_homonym|translation	26	corpus	French 'olive' read as English 'olive'. Literal ISCC-NBS name 'olive' (level 1).	ISCCNBS:L1_006
almost white	en	FLOPO:0988009	white	1	NARROW	botanical_colour_name	modified	EVID:NIST_SP440		degree_modifier	25	corpus	Modifier 'almost' is not an ISCC-NBS modifier for this head (or the phrase is not a level-3 name); the phrase is a NARROW synonym of the class of its head 'white'.	ISCCNBS:L1_011
chocolate brown	en	FLOPO:0988072	grayish reddish brown	3	NARROW	botanical_colour_name	vernacular	DOI:10.1364/JOSA.39.000592|EVID:NIST_SP440|EVID:RIDGWAY_1912	46		25	PATO exact synonym|PATO label|corpus	Lexical equivalent of 'chocolate'. Documented senses fall in ISCC-NBS block(s) 46; lowest covering backbone class is level 3 'grayish reddish brown'. PDF p.137 Sense tier used: botanical (2 sense(s)); all sources give blocks 19 22 23 41 46 62 64 81 266.	ISCCNBS:L3_046
fuscous	en	FLOPO:0988001	red	1	RELATED	botanical_colour_name	vernacular	EVID:NIST_SP440	19 23 64 229 234	crosses_level1	25	botanical_terminology|corpus	Documented senses span ISCC-NBS block(s) 19 23 64 229 234 across level-1 categories brown, purple, red; no backbone class below color covers all senses, so the word is a RELATED synonym of the majority/fallback level-1 class. line number approximate (entry not cleanly matched in layout OCR); PDF p.145 Sense tier used: botanical (2 sense(s)); all sources give blocks 19 23 64 229 234.	ISCCNBS:L1_002
pale brownish	en	FLOPO:0988003	brown	1	RELATED	botanical_colour_name	modified	EVID:NIST_SP440		degree_modifier	25	FLOPO value label|corpus	Modifier 'pale' is not an ISCC-NBS modifier for this head (or the phrase is not a level-3 name); the phrase is a RELATED synonym of the class of its head 'brownish'.	ISCCNBS:L1_004
pale red brown	en	FLOPO:0988071	light grayish reddish brown	3	NARROW	botanical_colour_name	iscc_gloss	EVID:NIST_CENTROIDS		b3_pale_gloss_narrow	25	corpus	Not a literal ISCC-NBS name; Kelly (1958) glosses 'pale' as 'light grayish', giving block 'light grayish reddish brown'. Curator decision B3 (2026-09-18): 'pale X' is EXACT only where ISCC-NBS itself names the block that way; otherwise NARROW.	ISCCNBS:L3_045
rouge violet	fr	FLOPO:0988001	red	1	NARROW	botanical_colour_name	compound_head			components_cross_level1|compound_head_rule|translation	25	corpus	French 'rouge violet' read as English 'violetish red'. Two-colour compound not named by ISCC-NBS; English head-final reading makes it a NARROW synonym of the head 'red' class 'red' (tending towards 'violetish').	ISCCNBS:L1_002
bright pink	en	FLOPO:0988012	pink (ISCC-NBS level 2)	2	NARROW	botanical_colour_name	modified	EVID:NIST_SP440		degree_modifier|level_homonym	24	PATO related synonym|corpus	Modifier 'bright' is not an ISCC-NBS modifier for this head (or the phrase is not a level-3 name); the phrase is a NARROW synonym of the class of its head 'pink'.	ISCCNBS:L2_001
brownish purple	en	FLOPO:0988008	purple	1	NARROW	botanical_colour_name	compound_head			compound_head_rule|components_cross_level1	24	corpus	Two-colour compound not named by ISCC-NBS; English head-final reading makes it a NARROW synonym of the head 'purple' class 'purple' (tending towards 'brownish').	ISCCNBS:L1_010
pinkish purple	en	FLOPO:0988008	purple	1	NARROW	botanical_colour_name	compound_head			compound_head_rule|components_cross_level1	24	corpus	Two-colour compound not named by ISCC-NBS; English head-final reading makes it a NARROW synonym of the head 'purple' class 'purple' (tending towards 'pinkish').	ISCCNBS:L1_010
purple red	en	PATO:0104311	purplish red	2	EXACT	botanical_colour_name	iscc_variant	EVID:NIST_SP440			24	corpus	'-ish' variant of the ISCC-NBS name 'purplish red' (level 2).	ISCCNBS:L2_026
brun rouille	fr	FLOPO:0988003	brown	1	NARROW	botanical_colour_name	compound_head			components_cross_level1|compound_head_rule|translation	24	corpus	French 'brun rouille' read as English 'ferruginous brown'. Two-colour compound not named by ISCC-NBS; English head-final reading makes it a NARROW synonym of the head 'brown' class 'brown' (tending towards 'ferruginous').	ISCCNBS:L1_004
gris cendré	fr	FLOPO:0988010	gray	1	NARROW	botanical_colour_name	compound_head			components_cross_level1|compound_head_rule|translation	24	corpus	French 'gris cendré' read as English 'cinereous gray'. Two-colour compound not named by ISCC-NBS; English head-final reading makes it a NARROW synonym of the head 'gray' class 'gray' (tending towards 'cinereous').	ISCCNBS:L1_012
jaune crème	fr	FLOPO:0988004	yellow	1	NARROW	botanical_colour_name	compound_head			compound_head_rule|translation	24	corpus	French 'jaune crème' read as English 'cream yellow'. Two-colour compound not named by ISCC-NBS; English head-final reading makes it a NARROW synonym of the head 'yellow' class 'yellow' (tending towards 'cream').	ISCCNBS:L1_005
rouge brunâtre	fr	FLOPO:0988001	red	1	NARROW	botanical_colour_name	compound_head			components_cross_level1|compound_head_rule|translation	24	corpus	French 'rouge brunâtre' read as English 'brownish red'. Two-colour compound not named by ISCC-NBS; English head-final reading makes it a NARROW synonym of the head 'red' class 'red' (tending towards 'brownish').	ISCCNBS:L1_002
rouge sang	fr	FLOPO:0988001	red	1	NARROW	botanical_colour_name	compound_head			compound_head_rule|translation	24	corpus	French 'rouge sang' read as English 'blood red red'. Two-colour compound not named by ISCC-NBS; English head-final reading makes it a NARROW synonym of the head 'red' class 'red' (tending towards 'blood red').	ISCCNBS:L1_002
vert noirâtre	fr	FLOPO:0988171	blackish green	3	EXACT	botanical_colour_name	translation	EVID:NIST_SP440		translation|compound_reordered	24	corpus	French 'vert noirâtre' read as English 'blackish green'. Literal ISCC-NBS name 'blackish green' (level 3).	ISCCNBS:L3_152
creamy green	en	FLOPO:0988006	green	1	NARROW	botanical_colour_name	compound_head			compound_head_rule|components_cross_level1	23	corpus	Two-colour compound not named by ISCC-NBS; English head-final reading makes it a NARROW synonym of the head 'green' class 'green' (tending towards 'creamy').	ISCCNBS:L1_008
gray black	en	FLOPO:0988011	black	1	NARROW	botanical_colour_name	compound_head			compound_head_rule|components_cross_level1	23	corpus	Two-colour compound not named by ISCC-NBS; English head-final reading makes it a NARROW synonym of the head 'black' class 'black' (tending towards 'gray').	ISCCNBS:L1_013
off white	en	FLOPO:0988009	white	1	NARROW	botanical_colour_name	modified	EVID:NIST_SP440		degree_modifier	23	corpus	Modifier 'off' is not an ISCC-NBS modifier for this head (or the phrase is not a level-3 name); the phrase is a NARROW synonym of the class of its head 'white'.	ISCCNBS:L1_011
red purple	en	PATO:0104079	reddish purple	2	EXACT	botanical_colour_name	iscc_variant	EVID:NIST_SP440			23	corpus	'-ish' variant of the ISCC-NBS name 'reddish purple' (level 2).	ISCCNBS:L2_024
brun violet	fr	FLOPO:0988003	brown	1	NARROW	botanical_colour_name	compound_head			components_cross_level1|compound_head_rule|translation	23	corpus	French 'brun violet' read as English 'violetish brown'. Two-colour compound not named by ISCC-NBS; English head-final reading makes it a NARROW synonym of the head 'brown' class 'brown' (tending towards 'violetish').	ISCCNBS:L1_004
clear yellow	en	FLOPO:0988019	yellow (ISCC-NBS level 2)	2	NARROW	botanical_colour_name	modified	EVID:NIST_SP440		degree_modifier|level_homonym	22	corpus	Modifier 'clear' is not an ISCC-NBS modifier for this head (or the phrase is not a level-3 name); the phrase is a NARROW synonym of the class of its head 'yellow'.	ISCCNBS:L2_010
pale orange brown	en	FLOPO:0988003	brown	1	NARROW	botanical_colour_name	modified			components_cross_level1|compound_head_rule|degree_modifier	22	corpus	Modifier 'pale' is not an ISCC-NBS modifier for this head (or the phrase is not a level-3 name); the phrase is a NARROW synonym of the class of its head 'orange brown'.	ISCCNBS:L1_004
purple black	en	PATO:0104157	purplish black	3	EXACT	botanical_colour_name	iscc_variant	EVID:NIST_SP440			22	corpus	'-ish' variant of the ISCC-NBS name 'purplish black' (level 3).	ISCCNBS:L3_235
brun pourpre	fr	FLOPO:0988003	brown	1	NARROW	botanical_colour_name	compound_head			components_cross_level1|compound_head_rule|translation	22	corpus	French 'brun pourpre' read as English 'purplish brown'. Two-colour compound not named by ISCC-NBS; English head-final reading makes it a NARROW synonym of the head 'brown' class 'brown' (tending towards 'purplish').	ISCCNBS:L1_004
gris blanchâtre	fr	FLOPO:0988010	gray	1	NARROW	botanical_colour_name	modified	EVID:NIST_SP440		degree_modifier|translation	22	corpus	French 'gris blanchâtre' read as English 'whitish gray'. Modifier 'whitish' is not an ISCC-NBS modifier for this head (or the phrase is not a level-3 name); the phrase is a NARROW synonym of the class of its head 'gray'.	ISCCNBS:L1_012
creamish	en	FLOPO:0988019	yellow (ISCC-NBS level 2)	2	RELATED	botanical_colour_name	ish_tendency	EVID:NIST_SP440	89	no_botanical_source_tier_general|single_source_lifted_to_level2	21	corpus	Tendency form of 'cream'. Documented senses fall in ISCC-NBS block(s) 89; lowest covering backbone class is level 2 'yellow'. PDF p.140 Sense tier used: general (1 sense(s)); all sources give blocks 89 90 92. Only one source places the word in a single block, so it is attached to that block's level-2 class rather than to the block itself.	ISCCNBS:L2_010
pale red	en	FLOPO:0988044	light grayish red	3	NARROW	botanical_colour_name	iscc_gloss	EVID:NIST_CENTROIDS		b3_pale_gloss_narrow	21	PATO exact synonym|corpus	Not a literal ISCC-NBS name; Kelly (1958) glosses 'pale' as 'light grayish', giving block 'light grayish red'. Curator decision B3 (2026-09-18): 'pale X' is EXACT only where ISCC-NBS itself names the block that way; otherwise NARROW.	ISCCNBS:L3_018
gris argenté	fr	FLOPO:0988010	gray	1	NARROW	botanical_colour_name	compound_head			components_cross_level1|compound_head_rule|translation	21	corpus	French 'gris argenté' read as English 'silver gray'. Two-colour compound not named by ISCC-NBS; English head-final reading makes it a NARROW synonym of the head 'gray' class 'gray' (tending towards 'silver').	ISCCNBS:L1_012
apricot	en	PATO:0104054	orange yellow	2	NARROW	botanical_colour_name	vernacular	EVID:NIST_SP440	68	single_source_lifted_to_level2	20	corpus	Documented senses fall in ISCC-NBS block(s) 68; lowest covering backbone class is level 2 'orange yellow'. PDF p.122 Sense tier used: botanical (1 sense(s)); all sources give blocks 50 52 53 68. Only one source places the word in a single block, so it is attached to that block's level-2 class rather than to the block itself.	ISCCNBS:L2_008
dull orange	en	FLOPO:0988016	orange (ISCC-NBS level 2)	2	NARROW	botanical_colour_name	modified	EVID:NIST_SP440		degree_modifier|level_homonym	20	corpus	Modifier 'dull' is not an ISCC-NBS modifier for this head (or the phrase is not a level-3 name); the phrase is a NARROW synonym of the class of its head 'orange'.	ISCCNBS:L2_006
ochreous	en	FLOPO:0988004	yellow	1	RELATED	botanical_colour_name	vernacular	EVID:NIST_SP440	28 29 50 53 68 69 72	crosses_level1	20	corpus	Lexical equivalent of 'ochre'. Documented senses span ISCC-NBS block(s) 28 29 50 53 68 69 72 across level-1 categories orange, pink, yellow; no backbone class below color covers all senses, so the word is a RELATED synonym of the majority/fallback level-1 class. PDF p.165 Sense tier used: botanical (1 sense(s)); all sources give blocks 28 29 50 51 53 57 67 68 69 71 72 73 74 83 84 86 87.	ISCCNBS:L1_005
reddish pink	en	FLOPO:0988000	pink	1	NARROW	botanical_colour_name	compound_head			compound_head_rule|components_cross_level1	20	botanical_terminology|corpus	Two-colour compound not named by ISCC-NBS; English head-final reading makes it a NARROW synonym of the head 'pink' class 'pink' (tending towards 'reddish').	ISCCNBS:L1_001
salmon pink	en	FLOPO:0988000	pink	1	RELATED	botanical_colour_name	vernacular	DOI:10.1364/JOSA.39.000592|EVID:NIST_SP440|EVID:RIDGWAY_1912	28 29 31 33 52 53 71 73 89	crosses_level1	20	corpus	Lexical equivalent of 'salmon'. Documented senses span ISCC-NBS block(s) 28 29 31 33 52 53 71 73 89 across level-1 categories orange, pink, yellow; no backbone class below color covers all senses, so the word is a RELATED synonym of the majority/fallback level-1 class. line number approximate (entry not cleanly matched in layout OCR); PDF p.179 Sense tier used: botanical (4 sense(s)); all sources give blocks 26 28 29 31 33 37 52 53 71 73 89.	ISCCNBS:L1_001
brun ferrugineux	fr	FLOPO:0988003	brown	1	NARROW	botanical_colour_name	compound_head			components_cross_level1|compound_head_rule|translation	20	corpus	French 'brun ferrugineux' read as English 'ferruginous brown'. Two-colour compound not named by ISCC-NBS; English head-final reading makes it a NARROW synonym of the head 'brown' class 'brown' (tending towards 'ferruginous').	ISCCNBS:L1_004
brun gris	fr	FLOPO:0988086	grayish brown	3	EXACT	botanical_colour_name	translation	EVID:NIST_SP440		translation|compound_reordered	20	corpus	French 'brun gris' read as English 'grayish brown'. Literal ISCC-NBS name 'grayish brown' (level 3).	ISCCNBS:L3_061
écarlate	fr	FLOPO:0988001	red	1	RELATED	botanical_colour_name	vernacular	EVID:NIST_SP440	11 35	crosses_level1|translation	20	corpus	French 'écarlate' read as English 'scarlet'. Documented senses span ISCC-NBS block(s) 11 35 across level-1 categories orange, red; no backbone class below color covers all senses, so the word is a RELATED synonym of the majority/fallback level-1 class. PDF p.180 Sense tier used: botanical (4 sense(s)); all sources give blocks 3 11 12 15 34 35.	ISCCNBS:L1_002
bright blue	en	FLOPO:0988025	blue (ISCC-NBS level 2)	2	NARROW	botanical_colour_name	modified	EVID:NIST_SP440		degree_modifier|level_homonym	19	PATO related synonym|corpus	Modifier 'bright' is not an ISCC-NBS modifier for this head (or the phrase is not a level-3 name); the phrase is a NARROW synonym of the class of its head 'blue'.	ISCCNBS:L2_020
brown black	en	FLOPO:0988090	brownish black	3	EXACT	botanical_colour_name	iscc_variant	EVID:NIST_SP440			19	corpus	'-ish' variant of the ISCC-NBS name 'brownish black' (level 3).	ISCCNBS:L3_065
carmine	en	FLOPO:0988038	vivid red	3	NARROW	botanical_colour_name	vernacular	EVID:NIST_SP440	11		19	botanical_terminology|corpus	Documented senses fall in ISCC-NBS block(s) 11; lowest covering backbone class is level 3 'vivid red'. PDF p.135 Sense tier used: botanical (2 sense(s)); all sources give blocks 1 2 3 6 11 12 13 15 19 254 255 256 258.	ISCCNBS:L3_011
castaneous	en	PATO:0001287	reddish brown	2	NARROW	botanical_colour_name	vernacular	DOI:10.1364/JOSA.39.000592|EVID:NIST_SP440|EVID:RIDGWAY_1912	43 44 46 47	multi_block	19	botanical_terminology|corpus	Lexical equivalent of 'chestnut'. Documented senses fall in ISCC-NBS block(s) 43 44 46 47; lowest covering backbone class is level 2 'reddish brown'. M synonyms: Brown Bay, Brownstone, Castaneous, Marone, Marron, Marrone; PDF p.137 Sense tier used: botanical (4 sense(s)); all sources give blocks 43 44 46 47 61.	ISCCNBS:L2_005
gray white	en	FLOPO:0988009	white	1	NARROW	botanical_colour_name	compound_head			compound_head_rule|components_cross_level1	19	corpus	Two-colour compound not named by ISCC-NBS; English head-final reading makes it a NARROW synonym of the head 'white' class 'white' (tending towards 'gray').	ISCCNBS:L1_011
pale buff	en	PATO:0104054	orange yellow	2	NARROW	botanical_colour_name	modified	EVID:NIST_SP440		degree_modifier|no_botanical_source_tier_general|single_source_lifted_to_level2	19	corpus	Modifier 'pale' is not an ISCC-NBS modifier for this head (or the phrase is not a level-3 name); the phrase is a NARROW synonym of the class of its head 'buff'.	ISCCNBS:L2_008
pale cream	en	FLOPO:0988019	yellow (ISCC-NBS level 2)	2	NARROW	botanical_colour_name	modified	EVID:NIST_SP440		degree_modifier|no_botanical_source_tier_general|single_source_lifted_to_level2	19	FLOPO value label|corpus	Modifier 'pale' is not an ISCC-NBS modifier for this head (or the phrase is not a level-3 name); the phrase is a NARROW synonym of the class of its head 'cream'.	ISCCNBS:L2_010
pale yellow brown	en	FLOPO:0988104	light grayish yellowish brown	3	NARROW	botanical_colour_name	iscc_gloss	EVID:NIST_CENTROIDS		b3_pale_gloss_narrow	19	corpus	Not a literal ISCC-NBS name; Kelly (1958) glosses 'pale' as 'light grayish', giving block 'light grayish yellowish brown'. Curator decision B3 (2026-09-18): 'pale X' is EXACT only where ISCC-NBS itself names the block that way; otherwise NARROW.	ISCCNBS:L3_079
salmon	en	FLOPO:0988000	pink	1	RELATED	botanical_colour_name	vernacular	DOI:10.1364/JOSA.39.000592|EVID:NIST_SP440|EVID:RIDGWAY_1912	28 29 31 33 52 53 71 73 89	crosses_level1	19	PATO exact synonym|PATO label|botanical_terminology|corpus	Documented senses span ISCC-NBS block(s) 28 29 31 33 52 53 71 73 89 across level-1 categories orange, pink, yellow; no backbone class below color covers all senses, so the word is a RELATED synonym of the majority/fallback level-1 class. line number approximate (entry not cleanly matched in layout OCR); PDF p.179 Sense tier used: botanical (4 sense(s)); all sources give blocks 26 28 29 31 33 37 52 53 71 73 89.	ISCCNBS:L1_001
bleuté	fr	FLOPO:0988007	blue	1	RELATED	botanical_colour_name	ish_tendency	EVID:NIST_SP440		translation	19	corpus	French 'bleuté' read as English 'bluish'. Hue-tendency adjective; ISCC-NBS uses 'bluish' only as a modifier inside compound names, so the bare word is RELATED to level-1 'blue', not a block.	ISCCNBS:L1_009
brun roussâtre	fr	FLOPO:0988003	brown	1	NARROW	botanical_colour_name	compound_head			components_cross_level1|compound_head_rule|translation	19	corpus	French 'brun roussâtre' read as English 'rufous brown'. Two-colour compound not named by ISCC-NBS; English head-final reading makes it a NARROW synonym of the head 'brown' class 'brown' (tending towards 'rufous').	ISCCNBS:L1_004
vermillon	fr	FLOPO:0988001	red	1	RELATED	botanical_colour_name	vernacular	EVID:NIST_SP440	11 34	crosses_level1|translation	19	corpus	French 'vermillon' read as English 'vermilion'. Documented senses span ISCC-NBS block(s) 11 34 across level-1 categories orange, red; no backbone class below color covers all senses, so the word is a RELATED synonym of the majority/fallback level-1 class. line number approximate (entry not cleanly matched in layout OCR); PDF p.187 Sense tier used: botanical (1 sense(s)); all sources give blocks 6 11 12 15 18 19 26 27 30 34 35 36 37 38.	ISCCNBS:L1_002
dark gray brown	en	FLOPO:0988087	dark grayish brown	3	EXACT	botanical_colour_name	iscc_variant	EVID:NIST_SP440			18	corpus	'-ish' variant of the ISCC-NBS name 'dark grayish brown' (level 3).	ISCCNBS:L3_062
dark reddish	en	FLOPO:0988001	red	1	RELATED	botanical_colour_name	modified	EVID:NIST_SP440		degree_modifier	18	corpus	Modifier 'dark' is not an ISCC-NBS modifier for this head (or the phrase is not a level-3 name); the phrase is a RELATED synonym of the class of its head 'reddish'.	ISCCNBS:L1_002
greenish purple	en	FLOPO:0988008	purple	1	NARROW	botanical_colour_name	compound_head			compound_head_rule|components_cross_level1	18	corpus	Two-colour compound not named by ISCC-NBS; English head-final reading makes it a NARROW synonym of the head 'purple' class 'purple' (tending towards 'greenish').	ISCCNBS:L1_010
shiny brown	en	FLOPO:0988017	brown (ISCC-NBS level 2)	2	NARROW	botanical_colour_name	modified	EVID:NIST_SP440		degree_modifier|level_homonym	18	corpus	Modifier 'shiny' is not an ISCC-NBS modifier for this head (or the phrase is not a level-3 name); the phrase is a NARROW synonym of the class of its head 'brown'.	ISCCNBS:L2_007
yellowish cream	en	FLOPO:0988019	yellow (ISCC-NBS level 2)	2	NARROW	botanical_colour_name	compound_head			compound_head_rule	18	corpus	Two-colour compound not named by ISCC-NBS; English head-final reading makes it a NARROW synonym of the head 'cream' class 'yellow' (tending towards 'yellowish').	ISCCNBS:L2_010
brun rosé	fr	FLOPO:0988003	brown	1	NARROW	botanical_colour_name	compound_head			components_cross_level1|compound_head_rule|translation	18	corpus	French 'brun rosé' read as English 'pinkish brown'. Two-colour compound not named by ISCC-NBS; English head-final reading makes it a NARROW synonym of the head 'brown' class 'brown' (tending towards 'pinkish').	ISCCNBS:L1_004
brun vert	fr	FLOPO:0988003	brown	1	NARROW	botanical_colour_name	compound_head			components_cross_level1|compound_head_rule|translation	18	corpus	French 'brun vert' read as English 'greenish brown'. Two-colour compound not named by ISCC-NBS; English head-final reading makes it a NARROW synonym of the head 'brown' class 'brown' (tending towards 'greenish').	ISCCNBS:L1_004
vert blanchâtre	fr	FLOPO:0988023	green (ISCC-NBS level 2)	2	NARROW	botanical_colour_name	modified	EVID:NIST_SP440		degree_modifier|level_homonym|translation	18	corpus	French 'vert blanchâtre' read as English 'whitish green'. Modifier 'whitish' is not an ISCC-NBS modifier for this head (or the phrase is not a level-3 name); the phrase is a NARROW synonym of the class of its head 'green'.	ISCCNBS:L2_017
vert olivâtre	fr	FLOPO:0988006	green	1	NARROW	botanical_colour_name	compound_head			components_cross_level1|compound_head_rule|translation	18	corpus	French 'vert olivâtre' read as English 'olivaceous green'. Two-colour compound not named by ISCC-NBS; English head-final reading makes it a NARROW synonym of the head 'green' class 'green' (tending towards 'olivaceous').	ISCCNBS:L1_008
dull purplish	en	FLOPO:0988008	purple	1	RELATED	botanical_colour_name	modified	EVID:NIST_SP440		degree_modifier	17	corpus	Modifier 'dull' is not an ISCC-NBS modifier for this head (or the phrase is not a level-3 name); the phrase is a RELATED synonym of the class of its head 'purplish'.	ISCCNBS:L1_010
glaucous green	en	FLOPO:0988006	green	1	NARROW	botanical_colour_name	compound_head			compound_head_rule	17	corpus	Two-colour compound not named by ISCC-NBS; English head-final reading makes it a NARROW synonym of the head 'green' class 'green' (tending towards 'glaucous').	ISCCNBS:L1_008
green black	en	FLOPO:0988175	greenish black	3	EXACT	botanical_colour_name	iscc_variant	EVID:NIST_SP440			17	corpus	'-ish' variant of the ISCC-NBS name 'greenish black' (level 3).	ISCCNBS:L3_157
lavender	en	FLOPO:0988027	violet	2	NARROW	botanical_colour_name	vernacular	EVID:NIST_SP440	209 213	multi_block	17	botanical_terminology|corpus	Documented senses fall in ISCC-NBS block(s) 209 213; lowest covering backbone class is level 2 'violet'. PDF p.158 Sense tier used: botanical (1 sense(s)); all sources give blocks 209 213 222 223 227.	ISCCNBS:L2_022
lemon	en	FLOPO:0988004	yellow	1	NARROW	botanical_colour_name	vernacular	DOI:10.1364/JOSA.39.000592|EVID:NIST_SP440|EVID:RIDGWAY_1912	82 98 99	multi_block	17	PATO exact synonym|botanical_terminology|corpus	Documented senses fall in ISCC-NBS block(s) 82 98 99; lowest covering backbone class is level 1 'yellow'. PDF p.158 Sense tier used: botanical (3 sense(s)); all sources give blocks 82 83 84 85 86 87 97 98 99 100.	ISCCNBS:L1_005
pale pinkish brown	en	FLOPO:0988003	brown	1	NARROW	botanical_colour_name	modified			components_cross_level1|compound_head_rule|degree_modifier	17	corpus	Modifier 'pale' is not an ISCC-NBS modifier for this head (or the phrase is not a level-3 name); the phrase is a NARROW synonym of the class of its head 'pinkish brown'.	ISCCNBS:L1_004
pale straw	en	FLOPO:0988019	yellow (ISCC-NBS level 2)	2	NARROW	botanical_colour_name	modified	DOI:10.1364/JOSA.39.000592|EVID:NIST_SP440|EVID:RIDGWAY_1912		degree_modifier|multi_block	17	corpus	Modifier 'pale' is not an ISCC-NBS modifier for this head (or the phrase is not a level-3 name); the phrase is a NARROW synonym of the class of its head 'straw'.	ISCCNBS:L2_010
shining brown	en	FLOPO:0988017	brown (ISCC-NBS level 2)	2	NARROW	botanical_colour_name	modified	EVID:NIST_SP440		degree_modifier|level_homonym	17	corpus	Modifier 'shining' is not an ISCC-NBS modifier for this head (or the phrase is not a level-3 name); the phrase is a NARROW synonym of the class of its head 'brown'.	ISCCNBS:L2_007
rouge brique	fr	FLOPO:0988002	orange	1	RELATED	botanical_colour_name	vernacular	EVID:NIST_SP440	35 43	crosses_level1|translation	17	corpus	French 'rouge brique' read as English 'brick red'. Lexical equivalent of 'brick'. Documented senses span ISCC-NBS block(s) 35 43 across level-1 categories brown, orange; no backbone class below color covers all senses, so the word is a RELATED synonym of the majority/fallback level-1 class. PDF p.131 Sense tier used: botanical (2 sense(s)); all sources give blocks 15 16 19 35 43 46 55 58.	ISCCNBS:L1_003
roux doré	fr	FLOPO:0988015	reddish orange	2	NARROW	botanical_colour_name	compound_head			components_cross_level1|compound_head_rule|translation	17	corpus	French 'roux doré' read as English 'golden rufous'. Two-colour compound not named by ISCC-NBS; English head-final reading makes it a NARROW synonym of the head 'rufous' class 'reddish orange' (tending towards 'golden').	ISCCNBS:L2_004
dark glossy green	en	FLOPO:0988023	green (ISCC-NBS level 2)	2	NARROW	botanical_colour_name	modified	EVID:NIST_SP440		degree_modifier|level_homonym	16	corpus	Modifier 'dark' is not an ISCC-NBS modifier for this head (or the phrase is not a level-3 name); the phrase is a NARROW synonym of the class of its head 'glossy green'.	ISCCNBS:L2_017
dark rusty	en	FLOPO:0988002	orange	1	RELATED	botanical_colour_name	modified	EVID:NIST_SP440		crosses_level1|degree_modifier	16	corpus	Modifier 'dark' is not an ISCC-NBS modifier for this head (or the phrase is not a level-3 name); the phrase is a RELATED synonym of the class of its head 'rusty'.	ISCCNBS:L1_003
pale grayish	en	FLOPO:0988010	gray	1	RELATED	botanical_colour_name	modified	EVID:NIST_SP440		degree_modifier	16	corpus	Modifier 'pale' is not an ISCC-NBS modifier for this head (or the phrase is not a level-3 name); the phrase is a RELATED synonym of the class of its head 'grayish'.	ISCCNBS:L1_012
blanc gris	fr	FLOPO:0988009	white	1	NARROW	botanical_colour_name	modified	EVID:NIST_SP440		degree_modifier|translation	16	corpus	French 'blanc gris' read as English 'grayish white'. Modifier 'grayish' is not an ISCC-NBS modifier for this head (or the phrase is not a level-3 name); the phrase is a NARROW synonym of the class of its head 'white'.	ISCCNBS:L1_011
vert gris	fr	PATO:0104007	grayish green	3	EXACT	botanical_colour_name	translation	EVID:NIST_SP440		translation|compound_reordered	16	corpus	French 'vert gris' read as English 'grayish green'. Literal ISCC-NBS name 'grayish green' (level 3).	ISCCNBS:L3_150
dark purple brown	en	FLOPO:0988003	brown	1	NARROW	botanical_colour_name	modified			components_cross_level1|compound_head_rule|degree_modifier	15	corpus	Modifier 'dark' is not an ISCC-NBS modifier for this head (or the phrase is not a level-3 name); the phrase is a NARROW synonym of the class of its head 'purple brown'.	ISCCNBS:L1_004
glossy green	en	FLOPO:0988023	green (ISCC-NBS level 2)	2	NARROW	botanical_colour_name	modified	EVID:NIST_SP440		degree_modifier|level_homonym	15	corpus	Modifier 'glossy' is not an ISCC-NBS modifier for this head (or the phrase is not a level-3 name); the phrase is a NARROW synonym of the class of its head 'green'.	ISCCNBS:L2_017
light castaneous	en	PATO:0001287	reddish brown	2	NARROW	botanical_colour_name	modified	DOI:10.1364/JOSA.39.000592|EVID:NIST_SP440|EVID:RIDGWAY_1912		degree_modifier|multi_block	15	corpus	Modifier 'light' is not an ISCC-NBS modifier for this head (or the phrase is not a level-3 name); the phrase is a NARROW synonym of the class of its head 'castaneous'.	ISCCNBS:L2_005
pale chestnut	en	PATO:0001287	reddish brown	2	NARROW	botanical_colour_name	modified	DOI:10.1364/JOSA.39.000592|EVID:NIST_SP440|EVID:RIDGWAY_1912		degree_modifier|multi_block	15	corpus	Modifier 'pale' is not an ISCC-NBS modifier for this head (or the phrase is not a level-3 name); the phrase is a NARROW synonym of the class of its head 'chestnut'.	ISCCNBS:L2_005
pale gray green	en	PATO:0104007	grayish green	3	NARROW	botanical_colour_name	modified	EVID:NIST_SP440		degree_modifier	15	corpus	Modifier 'pale' is not an ISCC-NBS modifier for this head (or the phrase is not a level-3 name); the phrase is a NARROW synonym of the class of its head 'gray green'.	ISCCNBS:L3_150
reddish yellow	en	FLOPO:0988004	yellow	1	NARROW	botanical_colour_name	compound_head			compound_head_rule|components_cross_level1	15	corpus	Two-colour compound not named by ISCC-NBS; English head-final reading makes it a NARROW synonym of the head 'yellow' class 'yellow' (tending towards 'reddish').	ISCCNBS:L1_005
shiny black	en	FLOPO:0988011	black	1	NARROW	botanical_colour_name	modified	EVID:NIST_SP440		degree_modifier	15	corpus	Modifier 'shiny' is not an ISCC-NBS modifier for this head (or the phrase is not a level-3 name); the phrase is a NARROW synonym of the class of its head 'black'.	ISCCNBS:L1_013
sulphur yellow	en	FLOPO:0988004	yellow	1	NARROW	botanical_colour_name	vernacular	EVID:NIST_SP440	82 97 98 101 102 104	multi_block	15	corpus	Lexical equivalent of 'sulphur'. Documented senses fall in ISCC-NBS block(s) 82 97 98 101 102 104; lowest covering backbone class is level 1 'yellow'. line number approximate (entry not cleanly matched in layout OCR); PDF p.184 Sense tier used: botanical (3 sense(s)); all sources give blocks 82 97 98 101 102 104.	ISCCNBS:L1_005
very dark brown	en	FLOPO:0988017	brown (ISCC-NBS level 2)	2	NARROW	botanical_colour_name	modified	EVID:NIST_SP440		degree_modifier|level_homonym	15	corpus	Modifier 'very dark' is not an ISCC-NBS modifier for this head (or the phrase is not a level-3 name); the phrase is a NARROW synonym of the class of its head 'brown'.	ISCCNBS:L2_007
bronze	fr	FLOPO:0988018	yellowish brown	2	RELATED	botanical_colour_name	vernacular	EVID:NIST_SP440	77	no_botanical_source_tier_general|single_source_lifted_to_level2|translation	15	corpus	French 'bronze' read as English 'bronze'. Documented senses fall in ISCC-NBS block(s) 77; lowest covering backbone class is level 2 'yellowish brown'. M synonyms: Beeswax, Linoleum Brown, Wax Brown; PDF p.131 Sense tier used: general (1 sense(s)); all sources give blocks 77 95. Only one source places the word in a single block, so it is attached to that block's level-2 class rather than to the block itself.	ISCCNBS:L2_009
brun olive	fr	FLOPO:0988020	olive brown	2	EXACT	botanical_colour_name	translation	EVID:NIST_SP440		translation|compound_reordered	15	corpus	French 'brun olive' read as English 'olive brown'. Literal ISCC-NBS name 'olive brown' (level 2).	ISCCNBS:L2_011
châtain	fr	PATO:0001287	reddish brown	2	NARROW	botanical_colour_name	vernacular	DOI:10.1364/JOSA.39.000592|EVID:NIST_SP440|EVID:RIDGWAY_1912	43 44 46 47	multi_block|translation	15	corpus	French 'châtain' read as English 'chestnut'. Documented senses fall in ISCC-NBS block(s) 43 44 46 47; lowest covering backbone class is level 2 'reddish brown'. M synonyms: Brown Bay, Brownstone, Castaneous, Marone, Marron, Marrone; PDF p.137 Sense tier used: botanical (4 sense(s)); all sources give blocks 43 44 46 47 61.	ISCCNBS:L2_005
gris roussâtre	fr	FLOPO:0988010	gray	1	NARROW	botanical_colour_name	compound_head			components_cross_level1|compound_head_rule|translation	15	corpus	French 'gris roussâtre' read as English 'rufous gray'. Two-colour compound not named by ISCC-NBS; English head-final reading makes it a NARROW synonym of the head 'gray' class 'gray' (tending towards 'rufous').	ISCCNBS:L1_012
jaune fauve	fr	FLOPO:0988004	yellow	1	NARROW	botanical_colour_name	compound_head			components_cross_level1|compound_head_rule|translation	15	corpus	French 'jaune fauve' read as English 'fulvous yellow'. Two-colour compound not named by ISCC-NBS; English head-final reading makes it a NARROW synonym of the head 'yellow' class 'yellow' (tending towards 'fulvous').	ISCCNBS:L1_005
rouge écarlate	fr	FLOPO:0988001	red	1	NARROW	botanical_colour_name	compound_head			compound_head_rule|translation	15	corpus	French 'rouge écarlate' read as English 'scarlet red'. Two-colour compound not named by ISCC-NBS; English head-final reading makes it a NARROW synonym of the head 'red' class 'red' (tending towards 'scarlet').	ISCCNBS:L1_002
violet pourpre	fr	FLOPO:0988027	violet	2	NARROW	botanical_colour_name	compound_head			compound_head_rule|translation	15	corpus	French 'violet pourpre' read as English 'purplish violet'. Two-colour compound not named by ISCC-NBS; English head-final reading makes it a NARROW synonym of the head 'violet' class 'violet' (tending towards 'purplish').	ISCCNBS:L2_022
dark castaneous	en	PATO:0001287	reddish brown	2	NARROW	botanical_colour_name	modified	DOI:10.1364/JOSA.39.000592|EVID:NIST_SP440|EVID:RIDGWAY_1912		degree_modifier|multi_block	14	corpus	Modifier 'dark' is not an ISCC-NBS modifier for this head (or the phrase is not a level-3 name); the phrase is a NARROW synonym of the class of its head 'castaneous'.	ISCCNBS:L2_005
grayish black	en	FLOPO:0988011	black	1	NARROW	botanical_colour_name	modified	EVID:NIST_SP440		degree_modifier	14	corpus	Modifier 'grayish' is not an ISCC-NBS modifier for this head (or the phrase is not a level-3 name); the phrase is a NARROW synonym of the class of its head 'black'.	ISCCNBS:L1_013
pinkish yellow	en	FLOPO:0988004	yellow	1	NARROW	botanical_colour_name	compound_head			compound_head_rule|components_cross_level1	14	corpus	Two-colour compound not named by ISCC-NBS; English head-final reading makes it a NARROW synonym of the head 'yellow' class 'yellow' (tending towards 'pinkish').	ISCCNBS:L1_005
rose purple	en	FLOPO:0988008	purple	1	NARROW	botanical_colour_name	compound_head			compound_head_rule|components_cross_level1	14	botanical_terminology|corpus	Two-colour compound not named by ISCC-NBS; English head-final reading makes it a NARROW synonym of the head 'purple' class 'purple' (tending towards 'rose').	ISCCNBS:L1_010
gris blanc	fr	FLOPO:0988010	gray	1	NARROW	botanical_colour_name	modified	EVID:NIST_SP440		degree_modifier|translation	14	corpus	French 'gris blanc' read as English 'whitish gray'. Modifier 'whitish' is not an ISCC-NBS modifier for this head (or the phrase is not a level-3 name); the phrase is a NARROW synonym of the class of its head 'gray'.	ISCCNBS:L1_012
noir violacé	fr	FLOPO:0988011	black	1	NARROW	botanical_colour_name	compound_head			components_cross_level1|compound_head_rule|translation	14	corpus	French 'noir violacé' read as English 'violaceous black'. Two-colour compound not named by ISCC-NBS; English head-final reading makes it a NARROW synonym of the head 'black' class 'black' (tending towards 'violaceous').	ISCCNBS:L1_013
saumon	fr	FLOPO:0988000	pink	1	RELATED	botanical_colour_name	vernacular	DOI:10.1364/JOSA.39.000592|EVID:NIST_SP440|EVID:RIDGWAY_1912	28 29 31 33 52 53 71 73 89	crosses_level1|translation	14	corpus	French 'saumon' read as English 'salmon'. Documented senses span ISCC-NBS block(s) 28 29 31 33 52 53 71 73 89 across level-1 categories orange, pink, yellow; no backbone class below color covers all senses, so the word is a RELATED synonym of the majority/fallback level-1 class. line number approximate (entry not cleanly matched in layout OCR); PDF p.179 Sense tier used: botanical (4 sense(s)); all sources give blocks 26 28 29 31 33 37 52 53 71 73 89.	ISCCNBS:L1_001
blackish gray	en	FLOPO:0988010	gray	1	NARROW	botanical_colour_name	modified	EVID:NIST_SP440		degree_modifier	13	corpus	Modifier 'blackish' is not an ISCC-NBS modifier for this head (or the phrase is not a level-3 name); the phrase is a NARROW synonym of the class of its head 'gray'.	ISCCNBS:L1_012
bluish purple	en	FLOPO:0988008	purple	1	NARROW	botanical_colour_name	compound_head			compound_head_rule|components_cross_level1	13	corpus	Two-colour compound not named by ISCC-NBS; English head-final reading makes it a NARROW synonym of the head 'purple' class 'purple' (tending towards 'bluish').	ISCCNBS:L1_010
bright scarlet	en	FLOPO:0988001	red	1	RELATED	botanical_colour_name	modified	EVID:NIST_SP440		crosses_level1|degree_modifier	13	FLOPO value label|corpus	Modifier 'bright' is not an ISCC-NBS modifier for this head (or the phrase is not a level-3 name); the phrase is a RELATED synonym of the class of its head 'scarlet'.	ISCCNBS:L1_002
brown gray	en	FLOPO:0988089	brownish gray	3	EXACT	botanical_colour_name	iscc_variant	EVID:NIST_SP440			13	corpus	'-ish' variant of the ISCC-NBS name 'brownish gray' (level 3).	ISCCNBS:L3_064
flesh	en	FLOPO:0988012	pink (ISCC-NBS level 2)	2	NARROW	botanical_colour_name	vernacular	EVID:NIST_SP440	5	single_source_lifted_to_level2	13	corpus	Documented senses fall in ISCC-NBS block(s) 5; lowest covering backbone class is level 2 'pink'. M synonyms: Moonlight, Natural; PDF p.144 Sense tier used: botanical (1 sense(s)); all sources give blocks 5 73 93. Only one source places the word in a single block, so it is attached to that block's level-2 class rather than to the block itself.	ISCCNBS:L2_001
medium brown	en	FLOPO:0988017	brown (ISCC-NBS level 2)	2	NARROW	botanical_colour_name	modified	EVID:NIST_SP440		degree_modifier|level_homonym	13	corpus	Modifier 'medium' is not an ISCC-NBS modifier for this head (or the phrase is not a level-3 name); the phrase is a NARROW synonym of the class of its head 'brown'.	ISCCNBS:L2_007
mid brown	en	FLOPO:0988017	brown (ISCC-NBS level 2)	2	NARROW	botanical_colour_name	modified	EVID:NIST_SP440		degree_modifier|level_homonym	13	corpus	Modifier 'mid' is not an ISCC-NBS modifier for this head (or the phrase is not a level-3 name); the phrase is a NARROW synonym of the class of its head 'brown'.	ISCCNBS:L2_007
rusty red	en	FLOPO:0988002	orange	1	RELATED	botanical_colour_name	vernacular	EVID:NIST_SP440	37 38 43 55	crosses_level1	13	corpus	Lexical equivalent of 'ferruginous'. Documented senses span ISCC-NBS block(s) 37 38 43 55 across level-1 categories brown, orange; no backbone class below color covers all senses, so the word is a RELATED synonym of the majority/fallback level-1 class. line number approximate (entry not cleanly matched in layout OCR); PDF p.143 Sense tier used: botanical (2 sense(s)); all sources give blocks 37 38 43 55.	ISCCNBS:L1_003
yellowish red	en	FLOPO:0988001	red	1	NARROW	botanical_colour_name	compound_head			compound_head_rule|components_cross_level1	13	corpus	Two-colour compound not named by ISCC-NBS; English head-final reading makes it a NARROW synonym of the head 'red' class 'red' (tending towards 'yellowish').	ISCCNBS:L1_002
bleu violet	fr	FLOPO:0988007	blue	1	NARROW	botanical_colour_name	compound_head			components_cross_level1|compound_head_rule|translation	13	corpus	French 'bleu violet' read as English 'violetish blue'. Two-colour compound not named by ISCC-NBS; English head-final reading makes it a NARROW synonym of the head 'blue' class 'blue' (tending towards 'violetish').	ISCCNBS:L1_009
brun chocolat	fr	FLOPO:0988072	grayish reddish brown	3	NARROW	botanical_colour_name	vernacular	DOI:10.1364/JOSA.39.000592|EVID:NIST_SP440|EVID:RIDGWAY_1912	46	translation	13	corpus	French 'brun chocolat' read as English 'chocolate brown'. Lexical equivalent of 'chocolate'. Documented senses fall in ISCC-NBS block(s) 46; lowest covering backbone class is level 3 'grayish reddish brown'. PDF p.137 Sense tier used: botanical (2 sense(s)); all sources give blocks 19 22 23 41 46 62 64 81 266.	ISCCNBS:L3_046
gris olivâtre	fr	FLOPO:0988010	gray	1	NARROW	botanical_colour_name	compound_head			components_cross_level1|compound_head_rule|translation	13	corpus	French 'gris olivâtre' read as English 'olivaceous gray'. Two-colour compound not named by ISCC-NBS; English head-final reading makes it a NARROW synonym of the head 'gray' class 'gray' (tending towards 'olivaceous').	ISCCNBS:L1_012
gris rosé	fr	FLOPO:0988037	pinkish gray	3	EXACT	botanical_colour_name	translation	EVID:NIST_SP440		translation|compound_reordered	13	corpus	French 'gris rosé' read as English 'pinkish gray'. Literal ISCC-NBS name 'pinkish gray' (level 3).	ISCCNBS:L3_010
jaunâtre blanc	fr	FLOPO:0988004	yellow	1	RELATED	botanical_colour_name	modified	EVID:NIST_SP440		degree_modifier|translation	13	corpus	French 'jaunâtre blanc' read as English 'whitish yellowish'. Modifier 'whitish' is not an ISCC-NBS modifier for this head (or the phrase is not a level-3 name); the phrase is a RELATED synonym of the class of its head 'yellowish'.	ISCCNBS:L1_005
marron noirâtre	fr	PATO:0001287	reddish brown	2	NARROW	botanical_colour_name	modified	DOI:10.1364/JOSA.39.000592|EVID:NIST_SP440|EVID:RIDGWAY_1912		degree_modifier|multi_block|translation	13	corpus	French 'marron noirâtre' read as English 'blackish chestnut'. Modifier 'blackish' is not an ISCC-NBS modifier for this head (or the phrase is not a level-3 name); the phrase is a NARROW synonym of the class of its head 'chestnut'.	ISCCNBS:L2_005
marron vert	fr	PATO:0001287	reddish brown	2	NARROW	botanical_colour_name	compound_head			components_cross_level1|compound_head_rule|translation	13	corpus	French 'marron vert' read as English 'greenish chestnut'. Two-colour compound not named by ISCC-NBS; English head-final reading makes it a NARROW synonym of the head 'chestnut' class 'reddish brown' (tending towards 'greenish').	ISCCNBS:L2_005
rose pourpre	fr	FLOPO:0988029	purplish pink	2	EXACT	botanical_colour_name	translation	EVID:NIST_SP440		translation|compound_reordered	13	corpus	French 'rose pourpre' read as English 'purplish pink'. Literal ISCC-NBS name 'purplish pink' (level 2).	ISCCNBS:L2_025
rouge carmin	fr	FLOPO:0988001	red	1	NARROW	botanical_colour_name	compound_head			compound_head_rule|translation	13	corpus	French 'rouge carmin' read as English 'carmine red'. Two-colour compound not named by ISCC-NBS; English head-final reading makes it a NARROW synonym of the head 'red' class 'red' (tending towards 'carmine').	ISCCNBS:L1_002
rougeâtre brun	fr	FLOPO:0988001	red	1	RELATED	botanical_colour_name	compound_head			components_cross_level1|compound_head_rule|translation	13	corpus	French 'rougeâtre brun' read as English 'brownish reddish'. Two-colour compound not named by ISCC-NBS; English head-final reading makes it a RELATED synonym of the head 'reddish' class 'red' (tending towards 'brownish').	ISCCNBS:L1_002
vert marron	fr	FLOPO:0988006	green	1	NARROW	botanical_colour_name	compound_head			components_cross_level1|compound_head_rule|translation	13	corpus	French 'vert marron' read as English 'chestnut green'. Two-colour compound not named by ISCC-NBS; English head-final reading makes it a NARROW synonym of the head 'green' class 'green' (tending towards 'chestnut').	ISCCNBS:L1_008
crimson red	en	FLOPO:0988001	red	1	NARROW	botanical_colour_name	compound_head			compound_head_rule	12	corpus	Two-colour compound not named by ISCC-NBS; English head-final reading makes it a NARROW synonym of the head 'red' class 'red' (tending towards 'crimson').	ISCCNBS:L1_002
dull olivaceous	en	FLOPO:0988005	olive	1	RELATED	botanical_colour_name	modified	EVID:NIST_SP440		degree_modifier	12	corpus	Modifier 'dull' is not an ISCC-NBS modifier for this head (or the phrase is not a level-3 name); the phrase is a RELATED synonym of the class of its head 'olivaceous'.	ISCCNBS:L1_006
wine red	en	FLOPO:0988001	red	1	RELATED	botanical_colour_name	vernacular	EVID:NIST_SP440	16 17 41 259	no_botanical_source_tier_other|crosses_level1	12	corpus	Lexical equivalent of 'wine'. Documented senses span ISCC-NBS block(s) 16 17 41 259 across level-1 categories brown, red; no backbone class below color covers all senses, so the word is a RELATED synonym of the majority/fallback level-1 class. only bare 'Wine' entry; PDF p.190 Sense tier used: other (1 sense(s)); all sources give blocks 16 17 41 259.	ISCCNBS:L1_002
brun orangé	fr	FLOPO:0988003	brown	1	NARROW	botanical_colour_name	compound_head			components_cross_level1|compound_head_rule|translation	12	corpus	French 'brun orangé' read as English 'orange brown'. Two-colour compound not named by ISCC-NBS; English head-final reading makes it a NARROW synonym of the head 'brown' class 'brown' (tending towards 'orange').	ISCCNBS:L1_004
jaune blanchâtre	fr	FLOPO:0988019	yellow (ISCC-NBS level 2)	2	NARROW	botanical_colour_name	modified	EVID:NIST_SP440		degree_modifier|level_homonym|translation	12	corpus	French 'jaune blanchâtre' read as English 'whitish yellow'. Modifier 'whitish' is not an ISCC-NBS modifier for this head (or the phrase is not a level-3 name); the phrase is a NARROW synonym of the class of its head 'yellow'.	ISCCNBS:L2_010
jaune soufre	fr	FLOPO:0988004	yellow	1	NARROW	botanical_colour_name	vernacular	EVID:NIST_SP440	82 97 98 101 102 104	multi_block|translation	12	corpus	French 'jaune soufre' read as English 'sulphur yellow'. Lexical equivalent of 'sulphur'. Documented senses fall in ISCC-NBS block(s) 82 97 98 101 102 104; lowest covering backbone class is level 1 'yellow'. line number approximate (entry not cleanly matched in layout OCR); PDF p.184 Sense tier used: botanical (3 sense(s)); all sources give blocks 82 97 98 101 102 104.	ISCCNBS:L1_005
pourpre noirâtre	fr	FLOPO:0988243	blackish purple	3	EXACT	botanical_colour_name	translation	EVID:NIST_SP440		translation|compound_reordered	12	corpus	French 'pourpre noirâtre' read as English 'blackish purple'. Literal ISCC-NBS name 'blackish purple' (level 3).	ISCCNBS:L3_230
blue violet	en	FLOPO:0988027	violet	2	NARROW	botanical_colour_name	compound_head			compound_head_rule|components_cross_level1	11	corpus	Two-colour compound not named by ISCC-NBS; English head-final reading makes it a NARROW synonym of the head 'violet' class 'violet' (tending towards 'blue').	ISCCNBS:L2_022
brownish white	en	FLOPO:0988009	white	1	NARROW	botanical_colour_name	compound_head			compound_head_rule|components_cross_level1	11	corpus	Two-colour compound not named by ISCC-NBS; English head-final reading makes it a NARROW synonym of the head 'white' class 'white' (tending towards 'brownish').	ISCCNBS:L1_011
cream yellow	en	FLOPO:0988004	yellow	1	NARROW	botanical_colour_name	compound_head			compound_head_rule	11	corpus	Two-colour compound not named by ISCC-NBS; English head-final reading makes it a NARROW synonym of the head 'yellow' class 'yellow' (tending towards 'cream').	ISCCNBS:L1_005
dark crimson	en	FLOPO:0988001	red	1	NARROW	botanical_colour_name	modified	EVID:NIST_SP440		degree_modifier|multi_block	11	corpus	Modifier 'dark' is not an ISCC-NBS modifier for this head (or the phrase is not a level-3 name); the phrase is a NARROW synonym of the class of its head 'crimson'.	ISCCNBS:L1_002
dark ferruginous	en	FLOPO:0988002	orange	1	RELATED	botanical_colour_name	modified	EVID:NIST_SP440		crosses_level1|degree_modifier	11	corpus	Modifier 'dark' is not an ISCC-NBS modifier for this head (or the phrase is not a level-3 name); the phrase is a RELATED synonym of the class of its head 'ferruginous'.	ISCCNBS:L1_003
dark olivaceous	en	FLOPO:0988005	olive	1	RELATED	botanical_colour_name	modified	EVID:NIST_SP440		degree_modifier	11	corpus	Modifier 'dark' is not an ISCC-NBS modifier for this head (or the phrase is not a level-3 name); the phrase is a RELATED synonym of the class of its head 'olivaceous'.	ISCCNBS:L1_006
glaucescent	en	FLOPO:0988006	green	1	RELATED	botanical_colour_name	vernacular	EVID:NIST_SP440	121 135 148 149 163 171 184	crosses_level1	11	corpus	Lexical equivalent of 'glaucous'. Documented senses span ISCC-NBS block(s) 121 135 148 149 163 171 184 across level-1 categories blue, green, yellow green; no backbone class below color covers all senses, so the word is a RELATED synonym of the majority/fallback level-1 class. PDF p.145 Sense tier used: botanical (2 sense(s)); all sources give blocks 121 135 148 149 163 171 184.	ISCCNBS:L1_008
pale fawn	en	FLOPO:0988003	brown	1	NARROW	botanical_colour_name	modified	EVID:NIST_SP440		degree_modifier|multi_block	11	corpus	Modifier 'pale' is not an ISCC-NBS modifier for this head (or the phrase is not a level-3 name); the phrase is a NARROW synonym of the class of its head 'fawn'.	ISCCNBS:L1_004
pale lemon yellow	en	FLOPO:0988004	yellow	1	NARROW	botanical_colour_name	modified	DOI:10.1364/JOSA.39.000592|EVID:NIST_SP440|EVID:RIDGWAY_1912		degree_modifier|multi_block	11	corpus	Modifier 'pale' is not an ISCC-NBS modifier for this head (or the phrase is not a level-3 name); the phrase is a NARROW synonym of the class of its head 'lemon yellow'.	ISCCNBS:L1_005
pinkish green	en	FLOPO:0988006	green	1	NARROW	botanical_colour_name	compound_head			compound_head_rule|components_cross_level1	11	corpus	Two-colour compound not named by ISCC-NBS; English head-final reading makes it a NARROW synonym of the head 'green' class 'green' (tending towards 'pinkish').	ISCCNBS:L1_008
shiny white	en	FLOPO:0988009	white	1	NARROW	botanical_colour_name	modified	EVID:NIST_SP440		degree_modifier	11	corpus	Modifier 'shiny' is not an ISCC-NBS modifier for this head (or the phrase is not a level-3 name); the phrase is a NARROW synonym of the class of its head 'white'.	ISCCNBS:L1_011
whitish yellow	en	FLOPO:0988019	yellow (ISCC-NBS level 2)	2	NARROW	botanical_colour_name	modified	EVID:NIST_SP440		degree_modifier|level_homonym	11	corpus	Modifier 'whitish' is not an ISCC-NBS modifier for this head (or the phrase is not a level-3 name); the phrase is a NARROW synonym of the class of its head 'yellow'.	ISCCNBS:L2_010
gris noir	fr	FLOPO:0988010	gray	1	NARROW	botanical_colour_name	modified	EVID:NIST_SP440		degree_modifier|translation	11	corpus	French 'gris noir' read as English 'blackish gray'. Modifier 'blackish' is not an ISCC-NBS modifier for this head (or the phrase is not a level-3 name); the phrase is a NARROW synonym of the class of its head 'gray'.	ISCCNBS:L1_012
gris rougeâtre	fr	FLOPO:0988048	reddish gray	3	EXACT	botanical_colour_name	translation	EVID:NIST_SP440		translation|compound_reordered	11	corpus	French 'gris rougeâtre' read as English 'reddish gray'. Literal ISCC-NBS name 'reddish gray' (level 3).	ISCCNBS:L3_022
jaune grisâtre	fr	FLOPO:0988114	grayish yellow	3	EXACT	botanical_colour_name	translation	EVID:NIST_SP440		translation|compound_reordered	11	corpus	French 'jaune grisâtre' read as English 'grayish yellow'. Literal ISCC-NBS name 'grayish yellow' (level 3).	ISCCNBS:L3_090
jaune rosé	fr	FLOPO:0988004	yellow	1	NARROW	botanical_colour_name	compound_head			components_cross_level1|compound_head_rule|translation	11	corpus	French 'jaune rosé' read as English 'pinkish yellow'. Two-colour compound not named by ISCC-NBS; English head-final reading makes it a NARROW synonym of the head 'yellow' class 'yellow' (tending towards 'pinkish').	ISCCNBS:L1_005
marron rougeâtre	fr	PATO:0001287	reddish brown	2	NARROW	botanical_colour_name	compound_head			components_cross_level1|compound_head_rule|translation	11	corpus	French 'marron rougeâtre' read as English 'reddish chestnut'. Two-colour compound not named by ISCC-NBS; English head-final reading makes it a NARROW synonym of the head 'chestnut' class 'reddish brown' (tending towards 'reddish').	ISCCNBS:L2_005
rose saumon	fr	FLOPO:0988000	pink	1	RELATED	botanical_colour_name	vernacular	DOI:10.1364/JOSA.39.000592|EVID:NIST_SP440|EVID:RIDGWAY_1912	28 29 31 33 52 53 71 73 89	crosses_level1|translation	11	corpus	French 'rose saumon' read as English 'salmon pink'. Lexical equivalent of 'salmon'. Documented senses span ISCC-NBS block(s) 28 29 31 33 52 53 71 73 89 across level-1 categories orange, pink, yellow; no backbone class below color covers all senses, so the word is a RELATED synonym of the majority/fallback level-1 class. line number approximate (entry not cleanly matched in layout OCR); PDF p.179 Sense tier used: botanical (4 sense(s)); all sources give blocks 26 28 29 31 33 37 52 53 71 73 89.	ISCCNBS:L1_001
bright orange red	en	FLOPO:0988001	red	1	NARROW	botanical_colour_name	modified			components_cross_level1|compound_head_rule|degree_modifier	10	botanical_terminology|corpus	Modifier 'bright' is not an ISCC-NBS modifier for this head (or the phrase is not a level-3 name); the phrase is a NARROW synonym of the class of its head 'orange red'.	ISCCNBS:L1_002
brown green	en	FLOPO:0988006	green	1	NARROW	botanical_colour_name	compound_head			compound_head_rule|components_cross_level1	10	PATO label|corpus	Two-colour compound not named by ISCC-NBS; English head-final reading makes it a NARROW synonym of the head 'green' class 'green' (tending towards 'brown').	ISCCNBS:L1_008
creamy brown	en	FLOPO:0988003	brown	1	NARROW	botanical_colour_name	compound_head			compound_head_rule|components_cross_level1	10	corpus	Two-colour compound not named by ISCC-NBS; English head-final reading makes it a NARROW synonym of the head 'brown' class 'brown' (tending towards 'creamy').	ISCCNBS:L1_004
deep mauve	en	FLOPO:0988008	purple	1	NARROW	botanical_colour_name	modified	EVID:NIST_SP440		degree_modifier|multi_block	10	corpus	Modifier 'deep' is not an ISCC-NBS modifier for this head (or the phrase is not a level-3 name); the phrase is a NARROW synonym of the class of its head 'mauve'.	ISCCNBS:L1_010
dirty white	en	FLOPO:0988009	white	1	NARROW	botanical_colour_name	modified	EVID:NIST_SP440		degree_modifier	10	corpus	Modifier 'dirty' is not an ISCC-NBS modifier for this head (or the phrase is not a level-3 name); the phrase is a NARROW synonym of the class of its head 'white'.	ISCCNBS:L1_011
dull reddish	en	FLOPO:0988001	red	1	RELATED	botanical_colour_name	modified	EVID:NIST_SP440		degree_modifier	10	corpus	Modifier 'dull' is not an ISCC-NBS modifier for this head (or the phrase is not a level-3 name); the phrase is a RELATED synonym of the class of its head 'reddish'.	ISCCNBS:L1_002
glossy dark green	en	PATO:0001249	dark green	3	NARROW	botanical_colour_name	modified	EVID:NIST_SP440		degree_modifier	10	corpus	Modifier 'glossy' is not an ISCC-NBS modifier for this head (or the phrase is not a level-3 name); the phrase is a NARROW synonym of the class of its head 'dark green'.	ISCCNBS:L3_146
orange buff	en	PATO:0104054	orange yellow	2	NARROW	botanical_colour_name	compound_head			compound_head_rule|components_cross_level1	10	corpus	Two-colour compound not named by ISCC-NBS; English head-final reading makes it a NARROW synonym of the head 'buff' class 'orange yellow' (tending towards 'orange').	ISCCNBS:L2_008
pale brownish gray	en	FLOPO:0988089	brownish gray	3	NARROW	botanical_colour_name	modified	EVID:NIST_SP440		degree_modifier	10	corpus	Modifier 'pale' is not an ISCC-NBS modifier for this head (or the phrase is not a level-3 name); the phrase is a NARROW synonym of the class of its head 'brownish gray'.	ISCCNBS:L3_064
pale rose	en	FLOPO:0988000	pink	1	RELATED	botanical_colour_name	modified	DOI:10.1364/JOSA.39.000592|EVID:NIST_SP440|EVID:RIDGWAY_1912		crosses_level1|degree_modifier	10	corpus	Modifier 'pale' is not an ISCC-NBS modifier for this head (or the phrase is not a level-3 name); the phrase is a RELATED synonym of the class of its head 'rose'.	ISCCNBS:L1_001
shining black	en	FLOPO:0988011	black	1	NARROW	botanical_colour_name	modified	EVID:NIST_SP440		degree_modifier	10	corpus	Modifier 'shining' is not an ISCC-NBS modifier for this head (or the phrase is not a level-3 name); the phrase is a NARROW synonym of the class of its head 'black'.	ISCCNBS:L1_013
jaune roux	fr	FLOPO:0988004	yellow	1	NARROW	botanical_colour_name	compound_head			components_cross_level1|compound_head_rule|translation	10	corpus	French 'jaune roux' read as English 'rufous yellow'. Two-colour compound not named by ISCC-NBS; English head-final reading makes it a NARROW synonym of the head 'yellow' class 'yellow' (tending towards 'rufous').	ISCCNBS:L1_005
rouge noirâtre	fr	FLOPO:0988047	blackish red	3	EXACT	botanical_colour_name	translation	EVID:NIST_SP440		translation|compound_reordered	10	corpus	French 'rouge noirâtre' read as English 'blackish red'. Literal ISCC-NBS name 'blackish red' (level 3).	ISCCNBS:L3_021
roux ferrugineux	fr	FLOPO:0988015	reddish orange	2	NARROW	botanical_colour_name	compound_head			compound_head_rule|translation	10	corpus	French 'roux ferrugineux' read as English 'ferruginous rufous'. Two-colour compound not named by ISCC-NBS; English head-final reading makes it a NARROW synonym of the head 'rufous' class 'reddish orange' (tending towards 'ferruginous').	ISCCNBS:L2_004
vert brun	fr	FLOPO:0988006	green	1	NARROW	botanical_colour_name	compound_head			components_cross_level1|compound_head_rule|translation	10	corpus	French 'vert brun' read as English 'brownish green'. Two-colour compound not named by ISCC-NBS; English head-final reading makes it a NARROW synonym of the head 'green' class 'green' (tending towards 'brownish').	ISCCNBS:L1_008
blue purple	en	FLOPO:0988008	purple	1	NARROW	botanical_colour_name	compound_head			compound_head_rule|components_cross_level1	9	corpus	Two-colour compound not named by ISCC-NBS; English head-final reading makes it a NARROW synonym of the head 'purple' class 'purple' (tending towards 'blue').	ISCCNBS:L1_010
bluish violet	en	FLOPO:0988027	violet	2	NARROW	botanical_colour_name	compound_head			compound_head_rule|components_cross_level1	9	corpus	Two-colour compound not named by ISCC-NBS; English head-final reading makes it a NARROW synonym of the head 'violet' class 'violet' (tending towards 'bluish').	ISCCNBS:L2_022
bright purple	en	FLOPO:0988028	purple (ISCC-NBS level 2)	2	NARROW	botanical_colour_name	modified	EVID:NIST_SP440		degree_modifier|level_homonym	9	PATO related synonym|corpus	Modifier 'bright' is not an ISCC-NBS modifier for this head (or the phrase is not a level-3 name); the phrase is a NARROW synonym of the class of its head 'purple'.	ISCCNBS:L2_023
cinereous	en	FLOPO:0988025	blue (ISCC-NBS level 2)	2	NARROW	botanical_colour_name	vernacular	EVID:NIST_SP440	190 191	multi_block	9	corpus	Documented senses fall in ISCC-NBS block(s) 190 191; lowest covering backbone class is level 2 'blue'. PDF p.137 Sense tier used: botanical (1 sense(s)); all sources give blocks 190 191 264.	ISCCNBS:L2_020
copper	en	FLOPO:0988015	reddish orange	2	RELATED	botanical_colour_name	vernacular	EVID:NIST_SP440	39	no_botanical_source_tier_general|single_source_lifted_to_level2	9	botanical_terminology|corpus	Documented senses fall in ISCC-NBS block(s) 39; lowest covering backbone class is level 2 'reddish orange'. M synonyms: Carnelian, Copper Red, Cornelian Red, Wax Red; PDF p.139 Sense tier used: general (1 sense(s)); all sources give blocks 37 39 53 54. Only one source places the word in a single block, so it is attached to that block's level-2 class rather than to the block itself.	ISCCNBS:L2_004
dark chestnut	en	PATO:0001287	reddish brown	2	NARROW	botanical_colour_name	modified	DOI:10.1364/JOSA.39.000592|EVID:NIST_SP440|EVID:RIDGWAY_1912		degree_modifier|multi_block	9	corpus	Modifier 'dark' is not an ISCC-NBS modifier for this head (or the phrase is not a level-3 name); the phrase is a NARROW synonym of the class of its head 'chestnut'.	ISCCNBS:L2_005
dark maroon	en	FLOPO:0988001	red	1	RELATED	botanical_colour_name	modified	EVID:NIST_SP440		crosses_level1|degree_modifier	9	corpus	Modifier 'dark' is not an ISCC-NBS modifier for this head (or the phrase is not a level-3 name); the phrase is a RELATED synonym of the class of its head 'maroon'.	ISCCNBS:L1_002
fawnish	en	FLOPO:0988003	brown	1	NARROW	botanical_colour_name	vernacular	EVID:NIST_SP440	45 57 60	multi_block	9	corpus	Lexical equivalent of 'fawn'. Documented senses fall in ISCC-NBS block(s) 45 57 60; lowest covering backbone class is level 1 'brown'. PDF p.143 Sense tier used: botanical (1 sense(s)); all sources give blocks 29 43 45 57 58 60 61 80.	ISCCNBS:L1_004
gray rusty	en	FLOPO:0988002	orange	1	RELATED	botanical_colour_name	compound_head			compound_head_rule|components_cross_level1	9	corpus	Two-colour compound not named by ISCC-NBS; English head-final reading makes it a RELATED synonym of the head 'rusty' class 'orange' (tending towards 'gray').	ISCCNBS:L1_003
grayish buff	en	PATO:0104054	orange yellow	2	NARROW	botanical_colour_name	modified	EVID:NIST_SP440		degree_modifier|no_botanical_source_tier_general|single_source_lifted_to_level2	9	corpus	Modifier 'grayish' is not an ISCC-NBS modifier for this head (or the phrase is not a level-3 name); the phrase is a NARROW synonym of the class of its head 'buff'.	ISCCNBS:L2_008
ivory white	en	FLOPO:0988009	white	1	NARROW	botanical_colour_name	compound_head			compound_head_rule|components_cross_level1	9	corpus	Two-colour compound not named by ISCC-NBS; English head-final reading makes it a NARROW synonym of the head 'white' class 'white' (tending towards 'ivory').	ISCCNBS:L1_011
light red	en	FLOPO:0988013	red (ISCC-NBS level 2)	2	NARROW	botanical_colour_name	modified	EVID:NIST_SP440		degree_modifier|level_homonym	9	PATO label|corpus	Modifier 'light' is not an ISCC-NBS modifier for this head (or the phrase is not a level-3 name); the phrase is a NARROW synonym of the class of its head 'red'.	ISCCNBS:L2_002
lilac pink	en	FLOPO:0988008	purple	1	RELATED	botanical_colour_name	vernacular	EVID:NIST_SP440	206 210 217 222 223 226 227 237 240 241 244 248 249 250 252 253	crosses_level1	9	corpus	Lexical equivalent of 'lilac'. Documented senses span ISCC-NBS block(s) 206 210 217 222 223 226 227 237 240 241 244 248 249 250 252 253 across level-1 categories pink, purple; no backbone class below color covers all senses, so the word is a RELATED synonym of the majority/fallback level-1 class. M synonyms: Lilaceous, Lilas, Mauvette; txt line OCR-garbled (source/blocks read from PDF page image); PDF p.159 Sense tier used: botanical (2 sense(s)); all sources give blocks 5 10 18 206 209 210 217 221 222 223 226 227 228 231 232 233 237 240 241 244 248 249 250 252 253 261 262.	ISCCNBS:L1_010
magenta pink	en	FLOPO:0988000	pink	1	NARROW	botanical_colour_name	compound_head			compound_head_rule|components_cross_level1	9	corpus	Two-colour compound not named by ISCC-NBS; English head-final reading makes it a NARROW synonym of the head 'pink' class 'pink' (tending towards 'magenta').	ISCCNBS:L1_001
pale greenish brown	en	FLOPO:0988003	brown	1	NARROW	botanical_colour_name	modified			components_cross_level1|compound_head_rule|degree_modifier	9	corpus	Modifier 'pale' is not an ISCC-NBS modifier for this head (or the phrase is not a level-3 name); the phrase is a NARROW synonym of the class of its head 'greenish brown'.	ISCCNBS:L1_004
pale greenish white	en	PATO:0104067	greenish white	3	NARROW	botanical_colour_name	modified	EVID:NIST_SP440		degree_modifier	9	FLOPO value label|corpus	Modifier 'pale' is not an ISCC-NBS modifier for this head (or the phrase is not a level-3 name); the phrase is a NARROW synonym of the class of its head 'greenish white'.	ISCCNBS:L3_153
pale rusty	en	FLOPO:0988002	orange	1	RELATED	botanical_colour_name	modified	EVID:NIST_SP440		crosses_level1|degree_modifier	9	corpus	Modifier 'pale' is not an ISCC-NBS modifier for this head (or the phrase is not a level-3 name); the phrase is a RELATED synonym of the class of its head 'rusty'.	ISCCNBS:L1_003
yellow white	en	FLOPO:0988116	yellowish white	3	EXACT	botanical_colour_name	iscc_variant	EVID:NIST_SP440			9	corpus	'-ish' variant of the ISCC-NBS name 'yellowish white' (level 3).	ISCCNBS:L3_092
blanc vert	fr	PATO:0104067	greenish white	3	EXACT	botanical_colour_name	translation	EVID:NIST_SP440		translation|compound_reordered	9	corpus	French 'blanc vert' read as English 'greenish white'. Literal ISCC-NBS name 'greenish white' (level 3).	ISCCNBS:L3_153
cannelle	fr	FLOPO:0988003	brown	1	RELATED	botanical_colour_name	vernacular	EVID:NIST_SP440	29 53 57 71 72 74 76 77	crosses_level1|translation	9	corpus	French 'cannelle' read as English 'cinnamon'. Documented senses span ISCC-NBS block(s) 29 53 57 71 72 74 76 77 across level-1 categories brown, orange, pink, yellow; no backbone class below color covers all senses, so the word is a RELATED synonym of the majority/fallback level-1 class. line number approximate (entry not cleanly matched in layout OCR); PDF p.137 Sense tier used: botanical (2 sense(s)); all sources give blocks 29 53 54 57 71 72 74 76 77.	ISCCNBS:L1_004
jaune ochracé	fr	FLOPO:0988004	yellow	1	NARROW	botanical_colour_name	compound_head			compound_head_rule|translation	9	corpus	French 'jaune ochracé' read as English 'ochre yellow'. Two-colour compound not named by ISCC-NBS; English head-final reading makes it a NARROW synonym of the head 'yellow' class 'yellow' (tending towards 'ochre').	ISCCNBS:L1_005
jaune violacé	fr	FLOPO:0988004	yellow	1	NARROW	botanical_colour_name	compound_head			components_cross_level1|compound_head_rule|translation	9	corpus	French 'jaune violacé' read as English 'violaceous yellow'. Two-colour compound not named by ISCC-NBS; English head-final reading makes it a NARROW synonym of the head 'yellow' class 'yellow' (tending towards 'violaceous').	ISCCNBS:L1_005
orange rouge	fr	FLOPO:0988015	reddish orange	2	EXACT	botanical_colour_name	translation	EVID:NIST_SP440		translation|compound_reordered	9	corpus	French 'orange rouge' read as English 'reddish orange'. Literal ISCC-NBS name 'reddish orange' (level 2).	ISCCNBS:L2_004
rose orangé	fr	FLOPO:0988000	pink	1	NARROW	botanical_colour_name	compound_head			components_cross_level1|compound_head_rule|translation	9	corpus	French 'rose orangé' read as English 'orange pink'. Two-colour compound not named by ISCC-NBS; English head-final reading makes it a NARROW synonym of the head 'pink' class 'pink' (tending towards 'orange').	ISCCNBS:L1_001
rose rouge	fr	FLOPO:0988000	pink	1	NARROW	botanical_colour_name	compound_head			components_cross_level1|compound_head_rule|translation	9	corpus	French 'rose rouge' read as English 'reddish pink'. Two-colour compound not named by ISCC-NBS; English head-final reading makes it a NARROW synonym of the head 'pink' class 'pink' (tending towards 'reddish').	ISCCNBS:L1_001
rouge vermillon	fr	FLOPO:0988001	red	1	NARROW	botanical_colour_name	compound_head			compound_head_rule|translation	9	corpus	French 'rouge vermillon' read as English 'vermilion red'. Two-colour compound not named by ISCC-NBS; English head-final reading makes it a NARROW synonym of the head 'red' class 'red' (tending towards 'vermilion').	ISCCNBS:L1_002
saumoné	fr	FLOPO:0988000	pink	1	RELATED	botanical_colour_name	vernacular	DOI:10.1364/JOSA.39.000592|EVID:NIST_SP440|EVID:RIDGWAY_1912	28 29 31 33 52 53 71 73 89	crosses_level1|translation	9	corpus	French 'saumoné' read as English 'salmon'. Documented senses span ISCC-NBS block(s) 28 29 31 33 52 53 71 73 89 across level-1 categories orange, pink, yellow; no backbone class below color covers all senses, so the word is a RELATED synonym of the majority/fallback level-1 class. line number approximate (entry not cleanly matched in layout OCR); PDF p.179 Sense tier used: botanical (4 sense(s)); all sources give blocks 26 28 29 31 33 37 52 53 71 73 89.	ISCCNBS:L1_001
vert doré	fr	FLOPO:0988006	green	1	NARROW	botanical_colour_name	compound_head			components_cross_level1|compound_head_rule|translation	9	corpus	French 'vert doré' read as English 'golden green'. Two-colour compound not named by ISCC-NBS; English head-final reading makes it a NARROW synonym of the head 'green' class 'green' (tending towards 'golden').	ISCCNBS:L1_008
bright rusty	en	FLOPO:0988002	orange	1	RELATED	botanical_colour_name	modified	EVID:NIST_SP440		crosses_level1|degree_modifier	8	corpus	Modifier 'bright' is not an ISCC-NBS modifier for this head (or the phrase is not a level-3 name); the phrase is a RELATED synonym of the class of its head 'rusty'.	ISCCNBS:L1_003
carmine red	en	FLOPO:0988001	red	1	NARROW	botanical_colour_name	compound_head			compound_head_rule	8	corpus	Two-colour compound not named by ISCC-NBS; English head-final reading makes it a NARROW synonym of the head 'red' class 'red' (tending towards 'carmine').	ISCCNBS:L1_002
dark blackish red	en	FLOPO:0988047	blackish red	3	NARROW	botanical_colour_name	modified	EVID:NIST_SP440		degree_modifier	8	corpus	Modifier 'dark' is not an ISCC-NBS modifier for this head (or the phrase is not a level-3 name); the phrase is a NARROW synonym of the class of its head 'blackish red'.	ISCCNBS:L3_021
dark mauve	en	FLOPO:0988008	purple	1	NARROW	botanical_colour_name	modified	EVID:NIST_SP440		degree_modifier|multi_block	8	corpus	Modifier 'dark' is not an ISCC-NBS modifier for this head (or the phrase is not a level-3 name); the phrase is a NARROW synonym of the class of its head 'mauve'.	ISCCNBS:L1_010
deep red brown	en	FLOPO:0988067	deep reddish brown	3	EXACT	botanical_colour_name	iscc_variant	EVID:NIST_SP440			8	corpus	'-ish' variant of the ISCC-NBS name 'deep reddish brown' (level 3).	ISCCNBS:L3_041
dull crimson	en	FLOPO:0988001	red	1	NARROW	botanical_colour_name	modified	EVID:NIST_SP440		degree_modifier|multi_block	8	corpus	Modifier 'dull' is not an ISCC-NBS modifier for this head (or the phrase is not a level-3 name); the phrase is a NARROW synonym of the class of its head 'crimson'.	ISCCNBS:L1_002
fresh green	en	FLOPO:0988023	green (ISCC-NBS level 2)	2	NARROW	botanical_colour_name	modified	EVID:NIST_SP440		degree_modifier|level_homonym	8	corpus	Modifier 'fresh' is not an ISCC-NBS modifier for this head (or the phrase is not a level-3 name); the phrase is a NARROW synonym of the class of its head 'green'.	ISCCNBS:L2_017
gray glaucous	en	FLOPO:0988006	green	1	RELATED	botanical_colour_name	compound_head			compound_head_rule|components_cross_level1	8	corpus	Two-colour compound not named by ISCC-NBS; English head-final reading makes it a RELATED synonym of the head 'glaucous' class 'green' (tending towards 'gray').	ISCCNBS:L1_008
greenish red	en	FLOPO:0988001	red	1	NARROW	botanical_colour_name	compound_head			compound_head_rule|components_cross_level1	8	corpus	Two-colour compound not named by ISCC-NBS; English head-final reading makes it a NARROW synonym of the head 'red' class 'red' (tending towards 'greenish').	ISCCNBS:L1_002
mauve pink	en	FLOPO:0988000	pink	1	NARROW	botanical_colour_name	compound_head			compound_head_rule|components_cross_level1	8	corpus	Two-colour compound not named by ISCC-NBS; English head-final reading makes it a NARROW synonym of the head 'pink' class 'pink' (tending towards 'mauve').	ISCCNBS:L1_001
pale greenish cream	en	FLOPO:0988019	yellow (ISCC-NBS level 2)	2	NARROW	botanical_colour_name	modified			components_cross_level1|compound_head_rule|degree_modifier	8	corpus	Modifier 'pale' is not an ISCC-NBS modifier for this head (or the phrase is not a level-3 name); the phrase is a NARROW synonym of the class of its head 'greenish cream'.	ISCCNBS:L2_010
pale pinkish	en	FLOPO:0988000	pink	1	RELATED	botanical_colour_name	modified	EVID:NIST_SP440		degree_modifier	8	FLOPO value label|corpus	Modifier 'pale' is not an ISCC-NBS modifier for this head (or the phrase is not a level-3 name); the phrase is a RELATED synonym of the class of its head 'pinkish'.	ISCCNBS:L1_001
reddish violet	en	FLOPO:0988027	violet	2	NARROW	botanical_colour_name	compound_head			compound_head_rule|components_cross_level1	8	corpus	Two-colour compound not named by ISCC-NBS; English head-final reading makes it a NARROW synonym of the head 'violet' class 'violet' (tending towards 'reddish').	ISCCNBS:L2_022
soft white	en	FLOPO:0988009	white	1	NARROW	botanical_colour_name	modified	EVID:NIST_SP440		degree_modifier	8	corpus	Modifier 'soft' is not an ISCC-NBS modifier for this head (or the phrase is not a level-3 name); the phrase is a NARROW synonym of the class of its head 'white'.	ISCCNBS:L1_011
tan	en	FLOPO:0988016	orange (ISCC-NBS level 2)	2	NARROW	botanical_colour_name	vernacular	EVID:NIST_SP440	54	no_botanical_source_tier_general|single_source_lifted_to_level2	8	botanical_terminology|corpus	Documented senses fall in ISCC-NBS block(s) 54; lowest covering backbone class is level 2 'orange'. M synonyms: Adust, Leather, Oriole; PDF p.184 Sense tier used: general (1 sense(s)); all sources give blocks 54 76 77. Only one source places the word in a single block, so it is attached to that block's level-2 class rather than to the block itself.	ISCCNBS:L2_006
very pale yellow	en	FLOPO:0988019	yellow (ISCC-NBS level 2)	2	NARROW	botanical_colour_name	modified	EVID:NIST_SP440		degree_modifier|level_homonym	8	corpus	Modifier 'very pale' is not an ISCC-NBS modifier for this head (or the phrase is not a level-3 name); the phrase is a NARROW synonym of the class of its head 'yellow'.	ISCCNBS:L2_010
vinous	en	FLOPO:0988001	red	1	RELATED	botanical_colour_name	vernacular	EVID:NIST_SP440	16 17 41 259	no_botanical_source_tier_other|crosses_level1	8	corpus	Lexical equivalent of 'wine'. Documented senses span ISCC-NBS block(s) 16 17 41 259 across level-1 categories brown, red; no backbone class below color covers all senses, so the word is a RELATED synonym of the majority/fallback level-1 class. only bare 'Wine' entry; PDF p.190 Sense tier used: other (1 sense(s)); all sources give blocks 16 17 41 259.	ISCCNBS:L1_002
yellowish orange	en	FLOPO:0988002	orange	1	NARROW	botanical_colour_name	compound_head			compound_head_rule|components_cross_level1	8	corpus	Two-colour compound not named by ISCC-NBS; English head-final reading makes it a NARROW synonym of the head 'orange' class 'orange' (tending towards 'yellowish').	ISCCNBS:L1_003
blanc brunâtre	fr	FLOPO:0988009	white	1	NARROW	botanical_colour_name	compound_head			components_cross_level1|compound_head_rule|translation	8	corpus	French 'blanc brunâtre' read as English 'brownish white'. Two-colour compound not named by ISCC-NBS; English head-final reading makes it a NARROW synonym of the head 'white' class 'white' (tending towards 'brownish').	ISCCNBS:L1_011
blanc rose	fr	PATO:0104059	pinkish white	3	EXACT	botanical_colour_name	translation	EVID:NIST_SP440		translation|compound_reordered	8	corpus	French 'blanc rose' read as English 'pinkish white'. Literal ISCC-NBS name 'pinkish white' (level 3).	ISCCNBS:L3_009
bleu mauve	fr	FLOPO:0988007	blue	1	NARROW	botanical_colour_name	compound_head			components_cross_level1|compound_head_rule|translation	8	corpus	French 'bleu mauve' read as English 'mauve blue'. Two-colour compound not named by ISCC-NBS; English head-final reading makes it a NARROW synonym of the head 'blue' class 'blue' (tending towards 'mauve').	ISCCNBS:L1_009
bleu noir	fr	FLOPO:0988204	blackish blue	3	EXACT	botanical_colour_name	translation	EVID:NIST_SP440		translation|compound_reordered	8	corpus	French 'bleu noir' read as English 'blackish blue'. Literal ISCC-NBS name 'blackish blue' (level 3).	ISCCNBS:L3_188
bleu noirâtre	fr	FLOPO:0988204	blackish blue	3	EXACT	botanical_colour_name	translation	EVID:NIST_SP440		translation|compound_reordered	8	corpus	French 'bleu noirâtre' read as English 'blackish blue'. Literal ISCC-NBS name 'blackish blue' (level 3).	ISCCNBS:L3_188
brun marron	fr	PATO:0001287	reddish brown	2	NARROW	botanical_colour_name	vernacular	DOI:10.1364/JOSA.39.000592|EVID:NIST_SP440|EVID:RIDGWAY_1912	43 44 46 47	multi_block|translation	8	corpus	French 'brun marron' read as English 'chestnut brown'. Lexical equivalent of 'chestnut'. Documented senses fall in ISCC-NBS block(s) 43 44 46 47; lowest covering backbone class is level 2 'reddish brown'. M synonyms: Brown Bay, Brownstone, Castaneous, Marone, Marron, Marrone; PDF p.137 Sense tier used: botanical (4 sense(s)); all sources give blocks 43 44 46 47 61.	ISCCNBS:L2_005
fauve jaunâtre	fr	FLOPO:0988002	orange	1	RELATED	botanical_colour_name	compound_head			components_cross_level1|compound_head_rule|translation	8	corpus	French 'fauve jaunâtre' read as English 'yellowish fulvous'. Two-colour compound not named by ISCC-NBS; English head-final reading makes it a RELATED synonym of the head 'fulvous' class 'orange' (tending towards 'yellowish').	ISCCNBS:L1_003
gris violacé	fr	FLOPO:0988010	gray	1	NARROW	botanical_colour_name	compound_head			components_cross_level1|compound_head_rule|translation	8	corpus	French 'gris violacé' read as English 'violaceous gray'. Two-colour compound not named by ISCC-NBS; English head-final reading makes it a NARROW synonym of the head 'gray' class 'gray' (tending towards 'violaceous').	ISCCNBS:L1_012
jaune ocre	fr	FLOPO:0988004	yellow	1	NARROW	botanical_colour_name	compound_head			compound_head_rule|translation	8	corpus	French 'jaune ocre' read as English 'ochre yellow'. Two-colour compound not named by ISCC-NBS; English head-final reading makes it a NARROW synonym of the head 'yellow' class 'yellow' (tending towards 'ochre').	ISCCNBS:L1_005
magenta	fr	FLOPO:0988001	red	1	RELATED	botanical_colour_name	vernacular	EVID:NIST_SP440	237 254	crosses_level1|translation	8	corpus	French 'magenta' read as English 'magenta'. Documented senses span ISCC-NBS block(s) 237 254 across level-1 categories purple, red; no backbone class below color covers all senses, so the word is a RELATED synonym of the majority/fallback level-1 class. line number approximate (entry not cleanly matched in layout OCR); txt line OCR-garbled (source/blocks read from PDF page image); PDF p.160 Sense tier used: botanical (2 sense(s)); all sources give blocks 205 218 237 242 254 255 256 258 259 262.	ISCCNBS:L1_002
marron noir	fr	PATO:0001287	reddish brown	2	NARROW	botanical_colour_name	modified	DOI:10.1364/JOSA.39.000592|EVID:NIST_SP440|EVID:RIDGWAY_1912		degree_modifier|multi_block|translation	8	corpus	French 'marron noir' read as English 'blackish chestnut'. Modifier 'blackish' is not an ISCC-NBS modifier for this head (or the phrase is not a level-3 name); the phrase is a NARROW synonym of the class of its head 'chestnut'.	ISCCNBS:L2_005
mordoré	fr	FLOPO:0988018	yellowish brown	2	RELATED	botanical_colour_name	vernacular	EVID:NIST_SP440	77	no_botanical_source_tier_general|single_source_lifted_to_level2|translation	8	corpus	French 'mordoré' read as English 'bronze'. Documented senses fall in ISCC-NBS block(s) 77; lowest covering backbone class is level 2 'yellowish brown'. M synonyms: Beeswax, Linoleum Brown, Wax Brown; PDF p.131 Sense tier used: general (1 sense(s)); all sources give blocks 77 95. Only one source places the word in a single block, so it is attached to that block's level-2 class rather than to the block itself.	ISCCNBS:L2_009
rose mauve	fr	FLOPO:0988000	pink	1	NARROW	botanical_colour_name	compound_head			components_cross_level1|compound_head_rule|translation	8	corpus	French 'rose mauve' read as English 'mauve pink'. Two-colour compound not named by ISCC-NBS; English head-final reading makes it a NARROW synonym of the head 'pink' class 'pink' (tending towards 'mauve').	ISCCNBS:L1_001
rose violet	fr	FLOPO:0988000	pink	1	NARROW	botanical_colour_name	compound_head			components_cross_level1|compound_head_rule|translation	8	corpus	French 'rose violet' read as English 'violetish pink'. Two-colour compound not named by ISCC-NBS; English head-final reading makes it a NARROW synonym of the head 'pink' class 'pink' (tending towards 'violetish').	ISCCNBS:L1_001
rouge noir	fr	FLOPO:0988047	blackish red	3	EXACT	botanical_colour_name	translation	EVID:NIST_SP440		translation|compound_reordered	8	corpus	French 'rouge noir' read as English 'blackish red'. Literal ISCC-NBS name 'blackish red' (level 3).	ISCCNBS:L3_021
vert rougeâtre	fr	FLOPO:0988006	green	1	NARROW	botanical_colour_name	compound_head			components_cross_level1|compound_head_rule|translation	8	corpus	French 'vert rougeâtre' read as English 'reddish green'. Two-colour compound not named by ISCC-NBS; English head-final reading makes it a NARROW synonym of the head 'green' class 'green' (tending towards 'reddish').	ISCCNBS:L1_008
vineux	fr	FLOPO:0988001	red	1	RELATED	botanical_colour_name	vernacular	EVID:NIST_SP440	16 17 41 259	crosses_level1|no_botanical_source_tier_other|translation	8	corpus	French 'vineux' read as English 'wine'. Documented senses span ISCC-NBS block(s) 16 17 41 259 across level-1 categories brown, red; no backbone class below color covers all senses, so the word is a RELATED synonym of the majority/fallback level-1 class. only bare 'Wine' entry; PDF p.190 Sense tier used: other (1 sense(s)); all sources give blocks 16 17 41 259.	ISCCNBS:L1_002
black brown	en	FLOPO:0988003	brown	1	NARROW	botanical_colour_name	compound_head			compound_head_rule|components_cross_level1	7	corpus	Two-colour compound not named by ISCC-NBS; English head-final reading makes it a NARROW synonym of the head 'brown' class 'brown' (tending towards 'black').	ISCCNBS:L1_004
blue gray	en	PATO:0104305	bluish gray	3	EXACT	botanical_colour_name	iscc_variant	EVID:NIST_SP440			7	PATO exact synonym|botanical_terminology|corpus	'-ish' variant of the ISCC-NBS name 'bluish gray' (level 3).	ISCCNBS:L3_191
brown red	en	FLOPO:0988001	red	1	NARROW	botanical_colour_name	compound_head			compound_head_rule|components_cross_level1	7	corpus	Two-colour compound not named by ISCC-NBS; English head-final reading makes it a NARROW synonym of the head 'red' class 'red' (tending towards 'brown').	ISCCNBS:L1_002
claret	en	FLOPO:0988013	red (ISCC-NBS level 2)	2	NARROW	botanical_colour_name	vernacular	EVID:NIST_SP440	15	no_botanical_source_tier_general|single_source_lifted_to_level2	7	corpus	Documented senses fall in ISCC-NBS block(s) 15; lowest covering backbone class is level 2 'red'. PDF p.138 Sense tier used: general (1 sense(s)); all sources give blocks 15 251 259 262. Only one source places the word in a single block, so it is attached to that block's level-2 class rather than to the block itself.	ISCCNBS:L2_002
crimson purple	en	FLOPO:0988008	purple	1	NARROW	botanical_colour_name	compound_head			compound_head_rule|components_cross_level1	7	corpus	Two-colour compound not named by ISCC-NBS; English head-final reading makes it a NARROW synonym of the head 'purple' class 'purple' (tending towards 'crimson').	ISCCNBS:L1_010
dark blackish brown	en	FLOPO:0988017	brown (ISCC-NBS level 2)	2	NARROW	botanical_colour_name	modified	EVID:NIST_SP440		degree_modifier|level_homonym	7	corpus	Modifier 'dark' is not an ISCC-NBS modifier for this head (or the phrase is not a level-3 name); the phrase is a NARROW synonym of the class of its head 'blackish brown'.	ISCCNBS:L2_007
dark blackish purple	en	FLOPO:0988243	blackish purple	3	NARROW	botanical_colour_name	modified	EVID:NIST_SP440		degree_modifier	7	corpus	Modifier 'dark' is not an ISCC-NBS modifier for this head (or the phrase is not a level-3 name); the phrase is a NARROW synonym of the class of its head 'blackish purple'.	ISCCNBS:L3_230
dark brownish	en	FLOPO:0988003	brown	1	RELATED	botanical_colour_name	modified	EVID:NIST_SP440		degree_modifier	7	corpus	Modifier 'dark' is not an ISCC-NBS modifier for this head (or the phrase is not a level-3 name); the phrase is a RELATED synonym of the class of its head 'brownish'.	ISCCNBS:L1_004
deep crimson	en	FLOPO:0988001	red	1	NARROW	botanical_colour_name	modified	EVID:NIST_SP440		degree_modifier|multi_block	7	FLOPO value label|corpus	Modifier 'deep' is not an ISCC-NBS modifier for this head (or the phrase is not a level-3 name); the phrase is a NARROW synonym of the class of its head 'crimson'.	ISCCNBS:L1_002
dull greenish	en	FLOPO:0988006	green	1	RELATED	botanical_colour_name	modified	EVID:NIST_SP440		degree_modifier	7	corpus	Modifier 'dull' is not an ISCC-NBS modifier for this head (or the phrase is not a level-3 name); the phrase is a RELATED synonym of the class of its head 'greenish'.	ISCCNBS:L1_008
dull pink	en	FLOPO:0988012	pink (ISCC-NBS level 2)	2	NARROW	botanical_colour_name	modified	EVID:NIST_SP440		degree_modifier|level_homonym	7	corpus	Modifier 'dull' is not an ISCC-NBS modifier for this head (or the phrase is not a level-3 name); the phrase is a NARROW synonym of the class of its head 'pink'.	ISCCNBS:L2_001
dull purplish brown	en	FLOPO:0988003	brown	1	NARROW	botanical_colour_name	modified			components_cross_level1|compound_head_rule|degree_modifier	7	corpus	Modifier 'dull' is not an ISCC-NBS modifier for this head (or the phrase is not a level-3 name); the phrase is a NARROW synonym of the class of its head 'purplish brown'.	ISCCNBS:L1_004
gold	en	FLOPO:0988004	yellow	1	RELATED	botanical_colour_name	vernacular	DOI:10.1364/JOSA.39.000592|EVID:RIDGWAY_1912	88 94	crosses_level1	7	botanical_terminology|corpus	Lexical equivalent of 'golden'. Documented senses span ISCC-NBS block(s) 88 94 across level-1 categories olive, yellow; no backbone class below color covers all senses, so the word is a RELATED synonym of the majority/fallback level-1 class. M synonyms: Aurum, Golden, Imperial Stone; PDF p.145 Sense tier used: botanical (1 sense(s)); all sources give blocks 76 82 84 87 88 91 94.	ISCCNBS:L1_005
green yellow	en	PATO:0104013	greenish yellow	2	EXACT	botanical_colour_name	iscc_variant	EVID:NIST_SP440			7	corpus	'-ish' variant of the ISCC-NBS name 'greenish yellow' (level 2).	ISCCNBS:L2_012
lime green	en	FLOPO:0988004	yellow	1	RELATED	botanical_colour_name	vernacular	EVID:NIST_SP440	102 103 106	crosses_level1	7	corpus	Documented senses span ISCC-NBS block(s) 102 103 106 across level-1 categories olive, yellow; no backbone class below color covers all senses, so the word is a RELATED synonym of the majority/fallback level-1 class. PDF p.159 Sense tier used: botanical (1 sense(s)); all sources give blocks 102 103 105 106 117.	ISCCNBS:L1_005
pale cinnamon	en	FLOPO:0988003	brown	1	RELATED	botanical_colour_name	modified	EVID:NIST_SP440		crosses_level1|degree_modifier	7	corpus	Modifier 'pale' is not an ISCC-NBS modifier for this head (or the phrase is not a level-3 name); the phrase is a RELATED synonym of the class of its head 'cinnamon'.	ISCCNBS:L1_004
pale purplish	en	FLOPO:0988008	purple	1	RELATED	botanical_colour_name	modified	EVID:NIST_SP440		degree_modifier	7	corpus	Modifier 'pale' is not an ISCC-NBS modifier for this head (or the phrase is not a level-3 name); the phrase is a RELATED synonym of the class of its head 'purplish'.	ISCCNBS:L1_010
pale stramineous	en	FLOPO:0988004	yellow	1	NARROW	botanical_colour_name	modified	EVID:NIST_SP440		degree_modifier|multi_block	7	corpus	Modifier 'pale' is not an ISCC-NBS modifier for this head (or the phrase is not a level-3 name); the phrase is a NARROW synonym of the class of its head 'stramineous'.	ISCCNBS:L1_005
pink red	en	FLOPO:0988001	red	1	NARROW	botanical_colour_name	compound_head			compound_head_rule|components_cross_level1	7	corpus	Two-colour compound not named by ISCC-NBS; English head-final reading makes it a NARROW synonym of the head 'red' class 'red' (tending towards 'pink').	ISCCNBS:L1_002
pinkish buff	en	PATO:0104054	orange yellow	2	NARROW	botanical_colour_name	compound_head			compound_head_rule|components_cross_level1	7	corpus	Two-colour compound not named by ISCC-NBS; English head-final reading makes it a NARROW synonym of the head 'buff' class 'orange yellow' (tending towards 'pinkish').	ISCCNBS:L2_008
primrose yellow	en	PATO:0104013	greenish yellow	2	NARROW	botanical_colour_name	vernacular	EVID:NIST_SP440	97 101	multi_block	7	corpus	Lexical equivalent of 'primrose'. Documented senses fall in ISCC-NBS block(s) 97 101; lowest covering backbone class is level 2 'greenish yellow'. PDF p.172 Sense tier used: botanical (2 sense(s)); all sources give blocks 86 87 97 98 101.	ISCCNBS:L2_012
rose red	en	FLOPO:0988001	red	1	NARROW	botanical_colour_name	compound_head			compound_head_rule|components_cross_level1	7	corpus	Two-colour compound not named by ISCC-NBS; English head-final reading makes it a NARROW synonym of the head 'red' class 'red' (tending towards 'rose').	ISCCNBS:L1_002
silver gray	en	FLOPO:0988010	gray	1	NARROW	botanical_colour_name	compound_head			compound_head_rule|components_cross_level1	7	FLOPO value label|corpus	Two-colour compound not named by ISCC-NBS; English head-final reading makes it a NARROW synonym of the head 'gray' class 'gray' (tending towards 'silver').	ISCCNBS:L1_012
slightly reddish	en	FLOPO:0988001	red	1	RELATED	botanical_colour_name	modified	EVID:NIST_SP440		degree_modifier	7	corpus	Modifier 'slightly' is not an ISCC-NBS modifier for this head (or the phrase is not a level-3 name); the phrase is a RELATED synonym of the class of its head 'reddish'.	ISCCNBS:L1_002
slightly yellowish	en	FLOPO:0988004	yellow	1	RELATED	botanical_colour_name	modified	EVID:NIST_SP440		degree_modifier	7	corpus	Modifier 'slightly' is not an ISCC-NBS modifier for this head (or the phrase is not a level-3 name); the phrase is a RELATED synonym of the class of its head 'yellowish'.	ISCCNBS:L1_005
very pale pink	en	FLOPO:0988012	pink (ISCC-NBS level 2)	2	NARROW	botanical_colour_name	modified	EVID:NIST_SP440		degree_modifier|level_homonym	7	FLOPO value label|corpus	Modifier 'very pale' is not an ISCC-NBS modifier for this head (or the phrase is not a level-3 name); the phrase is a NARROW synonym of the class of its head 'pink'.	ISCCNBS:L2_001
violet purple	en	FLOPO:0988008	purple	1	NARROW	botanical_colour_name	compound_head			compound_head_rule	7	corpus	Two-colour compound not named by ISCC-NBS; English head-final reading makes it a NARROW synonym of the head 'purple' class 'purple' (tending towards 'violet').	ISCCNBS:L1_010
whitish pink	en	FLOPO:0988012	pink (ISCC-NBS level 2)	2	NARROW	botanical_colour_name	modified	EVID:NIST_SP440		degree_modifier|level_homonym	7	corpus	Modifier 'whitish' is not an ISCC-NBS modifier for this head (or the phrase is not a level-3 name); the phrase is a NARROW synonym of the class of its head 'pink'.	ISCCNBS:L2_001
brun orange	fr	FLOPO:0988003	brown	1	NARROW	botanical_colour_name	compound_head			components_cross_level1|compound_head_rule|translation	7	corpus	French 'brun orange' read as English 'orange brown'. Two-colour compound not named by ISCC-NBS; English head-final reading makes it a NARROW synonym of the head 'brown' class 'brown' (tending towards 'orange').	ISCCNBS:L1_004
chair	fr	FLOPO:0988012	pink (ISCC-NBS level 2)	2	NARROW	botanical_colour_name	vernacular	EVID:NIST_SP440	5	single_source_lifted_to_level2|translation	7	corpus	French 'chair' read as English 'flesh'. Documented senses fall in ISCC-NBS block(s) 5; lowest covering backbone class is level 2 'pink'. M synonyms: Moonlight, Natural; PDF p.144 Sense tier used: botanical (1 sense(s)); all sources give blocks 5 73 93. Only one source places the word in a single block, so it is attached to that block's level-2 class rather than to the block itself.	ISCCNBS:L2_001
fauve roussâtre	fr	FLOPO:0988002	orange	1	RELATED	botanical_colour_name	compound_head			compound_head_rule|translation	7	corpus	French 'fauve roussâtre' read as English 'rufous fulvous'. Two-colour compound not named by ISCC-NBS; English head-final reading makes it a RELATED synonym of the head 'fulvous' class 'orange' (tending towards 'rufous').	ISCCNBS:L1_003
gris fauve	fr	FLOPO:0988010	gray	1	NARROW	botanical_colour_name	compound_head			components_cross_level1|compound_head_rule|translation	7	corpus	French 'gris fauve' read as English 'fulvous gray'. Two-colour compound not named by ISCC-NBS; English head-final reading makes it a NARROW synonym of the head 'gray' class 'gray' (tending towards 'fulvous').	ISCCNBS:L1_012
gris jaune	fr	FLOPO:0988117	yellowish gray	3	EXACT	botanical_colour_name	translation	EVID:NIST_SP440		translation|compound_reordered	7	corpus	French 'gris jaune' read as English 'yellowish gray'. Literal ISCC-NBS name 'yellowish gray' (level 3).	ISCCNBS:L3_093
gris marron	fr	FLOPO:0988010	gray	1	NARROW	botanical_colour_name	compound_head			components_cross_level1|compound_head_rule|translation	7	corpus	French 'gris marron' read as English 'chestnut gray'. Two-colour compound not named by ISCC-NBS; English head-final reading makes it a NARROW synonym of the head 'gray' class 'gray' (tending towards 'chestnut').	ISCCNBS:L1_012
marron jaunâtre	fr	PATO:0001287	reddish brown	2	NARROW	botanical_colour_name	compound_head			components_cross_level1|compound_head_rule|translation	7	corpus	French 'marron jaunâtre' read as English 'yellowish chestnut'. Two-colour compound not named by ISCC-NBS; English head-final reading makes it a NARROW synonym of the head 'chestnut' class 'reddish brown' (tending towards 'yellowish').	ISCCNBS:L2_005
marron verdâtre	fr	PATO:0001287	reddish brown	2	NARROW	botanical_colour_name	compound_head			components_cross_level1|compound_head_rule|translation	7	corpus	French 'marron verdâtre' read as English 'greenish chestnut'. Two-colour compound not named by ISCC-NBS; English head-final reading makes it a NARROW synonym of the head 'chestnut' class 'reddish brown' (tending towards 'greenish').	ISCCNBS:L2_005
noir brunâtre	fr	FLOPO:0988090	brownish black	3	EXACT	botanical_colour_name	translation	EVID:NIST_SP440		translation|compound_reordered	7	corpus	French 'noir brunâtre' read as English 'brownish black'. Literal ISCC-NBS name 'brownish black' (level 3).	ISCCNBS:L3_065
pourpre violacé	fr	FLOPO:0988008	purple	1	NARROW	botanical_colour_name	compound_head			compound_head_rule|translation	7	corpus	French 'pourpre violacé' read as English 'violaceous purple'. Two-colour compound not named by ISCC-NBS; English head-final reading makes it a NARROW synonym of the head 'purple' class 'purple' (tending towards 'violaceous').	ISCCNBS:L1_010
roux ochracé	fr	FLOPO:0988015	reddish orange	2	NARROW	botanical_colour_name	compound_head			components_cross_level1|compound_head_rule|translation	7	corpus	French 'roux ochracé' read as English 'ochre rufous'. Two-colour compound not named by ISCC-NBS; English head-final reading makes it a NARROW synonym of the head 'rufous' class 'reddish orange' (tending towards 'ochre').	ISCCNBS:L2_004
beige	en	FLOPO:0988019	yellow (ISCC-NBS level 2)	2	NARROW	botanical_colour_name	vernacular	EVID:NIST_SP440	89 90	no_botanical_source_tier_general|multi_block	6	PATO label|botanical_terminology|corpus	Documented senses fall in ISCC-NBS block(s) 89 90; lowest covering backbone class is level 2 'yellow'. M synonyms: Ecru, Lint-white; PDF p.124 Sense tier used: general (1 sense(s)); all sources give blocks 60 79 89 90 94.	ISCCNBS:L2_010
black purple	en	FLOPO:0988243	blackish purple	3	EXACT	botanical_colour_name	iscc_variant	EVID:NIST_SP440			6	corpus	'-ish' variant of the ISCC-NBS name 'blackish purple' (level 3).	ISCCNBS:L3_230
brown blackish	en	FLOPO:0988011	black	1	RELATED	botanical_colour_name	compound_head			compound_head_rule|components_cross_level1	6	corpus	Two-colour compound not named by ISCC-NBS; English head-final reading makes it a RELATED synonym of the head 'blackish' class 'black' (tending towards 'brown').	ISCCNBS:L1_013
brown olivaceous	en	FLOPO:0988005	olive	1	RELATED	botanical_colour_name	compound_head			compound_head_rule|components_cross_level1	6	corpus	Two-colour compound not named by ISCC-NBS; English head-final reading makes it a RELATED synonym of the head 'olivaceous' class 'olive' (tending towards 'brown').	ISCCNBS:L1_006
cream white	en	FLOPO:0988009	white	1	NARROW	botanical_colour_name	compound_head			compound_head_rule|components_cross_level1	6	corpus	Two-colour compound not named by ISCC-NBS; English head-final reading makes it a NARROW synonym of the head 'white' class 'white' (tending towards 'cream').	ISCCNBS:L1_011
dark orange	en	FLOPO:0988016	orange (ISCC-NBS level 2)	2	NARROW	botanical_colour_name	modified	EVID:NIST_SP440		degree_modifier|level_homonym	6	PATO label|corpus	Modifier 'dark' is not an ISCC-NBS modifier for this head (or the phrase is not a level-3 name); the phrase is a NARROW synonym of the class of its head 'orange'.	ISCCNBS:L2_006
dark orange brown	en	FLOPO:0988003	brown	1	NARROW	botanical_colour_name	modified			components_cross_level1|compound_head_rule|degree_modifier	6	corpus	Modifier 'dark' is not an ISCC-NBS modifier for this head (or the phrase is not a level-3 name); the phrase is a NARROW synonym of the class of its head 'orange brown'.	ISCCNBS:L1_004
dark purple red	en	PATO:0104159	dark purplish red	3	EXACT	botanical_colour_name	iscc_variant	EVID:NIST_SP440			6	corpus	'-ish' variant of the ISCC-NBS name 'dark purplish red' (level 3).	ISCCNBS:L3_259
darkish green	en	FLOPO:0988023	green (ISCC-NBS level 2)	2	NARROW	botanical_colour_name	modified	EVID:NIST_SP440		degree_modifier|level_homonym	6	corpus	Modifier 'darkish' is not an ISCC-NBS modifier for this head (or the phrase is not a level-3 name); the phrase is a NARROW synonym of the class of its head 'green'.	ISCCNBS:L2_017
deep purplish	en	FLOPO:0988008	purple	1	RELATED	botanical_colour_name	modified	EVID:NIST_SP440		degree_modifier	6	corpus	Modifier 'deep' is not an ISCC-NBS modifier for this head (or the phrase is not a level-3 name); the phrase is a RELATED synonym of the class of its head 'purplish'.	ISCCNBS:L1_010
dirty yellow	en	FLOPO:0988019	yellow (ISCC-NBS level 2)	2	NARROW	botanical_colour_name	modified	EVID:NIST_SP440		degree_modifier|level_homonym	6	corpus	Modifier 'dirty' is not an ISCC-NBS modifier for this head (or the phrase is not a level-3 name); the phrase is a NARROW synonym of the class of its head 'yellow'.	ISCCNBS:L2_010
dull gray	en	FLOPO:0988010	gray	1	NARROW	botanical_colour_name	modified	EVID:NIST_SP440		degree_modifier	6	corpus	Modifier 'dull' is not an ISCC-NBS modifier for this head (or the phrase is not a level-3 name); the phrase is a NARROW synonym of the class of its head 'gray'.	ISCCNBS:L1_012
dull red brown	en	PATO:0001287	reddish brown	2	NARROW	botanical_colour_name	modified	EVID:NIST_SP440		degree_modifier	6	corpus	Modifier 'dull' is not an ISCC-NBS modifier for this head (or the phrase is not a level-3 name); the phrase is a NARROW synonym of the class of its head 'red brown'.	ISCCNBS:L2_005
fulvescent	en	FLOPO:0988002	orange	1	RELATED	botanical_colour_name	vernacular	EVID:NIST_SP440	54 72 74	crosses_level1	6	corpus	Lexical equivalent of 'fulvous'. Documented senses span ISCC-NBS block(s) 54 72 74 across level-1 categories brown, orange, yellow; no backbone class below color covers all senses, so the word is a RELATED synonym of the majority/fallback level-1 class. no English 'Fulvous' entry; Latin Dade (B) equivalent; PDF p.145 Sense tier used: botanical (1 sense(s)); all sources give blocks 54 72 74.	ISCCNBS:L1_003
glossy black	en	FLOPO:0988011	black	1	NARROW	botanical_colour_name	modified	EVID:NIST_SP440		degree_modifier	6	corpus	Modifier 'glossy' is not an ISCC-NBS modifier for this head (or the phrase is not a level-3 name); the phrase is a NARROW synonym of the class of its head 'black'.	ISCCNBS:L1_013
glossy red	en	FLOPO:0988013	red (ISCC-NBS level 2)	2	NARROW	botanical_colour_name	modified	EVID:NIST_SP440		degree_modifier|level_homonym	6	corpus	Modifier 'glossy' is not an ISCC-NBS modifier for this head (or the phrase is not a level-3 name); the phrase is a NARROW synonym of the class of its head 'red'.	ISCCNBS:L2_002
gray buff	en	PATO:0104054	orange yellow	2	NARROW	botanical_colour_name	compound_head			compound_head_rule|components_cross_level1	6	corpus	Two-colour compound not named by ISCC-NBS; English head-final reading makes it a NARROW synonym of the head 'buff' class 'orange yellow' (tending towards 'gray').	ISCCNBS:L2_008
gray ferruginous	en	FLOPO:0988002	orange	1	RELATED	botanical_colour_name	compound_head			compound_head_rule|components_cross_level1	6	corpus	Two-colour compound not named by ISCC-NBS; English head-final reading makes it a RELATED synonym of the head 'ferruginous' class 'orange' (tending towards 'gray').	ISCCNBS:L1_003
greenish orange	en	FLOPO:0988002	orange	1	NARROW	botanical_colour_name	compound_head			compound_head_rule|components_cross_level1	6	corpus	Two-colour compound not named by ISCC-NBS; English head-final reading makes it a NARROW synonym of the head 'orange' class 'orange' (tending towards 'greenish').	ISCCNBS:L1_003
khaki	en	FLOPO:0988018	yellowish brown	2	NARROW	botanical_colour_name	vernacular	EVID:NIST_SP440	76 77	no_botanical_source_tier_general|multi_block	6	corpus	Documented senses fall in ISCC-NBS block(s) 76 77; lowest covering backbone class is level 2 'yellowish brown'. PDF p.157 Sense tier used: general (1 sense(s)); all sources give blocks 76 77 94.	ISCCNBS:L2_009
leaden gray	en	FLOPO:0988010	gray	1	NARROW	botanical_colour_name	compound_head			compound_head_rule|components_cross_level1	6	corpus	Two-colour compound not named by ISCC-NBS; English head-final reading makes it a NARROW synonym of the head 'gray' class 'gray' (tending towards 'leaden').	ISCCNBS:L1_012
light chestnut	en	PATO:0001287	reddish brown	2	NARROW	botanical_colour_name	modified	DOI:10.1364/JOSA.39.000592|EVID:NIST_SP440|EVID:RIDGWAY_1912		degree_modifier|multi_block	6	corpus	Modifier 'light' is not an ISCC-NBS modifier for this head (or the phrase is not a level-3 name); the phrase is a NARROW synonym of the class of its head 'chestnut'.	ISCCNBS:L2_005
maroon brown	en	FLOPO:0988001	red	1	RELATED	botanical_colour_name	vernacular	EVID:NIST_SP440	17 44	crosses_level1	6	corpus	Lexical equivalent of 'maroon'. Documented senses span ISCC-NBS block(s) 17 44 across level-1 categories brown, red; no backbone class below color covers all senses, so the word is a RELATED synonym of the majority/fallback level-1 class. line number approximate (entry not cleanly matched in layout OCR); PDF p.161 Sense tier used: botanical (2 sense(s)); all sources give blocks 14 16 17 20 41 44 46 259.	ISCCNBS:L1_002
medium green	en	FLOPO:0988023	green (ISCC-NBS level 2)	2	NARROW	botanical_colour_name	modified	EVID:NIST_SP440		degree_modifier|level_homonym	6	corpus	Modifier 'medium' is not an ISCC-NBS modifier for this head (or the phrase is not a level-3 name); the phrase is a NARROW synonym of the class of its head 'green'.	ISCCNBS:L2_017
pale fulvous	en	FLOPO:0988002	orange	1	RELATED	botanical_colour_name	modified	EVID:NIST_SP440		crosses_level1|degree_modifier	6	corpus	Modifier 'pale' is not an ISCC-NBS modifier for this head (or the phrase is not a level-3 name); the phrase is a RELATED synonym of the class of its head 'fulvous'.	ISCCNBS:L1_003
pale glaucous green	en	FLOPO:0988006	green	1	NARROW	botanical_colour_name	modified			compound_head_rule|degree_modifier	6	corpus	Modifier 'pale' is not an ISCC-NBS modifier for this head (or the phrase is not a level-3 name); the phrase is a NARROW synonym of the class of its head 'glaucous green'.	ISCCNBS:L1_008
pale grayish green	en	PATO:0104007	grayish green	3	NARROW	botanical_colour_name	modified	EVID:NIST_SP440		degree_modifier	6	corpus	Modifier 'pale' is not an ISCC-NBS modifier for this head (or the phrase is not a level-3 name); the phrase is a NARROW synonym of the class of its head 'grayish green'.	ISCCNBS:L3_150
pinkish orange	en	FLOPO:0988002	orange	1	NARROW	botanical_colour_name	compound_head			compound_head_rule|components_cross_level1	6	corpus	Two-colour compound not named by ISCC-NBS; English head-final reading makes it a NARROW synonym of the head 'orange' class 'orange' (tending towards 'pinkish').	ISCCNBS:L1_003
plum	en	FLOPO:0988028	purple (ISCC-NBS level 2)	2	NARROW	botanical_colour_name	vernacular	EVID:NIST_SP440	224	no_botanical_source_tier_general|single_source_lifted_to_level2	6	corpus	Documented senses fall in ISCC-NBS block(s) 224; lowest covering backbone class is level 2 'purple'. PDF p.171 Sense tier used: general (1 sense(s)); all sources give blocks 224 225 229 236 238 243 256 260. Only one source places the word in a single block, so it is attached to that block's level-2 class rather than to the block itself.	ISCCNBS:L2_023
rather glaucous	en	FLOPO:0988006	green	1	RELATED	botanical_colour_name	modified	EVID:NIST_SP440		crosses_level1|degree_modifier	6	corpus	Modifier 'rather' is not an ISCC-NBS modifier for this head (or the phrase is not a level-3 name); the phrase is a RELATED synonym of the class of its head 'glaucous'.	ISCCNBS:L1_008
rust brown	en	FLOPO:0988003	brown	1	NARROW	botanical_colour_name	compound_head			compound_head_rule|components_cross_level1	6	corpus	Two-colour compound not named by ISCC-NBS; English head-final reading makes it a NARROW synonym of the head 'brown' class 'brown' (tending towards 'rust').	ISCCNBS:L1_004
silver	en	FLOPO:0988009	white	1	RELATED	botanical_colour_name	vernacular	EVID:SACCARDO_CHROMOTAXIA	263		6	botanical_terminology|corpus	Documented senses fall in ISCC-NBS block(s) 263; lowest covering backbone class is level 1 'white'. Lustre is not a colour; hue component is white. Sense tier used: botanical (1 sense(s)); all sources give blocks 263.	ISCCNBS:L1_011
silvery green	en	FLOPO:0988006	green	1	NARROW	botanical_colour_name	compound_head			compound_head_rule|components_cross_level1	6	corpus	Two-colour compound not named by ISCC-NBS; English head-final reading makes it a NARROW synonym of the head 'green' class 'green' (tending towards 'silvery').	ISCCNBS:L1_008
slightly pink	en	FLOPO:0988012	pink (ISCC-NBS level 2)	2	NARROW	botanical_colour_name	modified	EVID:NIST_SP440		degree_modifier|level_homonym	6	corpus	Modifier 'slightly' is not an ISCC-NBS modifier for this head (or the phrase is not a level-3 name); the phrase is a NARROW synonym of the class of its head 'pink'.	ISCCNBS:L2_001
very pale brown	en	FLOPO:0988017	brown (ISCC-NBS level 2)	2	NARROW	botanical_colour_name	modified	EVID:NIST_SP440		degree_modifier|level_homonym	6	corpus	Modifier 'very pale' is not an ISCC-NBS modifier for this head (or the phrase is not a level-3 name); the phrase is a NARROW synonym of the class of its head 'brown'.	ISCCNBS:L2_007
bleu pourpre	fr	FLOPO:0988026	purplish blue	2	EXACT	botanical_colour_name	translation	EVID:NIST_SP440		translation|compound_reordered	6	corpus	French 'bleu pourpre' read as English 'purplish blue'. Literal ISCC-NBS name 'purplish blue' (level 2).	ISCCNBS:L2_021
bronzé	fr	FLOPO:0988018	yellowish brown	2	RELATED	botanical_colour_name	vernacular	EVID:NIST_SP440	77	no_botanical_source_tier_general|single_source_lifted_to_level2|translation	6	corpus	French 'bronzé' read as English 'bronze'. Documented senses fall in ISCC-NBS block(s) 77; lowest covering backbone class is level 2 'yellowish brown'. M synonyms: Beeswax, Linoleum Brown, Wax Brown; PDF p.131 Sense tier used: general (1 sense(s)); all sources give blocks 77 95. Only one source places the word in a single block, so it is attached to that block's level-2 class rather than to the block itself.	ISCCNBS:L2_009
brun cannelle	fr	FLOPO:0988003	brown	1	NARROW	botanical_colour_name	compound_head			compound_head_rule|translation	6	corpus	French 'brun cannelle' read as English 'cinnamon brown'. Two-colour compound not named by ISCC-NBS; English head-final reading makes it a NARROW synonym of the head 'brown' class 'brown' (tending towards 'cinnamon').	ISCCNBS:L1_004
carminé	fr	FLOPO:0988038	vivid red	3	NARROW	botanical_colour_name	vernacular	EVID:NIST_SP440	11	translation	6	corpus	French 'carminé' read as English 'carmine'. Documented senses fall in ISCC-NBS block(s) 11; lowest covering backbone class is level 3 'vivid red'. PDF p.135 Sense tier used: botanical (2 sense(s)); all sources give blocks 1 2 3 6 11 12 13 15 19 254 255 256 258.	ISCCNBS:L3_011
cerise	fr	FLOPO:0988013	red (ISCC-NBS level 2)	2	NARROW	botanical_colour_name	vernacular	EVID:NIST_SP440	11	single_source_lifted_to_level2|translation	6	corpus	French 'cerise' read as English 'cherry'. Documented senses fall in ISCC-NBS block(s) 11; lowest covering backbone class is level 2 'red'. PDF p.137 Sense tier used: botanical (1 sense(s)); all sources give blocks 11 12 15 34 255. Only one source places the word in a single block, so it is attached to that block's level-2 class rather than to the block itself.	ISCCNBS:L2_002
citron	fr	FLOPO:0988004	yellow	1	NARROW	botanical_colour_name	vernacular	DOI:10.1364/JOSA.39.000592|EVID:NIST_SP440|EVID:RIDGWAY_1912	82 98 99	multi_block|translation	6	corpus	French 'citron' read as English 'lemon'. Documented senses fall in ISCC-NBS block(s) 82 98 99; lowest covering backbone class is level 1 'yellow'. PDF p.158 Sense tier used: botanical (3 sense(s)); all sources give blocks 82 83 84 85 86 87 97 98 99 100.	ISCCNBS:L1_005
fauve ferrugineux	fr	FLOPO:0988002	orange	1	RELATED	botanical_colour_name	compound_head			compound_head_rule|translation	6	corpus	French 'fauve ferrugineux' read as English 'ferruginous fulvous'. Two-colour compound not named by ISCC-NBS; English head-final reading makes it a RELATED synonym of the head 'fulvous' class 'orange' (tending towards 'ferruginous').	ISCCNBS:L1_003
gris ochracé	fr	FLOPO:0988010	gray	1	NARROW	botanical_colour_name	compound_head			components_cross_level1|compound_head_rule|translation	6	corpus	French 'gris ochracé' read as English 'ochre gray'. Two-colour compound not named by ISCC-NBS; English head-final reading makes it a NARROW synonym of the head 'gray' class 'gray' (tending towards 'ochre').	ISCCNBS:L1_012
jaune olivâtre	fr	FLOPO:0988004	yellow	1	NARROW	botanical_colour_name	compound_head			components_cross_level1|compound_head_rule|translation	6	corpus	French 'jaune olivâtre' read as English 'olivaceous yellow'. Two-colour compound not named by ISCC-NBS; English head-final reading makes it a NARROW synonym of the head 'yellow' class 'yellow' (tending towards 'olivaceous').	ISCCNBS:L1_005
marron grisâtre	fr	PATO:0001287	reddish brown	2	NARROW	botanical_colour_name	modified	DOI:10.1364/JOSA.39.000592|EVID:NIST_SP440|EVID:RIDGWAY_1912		degree_modifier|multi_block|translation	6	corpus	French 'marron grisâtre' read as English 'grayish chestnut'. Modifier 'grayish' is not an ISCC-NBS modifier for this head (or the phrase is not a level-3 name); the phrase is a NARROW synonym of the class of its head 'chestnut'.	ISCCNBS:L2_005
pourpre violet	fr	FLOPO:0988008	purple	1	NARROW	botanical_colour_name	compound_head			compound_head_rule|translation	6	corpus	French 'pourpre violet' read as English 'violetish purple'. Two-colour compound not named by ISCC-NBS; English head-final reading makes it a NARROW synonym of the head 'purple' class 'purple' (tending towards 'violetish').	ISCCNBS:L1_010
rouge cerise	fr	FLOPO:0988001	red	1	NARROW	botanical_colour_name	compound_head			compound_head_rule|translation	6	corpus	French 'rouge cerise' read as English 'cherry red'. Two-colour compound not named by ISCC-NBS; English head-final reading makes it a NARROW synonym of the head 'red' class 'red' (tending towards 'cherry').	ISCCNBS:L1_002
rouge incarnat	fr	FLOPO:0988001	red	1	NARROW	botanical_colour_name	compound_head			components_cross_level1|compound_head_rule|translation	6	corpus	French 'rouge incarnat' read as English 'flesh red'. Two-colour compound not named by ISCC-NBS; English head-final reading makes it a NARROW synonym of the head 'red' class 'red' (tending towards 'flesh').	ISCCNBS:L1_002
vert bleuté	fr	PATO:0104020	bluish green	2	EXACT	botanical_colour_name	translation	EVID:NIST_SP440		translation|compound_reordered	6	corpus	French 'vert bleuté' read as English 'bluish green'. Literal ISCC-NBS name 'bluish green' (level 2).	ISCCNBS:L2_018
vert bleuâtre	fr	PATO:0104020	bluish green	2	EXACT	botanical_colour_name	translation	EVID:NIST_SP440		translation|compound_reordered	6	corpus	French 'vert bleuâtre' read as English 'bluish green'. Literal ISCC-NBS name 'bluish green' (level 2).	ISCCNBS:L2_018
violacé noirâtre	fr	FLOPO:0988027	violet	2	RELATED	botanical_colour_name	modified	EVID:NIST_SP440		degree_modifier|translation	6	corpus	French 'violacé noirâtre' read as English 'blackish violaceous'. Modifier 'blackish' is not an ISCC-NBS modifier for this head (or the phrase is not a level-3 name); the phrase is a RELATED synonym of the class of its head 'violaceous'.	ISCCNBS:L2_022
violet noirâtre	fr	FLOPO:0988027	violet	2	NARROW	botanical_colour_name	modified	EVID:NIST_SP440		degree_modifier|translation	6	corpus	French 'violet noirâtre' read as English 'blackish violet'. Modifier 'blackish' is not an ISCC-NBS modifier for this head (or the phrase is not a level-3 name); the phrase is a NARROW synonym of the class of its head 'violet'.	ISCCNBS:L2_022
blackish violet	en	FLOPO:0988027	violet	2	NARROW	botanical_colour_name	modified	EVID:NIST_SP440		degree_modifier	5	corpus	Modifier 'blackish' is not an ISCC-NBS modifier for this head (or the phrase is not a level-3 name); the phrase is a NARROW synonym of the class of its head 'violet'.	ISCCNBS:L2_022
bright mauve	en	FLOPO:0988008	purple	1	NARROW	botanical_colour_name	modified	EVID:NIST_SP440		degree_modifier|multi_block	5	corpus	Modifier 'bright' is not an ISCC-NBS modifier for this head (or the phrase is not a level-3 name); the phrase is a NARROW synonym of the class of its head 'mauve'.	ISCCNBS:L1_010
bright yellow green	en	PATO:0001941	yellow green	1	NARROW	botanical_colour_name	modified	EVID:NIST_SP440		degree_modifier	5	corpus	Modifier 'bright' is not an ISCC-NBS modifier for this head (or the phrase is not a level-3 name); the phrase is a NARROW synonym of the class of its head 'yellow green'.	ISCCNBS:L1_007
brilliant red	en	FLOPO:0988013	red (ISCC-NBS level 2)	2	NARROW	botanical_colour_name	modified	EVID:NIST_SP440		degree_modifier|level_homonym	5	corpus	Modifier 'brilliant' is not an ISCC-NBS modifier for this head (or the phrase is not a level-3 name); the phrase is a NARROW synonym of the class of its head 'red'.	ISCCNBS:L2_002
brownish crimson	en	FLOPO:0988001	red	1	NARROW	botanical_colour_name	compound_head			compound_head_rule|components_cross_level1	5	corpus	Two-colour compound not named by ISCC-NBS; English head-final reading makes it a NARROW synonym of the head 'crimson' class 'red' (tending towards 'brownish').	ISCCNBS:L1_002
buff brown	en	FLOPO:0988003	brown	1	NARROW	botanical_colour_name	compound_head			compound_head_rule|components_cross_level1	5	corpus	Two-colour compound not named by ISCC-NBS; English head-final reading makes it a NARROW synonym of the head 'brown' class 'brown' (tending towards 'buff').	ISCCNBS:L1_004
coral red	en	FLOPO:0988001	red	1	NARROW	botanical_colour_name	compound_head			compound_head_rule|components_cross_level1	5	corpus	Two-colour compound not named by ISCC-NBS; English head-final reading makes it a NARROW synonym of the head 'red' class 'red' (tending towards 'coral').	ISCCNBS:L1_002
dark gray green	en	FLOPO:0988170	dark grayish green	3	EXACT	botanical_colour_name	iscc_variant	EVID:NIST_SP440			5	corpus	'-ish' variant of the ISCC-NBS name 'dark grayish green' (level 3).	ISCCNBS:L3_151
dark grayish	en	FLOPO:0988010	gray	1	RELATED	botanical_colour_name	modified	EVID:NIST_SP440		degree_modifier	5	corpus	Modifier 'dark' is not an ISCC-NBS modifier for this head (or the phrase is not a level-3 name); the phrase is a RELATED synonym of the class of its head 'grayish'.	ISCCNBS:L1_012
dark rust	en	FLOPO:0988002	orange	1	RELATED	botanical_colour_name	modified	EVID:NIST_SP440		crosses_level1|degree_modifier	5	corpus	Modifier 'dark' is not an ISCC-NBS modifier for this head (or the phrase is not a level-3 name); the phrase is a RELATED synonym of the class of its head 'rust'.	ISCCNBS:L1_003
dark rusty brown	en	FLOPO:0988003	brown	1	NARROW	botanical_colour_name	modified			components_cross_level1|compound_head_rule|degree_modifier	5	corpus	Modifier 'dark' is not an ISCC-NBS modifier for this head (or the phrase is not a level-3 name); the phrase is a NARROW synonym of the class of its head 'rusty brown'.	ISCCNBS:L1_004
deep rose	en	FLOPO:0988000	pink	1	RELATED	botanical_colour_name	modified	DOI:10.1364/JOSA.39.000592|EVID:NIST_SP440|EVID:RIDGWAY_1912		crosses_level1|degree_modifier	5	corpus	Modifier 'deep' is not an ISCC-NBS modifier for this head (or the phrase is not a level-3 name); the phrase is a RELATED synonym of the class of its head 'rose'.	ISCCNBS:L1_001
dull gray brown	en	FLOPO:0988086	grayish brown	3	NARROW	botanical_colour_name	modified	EVID:NIST_SP440		degree_modifier	5	corpus	Modifier 'dull' is not an ISCC-NBS modifier for this head (or the phrase is not a level-3 name); the phrase is a NARROW synonym of the class of its head 'gray brown'.	ISCCNBS:L3_061
dull mauve	en	FLOPO:0988008	purple	1	NARROW	botanical_colour_name	modified	EVID:NIST_SP440		degree_modifier|multi_block	5	corpus	Modifier 'dull' is not an ISCC-NBS modifier for this head (or the phrase is not a level-3 name); the phrase is a NARROW synonym of the class of its head 'mauve'.	ISCCNBS:L1_010
dull olivaceous brown	en	FLOPO:0988003	brown	1	NARROW	botanical_colour_name	modified			components_cross_level1|compound_head_rule|degree_modifier	5	corpus	Modifier 'dull' is not an ISCC-NBS modifier for this head (or the phrase is not a level-3 name); the phrase is a NARROW synonym of the class of its head 'olivaceous brown'.	ISCCNBS:L1_004
dull white	en	FLOPO:0988009	white	1	NARROW	botanical_colour_name	modified	EVID:NIST_SP440		degree_modifier	5	corpus	Modifier 'dull' is not an ISCC-NBS modifier for this head (or the phrase is not a level-3 name); the phrase is a NARROW synonym of the class of its head 'white'.	ISCCNBS:L1_011
faint pink	en	FLOPO:0988012	pink (ISCC-NBS level 2)	2	NARROW	botanical_colour_name	modified	EVID:NIST_SP440		degree_modifier|level_homonym	5	corpus	Modifier 'faint' is not an ISCC-NBS modifier for this head (or the phrase is not a level-3 name); the phrase is a NARROW synonym of the class of its head 'pink'.	ISCCNBS:L2_001
green brown	en	FLOPO:0988003	brown	1	NARROW	botanical_colour_name	compound_head			compound_head_rule|components_cross_level1	5	corpus	Two-colour compound not named by ISCC-NBS; English head-final reading makes it a NARROW synonym of the head 'brown' class 'brown' (tending towards 'green').	ISCCNBS:L1_004
greenish pink	en	FLOPO:0988000	pink	1	NARROW	botanical_colour_name	compound_head			compound_head_rule|components_cross_level1	5	corpus	Two-colour compound not named by ISCC-NBS; English head-final reading makes it a NARROW synonym of the head 'pink' class 'pink' (tending towards 'greenish').	ISCCNBS:L1_001
ivory	en	FLOPO:0988019	yellow (ISCC-NBS level 2)	2	NARROW	botanical_colour_name	vernacular	EVID:NIST_SP440	89	no_botanical_source_tier_general|single_source_lifted_to_level2	5	botanical_terminology|corpus	Documented senses fall in ISCC-NBS block(s) 89; lowest covering backbone class is level 2 'yellow'. PDF p.156 Sense tier used: general (1 sense(s)); all sources give blocks 86 89 90 92. Only one source places the word in a single block, so it is attached to that block's level-2 class rather than to the block itself.	ISCCNBS:L2_010
light red brown	en	FLOPO:0988068	light reddish brown	3	EXACT	botanical_colour_name	iscc_variant	EVID:NIST_SP440			5	PATO label|corpus	'-ish' variant of the ISCC-NBS name 'light reddish brown' (level 3).	ISCCNBS:L3_042
lilac blue	en	FLOPO:0988007	blue	1	NARROW	botanical_colour_name	compound_head			compound_head_rule|components_cross_level1	5	corpus	Two-colour compound not named by ISCC-NBS; English head-final reading makes it a NARROW synonym of the head 'blue' class 'blue' (tending towards 'lilac').	ISCCNBS:L1_009
liver	en	PATO:0001287	reddish brown	2	NARROW	botanical_colour_name	vernacular	EVID:NIST_SP440	46	no_botanical_source_tier_general|single_source_lifted_to_level2	5	corpus	Documented senses fall in ISCC-NBS block(s) 46; lowest covering backbone class is level 2 'reddish brown'. line number approximate (entry not cleanly matched in layout OCR); PDF p.159 Sense tier used: general (1 sense(s)); all sources give blocks 46. Only one source places the word in a single block, so it is attached to that block's level-2 class rather than to the block itself.	ISCCNBS:L2_005
mauve purple	en	FLOPO:0988008	purple	1	NARROW	botanical_colour_name	compound_head			compound_head_rule	5	corpus	Two-colour compound not named by ISCC-NBS; English head-final reading makes it a NARROW synonym of the head 'purple' class 'purple' (tending towards 'mauve').	ISCCNBS:L1_010
mid castaneous	en	PATO:0001287	reddish brown	2	NARROW	botanical_colour_name	modified	DOI:10.1364/JOSA.39.000592|EVID:NIST_SP440|EVID:RIDGWAY_1912		degree_modifier|multi_block	5	corpus	Modifier 'mid' is not an ISCC-NBS modifier for this head (or the phrase is not a level-3 name); the phrase is a NARROW synonym of the class of its head 'castaneous'.	ISCCNBS:L2_005
nearly white	en	FLOPO:0988009	white	1	NARROW	botanical_colour_name	modified	EVID:NIST_SP440		degree_modifier	5	corpus	Modifier 'nearly' is not an ISCC-NBS modifier for this head (or the phrase is not a level-3 name); the phrase is a NARROW synonym of the class of its head 'white'.	ISCCNBS:L1_011
ochre yellow	en	FLOPO:0988004	yellow	1	NARROW	botanical_colour_name	compound_head			compound_head_rule	5	corpus	Two-colour compound not named by ISCC-NBS; English head-final reading makes it a NARROW synonym of the head 'yellow' class 'yellow' (tending towards 'ochre').	ISCCNBS:L1_005
orange pink	en	FLOPO:0988000	pink	1	NARROW	botanical_colour_name	compound_head			compound_head_rule|components_cross_level1	5	corpus	Two-colour compound not named by ISCC-NBS; English head-final reading makes it a NARROW synonym of the head 'pink' class 'pink' (tending towards 'orange').	ISCCNBS:L1_001
pale chestnut brown	en	PATO:0001287	reddish brown	2	NARROW	botanical_colour_name	modified	DOI:10.1364/JOSA.39.000592|EVID:NIST_SP440|EVID:RIDGWAY_1912		degree_modifier|multi_block	5	corpus	Modifier 'pale' is not an ISCC-NBS modifier for this head (or the phrase is not a level-3 name); the phrase is a NARROW synonym of the class of its head 'chestnut brown'.	ISCCNBS:L2_005
pale creamy yellow	en	FLOPO:0988004	yellow	1	NARROW	botanical_colour_name	modified			compound_head_rule|degree_modifier	5	corpus	Modifier 'pale' is not an ISCC-NBS modifier for this head (or the phrase is not a level-3 name); the phrase is a NARROW synonym of the class of its head 'creamy yellow'.	ISCCNBS:L1_005
plum purple	en	FLOPO:0988008	purple	1	NARROW	botanical_colour_name	compound_head			compound_head_rule	5	corpus	Two-colour compound not named by ISCC-NBS; English head-final reading makes it a NARROW synonym of the head 'purple' class 'purple' (tending towards 'plum').	ISCCNBS:L1_010
purple mauve	en	FLOPO:0988008	purple	1	NARROW	botanical_colour_name	compound_head			compound_head_rule	5	corpus	Two-colour compound not named by ISCC-NBS; English head-final reading makes it a NARROW synonym of the head 'mauve' class 'purple' (tending towards 'purple').	ISCCNBS:L1_010
purple pink	en	FLOPO:0988029	purplish pink	2	EXACT	botanical_colour_name	iscc_variant	EVID:NIST_SP440			5	corpus	'-ish' variant of the ISCC-NBS name 'purplish pink' (level 2).	ISCCNBS:L2_025
rich purple	en	FLOPO:0988028	purple (ISCC-NBS level 2)	2	NARROW	botanical_colour_name	modified	EVID:NIST_SP440		degree_modifier|level_homonym	5	corpus	Modifier 'rich' is not an ISCC-NBS modifier for this head (or the phrase is not a level-3 name); the phrase is a NARROW synonym of the class of its head 'purple'.	ISCCNBS:L2_023
shining green	en	FLOPO:0988023	green (ISCC-NBS level 2)	2	NARROW	botanical_colour_name	modified	EVID:NIST_SP440		degree_modifier|level_homonym	5	corpus	Modifier 'shining' is not an ISCC-NBS modifier for this head (or the phrase is not a level-3 name); the phrase is a NARROW synonym of the class of its head 'green'.	ISCCNBS:L2_017
shining white	en	FLOPO:0988009	white	1	NARROW	botanical_colour_name	modified	EVID:NIST_SP440		degree_modifier	5	corpus	Modifier 'shining' is not an ISCC-NBS modifier for this head (or the phrase is not a level-3 name); the phrase is a NARROW synonym of the class of its head 'white'.	ISCCNBS:L1_011
shiny green	en	FLOPO:0988023	green (ISCC-NBS level 2)	2	NARROW	botanical_colour_name	modified	EVID:NIST_SP440		degree_modifier|level_homonym	5	corpus	Modifier 'shiny' is not an ISCC-NBS modifier for this head (or the phrase is not a level-3 name); the phrase is a NARROW synonym of the class of its head 'green'.	ISCCNBS:L2_017
somewhat fulvous	en	FLOPO:0988002	orange	1	RELATED	botanical_colour_name	modified	EVID:NIST_SP440		crosses_level1|degree_modifier	5	corpus	Modifier 'somewhat' is not an ISCC-NBS modifier for this head (or the phrase is not a level-3 name); the phrase is a RELATED synonym of the class of its head 'fulvous'.	ISCCNBS:L1_003
whitish brown	en	FLOPO:0988017	brown (ISCC-NBS level 2)	2	NARROW	botanical_colour_name	modified	EVID:NIST_SP440		degree_modifier|level_homonym	5	corpus	Modifier 'whitish' is not an ISCC-NBS modifier for this head (or the phrase is not a level-3 name); the phrase is a NARROW synonym of the class of its head 'brown'.	ISCCNBS:L2_007
blanc rosâtre	fr	PATO:0104059	pinkish white	3	EXACT	botanical_colour_name	translation	EVID:NIST_SP440		translation|compound_reordered	5	corpus	French 'blanc rosâtre' read as English 'pinkish white'. Literal ISCC-NBS name 'pinkish white' (level 3).	ISCCNBS:L3_009
blanc violacé	fr	FLOPO:0988009	white	1	NARROW	botanical_colour_name	compound_head			components_cross_level1|compound_head_rule|translation	5	corpus	French 'blanc violacé' read as English 'violaceous white'. Two-colour compound not named by ISCC-NBS; English head-final reading makes it a NARROW synonym of the head 'white' class 'white' (tending towards 'violaceous').	ISCCNBS:L1_011
brun ochracé	fr	FLOPO:0988003	brown	1	NARROW	botanical_colour_name	compound_head			components_cross_level1|compound_head_rule|translation	5	corpus	French 'brun ochracé' read as English 'ochre brown'. Two-colour compound not named by ISCC-NBS; English head-final reading makes it a NARROW synonym of the head 'brown' class 'brown' (tending towards 'ochre').	ISCCNBS:L1_004
brun purpurin	fr	FLOPO:0988003	brown	1	NARROW	botanical_colour_name	compound_head			components_cross_level1|compound_head_rule|translation	5	corpus	French 'brun purpurin' read as English 'purplish brown'. Two-colour compound not named by ISCC-NBS; English head-final reading makes it a NARROW synonym of the head 'brown' class 'brown' (tending towards 'purplish').	ISCCNBS:L1_004
brun rose	fr	FLOPO:0988003	brown	1	NARROW	botanical_colour_name	compound_head			components_cross_level1|compound_head_rule|translation	5	corpus	French 'brun rose' read as English 'pinkish brown'. Two-colour compound not named by ISCC-NBS; English head-final reading makes it a NARROW synonym of the head 'brown' class 'brown' (tending towards 'pinkish').	ISCCNBS:L1_004
brunâtre blanc	fr	FLOPO:0988003	brown	1	RELATED	botanical_colour_name	modified	EVID:NIST_SP440		degree_modifier|translation	5	corpus	French 'brunâtre blanc' read as English 'whitish brownish'. Modifier 'whitish' is not an ISCC-NBS modifier for this head (or the phrase is not a level-3 name); the phrase is a RELATED synonym of the class of its head 'brownish'.	ISCCNBS:L1_004
carmin	fr	FLOPO:0988038	vivid red	3	NARROW	botanical_colour_name	vernacular	EVID:NIST_SP440	11	translation	5	corpus	French 'carmin' read as English 'carmine'. Documented senses fall in ISCC-NBS block(s) 11; lowest covering backbone class is level 3 'vivid red'. PDF p.135 Sense tier used: botanical (2 sense(s)); all sources give blocks 1 2 3 6 11 12 13 15 19 254 255 256 258.	ISCCNBS:L3_011
cramoisi	fr	FLOPO:0988001	red	1	NARROW	botanical_colour_name	vernacular	EVID:NIST_SP440	11 254	multi_block|translation	5	corpus	French 'cramoisi' read as English 'crimson'. Documented senses fall in ISCC-NBS block(s) 11 254; lowest covering backbone class is level 1 'red'. PDF p.140 Sense tier used: botanical (2 sense(s)); all sources give blocks 11 12 254 256.	ISCCNBS:L1_002
cuivré	fr	FLOPO:0988015	reddish orange	2	RELATED	botanical_colour_name	vernacular	EVID:NIST_SP440	39	no_botanical_source_tier_general|single_source_lifted_to_level2|translation	5	corpus	French 'cuivré' read as English 'copper'. Documented senses fall in ISCC-NBS block(s) 39; lowest covering backbone class is level 2 'reddish orange'. M synonyms: Carnelian, Copper Red, Cornelian Red, Wax Red; PDF p.139 Sense tier used: general (1 sense(s)); all sources give blocks 37 39 53 54. Only one source places the word in a single block, so it is attached to that block's level-2 class rather than to the block itself.	ISCCNBS:L2_004
gris bleu	fr	PATO:0104305	bluish gray	3	EXACT	botanical_colour_name	translation	EVID:NIST_SP440		translation|compound_reordered	5	corpus	French 'gris bleu' read as English 'bluish gray'. Literal ISCC-NBS name 'bluish gray' (level 3).	ISCCNBS:L3_191
jaune olive	fr	FLOPO:0988004	yellow	1	NARROW	botanical_colour_name	compound_head			components_cross_level1|compound_head_rule|translation	5	corpus	French 'jaune olive' read as English 'olive yellow'. Two-colour compound not named by ISCC-NBS; English head-final reading makes it a NARROW synonym of the head 'yellow' class 'yellow' (tending towards 'olive').	ISCCNBS:L1_005
jaunâtre verdâtre	fr	FLOPO:0988004	yellow	1	RELATED	botanical_colour_name	compound_head			components_cross_level1|compound_head_rule|translation	5	corpus	French 'jaunâtre verdâtre' read as English 'greenish yellowish'. Two-colour compound not named by ISCC-NBS; English head-final reading makes it a RELATED synonym of the head 'yellowish' class 'yellow' (tending towards 'greenish').	ISCCNBS:L1_005
marron rouge	fr	PATO:0001287	reddish brown	2	NARROW	botanical_colour_name	compound_head			components_cross_level1|compound_head_rule|translation	5	corpus	French 'marron rouge' read as English 'reddish chestnut'. Two-colour compound not named by ISCC-NBS; English head-final reading makes it a NARROW synonym of the head 'chestnut' class 'reddish brown' (tending towards 'reddish').	ISCCNBS:L2_005
noir grisâtre	fr	FLOPO:0988011	black	1	NARROW	botanical_colour_name	modified	EVID:NIST_SP440		degree_modifier|translation	5	corpus	French 'noir grisâtre' read as English 'grayish black'. Modifier 'grayish' is not an ISCC-NBS modifier for this head (or the phrase is not a level-3 name); the phrase is a NARROW synonym of the class of its head 'black'.	ISCCNBS:L1_013
noir rougeâtre	fr	FLOPO:0988050	reddish black	3	EXACT	botanical_colour_name	translation	EVID:NIST_SP440		translation|compound_reordered	5	corpus	French 'noir rougeâtre' read as English 'reddish black'. Literal ISCC-NBS name 'reddish black' (level 3).	ISCCNBS:L3_024
orange brun	fr	FLOPO:0988079	brownish orange	3	EXACT	botanical_colour_name	translation	EVID:NIST_SP440		translation|compound_reordered	5	corpus	French 'orange brun' read as English 'brownish orange'. Literal ISCC-NBS name 'brownish orange' (level 3).	ISCCNBS:L3_054
orange jaune	fr	FLOPO:0988002	orange	1	NARROW	botanical_colour_name	compound_head			components_cross_level1|compound_head_rule|translation	5	corpus	French 'orange jaune' read as English 'yellowish orange'. Two-colour compound not named by ISCC-NBS; English head-final reading makes it a NARROW synonym of the head 'orange' class 'orange' (tending towards 'yellowish').	ISCCNBS:L1_003
orangé jaunâtre	fr	FLOPO:0988002	orange	1	NARROW	botanical_colour_name	compound_head			components_cross_level1|compound_head_rule|translation	5	corpus	French 'orangé jaunâtre' read as English 'yellowish orange'. Two-colour compound not named by ISCC-NBS; English head-final reading makes it a NARROW synonym of the head 'orange' class 'orange' (tending towards 'yellowish').	ISCCNBS:L1_003
orangé rosé	fr	FLOPO:0988002	orange	1	NARROW	botanical_colour_name	compound_head			components_cross_level1|compound_head_rule|translation	5	corpus	French 'orangé rosé' read as English 'pinkish orange'. Two-colour compound not named by ISCC-NBS; English head-final reading makes it a NARROW synonym of the head 'orange' class 'orange' (tending towards 'pinkish').	ISCCNBS:L1_003
pourpre noir	fr	FLOPO:0988243	blackish purple	3	EXACT	botanical_colour_name	translation	EVID:NIST_SP440		translation|compound_reordered	5	corpus	French 'pourpre noir' read as English 'blackish purple'. Literal ISCC-NBS name 'blackish purple' (level 3).	ISCCNBS:L3_230
pourpre rouge	fr	PATO:0104079	reddish purple	2	EXACT	botanical_colour_name	translation	EVID:NIST_SP440		translation|compound_reordered	5	corpus	French 'pourpre rouge' read as English 'reddish purple'. Literal ISCC-NBS name 'reddish purple' (level 2).	ISCCNBS:L2_024
rose rougeâtre	fr	FLOPO:0988000	pink	1	NARROW	botanical_colour_name	compound_head			components_cross_level1|compound_head_rule|translation	5	corpus	French 'rose rougeâtre' read as English 'reddish pink'. Two-colour compound not named by ISCC-NBS; English head-final reading makes it a NARROW synonym of the head 'pink' class 'pink' (tending towards 'reddish').	ISCCNBS:L1_001
rouge rosé	fr	FLOPO:0988001	red	1	NARROW	botanical_colour_name	compound_head			components_cross_level1|compound_head_rule|translation	5	corpus	French 'rouge rosé' read as English 'pinkish red'. Two-colour compound not named by ISCC-NBS; English head-final reading makes it a NARROW synonym of the head 'red' class 'red' (tending towards 'pinkish').	ISCCNBS:L1_002
roux orangé	fr	FLOPO:0988015	reddish orange	2	NARROW	botanical_colour_name	compound_head			compound_head_rule|translation	5	corpus	French 'roux orangé' read as English 'orange rufous'. Two-colour compound not named by ISCC-NBS; English head-final reading makes it a NARROW synonym of the head 'rufous' class 'reddish orange' (tending towards 'orange').	ISCCNBS:L2_004
sépia	fr	FLOPO:0988003	brown	1	RELATED	botanical_colour_name	vernacular	EVID:NIST_SP440	81 95	crosses_level1|translation	5	corpus	French 'sépia' read as English 'sepia'. Documented senses span ISCC-NBS block(s) 81 95 across level-1 categories brown, olive; no backbone class below color covers all senses, so the word is a RELATED synonym of the majority/fallback level-1 class. PDF p.181 Sense tier used: botanical (1 sense(s)); all sources give blocks 63 81 95 96.	ISCCNBS:L1_004
vert noir	fr	FLOPO:0988171	blackish green	3	EXACT	botanical_colour_name	translation	EVID:NIST_SP440		translation|compound_reordered	5	corpus	French 'vert noir' read as English 'blackish green'. Literal ISCC-NBS name 'blackish green' (level 3).	ISCCNBS:L3_152
vert rosé	fr	FLOPO:0988006	green	1	NARROW	botanical_colour_name	compound_head			components_cross_level1|compound_head_rule|translation	5	corpus	French 'vert rosé' read as English 'pinkish green'. Two-colour compound not named by ISCC-NBS; English head-final reading makes it a NARROW synonym of the head 'green' class 'green' (tending towards 'pinkish').	ISCCNBS:L1_008
vert violacé	fr	FLOPO:0988006	green	1	NARROW	botanical_colour_name	compound_head			components_cross_level1|compound_head_rule|translation	5	corpus	French 'vert violacé' read as English 'violaceous green'. Two-colour compound not named by ISCC-NBS; English head-final reading makes it a NARROW synonym of the head 'green' class 'green' (tending towards 'violaceous').	ISCCNBS:L1_008
violet noir	fr	FLOPO:0988027	violet	2	NARROW	botanical_colour_name	modified	EVID:NIST_SP440		degree_modifier|translation	5	corpus	French 'violet noir' read as English 'blackish violet'. Modifier 'blackish' is not an ISCC-NBS modifier for this head (or the phrase is not a level-3 name); the phrase is a NARROW synonym of the class of its head 'violet'.	ISCCNBS:L2_022
amber	en	FLOPO:0988019	yellow (ISCC-NBS level 2)	2	NARROW	botanical_colour_name	vernacular	EVID:NIST_SP440	86 87	no_botanical_source_tier_general|multi_block	4	corpus	Documented senses fall in ISCC-NBS block(s) 86 87; lowest covering backbone class is level 2 'yellow'. PDF p.121 Sense tier used: general (1 sense(s)); all sources give blocks 69 71 72 86 87.	ISCCNBS:L2_010
apricot yellow	en	FLOPO:0988004	yellow	1	NARROW	botanical_colour_name	compound_head			compound_head_rule	4	FLOPO value label|corpus	Two-colour compound not named by ISCC-NBS; English head-final reading makes it a NARROW synonym of the head 'yellow' class 'yellow' (tending towards 'apricot').	ISCCNBS:L1_005
ashen	en	FLOPO:0988025	blue (ISCC-NBS level 2)	2	NARROW	botanical_colour_name	vernacular	EVID:NIST_SP440	190 191	multi_block	4	corpus	Lexical equivalent of 'cinereous'. Documented senses fall in ISCC-NBS block(s) 190 191; lowest covering backbone class is level 2 'blue'. PDF p.137 Sense tier used: botanical (1 sense(s)); all sources give blocks 190 191 264.	ISCCNBS:L2_020
blackish olive	en	FLOPO:0988021	olive (ISCC-NBS level 2)	2	NARROW	botanical_colour_name	modified	EVID:NIST_SP440		degree_modifier|level_homonym	4	corpus	Modifier 'blackish' is not an ISCC-NBS modifier for this head (or the phrase is not a level-3 name); the phrase is a NARROW synonym of the class of its head 'olive'.	ISCCNBS:L2_013
blue mauve	en	FLOPO:0988008	purple	1	NARROW	botanical_colour_name	compound_head			compound_head_rule|components_cross_level1	4	corpus	Two-colour compound not named by ISCC-NBS; English head-final reading makes it a NARROW synonym of the head 'mauve' class 'purple' (tending towards 'blue').	ISCCNBS:L1_010
bluish mauve	en	FLOPO:0988008	purple	1	NARROW	botanical_colour_name	compound_head			compound_head_rule|components_cross_level1	4	corpus	Two-colour compound not named by ISCC-NBS; English head-final reading makes it a NARROW synonym of the head 'mauve' class 'purple' (tending towards 'bluish').	ISCCNBS:L1_010
bright crimson	en	FLOPO:0988001	red	1	NARROW	botanical_colour_name	modified	EVID:NIST_SP440		degree_modifier|multi_block	4	corpus	Modifier 'bright' is not an ISCC-NBS modifier for this head (or the phrase is not a level-3 name); the phrase is a NARROW synonym of the class of its head 'crimson'.	ISCCNBS:L1_002
bright golden yellow	en	FLOPO:0988004	yellow	1	RELATED	botanical_colour_name	modified	DOI:10.1364/JOSA.39.000592|EVID:RIDGWAY_1912		crosses_level1|degree_modifier	4	corpus	Modifier 'bright' is not an ISCC-NBS modifier for this head (or the phrase is not a level-3 name); the phrase is a RELATED synonym of the class of its head 'golden yellow'.	ISCCNBS:L1_005
bright red brown	en	PATO:0001287	reddish brown	2	NARROW	botanical_colour_name	modified	EVID:NIST_SP440		degree_modifier	4	corpus	Modifier 'bright' is not an ISCC-NBS modifier for this head (or the phrase is not a level-3 name); the phrase is a NARROW synonym of the class of its head 'red brown'.	ISCCNBS:L2_005
bright reddish brown	en	PATO:0001287	reddish brown	2	NARROW	botanical_colour_name	modified	EVID:NIST_SP440		degree_modifier	4	corpus	Modifier 'bright' is not an ISCC-NBS modifier for this head (or the phrase is not a level-3 name); the phrase is a NARROW synonym of the class of its head 'reddish brown'.	ISCCNBS:L2_005
brown yellow	en	FLOPO:0988004	yellow	1	NARROW	botanical_colour_name	compound_head			compound_head_rule|components_cross_level1	4	corpus	Two-colour compound not named by ISCC-NBS; English head-final reading makes it a NARROW synonym of the head 'yellow' class 'yellow' (tending towards 'brown').	ISCCNBS:L1_005
cherry red	en	FLOPO:0988001	red	1	NARROW	botanical_colour_name	compound_head			compound_head_rule	4	corpus	Two-colour compound not named by ISCC-NBS; English head-final reading makes it a NARROW synonym of the head 'red' class 'red' (tending towards 'cherry').	ISCCNBS:L1_002
dark brownish green	en	FLOPO:0988006	green	1	NARROW	botanical_colour_name	modified			components_cross_level1|compound_head_rule|degree_modifier	4	corpus	Modifier 'dark' is not an ISCC-NBS modifier for this head (or the phrase is not a level-3 name); the phrase is a NARROW synonym of the class of its head 'brownish green'.	ISCCNBS:L1_008
dark shiny green	en	FLOPO:0988023	green (ISCC-NBS level 2)	2	NARROW	botanical_colour_name	modified	EVID:NIST_SP440		degree_modifier|level_homonym	4	corpus	Modifier 'dark' is not an ISCC-NBS modifier for this head (or the phrase is not a level-3 name); the phrase is a NARROW synonym of the class of its head 'shiny green'.	ISCCNBS:L2_017
deep glossy green	en	FLOPO:0988023	green (ISCC-NBS level 2)	2	NARROW	botanical_colour_name	modified	EVID:NIST_SP440		degree_modifier|level_homonym	4	corpus	Modifier 'deep' is not an ISCC-NBS modifier for this head (or the phrase is not a level-3 name); the phrase is a NARROW synonym of the class of its head 'glossy green'.	ISCCNBS:L2_017
deep maroon	en	FLOPO:0988001	red	1	RELATED	botanical_colour_name	modified	EVID:NIST_SP440		crosses_level1|degree_modifier	4	corpus	Modifier 'deep' is not an ISCC-NBS modifier for this head (or the phrase is not a level-3 name); the phrase is a RELATED synonym of the class of its head 'maroon'.	ISCCNBS:L1_002
deep purplish brown	en	FLOPO:0988003	brown	1	NARROW	botanical_colour_name	modified			components_cross_level1|compound_head_rule|degree_modifier	4	corpus	Modifier 'deep' is not an ISCC-NBS modifier for this head (or the phrase is not a level-3 name); the phrase is a NARROW synonym of the class of its head 'purplish brown'.	ISCCNBS:L1_004
dull buff	en	PATO:0104054	orange yellow	2	NARROW	botanical_colour_name	modified	EVID:NIST_SP440		degree_modifier|no_botanical_source_tier_general|single_source_lifted_to_level2	4	corpus	Modifier 'dull' is not an ISCC-NBS modifier for this head (or the phrase is not a level-3 name); the phrase is a NARROW synonym of the class of its head 'buff'.	ISCCNBS:L2_008
dull dark green	en	PATO:0001249	dark green	3	NARROW	botanical_colour_name	modified	EVID:NIST_SP440		degree_modifier	4	corpus	Modifier 'dull' is not an ISCC-NBS modifier for this head (or the phrase is not a level-3 name); the phrase is a NARROW synonym of the class of its head 'dark green'.	ISCCNBS:L3_146
dull gray green	en	PATO:0104007	grayish green	3	NARROW	botanical_colour_name	modified	EVID:NIST_SP440		degree_modifier	4	corpus	Modifier 'dull' is not an ISCC-NBS modifier for this head (or the phrase is not a level-3 name); the phrase is a NARROW synonym of the class of its head 'gray green'.	ISCCNBS:L3_150
dull maroon	en	FLOPO:0988001	red	1	RELATED	botanical_colour_name	modified	EVID:NIST_SP440		crosses_level1|degree_modifier	4	corpus	Modifier 'dull' is not an ISCC-NBS modifier for this head (or the phrase is not a level-3 name); the phrase is a RELATED synonym of the class of its head 'maroon'.	ISCCNBS:L1_002
dull pale green	en	FLOPO:0988169	pale green	3	NARROW	botanical_colour_name	modified	EVID:NIST_SP440		degree_modifier	4	corpus	Modifier 'dull' is not an ISCC-NBS modifier for this head (or the phrase is not a level-3 name); the phrase is a NARROW synonym of the class of its head 'pale green'.	ISCCNBS:L3_149
dull purple brown	en	FLOPO:0988003	brown	1	NARROW	botanical_colour_name	modified			components_cross_level1|compound_head_rule|degree_modifier	4	corpus	Modifier 'dull' is not an ISCC-NBS modifier for this head (or the phrase is not a level-3 name); the phrase is a NARROW synonym of the class of its head 'purple brown'.	ISCCNBS:L1_004
dull reddish brown	en	PATO:0001287	reddish brown	2	NARROW	botanical_colour_name	modified	EVID:NIST_SP440		degree_modifier	4	corpus	Modifier 'dull' is not an ISCC-NBS modifier for this head (or the phrase is not a level-3 name); the phrase is a NARROW synonym of the class of its head 'reddish brown'.	ISCCNBS:L2_005
dull rusty	en	FLOPO:0988002	orange	1	RELATED	botanical_colour_name	modified	EVID:NIST_SP440		crosses_level1|degree_modifier	4	corpus	Modifier 'dull' is not an ISCC-NBS modifier for this head (or the phrase is not a level-3 name); the phrase is a RELATED synonym of the class of its head 'rusty'.	ISCCNBS:L1_003
gray blue	en	FLOPO:0988202	grayish blue	3	EXACT	botanical_colour_name	iscc_variant	EVID:NIST_SP440			4	corpus	'-ish' variant of the ISCC-NBS name 'grayish blue' (level 3).	ISCCNBS:L3_186
gray red	en	FLOPO:0988045	grayish red	3	EXACT	botanical_colour_name	iscc_variant	EVID:NIST_SP440			4	corpus	'-ish' variant of the ISCC-NBS name 'grayish red' (level 3).	ISCCNBS:L3_019
grayish brownish	en	FLOPO:0988003	brown	1	RELATED	botanical_colour_name	modified	EVID:NIST_SP440		degree_modifier	4	corpus	Modifier 'grayish' is not an ISCC-NBS modifier for this head (or the phrase is not a level-3 name); the phrase is a RELATED synonym of the class of its head 'brownish'.	ISCCNBS:L1_004
greenish creamy	en	FLOPO:0988019	yellow (ISCC-NBS level 2)	2	NARROW	botanical_colour_name	compound_head			compound_head_rule|components_cross_level1	4	corpus	Two-colour compound not named by ISCC-NBS; English head-final reading makes it a NARROW synonym of the head 'creamy' class 'yellow' (tending towards 'greenish').	ISCCNBS:L2_010
light brownish	en	FLOPO:0988003	brown	1	RELATED	botanical_colour_name	modified	EVID:NIST_SP440		degree_modifier	4	corpus	Modifier 'light' is not an ISCC-NBS modifier for this head (or the phrase is not a level-3 name); the phrase is a RELATED synonym of the class of its head 'brownish'.	ISCCNBS:L1_004
light gray brown	en	FLOPO:0988085	light grayish brown	3	EXACT	botanical_colour_name	iscc_variant	EVID:NIST_SP440			4	corpus	'-ish' variant of the ISCC-NBS name 'light grayish brown' (level 3).	ISCCNBS:L3_060
light mauve	en	FLOPO:0988008	purple	1	NARROW	botanical_colour_name	modified	EVID:NIST_SP440		degree_modifier|multi_block	4	corpus	Modifier 'light' is not an ISCC-NBS modifier for this head (or the phrase is not a level-3 name); the phrase is a NARROW synonym of the class of its head 'mauve'.	ISCCNBS:L1_010
light rusty brown	en	FLOPO:0988003	brown	1	NARROW	botanical_colour_name	modified			components_cross_level1|compound_head_rule|degree_modifier	4	corpus	Modifier 'light' is not an ISCC-NBS modifier for this head (or the phrase is not a level-3 name); the phrase is a NARROW synonym of the class of its head 'rusty brown'.	ISCCNBS:L1_004
mahogany brown	en	FLOPO:0988003	brown	1	NARROW	botanical_colour_name	compound_head			compound_head_rule	4	corpus	Two-colour compound not named by ISCC-NBS; English head-final reading makes it a NARROW synonym of the head 'brown' class 'brown' (tending towards 'mahogany').	ISCCNBS:L1_004
medium red brown	en	PATO:0001287	reddish brown	2	NARROW	botanical_colour_name	modified	EVID:NIST_SP440		degree_modifier	4	corpus	Modifier 'medium' is not an ISCC-NBS modifier for this head (or the phrase is not a level-3 name); the phrase is a NARROW synonym of the class of its head 'red brown'.	ISCCNBS:L2_005
orange ferruginous	en	FLOPO:0988002	orange	1	RELATED	botanical_colour_name	compound_head			compound_head_rule	4	corpus	Two-colour compound not named by ISCC-NBS; English head-final reading makes it a RELATED synonym of the head 'ferruginous' class 'orange' (tending towards 'orange').	ISCCNBS:L1_003
orange green	en	FLOPO:0988006	green	1	NARROW	botanical_colour_name	compound_head			compound_head_rule|components_cross_level1	4	corpus	Two-colour compound not named by ISCC-NBS; English head-final reading makes it a NARROW synonym of the head 'green' class 'green' (tending towards 'orange').	ISCCNBS:L1_008
pale golden brown	en	FLOPO:0988003	brown	1	NARROW	botanical_colour_name	modified			components_cross_level1|compound_head_rule|degree_modifier	4	corpus	Modifier 'pale' is not an ISCC-NBS modifier for this head (or the phrase is not a level-3 name); the phrase is a NARROW synonym of the class of its head 'golden brown'.	ISCCNBS:L1_004
pale olive green	en	FLOPO:0988022	olive green	2	NARROW	botanical_colour_name	modified	EVID:NIST_SP440		degree_modifier	4	corpus	Modifier 'pale' is not an ISCC-NBS modifier for this head (or the phrase is not a level-3 name); the phrase is a NARROW synonym of the class of its head 'olive green'.	ISCCNBS:L2_015
purple blue	en	FLOPO:0988026	purplish blue	2	EXACT	botanical_colour_name	iscc_variant	EVID:NIST_SP440			4	corpus	'-ish' variant of the ISCC-NBS name 'purplish blue' (level 2).	ISCCNBS:L2_021
purple green	en	FLOPO:0988006	green	1	NARROW	botanical_colour_name	compound_head			compound_head_rule|components_cross_level1	4	corpus	Two-colour compound not named by ISCC-NBS; English head-final reading makes it a NARROW synonym of the head 'green' class 'green' (tending towards 'purple').	ISCCNBS:L1_008
purplish mauve	en	FLOPO:0988008	purple	1	NARROW	botanical_colour_name	compound_head			compound_head_rule	4	corpus	Two-colour compound not named by ISCC-NBS; English head-final reading makes it a NARROW synonym of the head 'mauve' class 'purple' (tending towards 'purplish').	ISCCNBS:L1_010
purplish violet	en	FLOPO:0988027	violet	2	NARROW	botanical_colour_name	compound_head			compound_head_rule	4	corpus	Two-colour compound not named by ISCC-NBS; English head-final reading makes it a NARROW synonym of the head 'violet' class 'violet' (tending towards 'purplish').	ISCCNBS:L2_022
red violet	en	FLOPO:0988027	violet	2	NARROW	botanical_colour_name	compound_head			compound_head_rule|components_cross_level1	4	corpus	Two-colour compound not named by ISCC-NBS; English head-final reading makes it a NARROW synonym of the head 'violet' class 'violet' (tending towards 'red').	ISCCNBS:L2_022
rich yellow	en	FLOPO:0988019	yellow (ISCC-NBS level 2)	2	NARROW	botanical_colour_name	modified	EVID:NIST_SP440		degree_modifier|level_homonym	4	corpus	Modifier 'rich' is not an ISCC-NBS modifier for this head (or the phrase is not a level-3 name); the phrase is a NARROW synonym of the class of its head 'yellow'.	ISCCNBS:L2_010
shiny dark brown	en	FLOPO:0988084	dark brown	3	NARROW	botanical_colour_name	modified	EVID:NIST_SP440		degree_modifier	4	corpus	Modifier 'shiny' is not an ISCC-NBS modifier for this head (or the phrase is not a level-3 name); the phrase is a NARROW synonym of the class of its head 'dark brown'.	ISCCNBS:L3_059
shiny reddish brown	en	PATO:0001287	reddish brown	2	NARROW	botanical_colour_name	modified	EVID:NIST_SP440		degree_modifier	4	corpus	Modifier 'shiny' is not an ISCC-NBS modifier for this head (or the phrase is not a level-3 name); the phrase is a NARROW synonym of the class of its head 'reddish brown'.	ISCCNBS:L2_005
shiny yellow	en	FLOPO:0988019	yellow (ISCC-NBS level 2)	2	NARROW	botanical_colour_name	modified	EVID:NIST_SP440		degree_modifier|level_homonym	4	corpus	Modifier 'shiny' is not an ISCC-NBS modifier for this head (or the phrase is not a level-3 name); the phrase is a NARROW synonym of the class of its head 'yellow'.	ISCCNBS:L2_010
silvery brown	en	FLOPO:0988003	brown	1	NARROW	botanical_colour_name	compound_head			compound_head_rule|components_cross_level1	4	corpus	Two-colour compound not named by ISCC-NBS; English head-final reading makes it a NARROW synonym of the head 'brown' class 'brown' (tending towards 'silvery').	ISCCNBS:L1_004
slightly pinkish	en	FLOPO:0988000	pink	1	RELATED	botanical_colour_name	modified	EVID:NIST_SP440		degree_modifier	4	corpus	Modifier 'slightly' is not an ISCC-NBS modifier for this head (or the phrase is not a level-3 name); the phrase is a RELATED synonym of the class of its head 'pinkish'.	ISCCNBS:L1_001
soft brown	en	FLOPO:0988017	brown (ISCC-NBS level 2)	2	NARROW	botanical_colour_name	modified	EVID:NIST_SP440		degree_modifier|level_homonym	4	corpus	Modifier 'soft' is not an ISCC-NBS modifier for this head (or the phrase is not a level-3 name); the phrase is a NARROW synonym of the class of its head 'brown'.	ISCCNBS:L2_007
somewhat silvery	en	FLOPO:0988009	white	1	RELATED	botanical_colour_name	modified	EVID:SACCARDO_CHROMOTAXIA		degree_modifier	4	corpus	Modifier 'somewhat' is not an ISCC-NBS modifier for this head (or the phrase is not a level-3 name); the phrase is a RELATED synonym of the class of its head 'silvery'.	ISCCNBS:L1_011
vermilion scarlet	en	FLOPO:0988001	red	1	RELATED	botanical_colour_name	compound_head			compound_head_rule	4	corpus	Two-colour compound not named by ISCC-NBS; English head-final reading makes it a RELATED synonym of the head 'scarlet' class 'red' (tending towards 'vermilion').	ISCCNBS:L1_002
vermillion	en	FLOPO:0988001	red	1	RELATED	botanical_colour_name	vernacular	EVID:NIST_SP440	11 34	crosses_level1	4	corpus	Lexical equivalent of 'vermilion'. Documented senses span ISCC-NBS block(s) 11 34 across level-1 categories orange, red; no backbone class below color covers all senses, so the word is a RELATED synonym of the majority/fallback level-1 class. line number approximate (entry not cleanly matched in layout OCR); PDF p.187 Sense tier used: botanical (1 sense(s)); all sources give blocks 6 11 12 15 18 19 26 27 30 34 35 36 37 38.	ISCCNBS:L1_002
vinous red	en	FLOPO:0988001	red	1	NARROW	botanical_colour_name	compound_head			compound_head_rule	4	corpus	Two-colour compound not named by ISCC-NBS; English head-final reading makes it a NARROW synonym of the head 'red' class 'red' (tending towards 'vinous').	ISCCNBS:L1_002
violet blue	en	FLOPO:0988007	blue	1	NARROW	botanical_colour_name	compound_head			compound_head_rule|components_cross_level1	4	corpus	Two-colour compound not named by ISCC-NBS; English head-final reading makes it a NARROW synonym of the head 'blue' class 'blue' (tending towards 'violet').	ISCCNBS:L1_009
wine	en	FLOPO:0988001	red	1	RELATED	botanical_colour_name	vernacular	EVID:NIST_SP440	16 17 41 259	no_botanical_source_tier_other|crosses_level1	4	botanical_terminology|corpus	Documented senses span ISCC-NBS block(s) 16 17 41 259 across level-1 categories brown, red; no backbone class below color covers all senses, so the word is a RELATED synonym of the majority/fallback level-1 class. only bare 'Wine' entry; PDF p.190 Sense tier used: other (1 sense(s)); all sources give blocks 16 17 41 259.	ISCCNBS:L1_002
yellow red	en	FLOPO:0988001	red	1	NARROW	botanical_colour_name	compound_head			compound_head_rule|components_cross_level1	4	corpus	Two-colour compound not named by ISCC-NBS; English head-final reading makes it a NARROW synonym of the head 'red' class 'red' (tending towards 'yellow').	ISCCNBS:L1_002
yellowish rusty	en	FLOPO:0988002	orange	1	RELATED	botanical_colour_name	compound_head			compound_head_rule|components_cross_level1	4	corpus	Two-colour compound not named by ISCC-NBS; English head-final reading makes it a RELATED synonym of the head 'rusty' class 'orange' (tending towards 'yellowish').	ISCCNBS:L1_003
blanc bleuté	fr	FLOPO:0988205	bluish white	3	EXACT	botanical_colour_name	translation	EVID:NIST_SP440		translation|compound_reordered	4	corpus	French 'blanc bleuté' read as English 'bluish white'. Literal ISCC-NBS name 'bluish white' (level 3).	ISCCNBS:L3_189
blanchâtre rougeâtre	fr	FLOPO:0988009	white	1	RELATED	botanical_colour_name	compound_head			components_cross_level1|compound_head_rule|translation	4	corpus	French 'blanchâtre rougeâtre' read as English 'reddish whitish'. Two-colour compound not named by ISCC-NBS; English head-final reading makes it a RELATED synonym of the head 'whitish' class 'white' (tending towards 'reddish').	ISCCNBS:L1_011
brun argenté	fr	FLOPO:0988003	brown	1	NARROW	botanical_colour_name	compound_head			components_cross_level1|compound_head_rule|translation	4	corpus	French 'brun argenté' read as English 'silver brown'. Two-colour compound not named by ISCC-NBS; English head-final reading makes it a NARROW synonym of the head 'brown' class 'brown' (tending towards 'silver').	ISCCNBS:L1_004
brun rosâtre	fr	FLOPO:0988003	brown	1	NARROW	botanical_colour_name	compound_head			components_cross_level1|compound_head_rule|translation	4	corpus	French 'brun rosâtre' read as English 'pinkish brown'. Two-colour compound not named by ISCC-NBS; English head-final reading makes it a NARROW synonym of the head 'brown' class 'brown' (tending towards 'pinkish').	ISCCNBS:L1_004
brun sépia	fr	FLOPO:0988003	brown	1	NARROW	botanical_colour_name	compound_head			compound_head_rule|translation	4	corpus	French 'brun sépia' read as English 'sepia brown'. Two-colour compound not named by ISCC-NBS; English head-final reading makes it a NARROW synonym of the head 'brown' class 'brown' (tending towards 'sepia').	ISCCNBS:L1_004
brun vineux	fr	FLOPO:0988003	brown	1	NARROW	botanical_colour_name	compound_head			components_cross_level1|compound_head_rule|translation	4	corpus	French 'brun vineux' read as English 'wine brown'. Two-colour compound not named by ISCC-NBS; English head-final reading makes it a NARROW synonym of the head 'brown' class 'brown' (tending towards 'wine').	ISCCNBS:L1_004
chocolat	fr	FLOPO:0988072	grayish reddish brown	3	NARROW	botanical_colour_name	vernacular	DOI:10.1364/JOSA.39.000592|EVID:NIST_SP440|EVID:RIDGWAY_1912	46	translation	4	corpus	French 'chocolat' read as English 'chocolate'. Documented senses fall in ISCC-NBS block(s) 46; lowest covering backbone class is level 3 'grayish reddish brown'. PDF p.137 Sense tier used: botanical (2 sense(s)); all sources give blocks 19 22 23 41 46 62 64 81 266.	ISCCNBS:L3_046
crème verdâtre	fr	FLOPO:0988019	yellow (ISCC-NBS level 2)	2	NARROW	botanical_colour_name	compound_head			components_cross_level1|compound_head_rule|translation	4	corpus	French 'crème verdâtre' read as English 'greenish cream'. Two-colour compound not named by ISCC-NBS; English head-final reading makes it a NARROW synonym of the head 'cream' class 'yellow' (tending towards 'greenish').	ISCCNBS:L2_010
fauve ochracé	fr	FLOPO:0988002	orange	1	RELATED	botanical_colour_name	compound_head			components_cross_level1|compound_head_rule|translation	4	corpus	French 'fauve ochracé' read as English 'ochre fulvous'. Two-colour compound not named by ISCC-NBS; English head-final reading makes it a RELATED synonym of the head 'fulvous' class 'orange' (tending towards 'ochre').	ISCCNBS:L1_003
gris glauque	fr	FLOPO:0988010	gray	1	NARROW	botanical_colour_name	compound_head			components_cross_level1|compound_head_rule|translation	4	corpus	French 'gris glauque' read as English 'glaucous gray'. Two-colour compound not named by ISCC-NBS; English head-final reading makes it a NARROW synonym of the head 'gray' class 'gray' (tending towards 'glaucous').	ISCCNBS:L1_012
gris rosâtre	fr	FLOPO:0988037	pinkish gray	3	EXACT	botanical_colour_name	translation	EVID:NIST_SP440		translation|compound_reordered	4	corpus	French 'gris rosâtre' read as English 'pinkish gray'. Literal ISCC-NBS name 'pinkish gray' (level 3).	ISCCNBS:L3_010
jaune beige	fr	FLOPO:0988004	yellow	1	NARROW	botanical_colour_name	compound_head			compound_head_rule|translation	4	corpus	French 'jaune beige' read as English 'beige yellow'. Two-colour compound not named by ISCC-NBS; English head-final reading makes it a NARROW synonym of the head 'yellow' class 'yellow' (tending towards 'beige').	ISCCNBS:L1_005
orange brunâtre	fr	FLOPO:0988079	brownish orange	3	EXACT	botanical_colour_name	translation	EVID:NIST_SP440		translation|compound_reordered	4	corpus	French 'orange brunâtre' read as English 'brownish orange'. Literal ISCC-NBS name 'brownish orange' (level 3).	ISCCNBS:L3_054
pourpre brun	fr	FLOPO:0988008	purple	1	NARROW	botanical_colour_name	compound_head			components_cross_level1|compound_head_rule|translation	4	corpus	French 'pourpre brun' read as English 'brownish purple'. Two-colour compound not named by ISCC-NBS; English head-final reading makes it a NARROW synonym of the head 'purple' class 'purple' (tending towards 'brownish').	ISCCNBS:L1_010
rose lilas	fr	FLOPO:0988008	purple	1	RELATED	botanical_colour_name	vernacular	EVID:NIST_SP440	206 210 217 222 223 226 227 237 240 241 244 248 249 250 252 253	crosses_level1|translation	4	corpus	French 'rose lilas' read as English 'lilac pink'. Lexical equivalent of 'lilac'. Documented senses span ISCC-NBS block(s) 206 210 217 222 223 226 227 237 240 241 244 248 249 250 252 253 across level-1 categories pink, purple; no backbone class below color covers all senses, so the word is a RELATED synonym of the majority/fallback level-1 class. M synonyms: Lilaceous, Lilas, Mauvette; txt line OCR-garbled (source/blocks read from PDF page image); PDF p.159 Sense tier used: botanical (2 sense(s)); all sources give blocks 5 10 18 206 209 210 217 221 222 223 226 227 228 231 232 233 237 240 241 244 248 249 250 252 253 261 262.	ISCCNBS:L1_010
rose purpurin	fr	FLOPO:0988029	purplish pink	2	EXACT	botanical_colour_name	translation	EVID:NIST_SP440		translation|compound_reordered	4	corpus	French 'rose purpurin' read as English 'purplish pink'. Literal ISCC-NBS name 'purplish pink' (level 2).	ISCCNBS:L2_025
rose vineux	fr	FLOPO:0988000	pink	1	NARROW	botanical_colour_name	compound_head			components_cross_level1|compound_head_rule|translation	4	corpus	French 'rose vineux' read as English 'wine pink'. Two-colour compound not named by ISCC-NBS; English head-final reading makes it a NARROW synonym of the head 'pink' class 'pink' (tending towards 'wine').	ISCCNBS:L1_001
rouge saumon	fr	FLOPO:0988001	red	1	NARROW	botanical_colour_name	compound_head			components_cross_level1|compound_head_rule|translation	4	corpus	French 'rouge saumon' read as English 'salmon red'. Two-colour compound not named by ISCC-NBS; English head-final reading makes it a NARROW synonym of the head 'red' class 'red' (tending towards 'salmon').	ISCCNBS:L1_002
roux brunâtre	fr	FLOPO:0988015	reddish orange	2	NARROW	botanical_colour_name	compound_head			components_cross_level1|compound_head_rule|translation	4	corpus	French 'roux brunâtre' read as English 'brownish rufous'. Two-colour compound not named by ISCC-NBS; English head-final reading makes it a NARROW synonym of the head 'rufous' class 'reddish orange' (tending towards 'brownish').	ISCCNBS:L2_004
straminé grisâtre	fr	FLOPO:0988004	yellow	1	NARROW	botanical_colour_name	modified	EVID:NIST_SP440		degree_modifier|multi_block|translation	4	corpus	French 'straminé grisâtre' read as English 'grayish stramineous'. Modifier 'grayish' is not an ISCC-NBS modifier for this head (or the phrase is not a level-3 name); the phrase is a NARROW synonym of the class of its head 'stramineous'.	ISCCNBS:L1_005
verdâtre blanc	fr	FLOPO:0988006	green	1	RELATED	botanical_colour_name	modified	EVID:NIST_SP440		degree_modifier|translation	4	corpus	French 'verdâtre blanc' read as English 'whitish greenish'. Modifier 'whitish' is not an ISCC-NBS modifier for this head (or the phrase is not a level-3 name); the phrase is a RELATED synonym of the class of its head 'greenish'.	ISCCNBS:L1_008
vert cendré	fr	FLOPO:0988006	green	1	NARROW	botanical_colour_name	compound_head			components_cross_level1|compound_head_rule|translation	4	corpus	French 'vert cendré' read as English 'cinereous green'. Two-colour compound not named by ISCC-NBS; English head-final reading makes it a NARROW synonym of the head 'green' class 'green' (tending towards 'cinereous').	ISCCNBS:L1_008
violet rougeâtre	fr	FLOPO:0988027	violet	2	NARROW	botanical_colour_name	compound_head			components_cross_level1|compound_head_rule|translation	4	corpus	French 'violet rougeâtre' read as English 'reddish violet'. Two-colour compound not named by ISCC-NBS; English head-final reading makes it a NARROW synonym of the head 'violet' class 'violet' (tending towards 'reddish').	ISCCNBS:L2_022
apricot orange	en	FLOPO:0988002	orange	1	NARROW	botanical_colour_name	compound_head			compound_head_rule|components_cross_level1	3	corpus	Two-colour compound not named by ISCC-NBS; English head-final reading makes it a NARROW synonym of the head 'orange' class 'orange' (tending towards 'apricot').	ISCCNBS:L1_003
ash gray	en	FLOPO:0988023	green (ISCC-NBS level 2)	2	NARROW	botanical_colour_name	vernacular	EVID:NIST_SP440	154	no_botanical_source_tier_general|single_source_lifted_to_level2	3	corpus	Documented senses fall in ISCC-NBS block(s) 154; lowest covering backbone class is level 2 'green'. no 'Ash Gray' spelling; M bracket form = Ash or Ash Grey; PDF p.122 Sense tier used: general (1 sense(s)); all sources give blocks 154. Only one source places the word in a single block, so it is attached to that block's level-2 class rather than to the block itself.	ISCCNBS:L2_017
ashy brown	en	FLOPO:0988003	brown	1	NARROW	botanical_colour_name	compound_head			compound_head_rule|components_cross_level1	3	corpus	Two-colour compound not named by ISCC-NBS; English head-final reading makes it a NARROW synonym of the head 'brown' class 'brown' (tending towards 'ashy').	ISCCNBS:L1_004
ashy gray	en	FLOPO:0988010	gray	1	NARROW	botanical_colour_name	compound_head			compound_head_rule|components_cross_level1	3	corpus	Two-colour compound not named by ISCC-NBS; English head-final reading makes it a NARROW synonym of the head 'gray' class 'gray' (tending towards 'ashy').	ISCCNBS:L1_012
bluish lilac	en	FLOPO:0988008	purple	1	RELATED	botanical_colour_name	compound_head			compound_head_rule|components_cross_level1	3	corpus	Two-colour compound not named by ISCC-NBS; English head-final reading makes it a RELATED synonym of the head 'lilac' class 'purple' (tending towards 'bluish').	ISCCNBS:L1_010
bright lemon yellow	en	FLOPO:0988004	yellow	1	NARROW	botanical_colour_name	modified	DOI:10.1364/JOSA.39.000592|EVID:NIST_SP440|EVID:RIDGWAY_1912		degree_modifier|multi_block	3	corpus	Modifier 'bright' is not an ISCC-NBS modifier for this head (or the phrase is not a level-3 name); the phrase is a NARROW synonym of the class of its head 'lemon yellow'.	ISCCNBS:L1_005
bright olive green	en	FLOPO:0988022	olive green	2	NARROW	botanical_colour_name	modified	EVID:NIST_SP440		degree_modifier	3	corpus	Modifier 'bright' is not an ISCC-NBS modifier for this head (or the phrase is not a level-3 name); the phrase is a NARROW synonym of the class of its head 'olive green'.	ISCCNBS:L2_015
bright rose pink	en	FLOPO:0988000	pink	1	NARROW	botanical_colour_name	modified			compound_head_rule|degree_modifier	3	botanical_terminology|corpus	Modifier 'bright' is not an ISCC-NBS modifier for this head (or the phrase is not a level-3 name); the phrase is a NARROW synonym of the class of its head 'rose pink'.	ISCCNBS:L1_001
bright rust	en	FLOPO:0988002	orange	1	RELATED	botanical_colour_name	modified	EVID:NIST_SP440		crosses_level1|degree_modifier	3	corpus	Modifier 'bright' is not an ISCC-NBS modifier for this head (or the phrase is not a level-3 name); the phrase is a RELATED synonym of the class of its head 'rust'.	ISCCNBS:L1_003
bright white	en	FLOPO:0988009	white	1	NARROW	botanical_colour_name	modified	EVID:NIST_SP440		degree_modifier	3	corpus	Modifier 'bright' is not an ISCC-NBS modifier for this head (or the phrase is not a level-3 name); the phrase is a NARROW synonym of the class of its head 'white'.	ISCCNBS:L1_011
brilliant scarlet	en	FLOPO:0988001	red	1	RELATED	botanical_colour_name	modified	EVID:NIST_SP440		crosses_level1|degree_modifier	3	corpus	Modifier 'brilliant' is not an ISCC-NBS modifier for this head (or the phrase is not a level-3 name); the phrase is a RELATED synonym of the class of its head 'scarlet'.	ISCCNBS:L1_002
bronze brown	en	FLOPO:0988003	brown	1	NARROW	botanical_colour_name	compound_head			compound_head_rule	3	corpus	Two-colour compound not named by ISCC-NBS; English head-final reading makes it a NARROW synonym of the head 'brown' class 'brown' (tending towards 'bronze').	ISCCNBS:L1_004
bronze gray	en	FLOPO:0988010	gray	1	NARROW	botanical_colour_name	compound_head			compound_head_rule|components_cross_level1	3	corpus	Two-colour compound not named by ISCC-NBS; English head-final reading makes it a NARROW synonym of the head 'gray' class 'gray' (tending towards 'bronze').	ISCCNBS:L1_012
brownish cream	en	FLOPO:0988019	yellow (ISCC-NBS level 2)	2	NARROW	botanical_colour_name	compound_head			compound_head_rule|components_cross_level1	3	corpus	Two-colour compound not named by ISCC-NBS; English head-final reading makes it a NARROW synonym of the head 'cream' class 'yellow' (tending towards 'brownish').	ISCCNBS:L2_010
brownish olive	en	FLOPO:0988005	olive	1	NARROW	botanical_colour_name	compound_head			compound_head_rule|components_cross_level1	3	corpus	Two-colour compound not named by ISCC-NBS; English head-final reading makes it a NARROW synonym of the head 'olive' class 'olive' (tending towards 'brownish').	ISCCNBS:L1_006
brownish straw	en	FLOPO:0988019	yellow (ISCC-NBS level 2)	2	NARROW	botanical_colour_name	compound_head			compound_head_rule|components_cross_level1	3	corpus	Two-colour compound not named by ISCC-NBS; English head-final reading makes it a NARROW synonym of the head 'straw' class 'yellow' (tending towards 'brownish').	ISCCNBS:L2_010
brownish violet	en	FLOPO:0988027	violet	2	NARROW	botanical_colour_name	compound_head			compound_head_rule|components_cross_level1	3	corpus	Two-colour compound not named by ISCC-NBS; English head-final reading makes it a NARROW synonym of the head 'violet' class 'violet' (tending towards 'brownish').	ISCCNBS:L2_022
creamish white	en	FLOPO:0988009	white	1	NARROW	botanical_colour_name	compound_head			compound_head_rule|components_cross_level1	3	corpus	Two-colour compound not named by ISCC-NBS; English head-final reading makes it a NARROW synonym of the head 'white' class 'white' (tending towards 'creamish').	ISCCNBS:L1_011
creamy pink	en	FLOPO:0988000	pink	1	NARROW	botanical_colour_name	compound_head			compound_head_rule|components_cross_level1	3	corpus	Two-colour compound not named by ISCC-NBS; English head-final reading makes it a NARROW synonym of the head 'pink' class 'pink' (tending towards 'creamy').	ISCCNBS:L1_001
dark brown black	en	FLOPO:0988090	brownish black	3	NARROW	botanical_colour_name	modified	EVID:NIST_SP440		degree_modifier	3	corpus	Modifier 'dark' is not an ISCC-NBS modifier for this head (or the phrase is not a level-3 name); the phrase is a NARROW synonym of the class of its head 'brown black'.	ISCCNBS:L3_065
dark brownish black	en	FLOPO:0988090	brownish black	3	NARROW	botanical_colour_name	modified	EVID:NIST_SP440		degree_modifier	3	corpus	Modifier 'dark' is not an ISCC-NBS modifier for this head (or the phrase is not a level-3 name); the phrase is a NARROW synonym of the class of its head 'brownish black'.	ISCCNBS:L3_065
dark brownish gray	en	FLOPO:0988089	brownish gray	3	NARROW	botanical_colour_name	modified	EVID:NIST_SP440		degree_modifier	3	corpus	Modifier 'dark' is not an ISCC-NBS modifier for this head (or the phrase is not a level-3 name); the phrase is a NARROW synonym of the class of its head 'brownish gray'.	ISCCNBS:L3_064
dark brownish purple	en	FLOPO:0988008	purple	1	NARROW	botanical_colour_name	modified			components_cross_level1|compound_head_rule|degree_modifier	3	corpus	Modifier 'dark' is not an ISCC-NBS modifier for this head (or the phrase is not a level-3 name); the phrase is a NARROW synonym of the class of its head 'brownish purple'.	ISCCNBS:L1_010
dark brownish red	en	FLOPO:0988001	red	1	NARROW	botanical_colour_name	modified			components_cross_level1|compound_head_rule|degree_modifier	3	corpus	Modifier 'dark' is not an ISCC-NBS modifier for this head (or the phrase is not a level-3 name); the phrase is a NARROW synonym of the class of its head 'brownish red'.	ISCCNBS:L1_002
dark chestnut brown	en	PATO:0001287	reddish brown	2	NARROW	botanical_colour_name	modified	DOI:10.1364/JOSA.39.000592|EVID:NIST_SP440|EVID:RIDGWAY_1912		degree_modifier|multi_block	3	corpus	Modifier 'dark' is not an ISCC-NBS modifier for this head (or the phrase is not a level-3 name); the phrase is a NARROW synonym of the class of its head 'chestnut brown'.	ISCCNBS:L2_005
dark chocolate brown	en	FLOPO:0988072	grayish reddish brown	3	NARROW	botanical_colour_name	modified	DOI:10.1364/JOSA.39.000592|EVID:NIST_SP440|EVID:RIDGWAY_1912		degree_modifier	3	corpus	Modifier 'dark' is not an ISCC-NBS modifier for this head (or the phrase is not a level-3 name); the phrase is a NARROW synonym of the class of its head 'chocolate brown'.	ISCCNBS:L3_046
dark greenish	en	FLOPO:0988006	green	1	RELATED	botanical_colour_name	modified	EVID:NIST_SP440		degree_modifier	3	corpus	Modifier 'dark' is not an ISCC-NBS modifier for this head (or the phrase is not a level-3 name); the phrase is a RELATED synonym of the class of its head 'greenish'.	ISCCNBS:L1_008
dark plum	en	FLOPO:0988028	purple (ISCC-NBS level 2)	2	NARROW	botanical_colour_name	modified	EVID:NIST_SP440		degree_modifier|no_botanical_source_tier_general|single_source_lifted_to_level2	3	corpus	Modifier 'dark' is not an ISCC-NBS modifier for this head (or the phrase is not a level-3 name); the phrase is a NARROW synonym of the class of its head 'plum'.	ISCCNBS:L2_023
dark purple maroon	en	FLOPO:0988001	red	1	RELATED	botanical_colour_name	modified			components_cross_level1|compound_head_rule|degree_modifier	3	corpus	Modifier 'dark' is not an ISCC-NBS modifier for this head (or the phrase is not a level-3 name); the phrase is a RELATED synonym of the class of its head 'purple maroon'.	ISCCNBS:L1_002
deep blackish brown	en	FLOPO:0988017	brown (ISCC-NBS level 2)	2	NARROW	botanical_colour_name	modified	EVID:NIST_SP440		degree_modifier|level_homonym	3	corpus	Modifier 'deep' is not an ISCC-NBS modifier for this head (or the phrase is not a level-3 name); the phrase is a NARROW synonym of the class of its head 'blackish brown'.	ISCCNBS:L2_007
deep chestnut	en	PATO:0001287	reddish brown	2	NARROW	botanical_colour_name	modified	DOI:10.1364/JOSA.39.000592|EVID:NIST_SP440|EVID:RIDGWAY_1912		degree_modifier|multi_block	3	corpus	Modifier 'deep' is not an ISCC-NBS modifier for this head (or the phrase is not a level-3 name); the phrase is a NARROW synonym of the class of its head 'chestnut'.	ISCCNBS:L2_005
deep dull green	en	FLOPO:0988023	green (ISCC-NBS level 2)	2	NARROW	botanical_colour_name	modified	EVID:NIST_SP440		degree_modifier|level_homonym	3	corpus	Modifier 'deep' is not an ISCC-NBS modifier for this head (or the phrase is not a level-3 name); the phrase is a NARROW synonym of the class of its head 'dull green'.	ISCCNBS:L2_017
deep magenta	en	FLOPO:0988001	red	1	RELATED	botanical_colour_name	modified	EVID:NIST_SP440		crosses_level1|degree_modifier	3	FLOPO value label|corpus	Modifier 'deep' is not an ISCC-NBS modifier for this head (or the phrase is not a level-3 name); the phrase is a RELATED synonym of the class of its head 'magenta'.	ISCCNBS:L1_002
deeply purple	en	FLOPO:0988028	purple (ISCC-NBS level 2)	2	NARROW	botanical_colour_name	modified	EVID:NIST_SP440		degree_modifier|level_homonym	3	corpus	Modifier 'deeply' is not an ISCC-NBS modifier for this head (or the phrase is not a level-3 name); the phrase is a NARROW synonym of the class of its head 'purple'.	ISCCNBS:L2_023
dull brownish	en	FLOPO:0988003	brown	1	RELATED	botanical_colour_name	modified	EVID:NIST_SP440		degree_modifier	3	corpus	Modifier 'dull' is not an ISCC-NBS modifier for this head (or the phrase is not a level-3 name); the phrase is a RELATED synonym of the class of its head 'brownish'.	ISCCNBS:L1_004
dull castaneous	en	PATO:0001287	reddish brown	2	NARROW	botanical_colour_name	modified	DOI:10.1364/JOSA.39.000592|EVID:NIST_SP440|EVID:RIDGWAY_1912		degree_modifier|multi_block	3	corpus	Modifier 'dull' is not an ISCC-NBS modifier for this head (or the phrase is not a level-3 name); the phrase is a NARROW synonym of the class of its head 'castaneous'.	ISCCNBS:L2_005
dull dark brown	en	FLOPO:0988084	dark brown	3	NARROW	botanical_colour_name	modified	EVID:NIST_SP440		degree_modifier	3	corpus	Modifier 'dull' is not an ISCC-NBS modifier for this head (or the phrase is not a level-3 name); the phrase is a NARROW synonym of the class of its head 'dark brown'.	ISCCNBS:L3_059
dull dark purple	en	FLOPO:0988237	dark purple	3	NARROW	botanical_colour_name	modified	EVID:NIST_SP440		degree_modifier	3	corpus	Modifier 'dull' is not an ISCC-NBS modifier for this head (or the phrase is not a level-3 name); the phrase is a NARROW synonym of the class of its head 'dark purple'.	ISCCNBS:L3_224
dull grayish brown	en	FLOPO:0988086	grayish brown	3	NARROW	botanical_colour_name	modified	EVID:NIST_SP440		degree_modifier	3	corpus	Modifier 'dull' is not an ISCC-NBS modifier for this head (or the phrase is not a level-3 name); the phrase is a NARROW synonym of the class of its head 'grayish brown'.	ISCCNBS:L3_061
dull grayish green	en	PATO:0104007	grayish green	3	NARROW	botanical_colour_name	modified	EVID:NIST_SP440		degree_modifier	3	corpus	Modifier 'dull' is not an ISCC-NBS modifier for this head (or the phrase is not a level-3 name); the phrase is a NARROW synonym of the class of its head 'grayish green'.	ISCCNBS:L3_150
dull greenish brown	en	FLOPO:0988003	brown	1	NARROW	botanical_colour_name	modified			components_cross_level1|compound_head_rule|degree_modifier	3	corpus	Modifier 'dull' is not an ISCC-NBS modifier for this head (or the phrase is not a level-3 name); the phrase is a NARROW synonym of the class of its head 'greenish brown'.	ISCCNBS:L1_004
dull ochre	en	FLOPO:0988004	yellow	1	RELATED	botanical_colour_name	modified	EVID:NIST_SP440		crosses_level1|degree_modifier	3	corpus	Modifier 'dull' is not an ISCC-NBS modifier for this head (or the phrase is not a level-3 name); the phrase is a RELATED synonym of the class of its head 'ochre'.	ISCCNBS:L1_005
dull pale brown	en	FLOPO:0988085	light grayish brown	3	NARROW	botanical_colour_name	modified	EVID:NIST_CENTROIDS		degree_modifier|b3_pale_gloss_narrow	3	corpus	Modifier 'dull' is not an ISCC-NBS modifier for this head (or the phrase is not a level-3 name); the phrase is a RELATED synonym of the class of its head 'pale brown'. Curator decision B3 (2026-09-18): 'pale X' is EXACT only where ISCC-NBS itself names the block that way; otherwise NARROW.	ISCCNBS:L3_060
dull purplish green	en	FLOPO:0988006	green	1	NARROW	botanical_colour_name	modified			components_cross_level1|compound_head_rule|degree_modifier	3	corpus	Modifier 'dull' is not an ISCC-NBS modifier for this head (or the phrase is not a level-3 name); the phrase is a NARROW synonym of the class of its head 'purplish green'.	ISCCNBS:L1_008
dull yellow green	en	PATO:0001941	yellow green	1	NARROW	botanical_colour_name	modified	EVID:NIST_SP440		degree_modifier	3	corpus	Modifier 'dull' is not an ISCC-NBS modifier for this head (or the phrase is not a level-3 name); the phrase is a NARROW synonym of the class of its head 'yellow green'.	ISCCNBS:L1_007
faint purple	en	FLOPO:0988028	purple (ISCC-NBS level 2)	2	NARROW	botanical_colour_name	modified	EVID:NIST_SP440		degree_modifier|level_homonym	3	corpus	Modifier 'faint' is not an ISCC-NBS modifier for this head (or the phrase is not a level-3 name); the phrase is a NARROW synonym of the class of its head 'purple'.	ISCCNBS:L2_023
faintly maroon	en	FLOPO:0988001	red	1	RELATED	botanical_colour_name	modified	EVID:NIST_SP440		crosses_level1|degree_modifier	3	corpus	Modifier 'faintly' is not an ISCC-NBS modifier for this head (or the phrase is not a level-3 name); the phrase is a RELATED synonym of the class of its head 'maroon'.	ISCCNBS:L1_002
flesh pink	en	FLOPO:0988000	pink	1	NARROW	botanical_colour_name	compound_head			compound_head_rule	3	corpus	Two-colour compound not named by ISCC-NBS; English head-final reading makes it a NARROW synonym of the head 'pink' class 'pink' (tending towards 'flesh').	ISCCNBS:L1_001
flesh white	en	FLOPO:0988009	white	1	NARROW	botanical_colour_name	compound_head			compound_head_rule|components_cross_level1	3	corpus	Two-colour compound not named by ISCC-NBS; English head-final reading makes it a NARROW synonym of the head 'white' class 'white' (tending towards 'flesh').	ISCCNBS:L1_011
fulvous ferruginous	en	FLOPO:0988002	orange	1	RELATED	botanical_colour_name	compound_head			compound_head_rule	3	corpus	Two-colour compound not named by ISCC-NBS; English head-final reading makes it a RELATED synonym of the head 'ferruginous' class 'orange' (tending towards 'fulvous').	ISCCNBS:L1_003
glossy brown	en	FLOPO:0988017	brown (ISCC-NBS level 2)	2	NARROW	botanical_colour_name	modified	EVID:NIST_SP440		degree_modifier|level_homonym	3	corpus	Modifier 'glossy' is not an ISCC-NBS modifier for this head (or the phrase is not a level-3 name); the phrase is a NARROW synonym of the class of its head 'brown'.	ISCCNBS:L2_007
glossy dark brown	en	FLOPO:0988084	dark brown	3	NARROW	botanical_colour_name	modified	EVID:NIST_SP440		degree_modifier	3	corpus	Modifier 'glossy' is not an ISCC-NBS modifier for this head (or the phrase is not a level-3 name); the phrase is a NARROW synonym of the class of its head 'dark brown'.	ISCCNBS:L3_059
golden orange	en	FLOPO:0988002	orange	1	NARROW	botanical_colour_name	compound_head			compound_head_rule|components_cross_level1	3	corpus	Two-colour compound not named by ISCC-NBS; English head-final reading makes it a NARROW synonym of the head 'orange' class 'orange' (tending towards 'golden').	ISCCNBS:L1_003
grayish silvery	en	FLOPO:0988009	white	1	RELATED	botanical_colour_name	modified	EVID:SACCARDO_CHROMOTAXIA		degree_modifier	3	corpus	Modifier 'grayish' is not an ISCC-NBS modifier for this head (or the phrase is not a level-3 name); the phrase is a RELATED synonym of the class of its head 'silvery'.	ISCCNBS:L1_011
green olivaceous	en	FLOPO:0988005	olive	1	RELATED	botanical_colour_name	compound_head			compound_head_rule|components_cross_level1	3	corpus	Two-colour compound not named by ISCC-NBS; English head-final reading makes it a RELATED synonym of the head 'olivaceous' class 'olive' (tending towards 'green').	ISCCNBS:L1_006
green white	en	PATO:0104067	greenish white	3	EXACT	botanical_colour_name	iscc_variant	EVID:NIST_SP440			3	corpus	'-ish' variant of the ISCC-NBS name 'greenish white' (level 3).	ISCCNBS:L3_153
greenish fawn	en	FLOPO:0988003	brown	1	NARROW	botanical_colour_name	compound_head			compound_head_rule|components_cross_level1	3	corpus	Two-colour compound not named by ISCC-NBS; English head-final reading makes it a NARROW synonym of the head 'fawn' class 'brown' (tending towards 'greenish').	ISCCNBS:L1_004
honey	en	FLOPO:0988019	yellow (ISCC-NBS level 2)	2	NARROW	botanical_colour_name	vernacular	EVID:NIST_SP440	91	no_botanical_source_tier_general|single_source_lifted_to_level2	3	corpus	Documented senses fall in ISCC-NBS block(s) 91; lowest covering backbone class is level 2 'yellow'. M synonym: Middle Stone; no other bare 'Honey'; PDF p.155 Sense tier used: general (1 sense(s)); all sources give blocks 91. Only one source places the word in a single block, so it is attached to that block's level-2 class rather than to the block itself.	ISCCNBS:L2_010
indigo	en	FLOPO:0988028	purple (ISCC-NBS level 2)	2	NARROW	botanical_colour_name	vernacular	EVID:NIST_SP440	229	no_botanical_source_tier_general|single_source_lifted_to_level2	3	corpus	Documented senses fall in ISCC-NBS block(s) 229; lowest covering backbone class is level 2 'purple'. M synonyms: English Inde, Indebaudias, Inde Blue, Indian Blue, Indico; PDF p.156 Sense tier used: general (1 sense(s)); all sources give blocks 179 183 187 188 192 204 229. Only one source places the word in a single block, so it is attached to that block's level-2 class rather than to the block itself.	ISCCNBS:L2_023
light fulvous	en	FLOPO:0988002	orange	1	RELATED	botanical_colour_name	modified	EVID:NIST_SP440		crosses_level1|degree_modifier	3	corpus	Modifier 'light' is not an ISCC-NBS modifier for this head (or the phrase is not a level-3 name); the phrase is a RELATED synonym of the class of its head 'fulvous'.	ISCCNBS:L1_003
light orange brown	en	FLOPO:0988003	brown	1	NARROW	botanical_colour_name	modified			components_cross_level1|compound_head_rule|degree_modifier	3	corpus	Modifier 'light' is not an ISCC-NBS modifier for this head (or the phrase is not a level-3 name); the phrase is a NARROW synonym of the class of its head 'orange brown'.	ISCCNBS:L1_004
light yellowish	en	FLOPO:0988004	yellow	1	RELATED	botanical_colour_name	modified	EVID:NIST_SP440		degree_modifier	3	corpus	Modifier 'light' is not an ISCC-NBS modifier for this head (or the phrase is not a level-3 name); the phrase is a RELATED synonym of the class of its head 'yellowish'.	ISCCNBS:L1_005
lilac mauve	en	FLOPO:0988008	purple	1	NARROW	botanical_colour_name	compound_head			compound_head_rule	3	corpus	Two-colour compound not named by ISCC-NBS; English head-final reading makes it a NARROW synonym of the head 'mauve' class 'purple' (tending towards 'lilac').	ISCCNBS:L1_010
lilac purple	en	FLOPO:0988008	purple	1	NARROW	botanical_colour_name	compound_head			compound_head_rule	3	corpus	Two-colour compound not named by ISCC-NBS; English head-final reading makes it a NARROW synonym of the head 'purple' class 'purple' (tending towards 'lilac').	ISCCNBS:L1_010
medium yellow brown	en	FLOPO:0988018	yellowish brown	2	NARROW	botanical_colour_name	modified	EVID:NIST_SP440		degree_modifier	3	corpus	Modifier 'medium' is not an ISCC-NBS modifier for this head (or the phrase is not a level-3 name); the phrase is a NARROW synonym of the class of its head 'yellow brown'.	ISCCNBS:L2_009
ochreous olivaceous	en	FLOPO:0988005	olive	1	RELATED	botanical_colour_name	compound_head			compound_head_rule|components_cross_level1	3	corpus	Two-colour compound not named by ISCC-NBS; English head-final reading makes it a RELATED synonym of the head 'olivaceous' class 'olive' (tending towards 'ochreous').	ISCCNBS:L1_006
orange scarlet	en	FLOPO:0988001	red	1	RELATED	botanical_colour_name	compound_head			compound_head_rule|components_cross_level1	3	corpus	Two-colour compound not named by ISCC-NBS; English head-final reading makes it a RELATED synonym of the head 'scarlet' class 'red' (tending towards 'orange').	ISCCNBS:L1_002
orangey brown	en	FLOPO:0988003	brown	1	NARROW	botanical_colour_name	compound_head			compound_head_rule|components_cross_level1	3	corpus	Two-colour compound not named by ISCC-NBS; English head-final reading makes it a NARROW synonym of the head 'brown' class 'brown' (tending towards 'orangey').	ISCCNBS:L1_004
orangish	en	FLOPO:0988002	orange	1	RELATED	botanical_colour_name	ish_tendency	EVID:NIST_SP440			3	botanical_terminology|corpus	Hue-tendency adjective; ISCC-NBS uses 'orangish' only as a modifier inside compound names, so the bare word is RELATED to level-1 'orange', not a block.	ISCCNBS:L1_003
pale bluish green	en	PATO:0104020	bluish green	2	NARROW	botanical_colour_name	modified	EVID:NIST_SP440		degree_modifier	3	corpus	Modifier 'pale' is not an ISCC-NBS modifier for this head (or the phrase is not a level-3 name); the phrase is a NARROW synonym of the class of its head 'bluish green'.	ISCCNBS:L2_018
pale brownish straw	en	FLOPO:0988019	yellow (ISCC-NBS level 2)	2	NARROW	botanical_colour_name	modified			components_cross_level1|compound_head_rule|degree_modifier	3	corpus	Modifier 'pale' is not an ISCC-NBS modifier for this head (or the phrase is not a level-3 name); the phrase is a NARROW synonym of the class of its head 'brownish straw'.	ISCCNBS:L2_010
pale brownish yellow	en	FLOPO:0988004	yellow	1	NARROW	botanical_colour_name	modified			components_cross_level1|compound_head_rule|degree_modifier	3	corpus	Modifier 'pale' is not an ISCC-NBS modifier for this head (or the phrase is not a level-3 name); the phrase is a NARROW synonym of the class of its head 'brownish yellow'.	ISCCNBS:L1_005
pale buff brown	en	FLOPO:0988003	brown	1	NARROW	botanical_colour_name	modified			components_cross_level1|compound_head_rule|degree_modifier	3	corpus	Modifier 'pale' is not an ISCC-NBS modifier for this head (or the phrase is not a level-3 name); the phrase is a NARROW synonym of the class of its head 'buff brown'.	ISCCNBS:L1_004
pale dull green	en	FLOPO:0988023	green (ISCC-NBS level 2)	2	NARROW	botanical_colour_name	modified	EVID:NIST_SP440		degree_modifier|level_homonym	3	corpus	Modifier 'pale' is not an ISCC-NBS modifier for this head (or the phrase is not a level-3 name); the phrase is a NARROW synonym of the class of its head 'dull green'.	ISCCNBS:L2_017
pale magenta	en	FLOPO:0988001	red	1	RELATED	botanical_colour_name	modified	EVID:NIST_SP440		crosses_level1|degree_modifier	3	PATO exact synonym|corpus	Modifier 'pale' is not an ISCC-NBS modifier for this head (or the phrase is not a level-3 name); the phrase is a RELATED synonym of the class of its head 'magenta'.	ISCCNBS:L1_002
pale olive	en	FLOPO:0988132	light grayish olive	3	NARROW	botanical_colour_name	iscc_gloss	EVID:NIST_CENTROIDS		b3_pale_gloss_narrow	3	corpus	Not a literal ISCC-NBS name; Kelly (1958) glosses 'pale' as 'light grayish', giving block 'light grayish olive'. Curator decision B3 (2026-09-18): 'pale X' is EXACT only where ISCC-NBS itself names the block that way; otherwise NARROW.	ISCCNBS:L3_109
pale olive brown	en	FLOPO:0988020	olive brown	2	NARROW	botanical_colour_name	modified	EVID:NIST_SP440		degree_modifier	3	corpus	Modifier 'pale' is not an ISCC-NBS modifier for this head (or the phrase is not a level-3 name); the phrase is a NARROW synonym of the class of its head 'olive brown'.	ISCCNBS:L2_011
pale pinkish mauve	en	FLOPO:0988008	purple	1	NARROW	botanical_colour_name	modified			components_cross_level1|compound_head_rule|degree_modifier	3	corpus	Modifier 'pale' is not an ISCC-NBS modifier for this head (or the phrase is not a level-3 name); the phrase is a NARROW synonym of the class of its head 'pinkish mauve'.	ISCCNBS:L1_010
pale reddish	en	FLOPO:0988001	red	1	RELATED	botanical_colour_name	modified	EVID:NIST_SP440		degree_modifier	3	FLOPO value label|corpus	Modifier 'pale' is not an ISCC-NBS modifier for this head (or the phrase is not a level-3 name); the phrase is a RELATED synonym of the class of its head 'reddish'.	ISCCNBS:L1_002
pale white	en	FLOPO:0988009	white	1	NARROW	botanical_colour_name	modified	EVID:NIST_SP440		degree_modifier	3	corpus	Modifier 'pale' is not an ISCC-NBS modifier for this head (or the phrase is not a level-3 name); the phrase is a NARROW synonym of the class of its head 'white'.	ISCCNBS:L1_011
pinkish straw	en	FLOPO:0988019	yellow (ISCC-NBS level 2)	2	NARROW	botanical_colour_name	compound_head			compound_head_rule|components_cross_level1	3	corpus	Two-colour compound not named by ISCC-NBS; English head-final reading makes it a NARROW synonym of the head 'straw' class 'yellow' (tending towards 'pinkish').	ISCCNBS:L2_010
red black	en	FLOPO:0988050	reddish black	3	EXACT	botanical_colour_name	iscc_variant	EVID:NIST_SP440			3	corpus	'-ish' variant of the ISCC-NBS name 'reddish black' (level 3).	ISCCNBS:L3_024
red orange	en	FLOPO:0988015	reddish orange	2	EXACT	botanical_colour_name	iscc_variant	EVID:NIST_SP440			3	botanical_terminology|corpus	'-ish' variant of the ISCC-NBS name 'reddish orange' (level 2).	ISCCNBS:L2_004
rich brown	en	FLOPO:0988017	brown (ISCC-NBS level 2)	2	NARROW	botanical_colour_name	modified	EVID:NIST_SP440		degree_modifier|level_homonym	3	corpus	Modifier 'rich' is not an ISCC-NBS modifier for this head (or the phrase is not a level-3 name); the phrase is a NARROW synonym of the class of its head 'brown'.	ISCCNBS:L2_007
rosy purple	en	FLOPO:0988008	purple	1	NARROW	botanical_colour_name	compound_head			compound_head_rule|components_cross_level1	3	corpus	Two-colour compound not named by ISCC-NBS; English head-final reading makes it a NARROW synonym of the head 'purple' class 'purple' (tending towards 'rosy').	ISCCNBS:L1_010
rusty yellow	en	FLOPO:0988004	yellow	1	NARROW	botanical_colour_name	compound_head			compound_head_rule|components_cross_level1	3	corpus	Two-colour compound not named by ISCC-NBS; English head-final reading makes it a NARROW synonym of the head 'yellow' class 'yellow' (tending towards 'rusty').	ISCCNBS:L1_005
salmon red	en	FLOPO:0988001	red	1	NARROW	botanical_colour_name	compound_head			compound_head_rule|components_cross_level1	3	corpus	Two-colour compound not named by ISCC-NBS; English head-final reading makes it a NARROW synonym of the head 'red' class 'red' (tending towards 'salmon').	ISCCNBS:L1_002
sepia	en	FLOPO:0988003	brown	1	RELATED	botanical_colour_name	vernacular	EVID:NIST_SP440	81 95	crosses_level1	3	botanical_terminology|corpus	Documented senses span ISCC-NBS block(s) 81 95 across level-1 categories brown, olive; no backbone class below color covers all senses, so the word is a RELATED synonym of the majority/fallback level-1 class. PDF p.181 Sense tier used: botanical (1 sense(s)); all sources give blocks 63 81 95 96.	ISCCNBS:L1_004
shining light brown	en	FLOPO:0988082	light brown	3	NARROW	botanical_colour_name	modified	EVID:NIST_SP440		degree_modifier	3	corpus	Modifier 'shining' is not an ISCC-NBS modifier for this head (or the phrase is not a level-3 name); the phrase is a NARROW synonym of the class of its head 'light brown'.	ISCCNBS:L3_057
shiny orange	en	FLOPO:0988016	orange (ISCC-NBS level 2)	2	NARROW	botanical_colour_name	modified	EVID:NIST_SP440		degree_modifier|level_homonym	3	corpus	Modifier 'shiny' is not an ISCC-NBS modifier for this head (or the phrase is not a level-3 name); the phrase is a NARROW synonym of the class of its head 'orange'.	ISCCNBS:L2_006
shiny pale brown	en	FLOPO:0988085	light grayish brown	3	NARROW	botanical_colour_name	modified	EVID:NIST_CENTROIDS		degree_modifier|b3_pale_gloss_narrow	3	corpus	Modifier 'shiny' is not an ISCC-NBS modifier for this head (or the phrase is not a level-3 name); the phrase is a RELATED synonym of the class of its head 'pale brown'. Curator decision B3 (2026-09-18): 'pale X' is EXACT only where ISCC-NBS itself names the block that way; otherwise NARROW.	ISCCNBS:L3_060
slightly brownish	en	FLOPO:0988003	brown	1	RELATED	botanical_colour_name	modified	EVID:NIST_SP440		degree_modifier	3	corpus	Modifier 'slightly' is not an ISCC-NBS modifier for this head (or the phrase is not a level-3 name); the phrase is a RELATED synonym of the class of its head 'brownish'.	ISCCNBS:L1_004
slightly orange	en	FLOPO:0988016	orange (ISCC-NBS level 2)	2	NARROW	botanical_colour_name	modified	EVID:NIST_SP440		degree_modifier|level_homonym	3	corpus	Modifier 'slightly' is not an ISCC-NBS modifier for this head (or the phrase is not a level-3 name); the phrase is a NARROW synonym of the class of its head 'orange'.	ISCCNBS:L2_006
slightly tawny	en	FLOPO:0988016	orange (ISCC-NBS level 2)	2	NARROW	botanical_colour_name	modified	EVID:NIST_SP440		degree_modifier|single_source_lifted_to_level2	3	corpus	Modifier 'slightly' is not an ISCC-NBS modifier for this head (or the phrase is not a level-3 name); the phrase is a NARROW synonym of the class of its head 'tawny'.	ISCCNBS:L2_006
somewhat brownish	en	FLOPO:0988003	brown	1	RELATED	botanical_colour_name	modified	EVID:NIST_SP440		degree_modifier	3	corpus	Modifier 'somewhat' is not an ISCC-NBS modifier for this head (or the phrase is not a level-3 name); the phrase is a RELATED synonym of the class of its head 'brownish'.	ISCCNBS:L1_004
straw brown	en	FLOPO:0988003	brown	1	NARROW	botanical_colour_name	compound_head			compound_head_rule|components_cross_level1	3	corpus	Two-colour compound not named by ISCC-NBS; English head-final reading makes it a NARROW synonym of the head 'brown' class 'brown' (tending towards 'straw').	ISCCNBS:L1_004
very dark blackish red	en	FLOPO:0988047	blackish red	3	NARROW	botanical_colour_name	modified	EVID:NIST_SP440		degree_modifier	3	corpus	Modifier 'very dark' is not an ISCC-NBS modifier for this head (or the phrase is not a level-3 name); the phrase is a NARROW synonym of the class of its head 'blackish red'.	ISCCNBS:L3_021
very pale lilac	en	FLOPO:0988008	purple	1	RELATED	botanical_colour_name	modified	EVID:NIST_SP440		crosses_level1|degree_modifier	3	corpus	Modifier 'very pale' is not an ISCC-NBS modifier for this head (or the phrase is not a level-3 name); the phrase is a RELATED synonym of the class of its head 'lilac'.	ISCCNBS:L1_010
very pale mauve	en	FLOPO:0988008	purple	1	NARROW	botanical_colour_name	modified	EVID:NIST_SP440		degree_modifier|multi_block	3	corpus	Modifier 'very pale' is not an ISCC-NBS modifier for this head (or the phrase is not a level-3 name); the phrase is a NARROW synonym of the class of its head 'mauve'.	ISCCNBS:L1_010
yellow gray	en	FLOPO:0988117	yellowish gray	3	EXACT	botanical_colour_name	iscc_variant	EVID:NIST_SP440			3	corpus	'-ish' variant of the ISCC-NBS name 'yellowish gray' (level 3).	ISCCNBS:L3_093
yellow rusty	en	FLOPO:0988002	orange	1	RELATED	botanical_colour_name	compound_head			compound_head_rule|components_cross_level1	3	corpus	Two-colour compound not named by ISCC-NBS; English head-final reading makes it a RELATED synonym of the head 'rusty' class 'orange' (tending towards 'yellow').	ISCCNBS:L1_003
yellowish buff	en	PATO:0104054	orange yellow	2	NARROW	botanical_colour_name	compound_head			compound_head_rule	3	corpus	Two-colour compound not named by ISCC-NBS; English head-final reading makes it a NARROW synonym of the head 'buff' class 'orange yellow' (tending towards 'yellowish').	ISCCNBS:L2_008
yellowish gray green	en	FLOPO:0988006	green	1	NARROW	botanical_colour_name	compound_head			compound_head_rule|components_cross_level1	3	corpus	Two-colour compound not named by ISCC-NBS; English head-final reading makes it a NARROW synonym of the head 'green' class 'green' (tending towards 'yellowish gray').	ISCCNBS:L1_008
yellowish greenish	en	FLOPO:0988006	green	1	RELATED	botanical_colour_name	compound_head			compound_head_rule|components_cross_level1	3	corpus	Two-colour compound not named by ISCC-NBS; English head-final reading makes it a RELATED synonym of the head 'greenish' class 'green' (tending towards 'yellowish').	ISCCNBS:L1_008
yellowish purple	en	FLOPO:0988008	purple	1	NARROW	botanical_colour_name	compound_head			compound_head_rule|components_cross_level1	3	corpus	Two-colour compound not named by ISCC-NBS; English head-final reading makes it a NARROW synonym of the head 'purple' class 'purple' (tending towards 'yellowish').	ISCCNBS:L1_010
yellowish silvery	en	FLOPO:0988009	white	1	RELATED	botanical_colour_name	compound_head			compound_head_rule|components_cross_level1	3	corpus	Two-colour compound not named by ISCC-NBS; English head-final reading makes it a RELATED synonym of the head 'silvery' class 'white' (tending towards 'yellowish').	ISCCNBS:L1_011
beige rosé	fr	FLOPO:0988019	yellow (ISCC-NBS level 2)	2	NARROW	botanical_colour_name	compound_head			components_cross_level1|compound_head_rule|translation	3	corpus	French 'beige rosé' read as English 'pinkish beige'. Two-colour compound not named by ISCC-NBS; English head-final reading makes it a NARROW synonym of the head 'beige' class 'yellow' (tending towards 'pinkish').	ISCCNBS:L2_010
blanc laiteux	fr	FLOPO:0988009	white	1	NARROW	botanical_colour_name	compound_head			compound_head_rule|translation	3	corpus	French 'blanc laiteux' read as English 'milky white'. Two-colour compound not named by ISCC-NBS; English head-final reading makes it a NARROW synonym of the head 'white' class 'white' (tending towards 'milky').	ISCCNBS:L1_011
blanc mauve	fr	FLOPO:0988009	white	1	NARROW	botanical_colour_name	compound_head			components_cross_level1|compound_head_rule|translation	3	corpus	French 'blanc mauve' read as English 'mauve white'. Two-colour compound not named by ISCC-NBS; English head-final reading makes it a NARROW synonym of the head 'white' class 'white' (tending towards 'mauve').	ISCCNBS:L1_011
blanc rouille	fr	FLOPO:0988009	white	1	NARROW	botanical_colour_name	compound_head			components_cross_level1|compound_head_rule|translation	3	corpus	French 'blanc rouille' read as English 'ferruginous white'. Two-colour compound not named by ISCC-NBS; English head-final reading makes it a NARROW synonym of the head 'white' class 'white' (tending towards 'ferruginous').	ISCCNBS:L1_011
blanc roux	fr	FLOPO:0988009	white	1	NARROW	botanical_colour_name	compound_head			components_cross_level1|compound_head_rule|translation	3	corpus	French 'blanc roux' read as English 'rufous white'. Two-colour compound not named by ISCC-NBS; English head-final reading makes it a NARROW synonym of the head 'white' class 'white' (tending towards 'rufous').	ISCCNBS:L1_011
bleu gris	fr	FLOPO:0988202	grayish blue	3	EXACT	botanical_colour_name	translation	EVID:NIST_SP440		translation|compound_reordered	3	corpus	French 'bleu gris' read as English 'grayish blue'. Literal ISCC-NBS name 'grayish blue' (level 3).	ISCCNBS:L3_186
bleu purpurin	fr	FLOPO:0988026	purplish blue	2	EXACT	botanical_colour_name	translation	EVID:NIST_SP440		translation|compound_reordered	3	corpus	French 'bleu purpurin' read as English 'purplish blue'. Literal ISCC-NBS name 'purplish blue' (level 2).	ISCCNBS:L2_021
brun beige	fr	FLOPO:0988003	brown	1	NARROW	botanical_colour_name	compound_head			components_cross_level1|compound_head_rule|translation	3	corpus	French 'brun beige' read as English 'beige brown'. Two-colour compound not named by ISCC-NBS; English head-final reading makes it a NARROW synonym of the head 'brown' class 'brown' (tending towards 'beige').	ISCCNBS:L1_004
brun blanchâtre	fr	FLOPO:0988017	brown (ISCC-NBS level 2)	2	NARROW	botanical_colour_name	modified	EVID:NIST_SP440		degree_modifier|level_homonym|translation	3	corpus	French 'brun blanchâtre' read as English 'whitish brown'. Modifier 'whitish' is not an ISCC-NBS modifier for this head (or the phrase is not a level-3 name); the phrase is a NARROW synonym of the class of its head 'brown'.	ISCCNBS:L2_007
brun foncé rougeâtre	fr	FLOPO:0988070	dark reddish brown	3	EXACT	botanical_colour_name	translation	EVID:NIST_SP440		translation|compound_reordered	3	corpus	French 'brun foncé rougeâtre' read as English 'dark reddish brown'. Literal ISCC-NBS name 'dark reddish brown' (level 3).	ISCCNBS:L3_044
brun ocre	fr	FLOPO:0988003	brown	1	NARROW	botanical_colour_name	compound_head			components_cross_level1|compound_head_rule|translation	3	corpus	French 'brun ocre' read as English 'ochre brown'. Two-colour compound not named by ISCC-NBS; English head-final reading makes it a NARROW synonym of the head 'brown' class 'brown' (tending towards 'ochre').	ISCCNBS:L1_004
chair blanc	fr	FLOPO:0988012	pink (ISCC-NBS level 2)	2	NARROW	botanical_colour_name	modified	EVID:NIST_SP440		degree_modifier|single_source_lifted_to_level2|translation	3	corpus	French 'chair blanc' read as English 'whitish flesh'. Modifier 'whitish' is not an ISCC-NBS modifier for this head (or the phrase is not a level-3 name); the phrase is a NARROW synonym of the class of its head 'flesh'.	ISCCNBS:L2_001
crème jaunâtre	fr	FLOPO:0988019	yellow (ISCC-NBS level 2)	2	NARROW	botanical_colour_name	compound_head			compound_head_rule|translation	3	corpus	French 'crème jaunâtre' read as English 'yellowish cream'. Two-colour compound not named by ISCC-NBS; English head-final reading makes it a NARROW synonym of the head 'cream' class 'yellow' (tending towards 'yellowish').	ISCCNBS:L2_010
doré ochracé	fr	FLOPO:0988004	yellow	1	RELATED	botanical_colour_name	compound_head			compound_head_rule|translation	3	corpus	French 'doré ochracé' read as English 'ochre golden'. Two-colour compound not named by ISCC-NBS; English head-final reading makes it a RELATED synonym of the head 'golden' class 'yellow' (tending towards 'ochre').	ISCCNBS:L1_005
grisâtre argenté	fr	FLOPO:0988010	gray	1	RELATED	botanical_colour_name	compound_head			components_cross_level1|compound_head_rule|translation	3	corpus	French 'grisâtre argenté' read as English 'silver grayish'. Two-colour compound not named by ISCC-NBS; English head-final reading makes it a RELATED synonym of the head 'grayish' class 'gray' (tending towards 'silver').	ISCCNBS:L1_012
grisâtre blanc	fr	FLOPO:0988010	gray	1	RELATED	botanical_colour_name	modified	EVID:NIST_SP440		degree_modifier|translation	3	corpus	French 'grisâtre blanc' read as English 'whitish grayish'. Modifier 'whitish' is not an ISCC-NBS modifier for this head (or the phrase is not a level-3 name); the phrase is a RELATED synonym of the class of its head 'grayish'.	ISCCNBS:L1_012
grisâtre vert	fr	FLOPO:0988010	gray	1	RELATED	botanical_colour_name	compound_head			components_cross_level1|compound_head_rule|translation	3	corpus	French 'grisâtre vert' read as English 'greenish grayish'. Two-colour compound not named by ISCC-NBS; English head-final reading makes it a RELATED synonym of the head 'grayish' class 'gray' (tending towards 'greenish').	ISCCNBS:L1_012
jaune blanc	fr	FLOPO:0988019	yellow (ISCC-NBS level 2)	2	NARROW	botanical_colour_name	modified	EVID:NIST_SP440		degree_modifier|level_homonym|translation	3	corpus	French 'jaune blanc' read as English 'whitish yellow'. Modifier 'whitish' is not an ISCC-NBS modifier for this head (or the phrase is not a level-3 name); the phrase is a NARROW synonym of the class of its head 'yellow'.	ISCCNBS:L2_010
jaune ferrugineux	fr	FLOPO:0988004	yellow	1	NARROW	botanical_colour_name	compound_head			components_cross_level1|compound_head_rule|translation	3	corpus	French 'jaune ferrugineux' read as English 'ferruginous yellow'. Two-colour compound not named by ISCC-NBS; English head-final reading makes it a NARROW synonym of the head 'yellow' class 'yellow' (tending towards 'ferruginous').	ISCCNBS:L1_005
jaune saumoné	fr	FLOPO:0988004	yellow	1	NARROW	botanical_colour_name	compound_head			components_cross_level1|compound_head_rule|translation	3	corpus	French 'jaune saumoné' read as English 'salmon yellow'. Two-colour compound not named by ISCC-NBS; English head-final reading makes it a NARROW synonym of the head 'yellow' class 'yellow' (tending towards 'salmon').	ISCCNBS:L1_005
jaunâtre brun	fr	FLOPO:0988004	yellow	1	RELATED	botanical_colour_name	compound_head			components_cross_level1|compound_head_rule|translation	3	corpus	French 'jaunâtre brun' read as English 'brownish yellowish'. Two-colour compound not named by ISCC-NBS; English head-final reading makes it a RELATED synonym of the head 'yellowish' class 'yellow' (tending towards 'brownish').	ISCCNBS:L1_005
jaunâtre vert	fr	FLOPO:0988004	yellow	1	RELATED	botanical_colour_name	compound_head			components_cross_level1|compound_head_rule|translation	3	corpus	French 'jaunâtre vert' read as English 'greenish yellowish'. Two-colour compound not named by ISCC-NBS; English head-final reading makes it a RELATED synonym of the head 'yellowish' class 'yellow' (tending towards 'greenish').	ISCCNBS:L1_005
laiteux	fr	FLOPO:0988009	white	1	RELATED	botanical_colour_name	vernacular		263	no_botanical_source_tier_other|translation	3	corpus	French 'laiteux' read as English 'milky'. Documented senses fall in ISCC-NBS block(s) 263; lowest covering backbone class is level 1 'white'. Unevidenced; curator review. Sense tier used: other (1 sense(s)); all sources give blocks 263.	ISCCNBS:L1_011
marron gris	fr	PATO:0001287	reddish brown	2	NARROW	botanical_colour_name	modified	DOI:10.1364/JOSA.39.000592|EVID:NIST_SP440|EVID:RIDGWAY_1912		degree_modifier|multi_block|translation	3	corpus	French 'marron gris' read as English 'grayish chestnut'. Modifier 'grayish' is not an ISCC-NBS modifier for this head (or the phrase is not a level-3 name); the phrase is a NARROW synonym of the class of its head 'chestnut'.	ISCCNBS:L2_005
marron jaune	fr	PATO:0001287	reddish brown	2	NARROW	botanical_colour_name	compound_head			components_cross_level1|compound_head_rule|translation	3	corpus	French 'marron jaune' read as English 'yellowish chestnut'. Two-colour compound not named by ISCC-NBS; English head-final reading makes it a NARROW synonym of the head 'chestnut' class 'reddish brown' (tending towards 'yellowish').	ISCCNBS:L2_005
noir brun	fr	FLOPO:0988090	brownish black	3	EXACT	botanical_colour_name	translation	EVID:NIST_SP440		translation|compound_reordered	3	corpus	French 'noir brun' read as English 'brownish black'. Literal ISCC-NBS name 'brownish black' (level 3).	ISCCNBS:L3_065
noir pourpre	fr	PATO:0104157	purplish black	3	EXACT	botanical_colour_name	translation	EVID:NIST_SP440		translation|compound_reordered	3	corpus	French 'noir pourpre' read as English 'purplish black'. Literal ISCC-NBS name 'purplish black' (level 3).	ISCCNBS:L3_235
ocre rouge	fr	FLOPO:0988004	yellow	1	RELATED	botanical_colour_name	compound_head			components_cross_level1|compound_head_rule|translation	3	corpus	French 'ocre rouge' read as English 'reddish ochre'. Two-colour compound not named by ISCC-NBS; English head-final reading makes it a RELATED synonym of the head 'ochre' class 'yellow' (tending towards 'reddish').	ISCCNBS:L1_005
orangé brunâtre	fr	FLOPO:0988079	brownish orange	3	EXACT	botanical_colour_name	translation	EVID:NIST_SP440		translation|compound_reordered	3	corpus	French 'orangé brunâtre' read as English 'brownish orange'. Literal ISCC-NBS name 'brownish orange' (level 3).	ISCCNBS:L3_054
orangé rouge	fr	FLOPO:0988015	reddish orange	2	EXACT	botanical_colour_name	translation	EVID:NIST_SP440		translation|compound_reordered	3	corpus	French 'orangé rouge' read as English 'reddish orange'. Literal ISCC-NBS name 'reddish orange' (level 2).	ISCCNBS:L2_004
rose chair	fr	FLOPO:0988000	pink	1	NARROW	botanical_colour_name	compound_head			compound_head_rule|translation	3	corpus	French 'rose chair' read as English 'flesh pink'. Two-colour compound not named by ISCC-NBS; English head-final reading makes it a NARROW synonym of the head 'pink' class 'pink' (tending towards 'flesh').	ISCCNBS:L1_001
rose pourpré	fr	FLOPO:0988029	purplish pink	2	EXACT	botanical_colour_name	translation	EVID:NIST_SP440		translation|compound_reordered	3	corpus	French 'rose pourpré' read as English 'purplish pink'. Literal ISCC-NBS name 'purplish pink' (level 2).	ISCCNBS:L2_025
rose saumoné	fr	FLOPO:0988000	pink	1	RELATED	botanical_colour_name	vernacular	DOI:10.1364/JOSA.39.000592|EVID:NIST_SP440|EVID:RIDGWAY_1912	28 29 31 33 52 53 71 73 89	crosses_level1|translation	3	corpus	French 'rose saumoné' read as English 'salmon pink'. Lexical equivalent of 'salmon'. Documented senses span ISCC-NBS block(s) 28 29 31 33 52 53 71 73 89 across level-1 categories orange, pink, yellow; no backbone class below color covers all senses, so the word is a RELATED synonym of the majority/fallback level-1 class. line number approximate (entry not cleanly matched in layout OCR); PDF p.179 Sense tier used: botanical (4 sense(s)); all sources give blocks 26 28 29 31 33 37 52 53 71 73 89.	ISCCNBS:L1_001
rose verdâtre	fr	FLOPO:0988000	pink	1	NARROW	botanical_colour_name	compound_head			components_cross_level1|compound_head_rule|translation	3	corpus	French 'rose verdâtre' read as English 'greenish pink'. Two-colour compound not named by ISCC-NBS; English head-final reading makes it a NARROW synonym of the head 'pink' class 'pink' (tending towards 'greenish').	ISCCNBS:L1_001
rouge fauve	fr	FLOPO:0988001	red	1	NARROW	botanical_colour_name	compound_head			components_cross_level1|compound_head_rule|translation	3	corpus	French 'rouge fauve' read as English 'fulvous red'. Two-colour compound not named by ISCC-NBS; English head-final reading makes it a NARROW synonym of the head 'red' class 'red' (tending towards 'fulvous').	ISCCNBS:L1_002
rouge jaunâtre	fr	FLOPO:0988001	red	1	NARROW	botanical_colour_name	compound_head			components_cross_level1|compound_head_rule|translation	3	corpus	French 'rouge jaunâtre' read as English 'yellowish red'. Two-colour compound not named by ISCC-NBS; English head-final reading makes it a NARROW synonym of the head 'red' class 'red' (tending towards 'yellowish').	ISCCNBS:L1_002
rouge verdâtre	fr	FLOPO:0988001	red	1	NARROW	botanical_colour_name	compound_head			components_cross_level1|compound_head_rule|translation	3	corpus	French 'rouge verdâtre' read as English 'greenish red'. Two-colour compound not named by ISCC-NBS; English head-final reading makes it a NARROW synonym of the head 'red' class 'red' (tending towards 'greenish').	ISCCNBS:L1_002
rougeâtre vert	fr	FLOPO:0988001	red	1	RELATED	botanical_colour_name	compound_head			components_cross_level1|compound_head_rule|translation	3	corpus	French 'rougeâtre vert' read as English 'greenish reddish'. Two-colour compound not named by ISCC-NBS; English head-final reading makes it a RELATED synonym of the head 'reddish' class 'red' (tending towards 'greenish').	ISCCNBS:L1_002
roux saumoné	fr	FLOPO:0988015	reddish orange	2	NARROW	botanical_colour_name	compound_head			components_cross_level1|compound_head_rule|translation	3	corpus	French 'roux saumoné' read as English 'salmon rufous'. Two-colour compound not named by ISCC-NBS; English head-final reading makes it a NARROW synonym of the head 'rufous' class 'reddish orange' (tending towards 'salmon').	ISCCNBS:L2_004
straminé rougeâtre	fr	FLOPO:0988004	yellow	1	NARROW	botanical_colour_name	compound_head			components_cross_level1|compound_head_rule|translation	3	corpus	French 'straminé rougeâtre' read as English 'reddish stramineous'. Two-colour compound not named by ISCC-NBS; English head-final reading makes it a NARROW synonym of the head 'stramineous' class 'yellow' (tending towards 'reddish').	ISCCNBS:L1_005
verdâtre jaune	fr	FLOPO:0988006	green	1	RELATED	botanical_colour_name	compound_head			components_cross_level1|compound_head_rule|translation	3	corpus	French 'verdâtre jaune' read as English 'yellowish greenish'. Two-colour compound not named by ISCC-NBS; English head-final reading makes it a RELATED synonym of the head 'greenish' class 'green' (tending towards 'yellowish').	ISCCNBS:L1_008
vert ochracé	fr	FLOPO:0988006	green	1	NARROW	botanical_colour_name	compound_head			components_cross_level1|compound_head_rule|translation	3	corpus	French 'vert ochracé' read as English 'ochre green'. Two-colour compound not named by ISCC-NBS; English head-final reading makes it a NARROW synonym of the head 'green' class 'green' (tending towards 'ochre').	ISCCNBS:L1_008
vert orangé	fr	FLOPO:0988006	green	1	NARROW	botanical_colour_name	compound_head			components_cross_level1|compound_head_rule|translation	3	corpus	French 'vert orangé' read as English 'orange green'. Two-colour compound not named by ISCC-NBS; English head-final reading makes it a NARROW synonym of the head 'green' class 'green' (tending towards 'orange').	ISCCNBS:L1_008
vert rouge	fr	FLOPO:0988006	green	1	NARROW	botanical_colour_name	compound_head			components_cross_level1|compound_head_rule|translation	3	corpus	French 'vert rouge' read as English 'reddish green'. Two-colour compound not named by ISCC-NBS; English head-final reading makes it a NARROW synonym of the head 'green' class 'green' (tending towards 'reddish').	ISCCNBS:L1_008
violet mauve	fr	FLOPO:0988027	violet	2	NARROW	botanical_colour_name	compound_head			compound_head_rule|translation	3	corpus	French 'violet mauve' read as English 'mauve violet'. Two-colour compound not named by ISCC-NBS; English head-final reading makes it a NARROW synonym of the head 'violet' class 'violet' (tending towards 'mauve').	ISCCNBS:L2_022
violet rose	fr	FLOPO:0988027	violet	2	NARROW	botanical_colour_name	compound_head			components_cross_level1|compound_head_rule|translation	3	corpus	French 'violet rose' read as English 'pinkish violet'. Two-colour compound not named by ISCC-NBS; English head-final reading makes it a NARROW synonym of the head 'violet' class 'violet' (tending towards 'pinkish').	ISCCNBS:L2_022
ashy	en	FLOPO:0988025	blue (ISCC-NBS level 2)	2	NARROW	botanical_colour_name	vernacular	EVID:NIST_SP440	190 191	multi_block	2	botanical_terminology	Lexical equivalent of 'cinereous'. Documented senses fall in ISCC-NBS block(s) 190 191; lowest covering backbone class is level 2 'blue'. PDF p.137 Sense tier used: botanical (1 sense(s)); all sources give blocks 190 191 264.	ISCCNBS:L2_020
bright reddish purple	en	PATO:0104079	reddish purple	2	NARROW	botanical_colour_name	modified	EVID:NIST_SP440		degree_modifier	2	FLOPO value label	Modifier 'bright' is not an ISCC-NBS modifier for this head (or the phrase is not a level-3 name); the phrase is a NARROW synonym of the class of its head 'reddish purple'.	ISCCNBS:L2_024
deep lilac	en	FLOPO:0988008	purple	1	RELATED	botanical_colour_name	modified	EVID:NIST_SP440		crosses_level1|degree_modifier	2	FLOPO value label	Modifier 'deep' is not an ISCC-NBS modifier for this head (or the phrase is not a level-3 name); the phrase is a RELATED synonym of the class of its head 'lilac'.	ISCCNBS:L1_010
pale creamy	en	FLOPO:0988019	yellow (ISCC-NBS level 2)	2	NARROW	botanical_colour_name	modified	EVID:NIST_SP440		degree_modifier|no_botanical_source_tier_general|single_source_lifted_to_level2	2	FLOPO value label	Modifier 'pale' is not an ISCC-NBS modifier for this head (or the phrase is not a level-3 name); the phrase is a NARROW synonym of the class of its head 'creamy'.	ISCCNBS:L2_010
bright deep blue	en	PATO:0104064	deep blue	3	NARROW	botanical_colour_name	modified	EVID:NIST_SP440		degree_modifier	1	FLOPO value label	Modifier 'bright' is not an ISCC-NBS modifier for this head (or the phrase is not a level-3 name); the phrase is a NARROW synonym of the class of its head 'deep blue'.	ISCCNBS:L3_179
bright magenta	en	FLOPO:0988001	red	1	RELATED	botanical_colour_name	modified	EVID:NIST_SP440		crosses_level1|degree_modifier	1	PATO related synonym	Modifier 'bright' is not an ISCC-NBS modifier for this head (or the phrase is not a level-3 name); the phrase is a RELATED synonym of the class of its head 'magenta'.	ISCCNBS:L1_002
canary	en	FLOPO:0988019	yellow (ISCC-NBS level 2)	2	NARROW	botanical_colour_name	vernacular	EVID:NIST_SP440	82	single_source_lifted_to_level2	1	botanical_terminology	Documented senses fall in ISCC-NBS block(s) 82; lowest covering backbone class is level 2 'yellow'. M synonyms: Capucine, Copper Yellow, Meline, Quince Yellow; no other bare 'Canary'; PDF p.135 Sense tier used: botanical (1 sense(s)); all sources give blocks 82 83 86 87 101. Only one source places the word in a single block, so it is attached to that block's level-2 class rather than to the block itself.	ISCCNBS:L2_010
chestnut red	en	FLOPO:0988001	red	1	NARROW	botanical_colour_name	compound_head			compound_head_rule|components_cross_level1	1	FLOPO value label|PATO exact synonym	Two-colour compound not named by ISCC-NBS; English head-final reading makes it a NARROW synonym of the head 'red' class 'red' (tending towards 'chestnut').	ISCCNBS:L1_002
coral	en	FLOPO:0988002	orange	1	RELATED	botanical_colour_name	vernacular	EVID:NIST_SP440	3 15 35 37	crosses_level1	1	botanical_terminology	Documented senses span ISCC-NBS block(s) 3 15 35 37 across level-1 categories orange, pink, red; no backbone class below color covers all senses, so the word is a RELATED synonym of the majority/fallback level-1 class. PDF p.139 Sense tier used: botanical (1 sense(s)); all sources give blocks 2 3 15 35 37.	ISCCNBS:L1_003
dark crimson red	en	FLOPO:0988001	red	1	NARROW	botanical_colour_name	modified			compound_head_rule|degree_modifier	1	FLOPO value label	Modifier 'dark' is not an ISCC-NBS modifier for this head (or the phrase is not a level-3 name); the phrase is a NARROW synonym of the class of its head 'crimson red'.	ISCCNBS:L1_002
dark magenta	en	FLOPO:0988001	red	1	RELATED	botanical_colour_name	modified	EVID:NIST_SP440		crosses_level1|degree_modifier	1	PATO label	Modifier 'dark' is not an ISCC-NBS modifier for this head (or the phrase is not a level-3 name); the phrase is a RELATED synonym of the class of its head 'magenta'.	ISCCNBS:L1_002
greenish gold	en	FLOPO:0988004	yellow	1	RELATED	botanical_colour_name	compound_head			compound_head_rule|components_cross_level1	1	FLOPO value label	Two-colour compound not named by ISCC-NBS; English head-final reading makes it a RELATED synonym of the head 'gold' class 'yellow' (tending towards 'greenish').	ISCCNBS:L1_005
light yellow brown	en	FLOPO:0988101	light yellowish brown	3	EXACT	botanical_colour_name	iscc_variant	EVID:NIST_SP440			1	PATO label	'-ish' variant of the ISCC-NBS name 'light yellowish brown' (level 3).	ISCCNBS:L3_076
mahogany	en	PATO:0001287	reddish brown	2	NARROW	botanical_colour_name	vernacular	DOI:10.1364/JOSA.39.000592|EVID:RIDGWAY_1912	43	single_source_lifted_to_level2	1	PATO exact synonym|botanical_terminology	Documented senses fall in ISCC-NBS block(s) 43; lowest covering backbone class is level 2 'reddish brown'. PDF p.160 Sense tier used: botanical (1 sense(s)); all sources give blocks 43. Only one source places the word in a single block, so it is attached to that block's level-2 class rather than to the block itself.	ISCCNBS:L2_005
mahogany red	en	PATO:0001287	reddish brown	2	NARROW	botanical_colour_name	vernacular	DOI:10.1364/JOSA.39.000592|EVID:RIDGWAY_1912	43	single_source_lifted_to_level2	1	FLOPO value label|PATO exact synonym|PATO label	Lexical equivalent of 'mahogany'. Documented senses fall in ISCC-NBS block(s) 43; lowest covering backbone class is level 2 'reddish brown'. PDF p.160 Sense tier used: botanical (1 sense(s)); all sources give blocks 43. Only one source places the word in a single block, so it is attached to that block's level-2 class rather than to the block itself.	ISCCNBS:L2_005
orangey	en	FLOPO:0988002	orange	1	RELATED	botanical_colour_name	ish_tendency	EVID:NIST_SP440			1	botanical_terminology	Hue-tendency adjective; ISCC-NBS uses 'orangey' only as a modifier inside compound names, so the bare word is RELATED to level-1 'orange', not a block.	ISCCNBS:L1_003
pale pinkish white	en	PATO:0104059	pinkish white	3	NARROW	botanical_colour_name	modified	EVID:NIST_SP440		degree_modifier	1	FLOPO value label	Modifier 'pale' is not an ISCC-NBS modifier for this head (or the phrase is not a level-3 name); the phrase is a NARROW synonym of the class of its head 'pinkish white'.	ISCCNBS:L3_009
pale salmon pink	en	FLOPO:0988000	pink	1	RELATED	botanical_colour_name	modified	DOI:10.1364/JOSA.39.000592|EVID:NIST_SP440|EVID:RIDGWAY_1912		crosses_level1|degree_modifier	1	FLOPO value label	Modifier 'pale' is not an ISCC-NBS modifier for this head (or the phrase is not a level-3 name); the phrase is a RELATED synonym of the class of its head 'salmon pink'.	ISCCNBS:L1_001
pink magenta	en	FLOPO:0988001	red	1	RELATED	botanical_colour_name	compound_head			compound_head_rule|components_cross_level1	1	botanical_terminology	Two-colour compound not named by ISCC-NBS; English head-final reading makes it a RELATED synonym of the head 'magenta' class 'red' (tending towards 'pink').	ISCCNBS:L1_002
rosy	en	FLOPO:0988000	pink	1	RELATED	botanical_colour_name	ish_tendency	DOI:10.1364/JOSA.39.000592|EVID:NIST_SP440|EVID:RIDGWAY_1912	1 2 3 15 26 27 237 246 247 248 249 254 255	crosses_level1	1	PATO exact synonym|botanical_terminology	Tendency form of 'rose'. Documented senses span ISCC-NBS block(s) 1 2 3 15 26 27 237 246 247 248 249 254 255 across level-1 categories pink, purple, red; no backbone class below color covers all senses, so the word is a RELATED synonym of the majority/fallback level-1 class. page 177 layout OCR garbled, entry not locatable in txt (read from PDF page 177 image); PDF p.177 Sense tier used: botanical (4 sense(s)); all sources give blocks 1 2 3 4 5 6 12 13 15 19 25 26 27 28 29 30 31 32 37 227 237 246 247 248 249 250 251 254 255 258 262.	ISCCNBS:L1_001
silvery pink	en	FLOPO:0988000	pink	1	NARROW	botanical_colour_name	compound_head			compound_head_rule|components_cross_level1	1	botanical_terminology	Two-colour compound not named by ISCC-NBS; English head-final reading makes it a NARROW synonym of the head 'pink' class 'pink' (tending towards 'silvery').	ISCCNBS:L1_001
slightly blue green	en	PATO:0104020	bluish green	2	NARROW	botanical_colour_name	modified	EVID:NIST_SP440		degree_modifier	1	FLOPO value label	Modifier 'slightly' is not an ISCC-NBS modifier for this head (or the phrase is not a level-3 name); the phrase is a NARROW synonym of the class of its head 'blue green'.	ISCCNBS:L2_018
straw yellow	en	FLOPO:0988019	yellow (ISCC-NBS level 2)	2	NARROW	botanical_colour_name	vernacular	DOI:10.1364/JOSA.39.000592|EVID:NIST_SP440|EVID:RIDGWAY_1912	83 86	multi_block	1	PATO exact synonym|PATO label	Lexical equivalent of 'straw'. Documented senses fall in ISCC-NBS block(s) 83 86; lowest covering backbone class is level 2 'yellow'. PDF p.183 Sense tier used: botanical (3 sense(s)); all sources give blocks 83 86 87 89.	ISCCNBS:L2_010
sulphur	en	FLOPO:0988004	yellow	1	NARROW	botanical_colour_name	vernacular	EVID:NIST_SP440	82 97 98 101 102 104	multi_block	1	botanical_terminology	Documented senses fall in ISCC-NBS block(s) 82 97 98 101 102 104; lowest covering backbone class is level 1 'yellow'. line number approximate (entry not cleanly matched in layout OCR); PDF p.184 Sense tier used: botanical (3 sense(s)); all sources give blocks 82 97 98 101 102 104.	ISCCNBS:L1_005
brick	en	FLOPO:0988002	orange	1	RELATED	botanical_colour_name	vernacular	EVID:NIST_SP440	35 43	crosses_level1	0	botanical_terminology	Documented senses span ISCC-NBS block(s) 35 43 across level-1 categories brown, orange; no backbone class below color covers all senses, so the word is a RELATED synonym of the majority/fallback level-1 class. PDF p.131 Sense tier used: botanical (2 sense(s)); all sources give blocks 15 16 19 35 43 46 55 58.	ISCCNBS:L1_003
bright cyan	en	FLOPO:0988006	green	1	RELATED	botanical_colour_name	modified			crosses_level1|degree_modifier|no_botanical_source_tier_other	0	PATO related synonym	Modifier 'bright' is not an ISCC-NBS modifier for this head (or the phrase is not a level-3 name); the phrase is a RELATED synonym of the class of its head 'cyan'.	ISCCNBS:L1_008
bright dark green	en	PATO:0001249	dark green	3	NARROW	botanical_colour_name	modified	EVID:NIST_SP440		degree_modifier	0	FLOPO value label	Modifier 'bright' is not an ISCC-NBS modifier for this head (or the phrase is not a level-3 name); the phrase is a NARROW synonym of the class of its head 'dark green'.	ISCCNBS:L3_146
bright lilac	en	FLOPO:0988008	purple	1	RELATED	botanical_colour_name	modified	EVID:NIST_SP440		crosses_level1|degree_modifier	0	FLOPO value label	Modifier 'bright' is not an ISCC-NBS modifier for this head (or the phrase is not a level-3 name); the phrase is a RELATED synonym of the class of its head 'lilac'.	ISCCNBS:L1_010
bright rich blue	en	FLOPO:0988025	blue (ISCC-NBS level 2)	2	NARROW	botanical_colour_name	modified	EVID:NIST_SP440		degree_modifier|level_homonym	0	FLOPO value label	Modifier 'bright' is not an ISCC-NBS modifier for this head (or the phrase is not a level-3 name); the phrase is a NARROW synonym of the class of its head 'rich blue'.	ISCCNBS:L2_020
bright sky blue	en	FLOPO:0988025	blue (ISCC-NBS level 2)	2	NARROW	botanical_colour_name	modified	EVID:NIST_SP440		degree_modifier|single_source_lifted_to_level2	0	FLOPO value label	Modifier 'bright' is not an ISCC-NBS modifier for this head (or the phrase is not a level-3 name); the phrase is a NARROW synonym of the class of its head 'sky blue'.	ISCCNBS:L2_020
bright violet	en	FLOPO:0988027	violet	2	NARROW	botanical_colour_name	modified	EVID:NIST_SP440		degree_modifier	0	PATO related synonym	Modifier 'bright' is not an ISCC-NBS modifier for this head (or the phrase is not a level-3 name); the phrase is a NARROW synonym of the class of its head 'violet'.	ISCCNBS:L2_022
brilliant deep blue	en	PATO:0104064	deep blue	3	NARROW	botanical_colour_name	modified	EVID:NIST_SP440		degree_modifier	0	FLOPO value label	Modifier 'brilliant' is not an ISCC-NBS modifier for this head (or the phrase is not a level-3 name); the phrase is a NARROW synonym of the class of its head 'deep blue'.	ISCCNBS:L3_179
brilliant deep pink	en	FLOPO:0988032	deep pink	3	NARROW	botanical_colour_name	modified	EVID:NIST_SP440		degree_modifier	0	FLOPO value label	Modifier 'brilliant' is not an ISCC-NBS modifier for this head (or the phrase is not a level-3 name); the phrase is a NARROW synonym of the class of its head 'deep pink'.	ISCCNBS:L3_003
brilliant deep red	en	PATO:0104189	deep red	3	NARROW	botanical_colour_name	modified	EVID:NIST_SP440		degree_modifier	0	FLOPO value label	Modifier 'brilliant' is not an ISCC-NBS modifier for this head (or the phrase is not a level-3 name); the phrase is a NARROW synonym of the class of its head 'deep red'.	ISCCNBS:L3_013
cyan	en	FLOPO:0988006	green	1	RELATED	botanical_colour_name	vernacular		158 159 160 161 162 163 164 165 166 167 168 169 170 171 172 173 174 175	no_botanical_source_tier_other|crosses_level1	0	PATO label|botanical_terminology	Documented senses span ISCC-NBS block(s) 158 159 160 161 162 163 164 165 166 167 168 169 170 171 172 173 174 175 across level-1 categories blue, green; no backbone class below color covers all senses, so the word is a RELATED synonym of the majority/fallback level-1 class. Unevidenced by a colour dictionary; curator review. Sense tier used: other (1 sense(s)); all sources give blocks 158 159 160 161 162 163 164 165 166 167 168 169 170 171 172 173 174 175.	ISCCNBS:L1_008
dark cyan	en	FLOPO:0988006	green	1	RELATED	botanical_colour_name	modified			crosses_level1|degree_modifier|no_botanical_source_tier_other	0	PATO label	Modifier 'dark' is not an ISCC-NBS modifier for this head (or the phrase is not a level-3 name); the phrase is a RELATED synonym of the class of its head 'cyan'.	ISCCNBS:L1_008
dark pale pink	en	FLOPO:0988035	pale pink	3	NARROW	botanical_colour_name	modified	EVID:NIST_SP440		degree_modifier	0	PATO label	Modifier 'dark' is not an ISCC-NBS modifier for this head (or the phrase is not a level-3 name); the phrase is a NARROW synonym of the class of its head 'pale pink'.	ISCCNBS:L3_007
dark yellow brown	en	FLOPO:0988103	dark yellowish brown	3	EXACT	botanical_colour_name	iscc_variant	EVID:NIST_SP440			0	PATO label	'-ish' variant of the ISCC-NBS name 'dark yellowish brown' (level 3).	ISCCNBS:L3_078
deep glowing orange	en	FLOPO:0988016	orange (ISCC-NBS level 2)	2	NARROW	botanical_colour_name	modified	EVID:NIST_SP440		degree_modifier|level_homonym	0	FLOPO value label	Modifier 'deep' is not an ISCC-NBS modifier for this head (or the phrase is not a level-3 name); the phrase is a NARROW synonym of the class of its head 'glowing orange'.	ISCCNBS:L2_006
deep maroon purple	en	FLOPO:0988008	purple	1	NARROW	botanical_colour_name	modified			components_cross_level1|compound_head_rule|degree_modifier	0	FLOPO value label	Modifier 'deep' is not an ISCC-NBS modifier for this head (or the phrase is not a level-3 name); the phrase is a NARROW synonym of the class of its head 'maroon purple'.	ISCCNBS:L1_010
desaturated blue	en	FLOPO:0988025	blue (ISCC-NBS level 2)	2	NARROW	botanical_colour_name	modified	EVID:NIST_SP440		degree_modifier|level_homonym	0	PATO label	Modifier 'desaturated' is not an ISCC-NBS modifier for this head (or the phrase is not a level-3 name); the phrase is a NARROW synonym of the class of its head 'blue'.	ISCCNBS:L2_020
desaturated brown	en	FLOPO:0988017	brown (ISCC-NBS level 2)	2	NARROW	botanical_colour_name	modified	EVID:NIST_SP440		degree_modifier|level_homonym	0	PATO label	Modifier 'desaturated' is not an ISCC-NBS modifier for this head (or the phrase is not a level-3 name); the phrase is a NARROW synonym of the class of its head 'brown'.	ISCCNBS:L2_007
desaturated cyan	en	FLOPO:0988006	green	1	RELATED	botanical_colour_name	modified			crosses_level1|degree_modifier|no_botanical_source_tier_other	0	PATO label	Modifier 'desaturated' is not an ISCC-NBS modifier for this head (or the phrase is not a level-3 name); the phrase is a RELATED synonym of the class of its head 'cyan'.	ISCCNBS:L1_008
desaturated green	en	FLOPO:0988023	green (ISCC-NBS level 2)	2	NARROW	botanical_colour_name	modified	EVID:NIST_SP440		degree_modifier|level_homonym	0	PATO label	Modifier 'desaturated' is not an ISCC-NBS modifier for this head (or the phrase is not a level-3 name); the phrase is a NARROW synonym of the class of its head 'green'.	ISCCNBS:L2_017
desaturated magenta	en	FLOPO:0988001	red	1	RELATED	botanical_colour_name	modified	EVID:NIST_SP440		crosses_level1|degree_modifier	0	PATO label	Modifier 'desaturated' is not an ISCC-NBS modifier for this head (or the phrase is not a level-3 name); the phrase is a RELATED synonym of the class of its head 'magenta'.	ISCCNBS:L1_002
desaturated orange	en	FLOPO:0988016	orange (ISCC-NBS level 2)	2	NARROW	botanical_colour_name	modified	EVID:NIST_SP440		degree_modifier|level_homonym	0	PATO label	Modifier 'desaturated' is not an ISCC-NBS modifier for this head (or the phrase is not a level-3 name); the phrase is a NARROW synonym of the class of its head 'orange'.	ISCCNBS:L2_006
desaturated purple	en	FLOPO:0988028	purple (ISCC-NBS level 2)	2	NARROW	botanical_colour_name	modified	EVID:NIST_SP440		degree_modifier|level_homonym	0	PATO label	Modifier 'desaturated' is not an ISCC-NBS modifier for this head (or the phrase is not a level-3 name); the phrase is a NARROW synonym of the class of its head 'purple'.	ISCCNBS:L2_023
desaturated red	en	FLOPO:0988013	red (ISCC-NBS level 2)	2	NARROW	botanical_colour_name	modified	EVID:NIST_SP440		degree_modifier|level_homonym	0	PATO label	Modifier 'desaturated' is not an ISCC-NBS modifier for this head (or the phrase is not a level-3 name); the phrase is a NARROW synonym of the class of its head 'red'.	ISCCNBS:L2_002
desaturated violet	en	FLOPO:0988027	violet	2	NARROW	botanical_colour_name	modified	EVID:NIST_SP440		degree_modifier	0	PATO label	Modifier 'desaturated' is not an ISCC-NBS modifier for this head (or the phrase is not a level-3 name); the phrase is a NARROW synonym of the class of its head 'violet'.	ISCCNBS:L2_022
desaturated yellow	en	FLOPO:0988019	yellow (ISCC-NBS level 2)	2	NARROW	botanical_colour_name	modified	EVID:NIST_SP440		degree_modifier|level_homonym	0	PATO label	Modifier 'desaturated' is not an ISCC-NBS modifier for this head (or the phrase is not a level-3 name); the phrase is a NARROW synonym of the class of its head 'yellow'.	ISCCNBS:L2_010
leaden	en	FLOPO:0988021	olive (ISCC-NBS level 2)	2	NARROW	botanical_colour_name	vernacular	EVID:NIST_SP440	109	no_botanical_source_tier_general|single_source_lifted_to_level2	0	botanical_terminology	Lexical equivalent of 'lead gray'. Documented senses fall in ISCC-NBS block(s) 109; lowest covering backbone class is level 2 'olive'. T synonym: Shadow Gray; PDF p.158 Sense tier used: general (1 sense(s)); all sources give blocks 22 109 266. Only one source places the word in a single block, so it is attached to that block's level-2 class rather than to the block itself.	ISCCNBS:L2_013
light cyan	en	FLOPO:0988006	green	1	RELATED	botanical_colour_name	modified			crosses_level1|degree_modifier|no_botanical_source_tier_other	0	PATO label	Modifier 'light' is not an ISCC-NBS modifier for this head (or the phrase is not a level-3 name); the phrase is a RELATED synonym of the class of its head 'cyan'.	ISCCNBS:L1_008
light deep pink	en	FLOPO:0988032	deep pink	3	NARROW	botanical_colour_name	modified	EVID:NIST_SP440		degree_modifier	0	PATO label	Modifier 'light' is not an ISCC-NBS modifier for this head (or the phrase is not a level-3 name); the phrase is a NARROW synonym of the class of its head 'deep pink'.	ISCCNBS:L3_003
light magenta	en	FLOPO:0988001	red	1	RELATED	botanical_colour_name	modified	EVID:NIST_SP440		crosses_level1|degree_modifier	0	PATO label	Modifier 'light' is not an ISCC-NBS modifier for this head (or the phrase is not a level-3 name); the phrase is a RELATED synonym of the class of its head 'magenta'.	ISCCNBS:L1_002
light scarlet	en	FLOPO:0988001	red	1	RELATED	botanical_colour_name	modified	EVID:NIST_SP440		crosses_level1|degree_modifier	0	FLOPO value label	Modifier 'light' is not an ISCC-NBS modifier for this head (or the phrase is not a level-3 name); the phrase is a RELATED synonym of the class of its head 'scarlet'.	ISCCNBS:L1_002
livid	en	FLOPO:0988008	purple	1	RELATED	botanical_colour_name	vernacular	EVID:NIST_SP440	234 266	no_botanical_source_tier_general|crosses_level1	0	botanical_terminology	Documented senses span ISCC-NBS block(s) 234 266 across level-1 categories gray, purple; no backbone class below color covers all senses, so the word is a RELATED synonym of the majority/fallback level-1 class. PDF p.159 Sense tier used: general (1 sense(s)); all sources give blocks 234 266.	ISCCNBS:L1_010
milky	en	FLOPO:0988009	white	1	RELATED	botanical_colour_name	vernacular		263	no_botanical_source_tier_other	0	botanical_terminology	Documented senses fall in ISCC-NBS block(s) 263; lowest covering backbone class is level 1 'white'. Unevidenced; curator review. Sense tier used: other (1 sense(s)); all sources give blocks 263.	ISCCNBS:L1_011
ochroleucous	en	FLOPO:0988019	yellow (ISCC-NBS level 2)	2	NARROW	botanical_colour_name	vernacular	EVID:NIST_SP440	89	no_botanical_source_tier_general|single_source_lifted_to_level2	0	botanical_terminology	Lexical equivalent of 'cream'. Documented senses fall in ISCC-NBS block(s) 89; lowest covering backbone class is level 2 'yellow'. PDF p.140 Sense tier used: general (1 sense(s)); all sources give blocks 89 90 92. Only one source places the word in a single block, so it is attached to that block's level-2 class rather than to the block itself.	ISCCNBS:L2_010
pale cyan	en	FLOPO:0988006	green	1	RELATED	botanical_colour_name	modified			crosses_level1|degree_modifier|no_botanical_source_tier_other	0	PATO exact synonym	Modifier 'pale' is not an ISCC-NBS modifier for this head (or the phrase is not a level-3 name); the phrase is a RELATED synonym of the class of its head 'cyan'.	ISCCNBS:L1_008
pale rose pink	en	FLOPO:0988000	pink	1	NARROW	botanical_colour_name	modified			compound_head_rule|degree_modifier	0	botanical_terminology	Modifier 'pale' is not an ISCC-NBS modifier for this head (or the phrase is not a level-3 name); the phrase is a NARROW synonym of the class of its head 'rose pink'.	ISCCNBS:L1_001
pale scarlet	en	FLOPO:0988001	red	1	RELATED	botanical_colour_name	modified	EVID:NIST_SP440		crosses_level1|degree_modifier	0	FLOPO value label	Modifier 'pale' is not an ISCC-NBS modifier for this head (or the phrase is not a level-3 name); the phrase is a RELATED synonym of the class of its head 'scarlet'.	ISCCNBS:L1_002
peach	en	FLOPO:0988000	pink	1	RELATED	botanical_colour_name	vernacular	EVID:NIST_SP440	28 29 52	crosses_level1	0	botanical_terminology	Documented senses span ISCC-NBS block(s) 28 29 52 across level-1 categories orange, pink; no backbone class below color covers all senses, so the word is a RELATED synonym of the majority/fallback level-1 class. PDF p.168 Sense tier used: botanical (1 sense(s)); all sources give blocks 26 28 29 52 73.	ISCCNBS:L1_001
peach bronze	en	FLOPO:0988018	yellowish brown	2	RELATED	botanical_colour_name	compound_head			compound_head_rule|components_cross_level1	0	botanical_terminology	Two-colour compound not named by ISCC-NBS; English head-final reading makes it a RELATED synonym of the head 'bronze' class 'yellowish brown' (tending towards 'peach').	ISCCNBS:L2_009
plumbeous	en	FLOPO:0988021	olive (ISCC-NBS level 2)	2	NARROW	botanical_colour_name	vernacular	EVID:NIST_SP440	109	no_botanical_source_tier_general|single_source_lifted_to_level2	0	PATO related synonym	Lexical equivalent of 'lead gray'. Documented senses fall in ISCC-NBS block(s) 109; lowest covering backbone class is level 2 'olive'. T synonym: Shadow Gray; PDF p.158 Sense tier used: general (1 sense(s)); all sources give blocks 22 109 266. Only one source places the word in a single block, so it is attached to that block's level-2 class rather than to the block itself.	ISCCNBS:L2_013
purple magenta	en	FLOPO:0988001	red	1	RELATED	botanical_colour_name	compound_head			compound_head_rule|components_cross_level1	0	botanical_terminology	Two-colour compound not named by ISCC-NBS; English head-final reading makes it a RELATED synonym of the head 'magenta' class 'red' (tending towards 'purple').	ISCCNBS:L1_002
red magenta	en	FLOPO:0988001	red	1	RELATED	botanical_colour_name	compound_head			compound_head_rule	0	botanical_terminology	Two-colour compound not named by ISCC-NBS; English head-final reading makes it a RELATED synonym of the head 'magenta' class 'red' (tending towards 'red').	ISCCNBS:L1_002
saturated blue	en	FLOPO:0988025	blue (ISCC-NBS level 2)	2	NARROW	botanical_colour_name	modified	EVID:NIST_SP440		degree_modifier|level_homonym	0	PATO label	Modifier 'saturated' is not an ISCC-NBS modifier for this head (or the phrase is not a level-3 name); the phrase is a NARROW synonym of the class of its head 'blue'.	ISCCNBS:L2_020
saturated brown	en	FLOPO:0988017	brown (ISCC-NBS level 2)	2	NARROW	botanical_colour_name	modified	EVID:NIST_SP440		degree_modifier|level_homonym	0	PATO label	Modifier 'saturated' is not an ISCC-NBS modifier for this head (or the phrase is not a level-3 name); the phrase is a NARROW synonym of the class of its head 'brown'.	ISCCNBS:L2_007
saturated cyan	en	FLOPO:0988006	green	1	RELATED	botanical_colour_name	modified			crosses_level1|degree_modifier|no_botanical_source_tier_other	0	PATO label	Modifier 'saturated' is not an ISCC-NBS modifier for this head (or the phrase is not a level-3 name); the phrase is a RELATED synonym of the class of its head 'cyan'.	ISCCNBS:L1_008
saturated green	en	FLOPO:0988023	green (ISCC-NBS level 2)	2	NARROW	botanical_colour_name	modified	EVID:NIST_SP440		degree_modifier|level_homonym	0	PATO label	Modifier 'saturated' is not an ISCC-NBS modifier for this head (or the phrase is not a level-3 name); the phrase is a NARROW synonym of the class of its head 'green'.	ISCCNBS:L2_017
saturated magenta	en	FLOPO:0988001	red	1	RELATED	botanical_colour_name	modified	EVID:NIST_SP440		crosses_level1|degree_modifier	0	PATO label	Modifier 'saturated' is not an ISCC-NBS modifier for this head (or the phrase is not a level-3 name); the phrase is a RELATED synonym of the class of its head 'magenta'.	ISCCNBS:L1_002
saturated orange	en	FLOPO:0988016	orange (ISCC-NBS level 2)	2	NARROW	botanical_colour_name	modified	EVID:NIST_SP440		degree_modifier|level_homonym	0	PATO label	Modifier 'saturated' is not an ISCC-NBS modifier for this head (or the phrase is not a level-3 name); the phrase is a NARROW synonym of the class of its head 'orange'.	ISCCNBS:L2_006
saturated purple	en	FLOPO:0988028	purple (ISCC-NBS level 2)	2	NARROW	botanical_colour_name	modified	EVID:NIST_SP440		degree_modifier|level_homonym	0	PATO label	Modifier 'saturated' is not an ISCC-NBS modifier for this head (or the phrase is not a level-3 name); the phrase is a NARROW synonym of the class of its head 'purple'.	ISCCNBS:L2_023
saturated red	en	FLOPO:0988013	red (ISCC-NBS level 2)	2	NARROW	botanical_colour_name	modified	EVID:NIST_SP440		degree_modifier|level_homonym	0	PATO label	Modifier 'saturated' is not an ISCC-NBS modifier for this head (or the phrase is not a level-3 name); the phrase is a NARROW synonym of the class of its head 'red'.	ISCCNBS:L2_002
saturated violet	en	FLOPO:0988027	violet	2	NARROW	botanical_colour_name	modified	EVID:NIST_SP440		degree_modifier	0	PATO label	Modifier 'saturated' is not an ISCC-NBS modifier for this head (or the phrase is not a level-3 name); the phrase is a NARROW synonym of the class of its head 'violet'.	ISCCNBS:L2_022
saturated yellow	en	FLOPO:0988019	yellow (ISCC-NBS level 2)	2	NARROW	botanical_colour_name	modified	EVID:NIST_SP440		degree_modifier|level_homonym	0	PATO label	Modifier 'saturated' is not an ISCC-NBS modifier for this head (or the phrase is not a level-3 name); the phrase is a NARROW synonym of the class of its head 'yellow'.	ISCCNBS:L2_010
sky blue	en	FLOPO:0988025	blue (ISCC-NBS level 2)	2	NARROW	botanical_colour_name	vernacular	EVID:NIST_SP440	181	single_source_lifted_to_level2	0	FLOPO value label	Documented senses fall in ISCC-NBS block(s) 181; lowest covering backbone class is level 2 'blue'. M synonyms: Cerulean, Ethereal Blue, Sky, Sky Colour; PDF p.181 Sense tier used: botanical (1 sense(s)); all sources give blocks 172 181 182 183 185 199. Only one source places the word in a single block, so it is attached to that block's level-2 class rather than to the block itself.	ISCCNBS:L2_020
tannish	en	FLOPO:0988016	orange (ISCC-NBS level 2)	2	NARROW	botanical_colour_name	vernacular	EVID:NIST_SP440	54	no_botanical_source_tier_general|single_source_lifted_to_level2	0	botanical_terminology	Lexical equivalent of 'tan'. Documented senses fall in ISCC-NBS block(s) 54; lowest covering backbone class is level 2 'orange'. M synonyms: Adust, Leather, Oriole; PDF p.184 Sense tier used: general (1 sense(s)); all sources give blocks 54 76 77. Only one source places the word in a single block, so it is attached to that block's level-2 class rather than to the block itself.	ISCCNBS:L2_006
very deep purplish black	en	PATO:0104157	purplish black	3	NARROW	botanical_colour_name	modified	EVID:NIST_SP440		degree_modifier	0	FLOPO value label	Modifier 'very deep' is not an ISCC-NBS modifier for this head (or the phrase is not a level-3 name); the phrase is a NARROW synonym of the class of its head 'purplish black'.	ISCCNBS:L3_235
very red	en	FLOPO:0988013	red (ISCC-NBS level 2)	2	NARROW	botanical_colour_name	modified	EVID:NIST_SP440		degree_modifier|level_homonym	0	FLOPO value label	Modifier 'very' is not an ISCC-NBS modifier for this head (or the phrase is not a level-3 name); the phrase is a NARROW synonym of the class of its head 'red'.	ISCCNBS:L2_002
whitish	en	FLOPO:0988009	white	1	RELATED	botanical_colour_name	ish_tendency	EVID:NIST_SP440			0	PATO related synonym|botanical_terminology	Hue-tendency adjective; ISCC-NBS uses 'whitish' only as a modifier inside compound names, so the bare word is RELATED to level-1 'white', not a block.	ISCCNBS:L1_011
yellow bronze	en	FLOPO:0988018	yellowish brown	2	RELATED	botanical_colour_name	compound_head			compound_head_rule|components_cross_level1	0	botanical_terminology	Two-colour compound not named by ISCC-NBS; English head-final reading makes it a RELATED synonym of the head 'bronze' class 'yellowish brown' (tending towards 'yellow').	ISCCNBS:L2_009
