flopo_id	label	entity	old_filler	old_filler_label	new_filler	new_filler_label	word_scope	action
FLOPO:0000060	petal pink	PO_0009032	PATO:0000954	pink	FLOPO:0988000	pink	EXACT	repoint filler in EquivalentTo axiom
FLOPO:0000061	petal color	PO_0009032	PATO:0000014	color	PATO:0000014	color		keep (generic colour phenotype, filler PATO:0000014 unchanged)
FLOPO:0000072	lower glume grey	PO_0006002	PATO:0000950	grey	FLOPO:0988010	gray	EXACT	repoint filler in EquivalentTo axiom
FLOPO:0000073	lower glume color	PO_0006002	PATO:0000014	color	PATO:0000014	color		keep (generic colour phenotype, filler PATO:0000014 unchanged)
FLOPO:0000075	seed yellow	PO_0009010	PATO:0000324	yellow	FLOPO:0988004	yellow	EXACT	repoint filler in EquivalentTo axiom
FLOPO:0000076	seed color	PO_0009010	PATO:0000014	color	PATO:0000014	color		keep (generic colour phenotype, filler PATO:0000014 unchanged)
FLOPO:0000146	fruit light green	PO_0009001	PATO:0001250	light green	FLOPO:0988166	light green	EXACT	repoint filler in EquivalentTo axiom
FLOPO:0000147	fruit color	PO_0009001	PATO:0000014	color	PATO:0000014	color		keep (generic colour phenotype, filler PATO:0000014 unchanged)
FLOPO:0000218	corolla pink	PO_0009059	PATO:0000954	pink	FLOPO:0988000	pink	EXACT	repoint filler in EquivalentTo axiom
FLOPO:0000219	corolla color	PO_0009059	PATO:0000014	color	PATO:0000014	color		keep (generic colour phenotype, filler PATO:0000014 unchanged)
FLOPO:0000263	keel dark blue	PO_0025327	PATO:0001244	dark blue	FLOPO:0988200	dark blue	EXACT	repoint filler in EquivalentTo axiom
FLOPO:0000264	keel color	PO_0025327	PATO:0000014	color	PATO:0000014	color		keep (generic colour phenotype, filler PATO:0000014 unchanged)
FLOPO:0000280	peristome dark purple	PO_0030042	PATO:0001259	dark purple	FLOPO:0988237	dark purple	EXACT	repoint filler in EquivalentTo axiom
FLOPO:0000281	peristome color	PO_0030042	PATO:0000014	color	PATO:0000014	color		keep (generic colour phenotype, filler PATO:0000014 unchanged)
FLOPO:0000330	inflorescence red brown	PO_0009049	PATO:0001287	red brown	PATO:0001287	reddish brown	EXACT	repoint filler in EquivalentTo axiom
FLOPO:0000331	inflorescence color	PO_0009049	PATO:0000014	color	PATO:0000014	color		keep (generic colour phenotype, filler PATO:0000014 unchanged)
FLOPO:0000411	corolla purple	PO_0009059	PATO:0000951	purple	FLOPO:0988008	purple	EXACT	repoint filler in EquivalentTo axiom
FLOPO:0000413	stem grey	PO_0009047	PATO:0000950	grey	FLOPO:0988010	gray	EXACT	repoint filler in EquivalentTo axiom
FLOPO:0000414	stem color	PO_0009047	PATO:0000014	color	PATO:0000014	color		keep (generic colour phenotype, filler PATO:0000014 unchanged)
FLOPO:0000493	corolla yellow	PO_0009059	PATO:0000324	yellow	FLOPO:0988004	yellow	EXACT	repoint filler in EquivalentTo axiom
FLOPO:0000525	corolla blue	PO_0009059	PATO:0000318	blue	FLOPO:0988007	blue	EXACT	repoint filler in EquivalentTo axiom
FLOPO:0000769	fruit brown	PO_0009001	PATO:0000952	brown	FLOPO:0988003	brown	EXACT	repoint filler in EquivalentTo axiom
FLOPO:0000797	vascular bundle purple	PO_0005020	PATO:0000951	purple	FLOPO:0988008	purple	EXACT	repoint filler in EquivalentTo axiom
FLOPO:0000798	vascular bundle color	PO_0005020	PATO:0000014	color	PATO:0000014	color		keep (generic colour phenotype, filler PATO:0000014 unchanged)
FLOPO:0000810	stem purple	PO_0009047	PATO:0000951	purple	FLOPO:0988008	purple	EXACT	repoint filler in EquivalentTo axiom
FLOPO:0000862	lamina green	PO_0025060	PATO:0000320	green	FLOPO:0988006	green	EXACT	repoint filler in EquivalentTo axiom
FLOPO:0000863	lamina color	PO_0025060	PATO:0000014	color	PATO:0000014	color		keep (generic colour phenotype, filler PATO:0000014 unchanged)
FLOPO:0000890	bark grey	PO_0004518	PATO:0000950	grey	FLOPO:0988010	gray	EXACT	repoint filler in EquivalentTo axiom
FLOPO:0000891	bark color	PO_0004518	PATO:0000014	color	PATO:0000014	color		keep (generic colour phenotype, filler PATO:0000014 unchanged)
FLOPO:0000905	corolla white	PO_0009059	PATO:0000323	white	FLOPO:0988009	white	EXACT	repoint filler in EquivalentTo axiom
FLOPO:0000920	lamina pink	PO_0025060	PATO:0000954	pink	FLOPO:0988000	pink	EXACT	repoint filler in EquivalentTo axiom
FLOPO:0000930	bark brown	PO_0004518	PATO:0000952	brown	FLOPO:0988003	brown	EXACT	repoint filler in EquivalentTo axiom
FLOPO:0000954	bud pink	PO_0000055	PATO:0000954	pink	FLOPO:0988000	pink	EXACT	repoint filler in EquivalentTo axiom
FLOPO:0000955	bud color	PO_0000055	PATO:0000014	color	PATO:0000014	color		keep (generic colour phenotype, filler PATO:0000014 unchanged)
FLOPO:0000985	bud yellow	PO_0000055	PATO:0000324	yellow	FLOPO:0988004	yellow	EXACT	repoint filler in EquivalentTo axiom
FLOPO:0001010	lamina grey	PO_0025060	PATO:0000950	grey	FLOPO:0988010	gray	EXACT	repoint filler in EquivalentTo axiom
FLOPO:0001063	fruit yellow	PO_0009001	PATO:0000324	yellow	FLOPO:0988004	yellow	EXACT	repoint filler in EquivalentTo axiom
FLOPO:0001079	bark ochre	PO_0004518	PATO:0001945	ochre	FLOPO:0988004	yellow	RELATED	keep ID; replace EquivalentTo by SubClassOf(has_part some (E and has_quality some TARGET)); keep old PATO filler until PATO obsoletes it
FLOPO:0001089	corolla lilac	PO_0009059	PATO:0001943	lilac	FLOPO:0988008	purple	RELATED	keep ID; replace EquivalentTo by SubClassOf(has_part some (E and has_quality some TARGET)); keep old PATO filler until PATO obsoletes it
FLOPO:0001125	pappus white	PO_0025393	PATO:0000323	white	FLOPO:0988009	white	EXACT	repoint filler in EquivalentTo axiom
FLOPO:0001126	pappus color	PO_0025393	PATO:0000014	color	PATO:0000014	color		keep (generic colour phenotype, filler PATO:0000014 unchanged)
FLOPO:0001202	shoot apex purple	PO_0000037	PATO:0000951	purple	FLOPO:0988008	purple	EXACT	repoint filler in EquivalentTo axiom
FLOPO:0001203	shoot apex color	PO_0000037	PATO:0000014	color	PATO:0000014	color		keep (generic colour phenotype, filler PATO:0000014 unchanged)
FLOPO:0001210	fruit white	PO_0009001	PATO:0000323	white	FLOPO:0988009	white	EXACT	repoint filler in EquivalentTo axiom
FLOPO:0001218	rhizome brown	PO_0004542	PATO:0000952	brown	FLOPO:0988003	brown	EXACT	repoint filler in EquivalentTo axiom
FLOPO:0001219	rhizome color	PO_0004542	PATO:0000014	color	PATO:0000014	color		keep (generic colour phenotype, filler PATO:0000014 unchanged)
FLOPO:0001220	flower purple	PO_0009046	PATO:0000951	purple	FLOPO:0988008	purple	EXACT	repoint filler in EquivalentTo axiom
FLOPO:0001221	flower color	PO_0009046	PATO:0000014	color	PATO:0000014	color		keep (generic colour phenotype, filler PATO:0000014 unchanged)
FLOPO:0001226	bud green	PO_0000055	PATO:0000320	green	FLOPO:0988006	green	EXACT	repoint filler in EquivalentTo axiom
FLOPO:0001235	stereome brown	PO_0030050	PATO:0000952	brown	FLOPO:0988003	brown	EXACT	repoint filler in EquivalentTo axiom
FLOPO:0001236	stereome color	PO_0030050	PATO:0000014	color	PATO:0000014	color		keep (generic colour phenotype, filler PATO:0000014 unchanged)
FLOPO:0001240	style red	PO_0009074	PATO:0000322	red	FLOPO:0988001	red	EXACT	repoint filler in EquivalentTo axiom
FLOPO:0001241	style color	PO_0009074	PATO:0000014	color	PATO:0000014	color		keep (generic colour phenotype, filler PATO:0000014 unchanged)
FLOPO:0001253	aril white	PO_0009090	PATO:0000323	white	FLOPO:0988009	white	EXACT	repoint filler in EquivalentTo axiom
FLOPO:0001254	aril color	PO_0009090	PATO:0000014	color	PATO:0000014	color		keep (generic colour phenotype, filler PATO:0000014 unchanged)
FLOPO:0001327	style white	PO_0009074	PATO:0000323	white	FLOPO:0988009	white	EXACT	repoint filler in EquivalentTo axiom
FLOPO:0001352	corolla orange	PO_0009059	PATO:0000953	orange	FLOPO:0988002	orange	EXACT	repoint filler in EquivalentTo axiom
FLOPO:0001387	fruit red	PO_0009001	PATO:0000322	red	FLOPO:0988001	red	EXACT	repoint filler in EquivalentTo axiom
FLOPO:0001402	bract pink	PO_0009055	PATO:0000954	pink	FLOPO:0988000	pink	EXACT	repoint filler in EquivalentTo axiom
FLOPO:0001403	bract color	PO_0009055	PATO:0000014	color	PATO:0000014	color		keep (generic colour phenotype, filler PATO:0000014 unchanged)
FLOPO:0001440	peristome purple	PO_0030042	PATO:0000951	purple	FLOPO:0988008	purple	EXACT	repoint filler in EquivalentTo axiom
FLOPO:0001479	stereome yellow	PO_0030050	PATO:0000324	yellow	FLOPO:0988004	yellow	EXACT	repoint filler in EquivalentTo axiom
FLOPO:0001533	leaf yellow	PO_0025034	PATO:0000324	yellow	FLOPO:0988004	yellow	EXACT	repoint filler in EquivalentTo axiom
FLOPO:0001534	leaf color	PO_0025034	PATO:0000014	color	PATO:0000014	color		keep (generic colour phenotype, filler PATO:0000014 unchanged)
FLOPO:0001555	fruit green	PO_0009001	PATO:0000320	green	FLOPO:0988006	green	EXACT	repoint filler in EquivalentTo axiom
FLOPO:0001618	corolla red	PO_0009059	PATO:0000322	red	FLOPO:0988001	red	EXACT	repoint filler in EquivalentTo axiom
FLOPO:0001640	corolla violet	PO_0009059	PATO:0001424	violet	FLOPO:0988027	violet	EXACT	repoint filler in EquivalentTo axiom
FLOPO:0001659	flower pink	PO_0009046	PATO:0000954	pink	FLOPO:0988000	pink	EXACT	repoint filler in EquivalentTo axiom
FLOPO:0001683	stamen orange	PO_0009029	PATO:0000953	orange	FLOPO:0988002	orange	EXACT	repoint filler in EquivalentTo axiom
FLOPO:0001684	stamen color	PO_0009029	PATO:0000014	color	PATO:0000014	color		keep (generic colour phenotype, filler PATO:0000014 unchanged)
FLOPO:0001718	calyx brown	PO_0009060	PATO:0000952	brown	FLOPO:0988003	brown	EXACT	repoint filler in EquivalentTo axiom
FLOPO:0001719	calyx color	PO_0009060	PATO:0000014	color	PATO:0000014	color		keep (generic colour phenotype, filler PATO:0000014 unchanged)
FLOPO:0001722	flower white	PO_0009046	PATO:0000323	white	FLOPO:0988009	white	EXACT	repoint filler in EquivalentTo axiom
FLOPO:0001760	lamina brown	PO_0025060	PATO:0000952	brown	FLOPO:0988003	brown	EXACT	repoint filler in EquivalentTo axiom
FLOPO:0001764	aril yellow	PO_0009090	PATO:0000324	yellow	FLOPO:0988004	yellow	EXACT	repoint filler in EquivalentTo axiom
FLOPO:0001777	seed purple	PO_0009010	PATO:0000951	purple	FLOPO:0988008	purple	EXACT	repoint filler in EquivalentTo axiom
FLOPO:0001781	seta green	PO_0030032	PATO:0000320	green	FLOPO:0988006	green	EXACT	repoint filler in EquivalentTo axiom
FLOPO:0001782	seta color	PO_0030032	PATO:0000014	color	PATO:0000014	color		keep (generic colour phenotype, filler PATO:0000014 unchanged)
FLOPO:0001798	bark yellow	PO_0004518	PATO:0000324	yellow	FLOPO:0988004	yellow	EXACT	repoint filler in EquivalentTo axiom
FLOPO:0001799	aril brown	PO_0009090	PATO:0000952	brown	FLOPO:0988003	brown	EXACT	repoint filler in EquivalentTo axiom
FLOPO:0001816	peristome red	PO_0030042	PATO:0000322	red	FLOPO:0988001	red	EXACT	repoint filler in EquivalentTo axiom
FLOPO:0001837	perianth white	PO_0009058	PATO:0000323	white	FLOPO:0988009	white	EXACT	repoint filler in EquivalentTo axiom
FLOPO:0001838	perianth color	PO_0009058	PATO:0000014	color	PATO:0000014	color		keep (generic colour phenotype, filler PATO:0000014 unchanged)
FLOPO:0001843	calyx dark red	PO_0009060	PATO:0001261	dark red	FLOPO:0988042	dark red	EXACT	repoint filler in EquivalentTo axiom
FLOPO:0001858	corolla black	PO_0009059	PATO:0000317	black	FLOPO:0988011	black	EXACT	repoint filler in EquivalentTo axiom
FLOPO:0001920	involucre green	PO_0009100	PATO:0000320	green	FLOPO:0988006	green	EXACT	repoint filler in EquivalentTo axiom
FLOPO:0001921	involucre color	PO_0009100	PATO:0000014	color	PATO:0000014	color		keep (generic colour phenotype, filler PATO:0000014 unchanged)
FLOPO:0001941	whole plant purple	PO_0000003	PATO:0000951	purple	FLOPO:0988008	purple	EXACT	repoint filler in EquivalentTo axiom
FLOPO:0001942	whole plant color	PO_0000003	PATO:0000014	color	PATO:0000014	color		keep (generic colour phenotype, filler PATO:0000014 unchanged)
FLOPO:0001955	seed green	PO_0009010	PATO:0000320	green	FLOPO:0988006	green	EXACT	repoint filler in EquivalentTo axiom
FLOPO:0001974	bud grey	PO_0000055	PATO:0000950	grey	FLOPO:0988010	gray	EXACT	repoint filler in EquivalentTo axiom
FLOPO:0001977	stem pink	PO_0009047	PATO:0000954	pink	FLOPO:0988000	pink	EXACT	repoint filler in EquivalentTo axiom
FLOPO:0001989	leaf purple	PO_0025034	PATO:0000951	purple	FLOPO:0988008	purple	EXACT	repoint filler in EquivalentTo axiom
FLOPO:0001992	awn white	PO_0025349	PATO:0000323	white	FLOPO:0988009	white	EXACT	repoint filler in EquivalentTo axiom
FLOPO:0001993	awn color	PO_0025349	PATO:0000014	color	PATO:0000014	color		keep (generic colour phenotype, filler PATO:0000014 unchanged)
FLOPO:0002072	calyx white	PO_0009060	PATO:0000323	white	FLOPO:0988009	white	EXACT	repoint filler in EquivalentTo axiom
FLOPO:0002075	pericarp white	PO_0009084	PATO:0000323	white	FLOPO:0988009	white	EXACT	repoint filler in EquivalentTo axiom
FLOPO:0002076	pericarp color	PO_0009084	PATO:0000014	color	PATO:0000014	color		keep (generic colour phenotype, filler PATO:0000014 unchanged)
FLOPO:0002085	leaf green	PO_0025034	PATO:0000320	green	FLOPO:0988006	green	EXACT	repoint filler in EquivalentTo axiom
FLOPO:0002096	bark green	PO_0004518	PATO:0000320	green	FLOPO:0988006	green	EXACT	repoint filler in EquivalentTo axiom
FLOPO:0002108	corolla pale pink	PO_0009059	PATO:0002020	pale pink	FLOPO:0988035	pale pink	EXACT	repoint filler in EquivalentTo axiom
FLOPO:0002111	stem white	PO_0009047	PATO:0000323	white	FLOPO:0988009	white	EXACT	repoint filler in EquivalentTo axiom
FLOPO:0002124	axil green	PO_0025224	PATO:0000320	green	FLOPO:0988006	green	EXACT	repoint filler in EquivalentTo axiom
FLOPO:0002125	axil color	PO_0025224	PATO:0000014	color	PATO:0000014	color		keep (generic colour phenotype, filler PATO:0000014 unchanged)
FLOPO:0002144	fruit grey	PO_0009001	PATO:0000950	grey	FLOPO:0988010	gray	EXACT	repoint filler in EquivalentTo axiom
FLOPO:0002163	aril orange	PO_0009090	PATO:0000953	orange	FLOPO:0988002	orange	EXACT	repoint filler in EquivalentTo axiom
FLOPO:0002194	corolla brown	PO_0009059	PATO:0000952	brown	FLOPO:0988003	brown	EXACT	repoint filler in EquivalentTo axiom
FLOPO:0002204	rhizome grey	PO_0004542	PATO:0000950	grey	FLOPO:0988010	gray	EXACT	repoint filler in EquivalentTo axiom
FLOPO:0002257	calyx yellow	PO_0009060	PATO:0000324	yellow	FLOPO:0988004	yellow	EXACT	repoint filler in EquivalentTo axiom
FLOPO:0002260	fruit purple	PO_0009001	PATO:0000951	purple	FLOPO:0988008	purple	EXACT	repoint filler in EquivalentTo axiom
FLOPO:0002281	keel green	PO_0025327	PATO:0000320	green	FLOPO:0988006	green	EXACT	repoint filler in EquivalentTo axiom
FLOPO:0002297	sepal pink	PO_0009031	PATO:0000954	pink	FLOPO:0988000	pink	EXACT	repoint filler in EquivalentTo axiom
FLOPO:0002298	sepal color	PO_0009031	PATO:0000014	color	PATO:0000014	color		keep (generic colour phenotype, filler PATO:0000014 unchanged)
FLOPO:0002306	stem red	PO_0009047	PATO:0000322	red	FLOPO:0988001	red	EXACT	repoint filler in EquivalentTo axiom
FLOPO:0002325	bark black	PO_0004518	PATO:0000317	black	FLOPO:0988011	black	EXACT	repoint filler in EquivalentTo axiom
FLOPO:0002346	pedicel green	PO_0009052	PATO:0000320	green	FLOPO:0988006	green	EXACT	repoint filler in EquivalentTo axiom
FLOPO:0002347	pedicel color	PO_0009052	PATO:0000014	color	PATO:0000014	color		keep (generic colour phenotype, filler PATO:0000014 unchanged)
FLOPO:0002349	sapwood white	PO_0004513	PATO:0000323	white	FLOPO:0988009	white	EXACT	repoint filler in EquivalentTo axiom
FLOPO:0002350	sapwood color	PO_0004513	PATO:0000014	color	PATO:0000014	color		keep (generic colour phenotype, filler PATO:0000014 unchanged)
FLOPO:0002394	flower dark blue	PO_0009046	PATO:0001244	dark blue	FLOPO:0988200	dark blue	EXACT	repoint filler in EquivalentTo axiom
FLOPO:0002454	stem brown	PO_0009047	PATO:0000952	brown	FLOPO:0988003	brown	EXACT	repoint filler in EquivalentTo axiom
FLOPO:0002463	lamina black	PO_0025060	PATO:0000317	black	FLOPO:0988011	black	EXACT	repoint filler in EquivalentTo axiom
FLOPO:0002466	stamen dark red	PO_0009029	PATO:0001261	dark red	FLOPO:0988042	dark red	EXACT	repoint filler in EquivalentTo axiom
FLOPO:0002488	corm grey	PO_0025355	PATO:0000950	grey	FLOPO:0988010	gray	EXACT	repoint filler in EquivalentTo axiom
FLOPO:0002489	corm color	PO_0025355	PATO:0000014	color	PATO:0000014	color		keep (generic colour phenotype, filler PATO:0000014 unchanged)
FLOPO:0002495	bud white	PO_0000055	PATO:0000323	white	FLOPO:0988009	white	EXACT	repoint filler in EquivalentTo axiom
FLOPO:0002497	calyx red	PO_0009060	PATO:0000322	red	FLOPO:0988001	red	EXACT	repoint filler in EquivalentTo axiom
FLOPO:0002544	peduncle brown	PO_0009053	PATO:0000952	brown	FLOPO:0988003	brown	EXACT	repoint filler in EquivalentTo axiom
FLOPO:0002545	peduncle color	PO_0009053	PATO:0000014	color	PATO:0000014	color		keep (generic colour phenotype, filler PATO:0000014 unchanged)
FLOPO:0002612	keel yellow	PO_0025327	PATO:0000324	yellow	FLOPO:0988004	yellow	EXACT	repoint filler in EquivalentTo axiom
FLOPO:0002642	style brown	PO_0009074	PATO:0000952	brown	FLOPO:0988003	brown	EXACT	repoint filler in EquivalentTo axiom
FLOPO:0002648	style green	PO_0009074	PATO:0000320	green	FLOPO:0988006	green	EXACT	repoint filler in EquivalentTo axiom
FLOPO:0002672	fruit dark purple	PO_0009001	PATO:0001259	dark purple	FLOPO:0988237	dark purple	EXACT	repoint filler in EquivalentTo axiom
FLOPO:0002677	petal purple	PO_0009032	PATO:0000951	purple	FLOPO:0988008	purple	EXACT	repoint filler in EquivalentTo axiom
FLOPO:0002678	fruit pink	PO_0009001	PATO:0000954	pink	FLOPO:0988000	pink	EXACT	repoint filler in EquivalentTo axiom
FLOPO:0002689	fruit black	PO_0009001	PATO:0000317	black	FLOPO:0988011	black	EXACT	repoint filler in EquivalentTo axiom
FLOPO:0002725	bract white	PO_0009055	PATO:0000323	white	FLOPO:0988009	white	EXACT	repoint filler in EquivalentTo axiom
FLOPO:0002736	stereome pink	PO_0030050	PATO:0000954	pink	FLOPO:0988000	pink	EXACT	repoint filler in EquivalentTo axiom
FLOPO:0002750	corolla green	PO_0009059	PATO:0000320	green	FLOPO:0988006	green	EXACT	repoint filler in EquivalentTo axiom
FLOPO:0002795	endocarp yellow	PO_0009086	PATO:0000324	yellow	FLOPO:0988004	yellow	EXACT	repoint filler in EquivalentTo axiom
FLOPO:0002796	endocarp color	PO_0009086	PATO:0000014	color	PATO:0000014	color		keep (generic colour phenotype, filler PATO:0000014 unchanged)
FLOPO:0002797	stalk green	PO_0025066	PATO:0000320	green	FLOPO:0988006	green	EXACT	repoint filler in EquivalentTo axiom
FLOPO:0002798	stalk color	PO_0025066	PATO:0000014	color	PATO:0000014	color		keep (generic colour phenotype, filler PATO:0000014 unchanged)
FLOPO:0002819	hilum black	PO_0020063	PATO:0000317	black	FLOPO:0988011	black	EXACT	repoint filler in EquivalentTo axiom
FLOPO:0002820	hilum color	PO_0020063	PATO:0000014	color	PATO:0000014	color		keep (generic colour phenotype, filler PATO:0000014 unchanged)
FLOPO:0002836	keel brown	PO_0025327	PATO:0000952	brown	FLOPO:0988003	brown	EXACT	repoint filler in EquivalentTo axiom
FLOPO:0002871	hilum green	PO_0020063	PATO:0000320	green	FLOPO:0988006	green	EXACT	repoint filler in EquivalentTo axiom
FLOPO:0002880	rhizome purple	PO_0004542	PATO:0000951	purple	FLOPO:0988008	purple	EXACT	repoint filler in EquivalentTo axiom
FLOPO:0002899	testa purple	PO_0020057	PATO:0000951	purple	FLOPO:0988008	purple	EXACT	repoint filler in EquivalentTo axiom
FLOPO:0002900	testa color	PO_0020057	PATO:0000014	color	PATO:0000014	color		keep (generic colour phenotype, filler PATO:0000014 unchanged)
FLOPO:0002924	fruit brown green	PO_0009001	PATO:0001942	brown green	FLOPO:0988006	green	NARROW	keep ID; replace EquivalentTo by SubClassOf(has_part some (E and has_quality some TARGET)); keep old PATO filler until PATO obsoletes it
FLOPO:0002962	seed brown	PO_0009010	PATO:0000952	brown	FLOPO:0988003	brown	EXACT	repoint filler in EquivalentTo axiom
FLOPO:0002963	keel grey	PO_0025327	PATO:0000950	grey	FLOPO:0988010	gray	EXACT	repoint filler in EquivalentTo axiom
FLOPO:0002964	rhizome white	PO_0004542	PATO:0000323	white	FLOPO:0988009	white	EXACT	repoint filler in EquivalentTo axiom
FLOPO:0003054	peristome green	PO_0030042	PATO:0000320	green	FLOPO:0988006	green	EXACT	repoint filler in EquivalentTo axiom
FLOPO:0003064	root tip purple	PO_0000025	PATO:0000951	purple	FLOPO:0988008	purple	EXACT	repoint filler in EquivalentTo axiom
FLOPO:0003065	root tip color	PO_0000025	PATO:0000014	color	PATO:0000014	color		keep (generic colour phenotype, filler PATO:0000014 unchanged)
FLOPO:0003080	bark white	PO_0004518	PATO:0000323	white	FLOPO:0988009	white	EXACT	repoint filler in EquivalentTo axiom
FLOPO:0003107	bark orange	PO_0004518	PATO:0000953	orange	FLOPO:0988002	orange	EXACT	repoint filler in EquivalentTo axiom
FLOPO:0003161	petiole red	PO_0020038	PATO:0000322	red	FLOPO:0988001	red	EXACT	repoint filler in EquivalentTo axiom
FLOPO:0003162	petiole color	PO_0020038	PATO:0000014	color	PATO:0000014	color		keep (generic colour phenotype, filler PATO:0000014 unchanged)
FLOPO:0003187	calyx grey	PO_0009060	PATO:0000950	grey	FLOPO:0988010	gray	EXACT	repoint filler in EquivalentTo axiom
FLOPO:0003233	stem green	PO_0009047	PATO:0000320	green	FLOPO:0988006	green	EXACT	repoint filler in EquivalentTo axiom
FLOPO:0003252	sapwood red	PO_0004513	PATO:0000322	red	FLOPO:0988001	red	EXACT	repoint filler in EquivalentTo axiom
FLOPO:0003253	sapwood brown	PO_0004513	PATO:0000952	brown	FLOPO:0988003	brown	EXACT	repoint filler in EquivalentTo axiom
FLOPO:0003282	infructescence brown	PO_0006342	PATO:0000952	brown	FLOPO:0988003	brown	EXACT	repoint filler in EquivalentTo axiom
FLOPO:0003283	infructescence color	PO_0006342	PATO:0000014	color	PATO:0000014	color		keep (generic colour phenotype, filler PATO:0000014 unchanged)
FLOPO:0003337	pollen yellow	PO_0025281	PATO:0000324	yellow	FLOPO:0988004	yellow	EXACT	repoint filler in EquivalentTo axiom
FLOPO:0003338	pollen color	PO_0025281	PATO:0000014	color	PATO:0000014	color		keep (generic colour phenotype, filler PATO:0000014 unchanged)
FLOPO:0003351	connective black	PO_0009068	PATO:0000317	black	FLOPO:0988011	black	EXACT	repoint filler in EquivalentTo axiom
FLOPO:0003352	connective color	PO_0009068	PATO:0000014	color	PATO:0000014	color		keep (generic colour phenotype, filler PATO:0000014 unchanged)
FLOPO:0003381	leaf dark red	PO_0025034	PATO:0001261	dark red	FLOPO:0988042	dark red	EXACT	repoint filler in EquivalentTo axiom
FLOPO:0003391	leaf brown	PO_0025034	PATO:0000952	brown	FLOPO:0988003	brown	EXACT	repoint filler in EquivalentTo axiom
FLOPO:0003400	caruncle orange	PO_0020060	PATO:0000953	orange	FLOPO:0988002	orange	EXACT	repoint filler in EquivalentTo axiom
FLOPO:0003401	caruncle color	PO_0020060	PATO:0000014	color	PATO:0000014	color		keep (generic colour phenotype, filler PATO:0000014 unchanged)
FLOPO:0003409	petiole grey	PO_0020038	PATO:0000950	grey	FLOPO:0988010	gray	EXACT	repoint filler in EquivalentTo axiom
FLOPO:0003476	stigma yellow	PO_0009073	PATO:0000324	yellow	FLOPO:0988004	yellow	EXACT	repoint filler in EquivalentTo axiom
FLOPO:0003477	stigma color	PO_0009073	PATO:0000014	color	PATO:0000014	color		keep (generic colour phenotype, filler PATO:0000014 unchanged)
FLOPO:0003478	bark pink	PO_0004518	PATO:0000954	pink	FLOPO:0988000	pink	EXACT	repoint filler in EquivalentTo axiom
FLOPO:0003504	stigma blue	PO_0009073	PATO:0000318	blue	FLOPO:0988007	blue	EXACT	repoint filler in EquivalentTo axiom
FLOPO:0003508	papilla cell purple	PO_0025166	PATO:0000951	purple	FLOPO:0988008	purple	EXACT	repoint filler in EquivalentTo axiom
FLOPO:0003509	papilla cell color	PO_0025166	PATO:0000014	color	PATO:0000014	color		keep (generic colour phenotype, filler PATO:0000014 unchanged)
FLOPO:0003515	lamina dark brown	PO_0025060	PATO:0001245	dark brown	FLOPO:0988084	dark brown	EXACT	repoint filler in EquivalentTo axiom
FLOPO:0003544	pistillode yellow	PO_0009078	PATO:0000324	yellow	FLOPO:0988004	yellow	EXACT	repoint filler in EquivalentTo axiom
FLOPO:0003545	pistillode color	PO_0009078	PATO:0000014	color	PATO:0000014	color		keep (generic colour phenotype, filler PATO:0000014 unchanged)
FLOPO:0003613	petiole green	PO_0020038	PATO:0000320	green	FLOPO:0988006	green	EXACT	repoint filler in EquivalentTo axiom
FLOPO:0003634	perianth brown	PO_0009058	PATO:0000952	brown	FLOPO:0988003	brown	EXACT	repoint filler in EquivalentTo axiom
FLOPO:0003638	endocarp red	PO_0009086	PATO:0000322	red	FLOPO:0988001	red	EXACT	repoint filler in EquivalentTo axiom
FLOPO:0003646	style purple	PO_0009074	PATO:0000951	purple	FLOPO:0988008	purple	EXACT	repoint filler in EquivalentTo axiom
FLOPO:0003652	costa brown	PO_0030072	PATO:0000952	brown	FLOPO:0988003	brown	EXACT	repoint filler in EquivalentTo axiom
FLOPO:0003653	costa color	PO_0030072	PATO:0000014	color	PATO:0000014	color		keep (generic colour phenotype, filler PATO:0000014 unchanged)
FLOPO:0003675	petiole brown	PO_0020038	PATO:0000952	brown	FLOPO:0988003	brown	EXACT	repoint filler in EquivalentTo axiom
FLOPO:0003745	fruit blue	PO_0009001	PATO:0000318	blue	FLOPO:0988007	blue	EXACT	repoint filler in EquivalentTo axiom
FLOPO:0003885	lamina white	PO_0025060	PATO:0000323	white	FLOPO:0988009	white	EXACT	repoint filler in EquivalentTo axiom
FLOPO:0003906	exotesta dark grey	PO_0006050	PATO:0001251	dark grey	FLOPO:0988275	dark gray	EXACT	repoint filler in EquivalentTo axiom
FLOPO:0003907	exotesta color	PO_0006050	PATO:0000014	color	PATO:0000014	color		keep (generic colour phenotype, filler PATO:0000014 unchanged)
FLOPO:0003923	fruit orange	PO_0009001	PATO:0000953	orange	FLOPO:0988002	orange	EXACT	repoint filler in EquivalentTo axiom
FLOPO:0003942	calyx black	PO_0009060	PATO:0000317	black	FLOPO:0988011	black	EXACT	repoint filler in EquivalentTo axiom
FLOPO:0003971	lemma white	PO_0009037	PATO:0000323	white	FLOPO:0988009	white	EXACT	repoint filler in EquivalentTo axiom
FLOPO:0003972	lemma color	PO_0009037	PATO:0000014	color	PATO:0000014	color		keep (generic colour phenotype, filler PATO:0000014 unchanged)
FLOPO:0003974	leaf white	PO_0025034	PATO:0000323	white	FLOPO:0988009	white	EXACT	repoint filler in EquivalentTo axiom
FLOPO:0003988	perianth red	PO_0009058	PATO:0000322	red	FLOPO:0988001	red	EXACT	repoint filler in EquivalentTo axiom
FLOPO:0004007	anther green	PO_0009066	PATO:0000320	green	FLOPO:0988006	green	EXACT	repoint filler in EquivalentTo axiom
FLOPO:0004008	anther color	PO_0009066	PATO:0000014	color	PATO:0000014	color		keep (generic colour phenotype, filler PATO:0000014 unchanged)
FLOPO:0004063	stigma brown	PO_0009073	PATO:0000952	brown	FLOPO:0988003	brown	EXACT	repoint filler in EquivalentTo axiom
FLOPO:0004071	testa brown	PO_0020057	PATO:0000952	brown	FLOPO:0988003	brown	EXACT	repoint filler in EquivalentTo axiom
FLOPO:0004112	exocarp red	PO_0009085	PATO:0000322	red	FLOPO:0988001	red	EXACT	repoint filler in EquivalentTo axiom
FLOPO:0004113	exocarp color	PO_0009085	PATO:0000014	color	PATO:0000014	color		keep (generic colour phenotype, filler PATO:0000014 unchanged)
FLOPO:0004141	testa yellow	PO_0020057	PATO:0000324	yellow	FLOPO:0988004	yellow	EXACT	repoint filler in EquivalentTo axiom
FLOPO:0004148	flower green	PO_0009046	PATO:0000320	green	FLOPO:0988006	green	EXACT	repoint filler in EquivalentTo axiom
FLOPO:0004178	receptacle white	PO_0009064	PATO:0000323	white	FLOPO:0988009	white	EXACT	repoint filler in EquivalentTo axiom
FLOPO:0004179	receptacle color	PO_0009064	PATO:0000014	color	PATO:0000014	color		keep (generic colour phenotype, filler PATO:0000014 unchanged)
FLOPO:0004192	caruncle brown	PO_0020060	PATO:0000952	brown	FLOPO:0988003	brown	EXACT	repoint filler in EquivalentTo axiom
FLOPO:0004221	rhizome dark brown	PO_0004542	PATO:0001245	dark brown	FLOPO:0988084	dark brown	EXACT	repoint filler in EquivalentTo axiom
FLOPO:0004232	petiole white	PO_0020038	PATO:0000323	white	FLOPO:0988009	white	EXACT	repoint filler in EquivalentTo axiom
FLOPO:0004246	testa dark brown	PO_0020057	PATO:0001245	dark brown	FLOPO:0988084	dark brown	EXACT	repoint filler in EquivalentTo axiom
FLOPO:0004259	bud black	PO_0000055	PATO:0000317	black	FLOPO:0988011	black	EXACT	repoint filler in EquivalentTo axiom
FLOPO:0004260	style dark red	PO_0009074	PATO:0001261	dark red	FLOPO:0988042	dark red	EXACT	repoint filler in EquivalentTo axiom
FLOPO:0004274	bark light brown	PO_0004518	PATO:0001246	light brown	FLOPO:0988082	light brown	EXACT	repoint filler in EquivalentTo axiom
FLOPO:0004302	epidermis brown	PO_0005679	PATO:0000952	brown	FLOPO:0988003	brown	EXACT	repoint filler in EquivalentTo axiom
FLOPO:0004303	epidermis color	PO_0005679	PATO:0000014	color	PATO:0000014	color		keep (generic colour phenotype, filler PATO:0000014 unchanged)
FLOPO:0004307	peduncle white	PO_0009053	PATO:0000323	white	FLOPO:0988009	white	EXACT	repoint filler in EquivalentTo axiom
FLOPO:0004323	flower ochre	PO_0009046	PATO:0001945	ochre	FLOPO:0988004	yellow	RELATED	keep ID; replace EquivalentTo by SubClassOf(has_part some (E and has_quality some TARGET)); keep old PATO filler until PATO obsoletes it
FLOPO:0004431	bud red	PO_0000055	PATO:0000322	red	FLOPO:0988001	red	EXACT	repoint filler in EquivalentTo axiom
FLOPO:0004463	pedicel white	PO_0009052	PATO:0000323	white	FLOPO:0988009	white	EXACT	repoint filler in EquivalentTo axiom
FLOPO:0004464	bud purple	PO_0000055	PATO:0000951	purple	FLOPO:0988008	purple	EXACT	repoint filler in EquivalentTo axiom
FLOPO:0004508	bud brown	PO_0000055	PATO:0000952	brown	FLOPO:0988003	brown	EXACT	repoint filler in EquivalentTo axiom
FLOPO:0004521	seed coat orange	PO_0009088	PATO:0000953	orange	FLOPO:0988002	orange	EXACT	repoint filler in EquivalentTo axiom
FLOPO:0004522	seed coat color	PO_0009088	PATO:0000014	color	PATO:0000014	color		keep (generic colour phenotype, filler PATO:0000014 unchanged)
FLOPO:0004539	infructescence dark brown	PO_0006342	PATO:0001245	dark brown	FLOPO:0988084	dark brown	EXACT	repoint filler in EquivalentTo axiom
FLOPO:0004544	testa black	PO_0020057	PATO:0000317	black	FLOPO:0988011	black	EXACT	repoint filler in EquivalentTo axiom
FLOPO:0004572	carpel black	PO_0009030	PATO:0000317	black	FLOPO:0988011	black	EXACT	repoint filler in EquivalentTo axiom
FLOPO:0004573	carpel color	PO_0009030	PATO:0000014	color	PATO:0000014	color		keep (generic colour phenotype, filler PATO:0000014 unchanged)
FLOPO:0004583	sepal purple	PO_0009031	PATO:0000951	purple	FLOPO:0988008	purple	EXACT	repoint filler in EquivalentTo axiom
FLOPO:0004585	pedicel brown	PO_0009052	PATO:0000952	brown	FLOPO:0988003	brown	EXACT	repoint filler in EquivalentTo axiom
FLOPO:0004598	bark dark brown	PO_0004518	PATO:0001245	dark brown	FLOPO:0988084	dark brown	EXACT	repoint filler in EquivalentTo axiom
FLOPO:0004608	inflorescence axis white	PO_0020122	PATO:0000323	white	FLOPO:0988009	white	EXACT	repoint filler in EquivalentTo axiom
FLOPO:0004609	inflorescence axis color	PO_0020122	PATO:0000014	color	PATO:0000014	color		keep (generic colour phenotype, filler PATO:0000014 unchanged)
FLOPO:0004641	leaflet brown	PO_0020049	PATO:0000952	brown	FLOPO:0988003	brown	EXACT	repoint filler in EquivalentTo axiom
FLOPO:0004642	leaflet color	PO_0020049	PATO:0000014	color	PATO:0000014	color		keep (generic colour phenotype, filler PATO:0000014 unchanged)
FLOPO:0004653	endotesta grey	PO_0006051	PATO:0000950	grey	FLOPO:0988010	gray	EXACT	repoint filler in EquivalentTo axiom
FLOPO:0004654	endotesta color	PO_0006051	PATO:0000014	color	PATO:0000014	color		keep (generic colour phenotype, filler PATO:0000014 unchanged)
FLOPO:0004673	peristome yellow	PO_0030042	PATO:0000324	yellow	FLOPO:0988004	yellow	EXACT	repoint filler in EquivalentTo axiom
FLOPO:0004682	receptacle orange	PO_0009064	PATO:0000953	orange	FLOPO:0988002	orange	EXACT	repoint filler in EquivalentTo axiom
FLOPO:0004686	style dark brown	PO_0009074	PATO:0001245	dark brown	FLOPO:0988084	dark brown	EXACT	repoint filler in EquivalentTo axiom
FLOPO:0004732	epidermis yellow	PO_0005679	PATO:0000324	yellow	FLOPO:0988004	yellow	EXACT	repoint filler in EquivalentTo axiom
FLOPO:0004737	perianth dark red	PO_0009058	PATO:0001261	dark red	FLOPO:0988042	dark red	EXACT	repoint filler in EquivalentTo axiom
FLOPO:0004755	inflorescence grey	PO_0009049	PATO:0000950	grey	FLOPO:0988010	gray	EXACT	repoint filler in EquivalentTo axiom
FLOPO:0004775	perianth yellow	PO_0009058	PATO:0000324	yellow	FLOPO:0988004	yellow	EXACT	repoint filler in EquivalentTo axiom
FLOPO:0004786	lemma purple	PO_0009037	PATO:0000951	purple	FLOPO:0988008	purple	EXACT	repoint filler in EquivalentTo axiom
FLOPO:0004791	hilum red	PO_0020063	PATO:0000322	red	FLOPO:0988001	red	EXACT	repoint filler in EquivalentTo axiom
FLOPO:0004800	mesocarp brown	PO_0009087	PATO:0000952	brown	FLOPO:0988003	brown	EXACT	repoint filler in EquivalentTo axiom
FLOPO:0004801	mesocarp color	PO_0009087	PATO:0000014	color	PATO:0000014	color		keep (generic colour phenotype, filler PATO:0000014 unchanged)
FLOPO:0004809	testa red	PO_0020057	PATO:0000322	red	FLOPO:0988001	red	EXACT	repoint filler in EquivalentTo axiom
FLOPO:0004825	fruit yellow green	PO_0009001	PATO:0001941	yellow green	PATO:0001941	yellow green	EXACT	repoint filler in EquivalentTo axiom
FLOPO:0004896	anther violet	PO_0009066	PATO:0001424	violet	FLOPO:0988027	violet	EXACT	repoint filler in EquivalentTo axiom
FLOPO:0004911	corolla dark purple	PO_0009059	PATO:0001259	dark purple	FLOPO:0988237	dark purple	EXACT	repoint filler in EquivalentTo axiom
FLOPO:0004916	pappus brown	PO_0025393	PATO:0000952	brown	FLOPO:0988003	brown	EXACT	repoint filler in EquivalentTo axiom
FLOPO:0004927	leaf dark green	PO_0025034	PATO:0001249	dark green	PATO:0001249	dark green	EXACT	repoint filler in EquivalentTo axiom
FLOPO:0004930	exotesta grey	PO_0006050	PATO:0000950	grey	FLOPO:0988010	gray	EXACT	repoint filler in EquivalentTo axiom
FLOPO:0004976	flower yellow	PO_0009046	PATO:0000324	yellow	FLOPO:0988004	yellow	EXACT	repoint filler in EquivalentTo axiom
FLOPO:0004997	valve red	PO_0025228	PATO:0000322	red	FLOPO:0988001	red	EXACT	repoint filler in EquivalentTo axiom
FLOPO:0004998	valve color	PO_0025228	PATO:0000014	color	PATO:0000014	color		keep (generic colour phenotype, filler PATO:0000014 unchanged)
FLOPO:0005005	epidermis white	PO_0005679	PATO:0000323	white	FLOPO:0988009	white	EXACT	repoint filler in EquivalentTo axiom
FLOPO:0005011	peduncle purple	PO_0009053	PATO:0000951	purple	FLOPO:0988008	purple	EXACT	repoint filler in EquivalentTo axiom
FLOPO:0005019	tepal purple	PO_0009033	PATO:0000951	purple	FLOPO:0988008	purple	EXACT	repoint filler in EquivalentTo axiom
FLOPO:0005020	tepal color	PO_0009033	PATO:0000014	color	PATO:0000014	color		keep (generic colour phenotype, filler PATO:0000014 unchanged)
FLOPO:0005021	keel white	PO_0025327	PATO:0000323	white	FLOPO:0988009	white	EXACT	repoint filler in EquivalentTo axiom
FLOPO:0005024	sepal black	PO_0009031	PATO:0000317	black	FLOPO:0988011	black	EXACT	repoint filler in EquivalentTo axiom
FLOPO:0005036	caruncle grey	PO_0020060	PATO:0000950	grey	FLOPO:0988010	gray	EXACT	repoint filler in EquivalentTo axiom
FLOPO:0005041	lemma green	PO_0009037	PATO:0000320	green	FLOPO:0988006	green	EXACT	repoint filler in EquivalentTo axiom
FLOPO:0005068	seed coat brown	PO_0009088	PATO:0000952	brown	FLOPO:0988003	brown	EXACT	repoint filler in EquivalentTo axiom
FLOPO:0005074	locule black	PO_0025263	PATO:0000317	black	FLOPO:0988011	black	EXACT	repoint filler in EquivalentTo axiom
FLOPO:0005075	locule color	PO_0025263	PATO:0000014	color	PATO:0000014	color		keep (generic colour phenotype, filler PATO:0000014 unchanged)
FLOPO:0005092	leaf dark grey	PO_0025034	PATO:0001251	dark grey	FLOPO:0988275	dark gray	EXACT	repoint filler in EquivalentTo axiom
FLOPO:0005113	corolla maroon	PO_0009059	PATO:0001426	maroon	FLOPO:0988001	red	RELATED	keep ID; replace EquivalentTo by SubClassOf(has_part some (E and has_quality some TARGET)); keep old PATO filler until PATO obsoletes it
FLOPO:0005114	axil red	PO_0025224	PATO:0000322	red	FLOPO:0988001	red	EXACT	repoint filler in EquivalentTo axiom
FLOPO:0005144	pollen black	PO_0025281	PATO:0000317	black	FLOPO:0988011	black	EXACT	repoint filler in EquivalentTo axiom
FLOPO:0005151	leaflet orange	PO_0020049	PATO:0000953	orange	FLOPO:0988002	orange	EXACT	repoint filler in EquivalentTo axiom
FLOPO:0005169	rhizome light brown	PO_0004542	PATO:0001246	light brown	FLOPO:0988082	light brown	EXACT	repoint filler in EquivalentTo axiom
FLOPO:0005204	anther yellow	PO_0009066	PATO:0000324	yellow	FLOPO:0988004	yellow	EXACT	repoint filler in EquivalentTo axiom
FLOPO:0005279	fruit light brown	PO_0009001	PATO:0001246	light brown	FLOPO:0988082	light brown	EXACT	repoint filler in EquivalentTo axiom
FLOPO:0005290	lenticel dark brown	PO_0000031	PATO:0001245	dark brown	FLOPO:0988084	dark brown	EXACT	repoint filler in EquivalentTo axiom
FLOPO:0005291	lenticel color	PO_0000031	PATO:0000014	color	PATO:0000014	color		keep (generic colour phenotype, filler PATO:0000014 unchanged)
FLOPO:0005295	hypanthium deep pink	PO_0009065	PATO:0001258	deep pink	FLOPO:0988032	deep pink	EXACT	repoint filler in EquivalentTo axiom
FLOPO:0005296	hypanthium color	PO_0009065	PATO:0000014	color	PATO:0000014	color		keep (generic colour phenotype, filler PATO:0000014 unchanged)
FLOPO:0005306	mesocarp red	PO_0009087	PATO:0000322	red	FLOPO:0988001	red	EXACT	repoint filler in EquivalentTo axiom
FLOPO:0005344	involucre white	PO_0009100	PATO:0000323	white	FLOPO:0988009	white	EXACT	repoint filler in EquivalentTo axiom
FLOPO:0005373	inflorescence white	PO_0009049	PATO:0000323	white	FLOPO:0988009	white	EXACT	repoint filler in EquivalentTo axiom
FLOPO:0005412	bud orange	PO_0000055	PATO:0000953	orange	FLOPO:0988002	orange	EXACT	repoint filler in EquivalentTo axiom
FLOPO:0005419	calyx dark brown	PO_0009060	PATO:0001245	dark brown	FLOPO:0988084	dark brown	EXACT	repoint filler in EquivalentTo axiom
FLOPO:0005425	bark red	PO_0004518	PATO:0000322	red	FLOPO:0988001	red	EXACT	repoint filler in EquivalentTo axiom
FLOPO:0005445	exocarp brown	PO_0009085	PATO:0000952	brown	FLOPO:0988003	brown	EXACT	repoint filler in EquivalentTo axiom
FLOPO:0005453	stem dark green	PO_0009047	PATO:0001249	dark green	PATO:0001249	dark green	EXACT	repoint filler in EquivalentTo axiom
FLOPO:0005458	calyx blue	PO_0009060	PATO:0000318	blue	FLOPO:0988007	blue	EXACT	repoint filler in EquivalentTo axiom
FLOPO:0005474	leaf red	PO_0025034	PATO:0000322	red	FLOPO:0988001	red	EXACT	repoint filler in EquivalentTo axiom
FLOPO:0005481	ovary wall brown	PO_0005022	PATO:0000952	brown	FLOPO:0988003	brown	EXACT	repoint filler in EquivalentTo axiom
FLOPO:0005482	ovary wall color	PO_0005022	PATO:0000014	color	PATO:0000014	color		keep (generic colour phenotype, filler PATO:0000014 unchanged)
FLOPO:0005512	style yellow	PO_0009074	PATO:0000324	yellow	FLOPO:0988004	yellow	EXACT	repoint filler in EquivalentTo axiom
FLOPO:0005528	perianth dark purple	PO_0009058	PATO:0001259	dark purple	FLOPO:0988237	dark purple	EXACT	repoint filler in EquivalentTo axiom
FLOPO:0005543	rhizome orange	PO_0004542	PATO:0000953	orange	FLOPO:0988002	orange	EXACT	repoint filler in EquivalentTo axiom
FLOPO:0005547	seed white	PO_0009010	PATO:0000323	white	FLOPO:0988009	white	EXACT	repoint filler in EquivalentTo axiom
FLOPO:0005577	collective phyllome structure purple	PO_0025023	PATO:0000951	purple	FLOPO:0988008	purple	EXACT	repoint filler in EquivalentTo axiom
FLOPO:0005578	collective phyllome structure color	PO_0025023	PATO:0000014	color	PATO:0000014	color		keep (generic colour phenotype, filler PATO:0000014 unchanged)
FLOPO:0005598	root-borne shoot system purple	PO_0004544	PATO:0000951	purple	FLOPO:0988008	purple	EXACT	repoint filler in EquivalentTo axiom
FLOPO:0005599	root-borne shoot system color	PO_0004544	PATO:0000014	color	PATO:0000014	color		keep (generic colour phenotype, filler PATO:0000014 unchanged)
FLOPO:0005603	stereome white	PO_0030050	PATO:0000323	white	FLOPO:0988009	white	EXACT	repoint filler in EquivalentTo axiom
FLOPO:0005614	axillary bud white	PO_0004709	PATO:0000323	white	FLOPO:0988009	white	EXACT	repoint filler in EquivalentTo axiom
FLOPO:0005615	axillary bud color	PO_0004709	PATO:0000014	color	PATO:0000014	color		keep (generic colour phenotype, filler PATO:0000014 unchanged)
FLOPO:0005644	testa grey	PO_0020057	PATO:0000950	grey	FLOPO:0988010	gray	EXACT	repoint filler in EquivalentTo axiom
FLOPO:0005661	sapwood yellow	PO_0004513	PATO:0000324	yellow	FLOPO:0988004	yellow	EXACT	repoint filler in EquivalentTo axiom
FLOPO:0005670	bract green	PO_0009055	PATO:0000320	green	FLOPO:0988006	green	EXACT	repoint filler in EquivalentTo axiom
FLOPO:0005674	petal green	PO_0009032	PATO:0000320	green	FLOPO:0988006	green	EXACT	repoint filler in EquivalentTo axiom
FLOPO:0005706	hilum purple	PO_0020063	PATO:0000951	purple	FLOPO:0988008	purple	EXACT	repoint filler in EquivalentTo axiom
FLOPO:0005710	inflorescence brown	PO_0009049	PATO:0000952	brown	FLOPO:0988003	brown	EXACT	repoint filler in EquivalentTo axiom
FLOPO:0005722	receptacle yellow	PO_0009064	PATO:0000324	yellow	FLOPO:0988004	yellow	EXACT	repoint filler in EquivalentTo axiom
FLOPO:0005724	caruncle yellow	PO_0020060	PATO:0000324	yellow	FLOPO:0988004	yellow	EXACT	repoint filler in EquivalentTo axiom
FLOPO:0005727	stalk dark brown	PO_0025066	PATO:0001245	dark brown	FLOPO:0988084	dark brown	EXACT	repoint filler in EquivalentTo axiom
FLOPO:0005770	tuber orange	PO_0025522	PATO:0000953	orange	FLOPO:0988002	orange	EXACT	repoint filler in EquivalentTo axiom
FLOPO:0005771	tuber color	PO_0025522	PATO:0000014	color	PATO:0000014	color		keep (generic colour phenotype, filler PATO:0000014 unchanged)
FLOPO:0005786	perianth pink	PO_0009058	PATO:0000954	pink	FLOPO:0988000	pink	EXACT	repoint filler in EquivalentTo axiom
FLOPO:0005799	petiolule green	PO_0020050	PATO:0000320	green	FLOPO:0988006	green	EXACT	repoint filler in EquivalentTo axiom
FLOPO:0005800	petiolule color	PO_0020050	PATO:0000014	color	PATO:0000014	color		keep (generic colour phenotype, filler PATO:0000014 unchanged)
FLOPO:0005803	ligule dark yellow	PO_0020105	PATO:0001263	dark yellow	FLOPO:0988112	dark yellow	EXACT	repoint filler in EquivalentTo axiom
FLOPO:0005804	ligule color	PO_0020105	PATO:0000014	color	PATO:0000014	color		keep (generic colour phenotype, filler PATO:0000014 unchanged)
FLOPO:0005834	costa red brown	PO_0030072	PATO:0001287	red brown	PATO:0001287	reddish brown	EXACT	repoint filler in EquivalentTo axiom
FLOPO:0005862	bract yellow	PO_0009055	PATO:0000324	yellow	FLOPO:0988004	yellow	EXACT	repoint filler in EquivalentTo axiom
FLOPO:0005900	sapwood pink	PO_0004513	PATO:0000954	pink	FLOPO:0988000	pink	EXACT	repoint filler in EquivalentTo axiom
FLOPO:0005908	perianth green	PO_0009058	PATO:0000320	green	FLOPO:0988006	green	EXACT	repoint filler in EquivalentTo axiom
FLOPO:0005927	pollen violet	PO_0025281	PATO:0001424	violet	FLOPO:0988027	violet	EXACT	repoint filler in EquivalentTo axiom
FLOPO:0006045	androecium red	PO_0009061	PATO:0000322	red	FLOPO:0988001	red	EXACT	repoint filler in EquivalentTo axiom
FLOPO:0006046	androecium color	PO_0009061	PATO:0000014	color	PATO:0000014	color		keep (generic colour phenotype, filler PATO:0000014 unchanged)
FLOPO:0006115	petal pale pink	PO_0009032	PATO:0002020	pale pink	FLOPO:0988035	pale pink	EXACT	repoint filler in EquivalentTo axiom
FLOPO:0006118	bark dark grey	PO_0004518	PATO:0001251	dark grey	FLOPO:0988275	dark gray	EXACT	repoint filler in EquivalentTo axiom
FLOPO:0006127	calyx purple	PO_0009060	PATO:0000951	purple	FLOPO:0988008	purple	EXACT	repoint filler in EquivalentTo axiom
FLOPO:0006191	ligule red	PO_0020105	PATO:0000322	red	FLOPO:0988001	red	EXACT	repoint filler in EquivalentTo axiom
FLOPO:0006219	calyx pink	PO_0009060	PATO:0000954	pink	FLOPO:0988000	pink	EXACT	repoint filler in EquivalentTo axiom
FLOPO:0006234	lamina dark green	PO_0025060	PATO:0001249	dark green	PATO:0001249	dark green	EXACT	repoint filler in EquivalentTo axiom
FLOPO:0006241	fruit dark green	PO_0009001	PATO:0001249	dark green	PATO:0001249	dark green	EXACT	repoint filler in EquivalentTo axiom
FLOPO:0006253	keel purple	PO_0025327	PATO:0000951	purple	FLOPO:0988008	purple	EXACT	repoint filler in EquivalentTo axiom
FLOPO:0006268	stigma purple	PO_0009073	PATO:0000951	purple	FLOPO:0988008	purple	EXACT	repoint filler in EquivalentTo axiom
FLOPO:0006269	petiole purple	PO_0020038	PATO:0000951	purple	FLOPO:0988008	purple	EXACT	repoint filler in EquivalentTo axiom
FLOPO:0006283	leaf yellow green	PO_0025034	PATO:0001941	yellow green	PATO:0001941	yellow green	EXACT	repoint filler in EquivalentTo axiom
FLOPO:0006397	sepal green	PO_0009031	PATO:0000320	green	FLOPO:0988006	green	EXACT	repoint filler in EquivalentTo axiom
FLOPO:0006401	valve light green	PO_0025228	PATO:0001250	light green	FLOPO:0988166	light green	EXACT	repoint filler in EquivalentTo axiom
FLOPO:0006418	epidermis dark brown	PO_0005679	PATO:0001245	dark brown	FLOPO:0988084	dark brown	EXACT	repoint filler in EquivalentTo axiom
FLOPO:0006449	leaf base green	PO_0020040	PATO:0000320	green	FLOPO:0988006	green	EXACT	repoint filler in EquivalentTo axiom
FLOPO:0006450	leaf base color	PO_0020040	PATO:0000014	color	PATO:0000014	color		keep (generic colour phenotype, filler PATO:0000014 unchanged)
FLOPO:0006458	corm red	PO_0025355	PATO:0000322	red	FLOPO:0988001	red	EXACT	repoint filler in EquivalentTo axiom
FLOPO:0006572	inflorescence pink	PO_0009049	PATO:0000954	pink	FLOPO:0988000	pink	EXACT	repoint filler in EquivalentTo axiom
FLOPO:0006615	endosperm brown	PO_0009089	PATO:0000952	brown	FLOPO:0988003	brown	EXACT	repoint filler in EquivalentTo axiom
FLOPO:0006616	endosperm color	PO_0009089	PATO:0000014	color	PATO:0000014	color		keep (generic colour phenotype, filler PATO:0000014 unchanged)
FLOPO:0006622	aril red	PO_0009090	PATO:0000322	red	FLOPO:0988001	red	EXACT	repoint filler in EquivalentTo axiom
FLOPO:0006631	pericarp green	PO_0009084	PATO:0000320	green	FLOPO:0988006	green	EXACT	repoint filler in EquivalentTo axiom
FLOPO:0006633	bract purple	PO_0009055	PATO:0000951	purple	FLOPO:0988008	purple	EXACT	repoint filler in EquivalentTo axiom
FLOPO:0006680	lower glume light brown	PO_0006002	PATO:0001246	light brown	FLOPO:0988082	light brown	EXACT	repoint filler in EquivalentTo axiom
FLOPO:0006696	seed black	PO_0009010	PATO:0000317	black	FLOPO:0988011	black	EXACT	repoint filler in EquivalentTo axiom
FLOPO:0006729	keel red	PO_0025327	PATO:0000322	red	FLOPO:0988001	red	EXACT	repoint filler in EquivalentTo axiom
FLOPO:0006816	stigma green	PO_0009073	PATO:0000320	green	FLOPO:0988006	green	EXACT	repoint filler in EquivalentTo axiom
FLOPO:0006817	tubercle white	PO_0025352	PATO:0000323	white	FLOPO:0988009	white	EXACT	repoint filler in EquivalentTo axiom
FLOPO:0006818	tubercle color	PO_0025352	PATO:0000014	color	PATO:0000014	color		keep (generic colour phenotype, filler PATO:0000014 unchanged)
FLOPO:0006828	leaf grey	PO_0025034	PATO:0000950	grey	FLOPO:0988010	gray	EXACT	repoint filler in EquivalentTo axiom
FLOPO:0006830	pedicel grey	PO_0009052	PATO:0000950	grey	FLOPO:0988010	gray	EXACT	repoint filler in EquivalentTo axiom
FLOPO:0006851	leaf axil red	PO_0009023	PATO:0000322	red	FLOPO:0988001	red	EXACT	repoint filler in EquivalentTo axiom
FLOPO:0006852	leaf axil color	PO_0009023	PATO:0000014	color	PATO:0000014	color		keep (generic colour phenotype, filler PATO:0000014 unchanged)
FLOPO:0006881	seed yellow brown	PO_0009010	PATO:0002411	yellow brown	FLOPO:0988018	yellowish brown	EXACT	repoint filler in EquivalentTo axiom
FLOPO:0006900	androecium dark brown	PO_0009061	PATO:0001245	dark brown	FLOPO:0988084	dark brown	EXACT	repoint filler in EquivalentTo axiom
FLOPO:0006904	cambium orange	PO_0005597	PATO:0000953	orange	FLOPO:0988002	orange	EXACT	repoint filler in EquivalentTo axiom
FLOPO:0006905	cambium color	PO_0005597	PATO:0000014	color	PATO:0000014	color		keep (generic colour phenotype, filler PATO:0000014 unchanged)
FLOPO:0006915	bract brown	PO_0009055	PATO:0000952	brown	FLOPO:0988003	brown	EXACT	repoint filler in EquivalentTo axiom
FLOPO:0006916	filament yellow	PO_0009067	PATO:0000324	yellow	FLOPO:0988004	yellow	EXACT	repoint filler in EquivalentTo axiom
FLOPO:0006917	filament color	PO_0009067	PATO:0000014	color	PATO:0000014	color		keep (generic colour phenotype, filler PATO:0000014 unchanged)
FLOPO:0006918	style blue	PO_0009074	PATO:0000318	blue	FLOPO:0988007	blue	EXACT	repoint filler in EquivalentTo axiom
FLOPO:0006923	sepal white	PO_0009031	PATO:0000323	white	FLOPO:0988009	white	EXACT	repoint filler in EquivalentTo axiom
FLOPO:0006947	exocarp green	PO_0009085	PATO:0000320	green	FLOPO:0988006	green	EXACT	repoint filler in EquivalentTo axiom
FLOPO:0006960	pericarp yellow	PO_0009084	PATO:0000324	yellow	FLOPO:0988004	yellow	EXACT	repoint filler in EquivalentTo axiom
FLOPO:0006962	bud pale pink	PO_0000055	PATO:0002020	pale pink	FLOPO:0988035	pale pink	EXACT	repoint filler in EquivalentTo axiom
FLOPO:0006975	perianth purple	PO_0009058	PATO:0000951	purple	FLOPO:0988008	purple	EXACT	repoint filler in EquivalentTo axiom
FLOPO:0007020	calyx red brown	PO_0009060	PATO:0001287	red brown	PATO:0001287	reddish brown	EXACT	repoint filler in EquivalentTo axiom
FLOPO:0007063	bract dark green	PO_0009055	PATO:0001249	dark green	PATO:0001249	dark green	EXACT	repoint filler in EquivalentTo axiom
FLOPO:0007065	perianth blue	PO_0009058	PATO:0000318	blue	FLOPO:0988007	blue	EXACT	repoint filler in EquivalentTo axiom
FLOPO:0007095	stamen green	PO_0009029	PATO:0000320	green	FLOPO:0988006	green	EXACT	repoint filler in EquivalentTo axiom
FLOPO:0007104	epidermis red	PO_0005679	PATO:0000322	red	FLOPO:0988001	red	EXACT	repoint filler in EquivalentTo axiom
FLOPO:0007162	caruncle white	PO_0020060	PATO:0000323	white	FLOPO:0988009	white	EXACT	repoint filler in EquivalentTo axiom
FLOPO:0007179	infructescence red	PO_0006342	PATO:0000322	red	FLOPO:0988001	red	EXACT	repoint filler in EquivalentTo axiom
FLOPO:0007252	calyx orange	PO_0009060	PATO:0000953	orange	FLOPO:0988002	orange	EXACT	repoint filler in EquivalentTo axiom
FLOPO:0007257	bark blue	PO_0004518	PATO:0000318	blue	FLOPO:0988007	blue	EXACT	repoint filler in EquivalentTo axiom
FLOPO:0007281	glume white	PO_0009039	PATO:0000323	white	FLOPO:0988009	white	EXACT	repoint filler in EquivalentTo axiom
FLOPO:0007282	glume color	PO_0009039	PATO:0000014	color	PATO:0000014	color		keep (generic colour phenotype, filler PATO:0000014 unchanged)
FLOPO:0007361	lower glume brown	PO_0006002	PATO:0000952	brown	FLOPO:0988003	brown	EXACT	repoint filler in EquivalentTo axiom
FLOPO:0007389	leaf lamina green	PO_0020039	PATO:0000320	green	FLOPO:0988006	green	EXACT	repoint filler in EquivalentTo axiom
FLOPO:0007390	leaf lamina color	PO_0020039	PATO:0000014	color	PATO:0000014	color		keep (generic colour phenotype, filler PATO:0000014 unchanged)
FLOPO:0007408	axil pale pink	PO_0025224	PATO:0002020	pale pink	FLOPO:0988035	pale pink	EXACT	repoint filler in EquivalentTo axiom
FLOPO:0007409	caruncle black	PO_0020060	PATO:0000317	black	FLOPO:0988011	black	EXACT	repoint filler in EquivalentTo axiom
FLOPO:0007464	petiole dark brown	PO_0020038	PATO:0001245	dark brown	FLOPO:0988084	dark brown	EXACT	repoint filler in EquivalentTo axiom
FLOPO:0007467	branch purple	PO_0025073	PATO:0000951	purple	FLOPO:0988008	purple	EXACT	repoint filler in EquivalentTo axiom
FLOPO:0007468	branch color	PO_0025073	PATO:0000014	color	PATO:0000014	color		keep (generic colour phenotype, filler PATO:0000014 unchanged)
FLOPO:0007487	inflorescence bronze	PO_0009049	PATO:0002363	bronze	FLOPO:0988018	yellowish brown	RELATED	keep ID; replace EquivalentTo by SubClassOf(has_part some (E and has_quality some TARGET)); keep old PATO filler until PATO obsoletes it
FLOPO:0007506	inflorescence green	PO_0009049	PATO:0000320	green	FLOPO:0988006	green	EXACT	repoint filler in EquivalentTo axiom
FLOPO:0007507	receptacle green	PO_0009064	PATO:0000320	green	FLOPO:0988006	green	EXACT	repoint filler in EquivalentTo axiom
FLOPO:0007516	fruit dark brown	PO_0009001	PATO:0001245	dark brown	FLOPO:0988084	dark brown	EXACT	repoint filler in EquivalentTo axiom
FLOPO:0007518	aril black	PO_0009090	PATO:0000317	black	FLOPO:0988011	black	EXACT	repoint filler in EquivalentTo axiom
FLOPO:0007531	carpel blue	PO_0009030	PATO:0000318	blue	FLOPO:0988007	blue	EXACT	repoint filler in EquivalentTo axiom
FLOPO:0007545	perianth yellow green	PO_0009058	PATO:0001941	yellow green	PATO:0001941	yellow green	EXACT	repoint filler in EquivalentTo axiom
FLOPO:0007547	petal lilac	PO_0009032	PATO:0001943	lilac	FLOPO:0988008	purple	RELATED	keep ID; replace EquivalentTo by SubClassOf(has_part some (E and has_quality some TARGET)); keep old PATO filler until PATO obsoletes it
FLOPO:0007564	endocarp green	PO_0009086	PATO:0000320	green	FLOPO:0988006	green	EXACT	repoint filler in EquivalentTo axiom
FLOPO:0007572	corolla dark red	PO_0009059	PATO:0001261	dark red	FLOPO:0988042	dark red	EXACT	repoint filler in EquivalentTo axiom
FLOPO:0007589	seed red brown	PO_0009010	PATO:0001287	red brown	PATO:0001287	reddish brown	EXACT	repoint filler in EquivalentTo axiom
FLOPO:0007590	keel orange	PO_0025327	PATO:0000953	orange	FLOPO:0988002	orange	EXACT	repoint filler in EquivalentTo axiom
FLOPO:0007599	flower red	PO_0009046	PATO:0000322	red	FLOPO:0988001	red	EXACT	repoint filler in EquivalentTo axiom
FLOPO:0007606	calyx green	PO_0009060	PATO:0000320	green	FLOPO:0988006	green	EXACT	repoint filler in EquivalentTo axiom
FLOPO:0007608	heartwood red	PO_0004512	PATO:0000322	red	FLOPO:0988001	red	EXACT	repoint filler in EquivalentTo axiom
FLOPO:0007609	heartwood color	PO_0004512	PATO:0000014	color	PATO:0000014	color		keep (generic colour phenotype, filler PATO:0000014 unchanged)
FLOPO:0007638	carpel white	PO_0009030	PATO:0000323	white	FLOPO:0988009	white	EXACT	repoint filler in EquivalentTo axiom
FLOPO:0007639	involucre dark purple	PO_0009100	PATO:0001259	dark purple	FLOPO:0988237	dark purple	EXACT	repoint filler in EquivalentTo axiom
FLOPO:0007664	lamina yellow green	PO_0025060	PATO:0001941	yellow green	PATO:0001941	yellow green	EXACT	repoint filler in EquivalentTo axiom
FLOPO:0007697	lemma brown	PO_0009037	PATO:0000952	brown	FLOPO:0988003	brown	EXACT	repoint filler in EquivalentTo axiom
FLOPO:0007708	bracteole yellow brown	PO_0009043	PATO:0002411	yellow brown	FLOPO:0988018	yellowish brown	EXACT	repoint filler in EquivalentTo axiom
FLOPO:0007709	bracteole color	PO_0009043	PATO:0000014	color	PATO:0000014	color		keep (generic colour phenotype, filler PATO:0000014 unchanged)
FLOPO:0007721	corolla yellow green	PO_0009059	PATO:0001941	yellow green	PATO:0001941	yellow green	EXACT	repoint filler in EquivalentTo axiom
FLOPO:0007725	ligule brown	PO_0020105	PATO:0000952	brown	FLOPO:0988003	brown	EXACT	repoint filler in EquivalentTo axiom
FLOPO:0007767	central zone white	PO_0000224	PATO:0000323	white	FLOPO:0988009	white	EXACT	repoint filler in EquivalentTo axiom
FLOPO:0007768	central zone color	PO_0000224	PATO:0000014	color	PATO:0000014	color		keep (generic colour phenotype, filler PATO:0000014 unchanged)
FLOPO:0007770	seed red	PO_0009010	PATO:0000322	red	FLOPO:0988001	red	EXACT	repoint filler in EquivalentTo axiom
FLOPO:0007797	inflorescence yellow	PO_0009049	PATO:0000324	yellow	FLOPO:0988004	yellow	EXACT	repoint filler in EquivalentTo axiom
FLOPO:0007844	peristome brown	PO_0030042	PATO:0000952	brown	FLOPO:0988003	brown	EXACT	repoint filler in EquivalentTo axiom
FLOPO:0007868	whole plant white	PO_0000003	PATO:0000323	white	FLOPO:0988009	white	EXACT	repoint filler in EquivalentTo axiom
FLOPO:0007904	receptacle red	PO_0009064	PATO:0000322	red	FLOPO:0988001	red	EXACT	repoint filler in EquivalentTo axiom
FLOPO:0007911	pericarp brown	PO_0009084	PATO:0000952	brown	FLOPO:0988003	brown	EXACT	repoint filler in EquivalentTo axiom
FLOPO:0007912	petiolule white	PO_0020050	PATO:0000323	white	FLOPO:0988009	white	EXACT	repoint filler in EquivalentTo axiom
FLOPO:0007946	pedicel orange	PO_0009052	PATO:0000953	orange	FLOPO:0988002	orange	EXACT	repoint filler in EquivalentTo axiom
FLOPO:0007953	calyx yellow green	PO_0009060	PATO:0001941	yellow green	PATO:0001941	yellow green	EXACT	repoint filler in EquivalentTo axiom
FLOPO:0007955	stalk grey	PO_0025066	PATO:0000950	grey	FLOPO:0988010	gray	EXACT	repoint filler in EquivalentTo axiom
FLOPO:0007958	tubercle grey	PO_0025352	PATO:0000950	grey	FLOPO:0988010	gray	EXACT	repoint filler in EquivalentTo axiom
FLOPO:0007999	petiole dark green	PO_0020038	PATO:0001249	dark green	PATO:0001249	dark green	EXACT	repoint filler in EquivalentTo axiom
FLOPO:0008004	pappus black	PO_0025393	PATO:0000317	black	FLOPO:0988011	black	EXACT	repoint filler in EquivalentTo axiom
FLOPO:0008045	flower light brown	PO_0009046	PATO:0001246	light brown	FLOPO:0988082	light brown	EXACT	repoint filler in EquivalentTo axiom
FLOPO:0008046	testa green	PO_0020057	PATO:0000320	green	FLOPO:0988006	green	EXACT	repoint filler in EquivalentTo axiom
FLOPO:0008075	whole plant yellow	PO_0000003	PATO:0000324	yellow	FLOPO:0988004	yellow	EXACT	repoint filler in EquivalentTo axiom
FLOPO:0008109	petal white	PO_0009032	PATO:0000323	white	FLOPO:0988009	white	EXACT	repoint filler in EquivalentTo axiom
FLOPO:0008143	leaf blue	PO_0025034	PATO:0000318	blue	FLOPO:0988007	blue	EXACT	repoint filler in EquivalentTo axiom
FLOPO:0008155	aril yellow orange	PO_0009090	PATO:0001944	yellow orange	FLOPO:0988002	orange	NARROW	keep ID; replace EquivalentTo by SubClassOf(has_part some (E and has_quality some TARGET)); keep old PATO filler until PATO obsoletes it
FLOPO:0008165	connective orange	PO_0009068	PATO:0000953	orange	FLOPO:0988002	orange	EXACT	repoint filler in EquivalentTo axiom
FLOPO:0008185	filament red	PO_0009067	PATO:0000322	red	FLOPO:0988001	red	EXACT	repoint filler in EquivalentTo axiom
FLOPO:0008189	keel pink	PO_0025327	PATO:0000954	pink	FLOPO:0988000	pink	EXACT	repoint filler in EquivalentTo axiom
FLOPO:0008193	bark dark green	PO_0004518	PATO:0001249	dark green	PATO:0001249	dark green	EXACT	repoint filler in EquivalentTo axiom
FLOPO:0008267	hypanthium brown	PO_0009065	PATO:0000952	brown	FLOPO:0988003	brown	EXACT	repoint filler in EquivalentTo axiom
FLOPO:0008299	hilum yellow	PO_0020063	PATO:0000324	yellow	FLOPO:0988004	yellow	EXACT	repoint filler in EquivalentTo axiom
FLOPO:0008319	shoot axis orange	PO_0025029	PATO:0000953	orange	FLOPO:0988002	orange	EXACT	repoint filler in EquivalentTo axiom
FLOPO:0008320	shoot axis color	PO_0025029	PATO:0000014	color	PATO:0000014	color		keep (generic colour phenotype, filler PATO:0000014 unchanged)
FLOPO:0008329	cortex grey	PO_0005708	PATO:0000950	grey	FLOPO:0988010	gray	EXACT	repoint filler in EquivalentTo axiom
FLOPO:0008330	cortex color	PO_0005708	PATO:0000014	color	PATO:0000014	color		keep (generic colour phenotype, filler PATO:0000014 unchanged)
FLOPO:0008338	petal brown	PO_0009032	PATO:0000952	brown	FLOPO:0988003	brown	EXACT	repoint filler in EquivalentTo axiom
FLOPO:0008339	flower maroon	PO_0009046	PATO:0001426	maroon	FLOPO:0988001	red	RELATED	keep ID; replace EquivalentTo by SubClassOf(has_part some (E and has_quality some TARGET)); keep old PATO filler until PATO obsoletes it
FLOPO:0008386	leaflet yellow	PO_0020049	PATO:0000324	yellow	FLOPO:0988004	yellow	EXACT	repoint filler in EquivalentTo axiom
FLOPO:0008464	anther purple	PO_0009066	PATO:0000951	purple	FLOPO:0988008	purple	EXACT	repoint filler in EquivalentTo axiom
FLOPO:0008469	lamina purple	PO_0025060	PATO:0000951	purple	FLOPO:0988008	purple	EXACT	repoint filler in EquivalentTo axiom
FLOPO:0008495	keel blue	PO_0025327	PATO:0000318	blue	FLOPO:0988007	blue	EXACT	repoint filler in EquivalentTo axiom
FLOPO:0008511	bark dark red brown	PO_0004518	PATO:0001288	dark red brown	FLOPO:0988070	dark reddish brown	EXACT	repoint filler in EquivalentTo axiom
FLOPO:0008530	glume brown	PO_0009039	PATO:0000952	brown	FLOPO:0988003	brown	EXACT	repoint filler in EquivalentTo axiom
FLOPO:0008537	carpel purple	PO_0009030	PATO:0000951	purple	FLOPO:0988008	purple	EXACT	repoint filler in EquivalentTo axiom
FLOPO:0008553	sheath cell purple	PO_0004531	PATO:0000951	purple	FLOPO:0988008	purple	EXACT	repoint filler in EquivalentTo axiom
FLOPO:0008554	sheath cell color	PO_0004531	PATO:0000014	color	PATO:0000014	color		keep (generic colour phenotype, filler PATO:0000014 unchanged)
FLOPO:0008560	stigma white	PO_0009073	PATO:0000323	white	FLOPO:0988009	white	EXACT	repoint filler in EquivalentTo axiom
FLOPO:0008585	seed orange	PO_0009010	PATO:0000953	orange	FLOPO:0988002	orange	EXACT	repoint filler in EquivalentTo axiom
FLOPO:0008609	heartwood brown	PO_0004512	PATO:0000952	brown	FLOPO:0988003	brown	EXACT	repoint filler in EquivalentTo axiom
FLOPO:0008665	corolla magenta	PO_0009059	PATO:0000321	magenta	FLOPO:0988001	red	RELATED	keep ID; replace EquivalentTo by SubClassOf(has_part some (E and has_quality some TARGET)); keep old PATO filler until PATO obsoletes it
FLOPO:0008666	bark yellow green	PO_0004518	PATO:0001941	yellow green	PATO:0001941	yellow green	EXACT	repoint filler in EquivalentTo axiom
FLOPO:0008735	pneumatophore brown	PO_0025357	PATO:0000952	brown	FLOPO:0988003	brown	EXACT	repoint filler in EquivalentTo axiom
FLOPO:0008736	pneumatophore color	PO_0025357	PATO:0000014	color	PATO:0000014	color		keep (generic colour phenotype, filler PATO:0000014 unchanged)
FLOPO:0008744	lower glume black	PO_0006002	PATO:0000317	black	FLOPO:0988011	black	EXACT	repoint filler in EquivalentTo axiom
FLOPO:0008748	receptacle brown	PO_0009064	PATO:0000952	brown	FLOPO:0988003	brown	EXACT	repoint filler in EquivalentTo axiom
FLOPO:0008784	style orange	PO_0009074	PATO:0000953	orange	FLOPO:0988002	orange	EXACT	repoint filler in EquivalentTo axiom
FLOPO:0008803	rhizome red brown	PO_0004542	PATO:0001287	red brown	PATO:0001287	reddish brown	EXACT	repoint filler in EquivalentTo axiom
FLOPO:0008813	bark purple	PO_0004518	PATO:0000951	purple	FLOPO:0988008	purple	EXACT	repoint filler in EquivalentTo axiom
FLOPO:0008822	endocarp black	PO_0009086	PATO:0000317	black	FLOPO:0988011	black	EXACT	repoint filler in EquivalentTo axiom
FLOPO:0008837	leaf dark brown	PO_0025034	PATO:0001245	dark brown	FLOPO:0988084	dark brown	EXACT	repoint filler in EquivalentTo axiom
FLOPO:0008840	bark dark red	PO_0004518	PATO:0001261	dark red	FLOPO:0988042	dark red	EXACT	repoint filler in EquivalentTo axiom
FLOPO:0008842	bark red brown	PO_0004518	PATO:0001287	red brown	PATO:0001287	reddish brown	EXACT	repoint filler in EquivalentTo axiom
FLOPO:0008850	pedicel red	PO_0009052	PATO:0000322	red	FLOPO:0988001	red	EXACT	repoint filler in EquivalentTo axiom
FLOPO:0008868	peristome yellow green	PO_0030042	PATO:0001941	yellow green	PATO:0001941	yellow green	EXACT	repoint filler in EquivalentTo axiom
FLOPO:0008891	leaf black	PO_0025034	PATO:0000317	black	FLOPO:0988011	black	EXACT	repoint filler in EquivalentTo axiom
FLOPO:0008907	anther yellow green	PO_0009066	PATO:0001941	yellow green	PATO:0001941	yellow green	EXACT	repoint filler in EquivalentTo axiom
FLOPO:0008908	corm dark red	PO_0025355	PATO:0001261	dark red	FLOPO:0988042	dark red	EXACT	repoint filler in EquivalentTo axiom
FLOPO:0008917	connective white	PO_0009068	PATO:0000323	white	FLOPO:0988009	white	EXACT	repoint filler in EquivalentTo axiom
FLOPO:0008918	pappus yellow	PO_0025393	PATO:0000324	yellow	FLOPO:0988004	yellow	EXACT	repoint filler in EquivalentTo axiom
FLOPO:0008932	inflorescence purple	PO_0009049	PATO:0000951	purple	FLOPO:0988008	purple	EXACT	repoint filler in EquivalentTo axiom
FLOPO:0008965	ligule yellow	PO_0020105	PATO:0000324	yellow	FLOPO:0988004	yellow	EXACT	repoint filler in EquivalentTo axiom
FLOPO:0008970	leaf sheath white	PO_0020104	PATO:0000323	white	FLOPO:0988009	white	EXACT	repoint filler in EquivalentTo axiom
FLOPO:0008971	leaf sheath color	PO_0020104	PATO:0000014	color	PATO:0000014	color		keep (generic colour phenotype, filler PATO:0000014 unchanged)
FLOPO:0008972	bract orange	PO_0009055	PATO:0000953	orange	FLOPO:0988002	orange	EXACT	repoint filler in EquivalentTo axiom
FLOPO:0009018	hilum brown	PO_0020063	PATO:0000952	brown	FLOPO:0988003	brown	EXACT	repoint filler in EquivalentTo axiom
FLOPO:0009117	keel dark brown	PO_0025327	PATO:0001245	dark brown	FLOPO:0988084	dark brown	EXACT	repoint filler in EquivalentTo axiom
FLOPO:0009136	integument brown	PO_0020021	PATO:0000952	brown	FLOPO:0988003	brown	EXACT	repoint filler in EquivalentTo axiom
FLOPO:0009137	integument color	PO_0020021	PATO:0000014	color	PATO:0000014	color		keep (generic colour phenotype, filler PATO:0000014 unchanged)
FLOPO:0009185	perianth black	PO_0009058	PATO:0000317	black	FLOPO:0988011	black	EXACT	repoint filler in EquivalentTo axiom
FLOPO:0009214	endocarp brown	PO_0009086	PATO:0000952	brown	FLOPO:0988003	brown	EXACT	repoint filler in EquivalentTo axiom
FLOPO:0009226	petal orange	PO_0009032	PATO:0000953	orange	FLOPO:0988002	orange	EXACT	repoint filler in EquivalentTo axiom
FLOPO:0009289	bud blue	PO_0000055	PATO:0000318	blue	FLOPO:0988007	blue	EXACT	repoint filler in EquivalentTo axiom
FLOPO:0009292	sapwood orange	PO_0004513	PATO:0000953	orange	FLOPO:0988002	orange	EXACT	repoint filler in EquivalentTo axiom
FLOPO:0009373	stem yellow	PO_0009047	PATO:0000324	yellow	FLOPO:0988004	yellow	EXACT	repoint filler in EquivalentTo axiom
FLOPO:0009463	stamen purple	PO_0009029	PATO:0000951	purple	FLOPO:0988008	purple	EXACT	repoint filler in EquivalentTo axiom
FLOPO:0009474	aril pale pink	PO_0009090	PATO:0002020	pale pink	FLOPO:0988035	pale pink	EXACT	repoint filler in EquivalentTo axiom
FLOPO:0009479	aril grey	PO_0009090	PATO:0000950	grey	FLOPO:0988010	gray	EXACT	repoint filler in EquivalentTo axiom
FLOPO:0009483	receptacle dark grey	PO_0009064	PATO:0001251	dark grey	FLOPO:0988275	dark gray	EXACT	repoint filler in EquivalentTo axiom
FLOPO:0009526	seed trichome purple	PO_0004511	PATO:0000951	purple	FLOPO:0988008	purple	EXACT	repoint filler in EquivalentTo axiom
FLOPO:0009527	seed trichome color	PO_0004511	PATO:0000014	color	PATO:0000014	color		keep (generic colour phenotype, filler PATO:0000014 unchanged)
FLOPO:0009531	inflorescence axis brown	PO_0020122	PATO:0000952	brown	FLOPO:0988003	brown	EXACT	repoint filler in EquivalentTo axiom
FLOPO:0009558	gynophore yellow	PO_0006330	PATO:0000324	yellow	FLOPO:0988004	yellow	EXACT	repoint filler in EquivalentTo axiom
FLOPO:0009559	gynophore color	PO_0006330	PATO:0000014	color	PATO:0000014	color		keep (generic colour phenotype, filler PATO:0000014 unchanged)
FLOPO:0009571	leaf pink	PO_0025034	PATO:0000954	pink	FLOPO:0988000	pink	EXACT	repoint filler in EquivalentTo axiom
FLOPO:0009577	lamina blue	PO_0025060	PATO:0000318	blue	FLOPO:0988007	blue	EXACT	repoint filler in EquivalentTo axiom
FLOPO:0009584	phloem black	PO_0005417	PATO:0000317	black	FLOPO:0988011	black	EXACT	repoint filler in EquivalentTo axiom
FLOPO:0009585	phloem color	PO_0005417	PATO:0000014	color	PATO:0000014	color		keep (generic colour phenotype, filler PATO:0000014 unchanged)
FLOPO:0009645	stem red brown	PO_0009047	PATO:0001287	red brown	PATO:0001287	reddish brown	EXACT	repoint filler in EquivalentTo axiom
FLOPO:0009698	perianth orange	PO_0009058	PATO:0000953	orange	FLOPO:0988002	orange	EXACT	repoint filler in EquivalentTo axiom
FLOPO:0009705	epidermis purple	PO_0005679	PATO:0000951	purple	FLOPO:0988008	purple	EXACT	repoint filler in EquivalentTo axiom
FLOPO:0009728	seed ochre	PO_0009010	PATO:0001945	ochre	FLOPO:0988004	yellow	RELATED	keep ID; replace EquivalentTo by SubClassOf(has_part some (E and has_quality some TARGET)); keep old PATO filler until PATO obsoletes it
FLOPO:0009750	bark dark purple	PO_0004518	PATO:0001259	dark purple	FLOPO:0988237	dark purple	EXACT	repoint filler in EquivalentTo axiom
FLOPO:0009779	flower brown	PO_0009046	PATO:0000952	brown	FLOPO:0988003	brown	EXACT	repoint filler in EquivalentTo axiom
FLOPO:0009789	exocarp black	PO_0009085	PATO:0000317	black	FLOPO:0988011	black	EXACT	repoint filler in EquivalentTo axiom
FLOPO:0009808	stem violet	PO_0009047	PATO:0001424	violet	FLOPO:0988027	violet	EXACT	repoint filler in EquivalentTo axiom
FLOPO:0009824	rhizome red	PO_0004542	PATO:0000322	red	FLOPO:0988001	red	EXACT	repoint filler in EquivalentTo axiom
FLOPO:0009855	trichome purple	PO_0000282	PATO:0000951	purple	FLOPO:0988008	purple	EXACT	repoint filler in EquivalentTo axiom
FLOPO:0009856	trichome color	PO_0000282	PATO:0000014	color	PATO:0000014	color		keep (generic colour phenotype, filler PATO:0000014 unchanged)
FLOPO:0009863	fruit dark red	PO_0009001	PATO:0001261	dark red	FLOPO:0988042	dark red	EXACT	repoint filler in EquivalentTo axiom
FLOPO:0009872	locule orange	PO_0025263	PATO:0000953	orange	FLOPO:0988002	orange	EXACT	repoint filler in EquivalentTo axiom
FLOPO:0009919	involucre pink	PO_0009100	PATO:0000954	pink	FLOPO:0988000	pink	EXACT	repoint filler in EquivalentTo axiom
FLOPO:0009923	corolla grey	PO_0009059	PATO:0000950	grey	FLOPO:0988010	gray	EXACT	repoint filler in EquivalentTo axiom
FLOPO:0009979	lenticel ochre	PO_0000031	PATO:0001945	ochre	FLOPO:0988004	yellow	RELATED	keep ID; replace EquivalentTo by SubClassOf(has_part some (E and has_quality some TARGET)); keep old PATO filler until PATO obsoletes it
FLOPO:0009989	bracteole purple	PO_0009043	PATO:0000951	purple	FLOPO:0988008	purple	EXACT	repoint filler in EquivalentTo axiom
FLOPO:0010026	sepal red	PO_0009031	PATO:0000322	red	FLOPO:0988001	red	EXACT	repoint filler in EquivalentTo axiom
FLOPO:0010030	corm light brown	PO_0025355	PATO:0001246	light brown	FLOPO:0988082	light brown	EXACT	repoint filler in EquivalentTo axiom
FLOPO:0010070	branch dark green	PO_0025073	PATO:0001249	dark green	PATO:0001249	dark green	EXACT	repoint filler in EquivalentTo axiom
FLOPO:0010073	corolla dark yellow	PO_0009059	PATO:0001263	dark yellow	FLOPO:0988112	dark yellow	EXACT	repoint filler in EquivalentTo axiom
FLOPO:0010108	stalk orange	PO_0025066	PATO:0000953	orange	FLOPO:0988002	orange	EXACT	repoint filler in EquivalentTo axiom
FLOPO:0010129	leaf sheath black	PO_0020104	PATO:0000317	black	FLOPO:0988011	black	EXACT	repoint filler in EquivalentTo axiom
FLOPO:0010167	connective red	PO_0009068	PATO:0000322	red	FLOPO:0988001	red	EXACT	repoint filler in EquivalentTo axiom
FLOPO:0010176	receptacle dark purple	PO_0009064	PATO:0001259	dark purple	FLOPO:0988237	dark purple	EXACT	repoint filler in EquivalentTo axiom
FLOPO:0010180	sapwood dark brown	PO_0004513	PATO:0001245	dark brown	FLOPO:0988084	dark brown	EXACT	repoint filler in EquivalentTo axiom
FLOPO:0010205	keel lilac	PO_0025327	PATO:0001943	lilac	FLOPO:0988008	purple	RELATED	keep ID; replace EquivalentTo by SubClassOf(has_part some (E and has_quality some TARGET)); keep old PATO filler until PATO obsoletes it
FLOPO:0010212	epicalyx white	PO_0009063	PATO:0000323	white	FLOPO:0988009	white	EXACT	repoint filler in EquivalentTo axiom
FLOPO:0010213	epicalyx color	PO_0009063	PATO:0000014	color	PATO:0000014	color		keep (generic colour phenotype, filler PATO:0000014 unchanged)
FLOPO:0010219	aril pink	PO_0009090	PATO:0000954	pink	FLOPO:0988000	pink	EXACT	repoint filler in EquivalentTo axiom
FLOPO:0010225	peduncle red brown	PO_0009053	PATO:0001287	red brown	PATO:0001287	reddish brown	EXACT	repoint filler in EquivalentTo axiom
FLOPO:0010330	spikelet brown	PO_0009051	PATO:0000952	brown	FLOPO:0988003	brown	EXACT	repoint filler in EquivalentTo axiom
FLOPO:0010331	spikelet color	PO_0009051	PATO:0000014	color	PATO:0000014	color		keep (generic colour phenotype, filler PATO:0000014 unchanged)
FLOPO:0010332	leaflet margin brown	PO_0006034	PATO:0000952	brown	FLOPO:0988003	brown	EXACT	repoint filler in EquivalentTo axiom
FLOPO:0010333	leaflet margin color	PO_0006034	PATO:0000014	color	PATO:0000014	color		keep (generic colour phenotype, filler PATO:0000014 unchanged)
FLOPO:0010343	connective pale pink	PO_0009068	PATO:0002020	pale pink	FLOPO:0988035	pale pink	EXACT	repoint filler in EquivalentTo axiom
FLOPO:0010352	leaflet green	PO_0020049	PATO:0000320	green	FLOPO:0988006	green	EXACT	repoint filler in EquivalentTo axiom
FLOPO:0010388	infructescence yellow brown	PO_0006342	PATO:0002411	yellow brown	FLOPO:0988018	yellowish brown	EXACT	repoint filler in EquivalentTo axiom
FLOPO:0010439	pericarp red	PO_0009084	PATO:0000322	red	FLOPO:0988001	red	EXACT	repoint filler in EquivalentTo axiom
FLOPO:0010469	anther blue	PO_0009066	PATO:0000318	blue	FLOPO:0988007	blue	EXACT	repoint filler in EquivalentTo axiom
FLOPO:0010484	pericarp dark brown	PO_0009084	PATO:0001245	dark brown	FLOPO:0988084	dark brown	EXACT	repoint filler in EquivalentTo axiom
FLOPO:0010486	stigma dark violet	PO_0009073	PATO:0001705	dark violet	FLOPO:0988226	dark violet	EXACT	repoint filler in EquivalentTo axiom
FLOPO:0010495	tuber pink	PO_0025522	PATO:0000954	pink	FLOPO:0988000	pink	EXACT	repoint filler in EquivalentTo axiom
FLOPO:0010496	stem dark brown	PO_0009047	PATO:0001245	dark brown	FLOPO:0988084	dark brown	EXACT	repoint filler in EquivalentTo axiom
FLOPO:0010505	palea white	PO_0009038	PATO:0000323	white	FLOPO:0988009	white	EXACT	repoint filler in EquivalentTo axiom
FLOPO:0010506	palea color	PO_0009038	PATO:0000014	color	PATO:0000014	color		keep (generic colour phenotype, filler PATO:0000014 unchanged)
FLOPO:0010518	bark dark orange	PO_0004518	PATO:0001256	dark orange	FLOPO:0988016	orange (ISCC-NBS level 2)	NARROW	keep ID; replace EquivalentTo by SubClassOf(has_part some (E and has_quality some TARGET)); keep old PATO filler until PATO obsoletes it
FLOPO:0010535	corm yellow brown	PO_0025355	PATO:0002411	yellow brown	FLOPO:0988018	yellowish brown	EXACT	repoint filler in EquivalentTo axiom
FLOPO:0010575	nectary yellow	PO_0009035	PATO:0000324	yellow	FLOPO:0988004	yellow	EXACT	repoint filler in EquivalentTo axiom
FLOPO:0010576	nectary color	PO_0009035	PATO:0000014	color	PATO:0000014	color		keep (generic colour phenotype, filler PATO:0000014 unchanged)
FLOPO:0010577	lenticel purple	PO_0000031	PATO:0000951	purple	FLOPO:0988008	purple	EXACT	repoint filler in EquivalentTo axiom
FLOPO:0010579	involucre red	PO_0009100	PATO:0000322	red	FLOPO:0988001	red	EXACT	repoint filler in EquivalentTo axiom
FLOPO:0010602	peduncle grey	PO_0009053	PATO:0000950	grey	FLOPO:0988010	gray	EXACT	repoint filler in EquivalentTo axiom
FLOPO:0010619	testa red brown	PO_0020057	PATO:0001287	red brown	PATO:0001287	reddish brown	EXACT	repoint filler in EquivalentTo axiom
FLOPO:0010627	stigma pink	PO_0009073	PATO:0000954	pink	FLOPO:0988000	pink	EXACT	repoint filler in EquivalentTo axiom
FLOPO:0010652	locule green	PO_0025263	PATO:0000320	green	FLOPO:0988006	green	EXACT	repoint filler in EquivalentTo axiom
FLOPO:0010675	hilum white	PO_0020063	PATO:0000323	white	FLOPO:0988009	white	EXACT	repoint filler in EquivalentTo axiom
FLOPO:0010700	leaf sheath brown	PO_0020104	PATO:0000952	brown	FLOPO:0988003	brown	EXACT	repoint filler in EquivalentTo axiom
FLOPO:0010705	corolla dark orange	PO_0009059	PATO:0001256	dark orange	FLOPO:0988016	orange (ISCC-NBS level 2)	NARROW	keep ID; replace EquivalentTo by SubClassOf(has_part some (E and has_quality some TARGET)); keep old PATO filler until PATO obsoletes it
FLOPO:0010715	pedicel red brown	PO_0009052	PATO:0001287	red brown	PATO:0001287	reddish brown	EXACT	repoint filler in EquivalentTo axiom
FLOPO:0010737	bark light yellow	PO_0004518	PATO:0001264	light yellow	FLOPO:0988110	light yellow	EXACT	repoint filler in EquivalentTo axiom
FLOPO:0010757	lower glume green	PO_0006002	PATO:0000320	green	FLOPO:0988006	green	EXACT	repoint filler in EquivalentTo axiom
FLOPO:0010762	infructescence green	PO_0006342	PATO:0000320	green	FLOPO:0988006	green	EXACT	repoint filler in EquivalentTo axiom
FLOPO:0010774	lamina red brown	PO_0025060	PATO:0001287	red brown	PATO:0001287	reddish brown	EXACT	repoint filler in EquivalentTo axiom
FLOPO:0010802	leaflet white	PO_0020049	PATO:0000323	white	FLOPO:0988009	white	EXACT	repoint filler in EquivalentTo axiom
FLOPO:0010820	heartwood light brown	PO_0004512	PATO:0001246	light brown	FLOPO:0988082	light brown	EXACT	repoint filler in EquivalentTo axiom
FLOPO:0010821	antiraphe red	PO_0020028	PATO:0000322	red	FLOPO:0988001	red	EXACT	repoint filler in EquivalentTo axiom
FLOPO:0010822	antiraphe color	PO_0020028	PATO:0000014	color	PATO:0000014	color		keep (generic colour phenotype, filler PATO:0000014 unchanged)
FLOPO:0010826	aril blue	PO_0009090	PATO:0000318	blue	FLOPO:0988007	blue	EXACT	repoint filler in EquivalentTo axiom
FLOPO:0010833	persistent sepal purple	PO_0025245	PATO:0000951	purple	FLOPO:0988008	purple	EXACT	repoint filler in EquivalentTo axiom
FLOPO:0010834	persistent sepal color	PO_0025245	PATO:0000014	color	PATO:0000014	color		keep (generic colour phenotype, filler PATO:0000014 unchanged)
FLOPO:0010851	infructescence purple	PO_0006342	PATO:0000951	purple	FLOPO:0988008	purple	EXACT	repoint filler in EquivalentTo axiom
FLOPO:0010892	bract apex red	PO_0025154	PATO:0000322	red	FLOPO:0988001	red	EXACT	repoint filler in EquivalentTo axiom
FLOPO:0010893	bract apex color	PO_0025154	PATO:0000014	color	PATO:0000014	color		keep (generic colour phenotype, filler PATO:0000014 unchanged)
FLOPO:0010898	infructescence white	PO_0006342	PATO:0000323	white	FLOPO:0988009	white	EXACT	repoint filler in EquivalentTo axiom
FLOPO:0010910	peristome white	PO_0030042	PATO:0000323	white	FLOPO:0988009	white	EXACT	repoint filler in EquivalentTo axiom
FLOPO:0010920	growth ring purple	PO_0004514	PATO:0000951	purple	FLOPO:0988008	purple	EXACT	repoint filler in EquivalentTo axiom
FLOPO:0010921	growth ring color	PO_0004514	PATO:0000014	color	PATO:0000014	color		keep (generic colour phenotype, filler PATO:0000014 unchanged)
FLOPO:0010922	flower yellow green	PO_0009046	PATO:0001941	yellow green	PATO:0001941	yellow green	EXACT	repoint filler in EquivalentTo axiom
FLOPO:0010924	thallus green	PO_0030027	PATO:0000320	green	FLOPO:0988006	green	EXACT	repoint filler in EquivalentTo axiom
FLOPO:0010925	thallus color	PO_0030027	PATO:0000014	color	PATO:0000014	color		keep (generic colour phenotype, filler PATO:0000014 unchanged)
FLOPO:0010926	seed coat dark brown	PO_0009088	PATO:0001245	dark brown	FLOPO:0988084	dark brown	EXACT	repoint filler in EquivalentTo axiom
FLOPO:0010953	corm brown	PO_0025355	PATO:0000952	brown	FLOPO:0988003	brown	EXACT	repoint filler in EquivalentTo axiom
FLOPO:0010957	periderm yellow	PO_0005046	PATO:0000324	yellow	FLOPO:0988004	yellow	EXACT	repoint filler in EquivalentTo axiom
FLOPO:0010958	periderm color	PO_0005046	PATO:0000014	color	PATO:0000014	color		keep (generic colour phenotype, filler PATO:0000014 unchanged)
FLOPO:0010978	corolla dark brown	PO_0009059	PATO:0001245	dark brown	FLOPO:0988084	dark brown	EXACT	repoint filler in EquivalentTo axiom
FLOPO:0010986	hilum dark brown	PO_0020063	PATO:0001245	dark brown	FLOPO:0988084	dark brown	EXACT	repoint filler in EquivalentTo axiom
FLOPO:0010992	endocarp purple	PO_0009086	PATO:0000951	purple	FLOPO:0988008	purple	EXACT	repoint filler in EquivalentTo axiom
FLOPO:0011001	thorn green	PO_0025172	PATO:0000320	green	FLOPO:0988006	green	EXACT	repoint filler in EquivalentTo axiom
FLOPO:0011002	thorn color	PO_0025172	PATO:0000014	color	PATO:0000014	color		keep (generic colour phenotype, filler PATO:0000014 unchanged)
FLOPO:0011003	filament green	PO_0009067	PATO:0000320	green	FLOPO:0988006	green	EXACT	repoint filler in EquivalentTo axiom
FLOPO:0011004	corolla dark blue	PO_0009059	PATO:0001244	dark blue	FLOPO:0988200	dark blue	EXACT	repoint filler in EquivalentTo axiom
FLOPO:0011014	mesocarp white	PO_0009087	PATO:0000323	white	FLOPO:0988009	white	EXACT	repoint filler in EquivalentTo axiom
FLOPO:0011044	central zone purple	PO_0000224	PATO:0000951	purple	FLOPO:0988008	purple	EXACT	repoint filler in EquivalentTo axiom
FLOPO:0011067	lamina yellow	PO_0025060	PATO:0000324	yellow	FLOPO:0988004	yellow	EXACT	repoint filler in EquivalentTo axiom
FLOPO:0011098	filament red brown	PO_0009067	PATO:0001287	red brown	PATO:0001287	reddish brown	EXACT	repoint filler in EquivalentTo axiom
FLOPO:0011104	stipule yellow	PO_0020041	PATO:0000324	yellow	FLOPO:0988004	yellow	EXACT	repoint filler in EquivalentTo axiom
FLOPO:0011105	stipule color	PO_0020041	PATO:0000014	color	PATO:0000014	color		keep (generic colour phenotype, filler PATO:0000014 unchanged)
FLOPO:0011145	lemma dark brown	PO_0009037	PATO:0001245	dark brown	FLOPO:0988084	dark brown	EXACT	repoint filler in EquivalentTo axiom
FLOPO:0011152	lower glume dark brown	PO_0006002	PATO:0001245	dark brown	FLOPO:0988084	dark brown	EXACT	repoint filler in EquivalentTo axiom
FLOPO:0011189	stem maroon	PO_0009047	PATO:0001426	maroon	FLOPO:0988001	red	RELATED	keep ID; replace EquivalentTo by SubClassOf(has_part some (E and has_quality some TARGET)); keep old PATO filler until PATO obsoletes it
FLOPO:0011198	pedicel pink	PO_0009052	PATO:0000954	pink	FLOPO:0988000	pink	EXACT	repoint filler in EquivalentTo axiom
FLOPO:0011213	perianth magenta	PO_0009058	PATO:0000321	magenta	FLOPO:0988001	red	RELATED	keep ID; replace EquivalentTo by SubClassOf(has_part some (E and has_quality some TARGET)); keep old PATO filler until PATO obsoletes it
FLOPO:0011253	ligule green	PO_0020105	PATO:0000320	green	FLOPO:0988006	green	EXACT	repoint filler in EquivalentTo axiom
FLOPO:0011261	staminode purple	PO_0009077	PATO:0000951	purple	FLOPO:0988008	purple	EXACT	repoint filler in EquivalentTo axiom
FLOPO:0011262	staminode color	PO_0009077	PATO:0000014	color	PATO:0000014	color		keep (generic colour phenotype, filler PATO:0000014 unchanged)
FLOPO:0011268	petal grey	PO_0009032	PATO:0000950	grey	FLOPO:0988010	gray	EXACT	repoint filler in EquivalentTo axiom
FLOPO:0011296	seed pale pink	PO_0009010	PATO:0002020	pale pink	FLOPO:0988035	pale pink	EXACT	repoint filler in EquivalentTo axiom
FLOPO:0011306	leaf base grey	PO_0020040	PATO:0000950	grey	FLOPO:0988010	gray	EXACT	repoint filler in EquivalentTo axiom
FLOPO:0011332	rhizome yellow	PO_0004542	PATO:0000324	yellow	FLOPO:0988004	yellow	EXACT	repoint filler in EquivalentTo axiom
FLOPO:0011340	petal dark red	PO_0009032	PATO:0001261	dark red	FLOPO:0988042	dark red	EXACT	repoint filler in EquivalentTo axiom
FLOPO:0011379	corolla deep pink	PO_0009059	PATO:0001258	deep pink	FLOPO:0988032	deep pink	EXACT	repoint filler in EquivalentTo axiom
FLOPO:0011383	funicle brown	PO_0020006	PATO:0000952	brown	FLOPO:0988003	brown	EXACT	repoint filler in EquivalentTo axiom
FLOPO:0011384	funicle color	PO_0020006	PATO:0000014	color	PATO:0000014	color		keep (generic colour phenotype, filler PATO:0000014 unchanged)
FLOPO:0011397	chalaza brown	PO_0020026	PATO:0000952	brown	FLOPO:0988003	brown	EXACT	repoint filler in EquivalentTo axiom
FLOPO:0011398	chalaza color	PO_0020026	PATO:0000014	color	PATO:0000014	color		keep (generic colour phenotype, filler PATO:0000014 unchanged)
FLOPO:0011399	root green	PO_0009005	PATO:0000320	green	FLOPO:0988006	green	EXACT	repoint filler in EquivalentTo axiom
FLOPO:0011400	root color	PO_0009005	PATO:0000014	color	PATO:0000014	color		keep (generic colour phenotype, filler PATO:0000014 unchanged)
FLOPO:0011403	lamina orange	PO_0025060	PATO:0000953	orange	FLOPO:0988002	orange	EXACT	repoint filler in EquivalentTo axiom
FLOPO:0011405	calyx light green	PO_0009060	PATO:0001250	light green	FLOPO:0988166	light green	EXACT	repoint filler in EquivalentTo axiom
FLOPO:0011449	lamina red	PO_0025060	PATO:0000322	red	FLOPO:0988001	red	EXACT	repoint filler in EquivalentTo axiom
FLOPO:0011453	pedicel purple	PO_0009052	PATO:0000951	purple	FLOPO:0988008	purple	EXACT	repoint filler in EquivalentTo axiom
FLOPO:0011476	raphe grey	PO_0020027	PATO:0000950	grey	FLOPO:0988010	gray	EXACT	repoint filler in EquivalentTo axiom
FLOPO:0011477	raphe color	PO_0020027	PATO:0000014	color	PATO:0000014	color		keep (generic colour phenotype, filler PATO:0000014 unchanged)
FLOPO:0011505	petiole yellow	PO_0020038	PATO:0000324	yellow	FLOPO:0988004	yellow	EXACT	repoint filler in EquivalentTo axiom
FLOPO:0011534	bract red	PO_0009055	PATO:0000322	red	FLOPO:0988001	red	EXACT	repoint filler in EquivalentTo axiom
FLOPO:0011554	filament pink	PO_0009067	PATO:0000954	pink	FLOPO:0988000	pink	EXACT	repoint filler in EquivalentTo axiom
FLOPO:0011571	leaflet light green	PO_0020049	PATO:0001250	light green	FLOPO:0988166	light green	EXACT	repoint filler in EquivalentTo axiom
FLOPO:0011576	seed grey	PO_0009010	PATO:0000950	grey	FLOPO:0988010	gray	EXACT	repoint filler in EquivalentTo axiom
FLOPO:0011581	portion of secretory tissue purple	PO_0005656	PATO:0000951	purple	FLOPO:0988008	purple	EXACT	repoint filler in EquivalentTo axiom
FLOPO:0011582	portion of secretory tissue color	PO_0005656	PATO:0000014	color	PATO:0000014	color		keep (generic colour phenotype, filler PATO:0000014 unchanged)
FLOPO:0011591	calyx pale pink	PO_0009060	PATO:0002020	pale pink	FLOPO:0988035	pale pink	EXACT	repoint filler in EquivalentTo axiom
FLOPO:0011604	peristome light yellow	PO_0030042	PATO:0001264	light yellow	FLOPO:0988110	light yellow	EXACT	repoint filler in EquivalentTo axiom
FLOPO:0011633	leaf light brown	PO_0025034	PATO:0001246	light brown	FLOPO:0988082	light brown	EXACT	repoint filler in EquivalentTo axiom
FLOPO:0011650	endosperm white	PO_0009089	PATO:0000323	white	FLOPO:0988009	white	EXACT	repoint filler in EquivalentTo axiom
FLOPO:0011668	ligule white	PO_0020105	PATO:0000323	white	FLOPO:0988009	white	EXACT	repoint filler in EquivalentTo axiom
FLOPO:0011675	sapwood grey	PO_0004513	PATO:0000950	grey	FLOPO:0988010	gray	EXACT	repoint filler in EquivalentTo axiom
FLOPO:0011680	costa orange	PO_0030072	PATO:0000953	orange	FLOPO:0988002	orange	EXACT	repoint filler in EquivalentTo axiom
FLOPO:0011690	tepal light purple	PO_0009033	PATO:0001260	light purple	FLOPO:0988235	light purple	EXACT	repoint filler in EquivalentTo axiom
FLOPO:0011709	periderm brown	PO_0005046	PATO:0000952	brown	FLOPO:0988003	brown	EXACT	repoint filler in EquivalentTo axiom
FLOPO:0011763	tuberous root grey	PO_0025523	PATO:0000950	grey	FLOPO:0988010	gray	EXACT	repoint filler in EquivalentTo axiom
FLOPO:0011764	tuberous root color	PO_0025523	PATO:0000014	color	PATO:0000014	color		keep (generic colour phenotype, filler PATO:0000014 unchanged)
FLOPO:0011771	leaf pale pink	PO_0025034	PATO:0002020	pale pink	FLOPO:0988035	pale pink	EXACT	repoint filler in EquivalentTo axiom
FLOPO:0011776	vascular bundle brown	PO_0005020	PATO:0000952	brown	FLOPO:0988003	brown	EXACT	repoint filler in EquivalentTo axiom
FLOPO:0011802	pedicel yellow	PO_0009052	PATO:0000324	yellow	FLOPO:0988004	yellow	EXACT	repoint filler in EquivalentTo axiom
FLOPO:0011838	costa white	PO_0030072	PATO:0000323	white	FLOPO:0988009	white	EXACT	repoint filler in EquivalentTo axiom
FLOPO:0011848	corolla red brown	PO_0009059	PATO:0001287	red brown	PATO:0001287	reddish brown	EXACT	repoint filler in EquivalentTo axiom
FLOPO:0011852	aril ochre	PO_0009090	PATO:0001945	ochre	FLOPO:0988004	yellow	RELATED	keep ID; replace EquivalentTo by SubClassOf(has_part some (E and has_quality some TARGET)); keep old PATO filler until PATO obsoletes it
FLOPO:0011859	bark yellow brown	PO_0004518	PATO:0002411	yellow brown	FLOPO:0988018	yellowish brown	EXACT	repoint filler in EquivalentTo axiom
FLOPO:0011862	pollen purple	PO_0025281	PATO:0000951	purple	FLOPO:0988008	purple	EXACT	repoint filler in EquivalentTo axiom
FLOPO:0011897	style dark purple	PO_0009074	PATO:0001259	dark purple	FLOPO:0988237	dark purple	EXACT	repoint filler in EquivalentTo axiom
FLOPO:0011903	petiole orange	PO_0020038	PATO:0000953	orange	FLOPO:0988002	orange	EXACT	repoint filler in EquivalentTo axiom
FLOPO:0011920	upper glume green	PO_0006004	PATO:0000320	green	FLOPO:0988006	green	EXACT	repoint filler in EquivalentTo axiom
FLOPO:0011921	upper glume color	PO_0006004	PATO:0000014	color	PATO:0000014	color		keep (generic colour phenotype, filler PATO:0000014 unchanged)
FLOPO:0011922	pericarp orange	PO_0009084	PATO:0000953	orange	FLOPO:0988002	orange	EXACT	repoint filler in EquivalentTo axiom
FLOPO:0011927	fruit yellow orange	PO_0009001	PATO:0001944	yellow orange	FLOPO:0988002	orange	NARROW	keep ID; replace EquivalentTo by SubClassOf(has_part some (E and has_quality some TARGET)); keep old PATO filler until PATO obsoletes it
FLOPO:0011941	shoot-borne root purple	PO_0000042	PATO:0000951	purple	FLOPO:0988008	purple	EXACT	repoint filler in EquivalentTo axiom
FLOPO:0011942	shoot-borne root color	PO_0000042	PATO:0000014	color	PATO:0000014	color		keep (generic colour phenotype, filler PATO:0000014 unchanged)
FLOPO:0011954	funicle dark brown	PO_0020006	PATO:0001245	dark brown	FLOPO:0988084	dark brown	EXACT	repoint filler in EquivalentTo axiom
FLOPO:0011966	involucre purple	PO_0009100	PATO:0000951	purple	FLOPO:0988008	purple	EXACT	repoint filler in EquivalentTo axiom
FLOPO:0011982	testa orange	PO_0020057	PATO:0000953	orange	FLOPO:0988002	orange	EXACT	repoint filler in EquivalentTo axiom
FLOPO:0011983	peristome deep pink	PO_0030042	PATO:0001258	deep pink	FLOPO:0988032	deep pink	EXACT	repoint filler in EquivalentTo axiom
FLOPO:0012018	cortex brown	PO_0005708	PATO:0000952	brown	FLOPO:0988003	brown	EXACT	repoint filler in EquivalentTo axiom
FLOPO:0012039	stem yellow brown	PO_0009047	PATO:0002411	yellow brown	FLOPO:0988018	yellowish brown	EXACT	repoint filler in EquivalentTo axiom
FLOPO:0012051	stalk red	PO_0025066	PATO:0000322	red	FLOPO:0988001	red	EXACT	repoint filler in EquivalentTo axiom
FLOPO:0012065	style violet	PO_0009074	PATO:0001424	violet	FLOPO:0988027	violet	EXACT	repoint filler in EquivalentTo axiom
FLOPO:0012107	root orange	PO_0009005	PATO:0000953	orange	FLOPO:0988002	orange	EXACT	repoint filler in EquivalentTo axiom
FLOPO:0012134	corolla yellow orange	PO_0009059	PATO:0001944	yellow orange	FLOPO:0988002	orange	NARROW	keep ID; replace EquivalentTo by SubClassOf(has_part some (E and has_quality some TARGET)); keep old PATO filler until PATO obsoletes it
FLOPO:0012150	endocarp pink	PO_0009086	PATO:0000954	pink	FLOPO:0988000	pink	EXACT	repoint filler in EquivalentTo axiom
FLOPO:0012159	raphe pink	PO_0020027	PATO:0000954	pink	FLOPO:0988000	pink	EXACT	repoint filler in EquivalentTo axiom
FLOPO:0012186	staminode pink	PO_0009077	PATO:0000954	pink	FLOPO:0988000	pink	EXACT	repoint filler in EquivalentTo axiom
FLOPO:0012192	glume light brown	PO_0009039	PATO:0001246	light brown	FLOPO:0988082	light brown	EXACT	repoint filler in EquivalentTo axiom
FLOPO:0012204	petal deep pink	PO_0009032	PATO:0001258	deep pink	FLOPO:0988032	deep pink	EXACT	repoint filler in EquivalentTo axiom
FLOPO:0012217	branch green	PO_0025073	PATO:0000320	green	FLOPO:0988006	green	EXACT	repoint filler in EquivalentTo axiom
FLOPO:0012234	leaf bronze	PO_0025034	PATO:0002363	bronze	FLOPO:0988018	yellowish brown	RELATED	keep ID; replace EquivalentTo by SubClassOf(has_part some (E and has_quality some TARGET)); keep old PATO filler until PATO obsoletes it
FLOPO:0012309	stipule brown	PO_0020041	PATO:0000952	brown	FLOPO:0988003	brown	EXACT	repoint filler in EquivalentTo axiom
FLOPO:0012327	root white	PO_0009005	PATO:0000323	white	FLOPO:0988009	white	EXACT	repoint filler in EquivalentTo axiom
FLOPO:0012343	carpel red	PO_0009030	PATO:0000322	red	FLOPO:0988001	red	EXACT	repoint filler in EquivalentTo axiom
FLOPO:0012349	anther brown	PO_0009066	PATO:0000952	brown	FLOPO:0988003	brown	EXACT	repoint filler in EquivalentTo axiom
FLOPO:0012360	peduncle orange	PO_0009053	PATO:0000953	orange	FLOPO:0988002	orange	EXACT	repoint filler in EquivalentTo axiom
FLOPO:0012363	heartwood ochre	PO_0004512	PATO:0001945	ochre	FLOPO:0988004	yellow	RELATED	keep ID; replace EquivalentTo by SubClassOf(has_part some (E and has_quality some TARGET)); keep old PATO filler until PATO obsoletes it
FLOPO:0012364	bud dark purple	PO_0000055	PATO:0001259	dark purple	FLOPO:0988237	dark purple	EXACT	repoint filler in EquivalentTo axiom
FLOPO:0012373	keel dark green	PO_0025327	PATO:0001249	dark green	PATO:0001249	dark green	EXACT	repoint filler in EquivalentTo axiom
FLOPO:0012375	tuber grey	PO_0025522	PATO:0000950	grey	FLOPO:0988010	gray	EXACT	repoint filler in EquivalentTo axiom
FLOPO:0012384	rhizome black	PO_0004542	PATO:0000317	black	FLOPO:0988011	black	EXACT	repoint filler in EquivalentTo axiom
FLOPO:0012395	hilum orange	PO_0020063	PATO:0000953	orange	FLOPO:0988002	orange	EXACT	repoint filler in EquivalentTo axiom
FLOPO:0012397	rhizome yellow brown	PO_0004542	PATO:0002411	yellow brown	FLOPO:0988018	yellowish brown	EXACT	repoint filler in EquivalentTo axiom
FLOPO:0012399	placenta orange	PO_0025078	PATO:0000953	orange	FLOPO:0988002	orange	EXACT	repoint filler in EquivalentTo axiom
FLOPO:0012400	placenta color	PO_0025078	PATO:0000014	color	PATO:0000014	color		keep (generic colour phenotype, filler PATO:0000014 unchanged)
FLOPO:0012416	petal violet	PO_0009032	PATO:0001424	violet	FLOPO:0988027	violet	EXACT	repoint filler in EquivalentTo axiom
FLOPO:0012449	tepal green	PO_0009033	PATO:0000320	green	FLOPO:0988006	green	EXACT	repoint filler in EquivalentTo axiom
FLOPO:0012465	keel red brown	PO_0025327	PATO:0001287	red brown	PATO:0001287	reddish brown	EXACT	repoint filler in EquivalentTo axiom
FLOPO:0012492	anther white	PO_0009066	PATO:0000323	white	FLOPO:0988009	white	EXACT	repoint filler in EquivalentTo axiom
FLOPO:0012533	inflorescence dark red	PO_0009049	PATO:0001261	dark red	FLOPO:0988042	dark red	EXACT	repoint filler in EquivalentTo axiom
FLOPO:0012554	leaf axil pale pink	PO_0009023	PATO:0002020	pale pink	FLOPO:0988035	pale pink	EXACT	repoint filler in EquivalentTo axiom
FLOPO:0012568	endotesta dark brown	PO_0006051	PATO:0001245	dark brown	FLOPO:0988084	dark brown	EXACT	repoint filler in EquivalentTo axiom
FLOPO:0012570	flower red brown	PO_0009046	PATO:0001287	red brown	PATO:0001287	reddish brown	EXACT	repoint filler in EquivalentTo axiom
FLOPO:0012580	calyx dark purple	PO_0009060	PATO:0001259	dark purple	FLOPO:0988237	dark purple	EXACT	repoint filler in EquivalentTo axiom
FLOPO:0012586	corolla ochre	PO_0009059	PATO:0001945	ochre	FLOPO:0988004	yellow	RELATED	keep ID; replace EquivalentTo by SubClassOf(has_part some (E and has_quality some TARGET)); keep old PATO filler until PATO obsoletes it
FLOPO:0012590	leaf orange	PO_0025034	PATO:0000953	orange	FLOPO:0988002	orange	EXACT	repoint filler in EquivalentTo axiom
FLOPO:0012591	epidermis red brown	PO_0005679	PATO:0001287	red brown	PATO:0001287	reddish brown	EXACT	repoint filler in EquivalentTo axiom
FLOPO:0012595	perianth pale pink	PO_0009058	PATO:0002020	pale pink	FLOPO:0988035	pale pink	EXACT	repoint filler in EquivalentTo axiom
FLOPO:0012604	pedicel dark brown	PO_0009052	PATO:0001245	dark brown	FLOPO:0988084	dark brown	EXACT	repoint filler in EquivalentTo axiom
FLOPO:0012606	whole plant green	PO_0000003	PATO:0000320	green	FLOPO:0988006	green	EXACT	repoint filler in EquivalentTo axiom
FLOPO:0012616	tuber white	PO_0025522	PATO:0000323	white	FLOPO:0988009	white	EXACT	repoint filler in EquivalentTo axiom
FLOPO:0012642	calyx violet	PO_0009060	PATO:0001424	violet	FLOPO:0988027	violet	EXACT	repoint filler in EquivalentTo axiom
FLOPO:0012643	androecium blue	PO_0009061	PATO:0000318	blue	FLOPO:0988007	blue	EXACT	repoint filler in EquivalentTo axiom
FLOPO:0012651	peduncle red	PO_0009053	PATO:0000322	red	FLOPO:0988001	red	EXACT	repoint filler in EquivalentTo axiom
FLOPO:0012652	pedicel dark red brown	PO_0009052	PATO:0001288	dark red brown	FLOPO:0988070	dark reddish brown	EXACT	repoint filler in EquivalentTo axiom
FLOPO:0012658	petiolule brown	PO_0020050	PATO:0000952	brown	FLOPO:0988003	brown	EXACT	repoint filler in EquivalentTo axiom
FLOPO:0012661	axil purple	PO_0025224	PATO:0000951	purple	FLOPO:0988008	purple	EXACT	repoint filler in EquivalentTo axiom
FLOPO:0012688	stem blue	PO_0009047	PATO:0000318	blue	FLOPO:0988007	blue	EXACT	repoint filler in EquivalentTo axiom
FLOPO:0012690	seed yellow orange	PO_0009010	PATO:0001944	yellow orange	FLOPO:0988002	orange	NARROW	keep ID; replace EquivalentTo by SubClassOf(has_part some (E and has_quality some TARGET)); keep old PATO filler until PATO obsoletes it
FLOPO:0012700	sepal ochre	PO_0009031	PATO:0001945	ochre	FLOPO:0988004	yellow	RELATED	keep ID; replace EquivalentTo by SubClassOf(has_part some (E and has_quality some TARGET)); keep old PATO filler until PATO obsoletes it
FLOPO:0012741	cambium pink	PO_0005597	PATO:0000954	pink	FLOPO:0988000	pink	EXACT	repoint filler in EquivalentTo axiom
FLOPO:0012751	epidermis grey	PO_0005679	PATO:0000950	grey	FLOPO:0988010	gray	EXACT	repoint filler in EquivalentTo axiom
FLOPO:0012758	tuber green	PO_0025522	PATO:0000320	green	FLOPO:0988006	green	EXACT	repoint filler in EquivalentTo axiom
FLOPO:0012804	central spike of tassel inflorescence purple	PO_0006324	PATO:0000951	purple	FLOPO:0988008	purple	EXACT	repoint filler in EquivalentTo axiom
FLOPO:0012805	central spike of tassel inflorescence color	PO_0006324	PATO:0000014	color	PATO:0000014	color		keep (generic colour phenotype, filler PATO:0000014 unchanged)
FLOPO:0012838	seed light brown	PO_0009010	PATO:0001246	light brown	FLOPO:0988082	light brown	EXACT	repoint filler in EquivalentTo axiom
FLOPO:0012890	valve brown	PO_0025228	PATO:0000952	brown	FLOPO:0988003	brown	EXACT	repoint filler in EquivalentTo axiom
FLOPO:0012898	glume green	PO_0009039	PATO:0000320	green	FLOPO:0988006	green	EXACT	repoint filler in EquivalentTo axiom
FLOPO:0012902	lemma light brown	PO_0009037	PATO:0001246	light brown	FLOPO:0988082	light brown	EXACT	repoint filler in EquivalentTo axiom
FLOPO:0012908	leaf base black	PO_0020040	PATO:0000317	black	FLOPO:0988011	black	EXACT	repoint filler in EquivalentTo axiom
FLOPO:0012930	fruit maroon	PO_0009001	PATO:0001426	maroon	FLOPO:0988001	red	RELATED	keep ID; replace EquivalentTo by SubClassOf(has_part some (E and has_quality some TARGET)); keep old PATO filler until PATO obsoletes it
FLOPO:0012931	leaflet dark brown	PO_0020049	PATO:0001245	dark brown	FLOPO:0988084	dark brown	EXACT	repoint filler in EquivalentTo axiom
FLOPO:0012954	epidermis green	PO_0005679	PATO:0000320	green	FLOPO:0988006	green	EXACT	repoint filler in EquivalentTo axiom
FLOPO:0012970	tuberous root green	PO_0025523	PATO:0000320	green	FLOPO:0988006	green	EXACT	repoint filler in EquivalentTo axiom
FLOPO:0013008	lemma pink	PO_0009037	PATO:0000954	pink	FLOPO:0988000	pink	EXACT	repoint filler in EquivalentTo axiom
FLOPO:0013039	infructescence grey	PO_0006342	PATO:0000950	grey	FLOPO:0988010	gray	EXACT	repoint filler in EquivalentTo axiom
FLOPO:0013079	branch pink	PO_0025073	PATO:0000954	pink	FLOPO:0988000	pink	EXACT	repoint filler in EquivalentTo axiom
FLOPO:0013080	locule yellow	PO_0025263	PATO:0000324	yellow	FLOPO:0988004	yellow	EXACT	repoint filler in EquivalentTo axiom
FLOPO:0013087	bark light grey	PO_0004518	PATO:0001252	light grey	FLOPO:0988273	light gray	EXACT	repoint filler in EquivalentTo axiom
FLOPO:0013093	sclerenchyma dark brown	PO_0005427	PATO:0001245	dark brown	FLOPO:0988084	dark brown	EXACT	repoint filler in EquivalentTo axiom
FLOPO:0013094	sclerenchyma color	PO_0005427	PATO:0000014	color	PATO:0000014	color		keep (generic colour phenotype, filler PATO:0000014 unchanged)
FLOPO:0013108	spikelet purple	PO_0009051	PATO:0000951	purple	FLOPO:0988008	purple	EXACT	repoint filler in EquivalentTo axiom
FLOPO:0013146	peduncle green	PO_0009053	PATO:0000320	green	FLOPO:0988006	green	EXACT	repoint filler in EquivalentTo axiom
FLOPO:0013165	branch white	PO_0025073	PATO:0000323	white	FLOPO:0988009	white	EXACT	repoint filler in EquivalentTo axiom
FLOPO:0013186	glume purple	PO_0009039	PATO:0000951	purple	FLOPO:0988008	purple	EXACT	repoint filler in EquivalentTo axiom
FLOPO:0013192	tubercle pink	PO_0025352	PATO:0000954	pink	FLOPO:0988000	pink	EXACT	repoint filler in EquivalentTo axiom
FLOPO:0013200	infructescence black	PO_0006342	PATO:0000317	black	FLOPO:0988011	black	EXACT	repoint filler in EquivalentTo axiom
FLOPO:0013215	strophiole white	PO_0019023	PATO:0000323	white	FLOPO:0988009	white	EXACT	repoint filler in EquivalentTo axiom
FLOPO:0013216	strophiole color	PO_0019023	PATO:0000014	color	PATO:0000014	color		keep (generic colour phenotype, filler PATO:0000014 unchanged)
FLOPO:0013237	awn brown	PO_0025349	PATO:0000952	brown	FLOPO:0988003	brown	EXACT	repoint filler in EquivalentTo axiom
FLOPO:0013238	leaf red brown	PO_0025034	PATO:0001287	red brown	PATO:0001287	reddish brown	EXACT	repoint filler in EquivalentTo axiom
FLOPO:0013239	fruit dark yellow	PO_0009001	PATO:0001263	dark yellow	FLOPO:0988112	dark yellow	EXACT	repoint filler in EquivalentTo axiom
FLOPO:0013255	tassel sessile spikelet purple	PO_0006311	PATO:0000951	purple	FLOPO:0988008	purple	EXACT	repoint filler in EquivalentTo axiom
FLOPO:0013256	tassel sessile spikelet color	PO_0006311	PATO:0000014	color	PATO:0000014	color		keep (generic colour phenotype, filler PATO:0000014 unchanged)
FLOPO:0013267	testa white	PO_0020057	PATO:0000323	white	FLOPO:0988009	white	EXACT	repoint filler in EquivalentTo axiom
FLOPO:0013283	branch ochre	PO_0025073	PATO:0001945	ochre	FLOPO:0988004	yellow	RELATED	keep ID; replace EquivalentTo by SubClassOf(has_part some (E and has_quality some TARGET)); keep old PATO filler until PATO obsoletes it
FLOPO:0013299	heartwood black	PO_0004512	PATO:0000317	black	FLOPO:0988011	black	EXACT	repoint filler in EquivalentTo axiom
FLOPO:0013319	placenta red	PO_0025078	PATO:0000322	red	FLOPO:0988001	red	EXACT	repoint filler in EquivalentTo axiom
FLOPO:0013320	corolla yellow brown	PO_0009059	PATO:0002411	yellow brown	FLOPO:0988018	yellowish brown	EXACT	repoint filler in EquivalentTo axiom
FLOPO:0013358	prickle black	PO_0025169	PATO:0000317	black	FLOPO:0988011	black	EXACT	repoint filler in EquivalentTo axiom
FLOPO:0013359	prickle color	PO_0025169	PATO:0000014	color	PATO:0000014	color		keep (generic colour phenotype, filler PATO:0000014 unchanged)
FLOPO:0013373	pericarp black	PO_0009084	PATO:0000317	black	FLOPO:0988011	black	EXACT	repoint filler in EquivalentTo axiom
FLOPO:0013409	receptacle black	PO_0009064	PATO:0000317	black	FLOPO:0988011	black	EXACT	repoint filler in EquivalentTo axiom
FLOPO:0013419	tepal yellow	PO_0009033	PATO:0000324	yellow	FLOPO:0988004	yellow	EXACT	repoint filler in EquivalentTo axiom
FLOPO:0013432	involucre violet	PO_0009100	PATO:0001424	violet	FLOPO:0988027	violet	EXACT	repoint filler in EquivalentTo axiom
FLOPO:0013442	stem black	PO_0009047	PATO:0000317	black	FLOPO:0988011	black	EXACT	repoint filler in EquivalentTo axiom
FLOPO:0013449	ligule purple	PO_0020105	PATO:0000951	purple	FLOPO:0988008	purple	EXACT	repoint filler in EquivalentTo axiom
FLOPO:0013467	ovary wall purple	PO_0005022	PATO:0000951	purple	FLOPO:0988008	purple	EXACT	repoint filler in EquivalentTo axiom
FLOPO:0013481	petiole ochre	PO_0020038	PATO:0001945	ochre	FLOPO:0988004	yellow	RELATED	keep ID; replace EquivalentTo by SubClassOf(has_part some (E and has_quality some TARGET)); keep old PATO filler until PATO obsoletes it
FLOPO:0013498	mesocarp pink	PO_0009087	PATO:0000954	pink	FLOPO:0988000	pink	EXACT	repoint filler in EquivalentTo axiom
FLOPO:0013506	bulb brown	PO_0025356	PATO:0000952	brown	FLOPO:0988003	brown	EXACT	repoint filler in EquivalentTo axiom
FLOPO:0013507	bulb color	PO_0025356	PATO:0000014	color	PATO:0000014	color		keep (generic colour phenotype, filler PATO:0000014 unchanged)
FLOPO:0013521	bud red brown	PO_0000055	PATO:0001287	red brown	PATO:0001287	reddish brown	EXACT	repoint filler in EquivalentTo axiom
FLOPO:0013549	simple leaf dark green	PO_0020042	PATO:0001249	dark green	PATO:0001249	dark green	EXACT	repoint filler in EquivalentTo axiom
FLOPO:0013550	simple leaf color	PO_0020042	PATO:0000014	color	PATO:0000014	color		keep (generic colour phenotype, filler PATO:0000014 unchanged)
FLOPO:0013563	leaf sheath purple	PO_0020104	PATO:0000951	purple	FLOPO:0988008	purple	EXACT	repoint filler in EquivalentTo axiom
FLOPO:0013571	endocarp white	PO_0009086	PATO:0000323	white	FLOPO:0988009	white	EXACT	repoint filler in EquivalentTo axiom
FLOPO:0013594	leaf lamina dark green	PO_0020039	PATO:0001249	dark green	PATO:0001249	dark green	EXACT	repoint filler in EquivalentTo axiom
FLOPO:0013595	connective blue	PO_0009068	PATO:0000318	blue	FLOPO:0988007	blue	EXACT	repoint filler in EquivalentTo axiom
FLOPO:0013598	inflorescence red	PO_0009049	PATO:0000322	red	FLOPO:0988001	red	EXACT	repoint filler in EquivalentTo axiom
FLOPO:0013617	style pink	PO_0009074	PATO:0000954	pink	FLOPO:0988000	pink	EXACT	repoint filler in EquivalentTo axiom
FLOPO:0013632	peduncle pink	PO_0009053	PATO:0000954	pink	FLOPO:0988000	pink	EXACT	repoint filler in EquivalentTo axiom
FLOPO:0013634	placenta white	PO_0025078	PATO:0000323	white	FLOPO:0988009	white	EXACT	repoint filler in EquivalentTo axiom
FLOPO:0013678	endosperm purple	PO_0009089	PATO:0000951	purple	FLOPO:0988008	purple	EXACT	repoint filler in EquivalentTo axiom
FLOPO:0013686	staminode pale pink	PO_0009077	PATO:0002020	pale pink	FLOPO:0988035	pale pink	EXACT	repoint filler in EquivalentTo axiom
FLOPO:0013689	sapwood purple	PO_0004513	PATO:0000951	purple	FLOPO:0988008	purple	EXACT	repoint filler in EquivalentTo axiom
FLOPO:0013707	filament purple	PO_0009067	PATO:0000951	purple	FLOPO:0988008	purple	EXACT	repoint filler in EquivalentTo axiom
FLOPO:0013723	tubercle yellow	PO_0025352	PATO:0000324	yellow	FLOPO:0988004	yellow	EXACT	repoint filler in EquivalentTo axiom
FLOPO:0013726	thorn yellow	PO_0025172	PATO:0000324	yellow	FLOPO:0988004	yellow	EXACT	repoint filler in EquivalentTo axiom
FLOPO:0013739	involucre yellow green	PO_0009100	PATO:0001941	yellow green	PATO:0001941	yellow green	EXACT	repoint filler in EquivalentTo axiom
FLOPO:0013748	aril violet	PO_0009090	PATO:0001424	violet	FLOPO:0988027	violet	EXACT	repoint filler in EquivalentTo axiom
FLOPO:0013758	inflorescence black	PO_0009049	PATO:0000317	black	FLOPO:0988011	black	EXACT	repoint filler in EquivalentTo axiom
FLOPO:0013775	tepal red	PO_0009033	PATO:0000322	red	FLOPO:0988001	red	EXACT	repoint filler in EquivalentTo axiom
FLOPO:0013783	rhizome light orange	PO_0004542	PATO:0001255	light orange	FLOPO:0988077	light orange	EXACT	repoint filler in EquivalentTo axiom
FLOPO:0013787	axillary bud meristem purple	PO_0000232	PATO:0000951	purple	FLOPO:0988008	purple	EXACT	repoint filler in EquivalentTo axiom
FLOPO:0013788	axillary bud meristem color	PO_0000232	PATO:0000014	color	PATO:0000014	color		keep (generic colour phenotype, filler PATO:0000014 unchanged)
FLOPO:0013802	petal yellow	PO_0009032	PATO:0000324	yellow	FLOPO:0988004	yellow	EXACT	repoint filler in EquivalentTo axiom
FLOPO:0013818	tepal white	PO_0009033	PATO:0000323	white	FLOPO:0988009	white	EXACT	repoint filler in EquivalentTo axiom
FLOPO:0013830	anther pink	PO_0009066	PATO:0000954	pink	FLOPO:0988000	pink	EXACT	repoint filler in EquivalentTo axiom
FLOPO:0013834	peristome bronze	PO_0030042	PATO:0002363	bronze	FLOPO:0988018	yellowish brown	RELATED	keep ID; replace EquivalentTo by SubClassOf(has_part some (E and has_quality some TARGET)); keep old PATO filler until PATO obsoletes it
FLOPO:0013837	flower bud white	PO_0000056	PATO:0000323	white	FLOPO:0988009	white	EXACT	repoint filler in EquivalentTo axiom
FLOPO:0013838	flower bud color	PO_0000056	PATO:0000014	color	PATO:0000014	color		keep (generic colour phenotype, filler PATO:0000014 unchanged)
FLOPO:0013845	corm red brown	PO_0025355	PATO:0001287	red brown	PATO:0001287	reddish brown	EXACT	repoint filler in EquivalentTo axiom
FLOPO:0013861	spikelet white	PO_0009051	PATO:0000323	white	FLOPO:0988009	white	EXACT	repoint filler in EquivalentTo axiom
FLOPO:0013869	palea green	PO_0009038	PATO:0000320	green	FLOPO:0988006	green	EXACT	repoint filler in EquivalentTo axiom
FLOPO:0013877	stipule white	PO_0020041	PATO:0000323	white	FLOPO:0988009	white	EXACT	repoint filler in EquivalentTo axiom
FLOPO:0013878	sorus brown	PO_0025359	PATO:0000952	brown	FLOPO:0988003	brown	EXACT	repoint filler in EquivalentTo axiom
FLOPO:0013879	sorus color	PO_0025359	PATO:0000014	color	PATO:0000014	color		keep (generic colour phenotype, filler PATO:0000014 unchanged)
FLOPO:0013881	mesocarp orange	PO_0009087	PATO:0000953	orange	FLOPO:0988002	orange	EXACT	repoint filler in EquivalentTo axiom
FLOPO:0013882	bark magenta	PO_0004518	PATO:0000321	magenta	FLOPO:0988001	red	RELATED	keep ID; replace EquivalentTo by SubClassOf(has_part some (E and has_quality some TARGET)); keep old PATO filler until PATO obsoletes it
FLOPO:0013898	periderm dark brown	PO_0005046	PATO:0001245	dark brown	FLOPO:0988084	dark brown	EXACT	repoint filler in EquivalentTo axiom
FLOPO:0013899	pericarp light brown	PO_0009084	PATO:0001246	light brown	FLOPO:0988082	light brown	EXACT	repoint filler in EquivalentTo axiom
FLOPO:0013912	inflorescence yellow brown	PO_0009049	PATO:0002411	yellow brown	FLOPO:0988018	yellowish brown	EXACT	repoint filler in EquivalentTo axiom
FLOPO:0013930	keel black	PO_0025327	PATO:0000317	black	FLOPO:0988011	black	EXACT	repoint filler in EquivalentTo axiom
FLOPO:0013949	locule dark brown	PO_0025263	PATO:0001245	dark brown	FLOPO:0988084	dark brown	EXACT	repoint filler in EquivalentTo axiom
FLOPO:0013964	staminode yellow	PO_0009077	PATO:0000324	yellow	FLOPO:0988004	yellow	EXACT	repoint filler in EquivalentTo axiom
FLOPO:0013980	leaf light green	PO_0025034	PATO:0001250	light green	FLOPO:0988166	light green	EXACT	repoint filler in EquivalentTo axiom
FLOPO:0013993	funicle white	PO_0020006	PATO:0000323	white	FLOPO:0988009	white	EXACT	repoint filler in EquivalentTo axiom
FLOPO:0014002	tubercle brown	PO_0025352	PATO:0000952	brown	FLOPO:0988003	brown	EXACT	repoint filler in EquivalentTo axiom
FLOPO:0014021	endocarp blue	PO_0009086	PATO:0000318	blue	FLOPO:0988007	blue	EXACT	repoint filler in EquivalentTo axiom
FLOPO:0014040	parenchyma white	PO_0005421	PATO:0000323	white	FLOPO:0988009	white	EXACT	repoint filler in EquivalentTo axiom
FLOPO:0014041	parenchyma color	PO_0005421	PATO:0000014	color	PATO:0000014	color		keep (generic colour phenotype, filler PATO:0000014 unchanged)
FLOPO:0014058	raphe orange	PO_0020027	PATO:0000953	orange	FLOPO:0988002	orange	EXACT	repoint filler in EquivalentTo axiom
FLOPO:0014069	flower dark purple	PO_0009046	PATO:0001259	dark purple	FLOPO:0988237	dark purple	EXACT	repoint filler in EquivalentTo axiom
FLOPO:0014153	receptacle purple	PO_0009064	PATO:0000951	purple	FLOPO:0988008	purple	EXACT	repoint filler in EquivalentTo axiom
FLOPO:0014159	fruit yellow brown	PO_0009001	PATO:0002411	yellow brown	FLOPO:0988018	yellowish brown	EXACT	repoint filler in EquivalentTo axiom
FLOPO:0014180	pistillode purple	PO_0009078	PATO:0000951	purple	FLOPO:0988008	purple	EXACT	repoint filler in EquivalentTo axiom
FLOPO:0014188	keel yellow green	PO_0025327	PATO:0001941	yellow green	PATO:0001941	yellow green	EXACT	repoint filler in EquivalentTo axiom
FLOPO:0014196	petiole margin yellow brown	PO_0025010	PATO:0002411	yellow brown	FLOPO:0988018	yellowish brown	EXACT	repoint filler in EquivalentTo axiom
FLOPO:0014197	petiole margin color	PO_0025010	PATO:0000014	color	PATO:0000014	color		keep (generic colour phenotype, filler PATO:0000014 unchanged)
FLOPO:0014209	petiole black	PO_0020038	PATO:0000317	black	FLOPO:0988011	black	EXACT	repoint filler in EquivalentTo axiom
FLOPO:0014211	stalk white	PO_0025066	PATO:0000323	white	FLOPO:0988009	white	EXACT	repoint filler in EquivalentTo axiom
FLOPO:0014226	leaf axil grey	PO_0009023	PATO:0000950	grey	FLOPO:0988010	gray	EXACT	repoint filler in EquivalentTo axiom
FLOPO:0014230	bracteole brown	PO_0009043	PATO:0000952	brown	FLOPO:0988003	brown	EXACT	repoint filler in EquivalentTo axiom
FLOPO:0014261	glume black	PO_0009039	PATO:0000317	black	FLOPO:0988011	black	EXACT	repoint filler in EquivalentTo axiom
FLOPO:0014270	involucre ochre	PO_0009100	PATO:0001945	ochre	FLOPO:0988004	yellow	RELATED	keep ID; replace EquivalentTo by SubClassOf(has_part some (E and has_quality some TARGET)); keep old PATO filler until PATO obsoletes it
FLOPO:0014275	flower black	PO_0009046	PATO:0000317	black	FLOPO:0988011	black	EXACT	repoint filler in EquivalentTo axiom
FLOPO:0014284	spore capsule annulus purple	PO_0025093	PATO:0000951	purple	FLOPO:0988008	purple	EXACT	repoint filler in EquivalentTo axiom
FLOPO:0014285	spore capsule annulus color	PO_0025093	PATO:0000014	color	PATO:0000014	color		keep (generic colour phenotype, filler PATO:0000014 unchanged)
FLOPO:0014297	glume grey	PO_0009039	PATO:0000950	grey	FLOPO:0988010	gray	EXACT	repoint filler in EquivalentTo axiom
FLOPO:0014299	axil grey	PO_0025224	PATO:0000950	grey	FLOPO:0988010	gray	EXACT	repoint filler in EquivalentTo axiom
FLOPO:0014315	keel violet	PO_0025327	PATO:0001424	violet	FLOPO:0988027	violet	EXACT	repoint filler in EquivalentTo axiom
FLOPO:0014330	aril red brown	PO_0009090	PATO:0001287	red brown	PATO:0001287	reddish brown	EXACT	repoint filler in EquivalentTo axiom
FLOPO:0014335	sporangium black	PO_0025094	PATO:0000317	black	FLOPO:0988011	black	EXACT	repoint filler in EquivalentTo axiom
FLOPO:0014336	sporangium color	PO_0025094	PATO:0000014	color	PATO:0000014	color		keep (generic colour phenotype, filler PATO:0000014 unchanged)
FLOPO:0014348	strobilus yellow	PO_0025083	PATO:0000324	yellow	FLOPO:0988004	yellow	EXACT	repoint filler in EquivalentTo axiom
FLOPO:0014349	strobilus color	PO_0025083	PATO:0000014	color	PATO:0000014	color		keep (generic colour phenotype, filler PATO:0000014 unchanged)
FLOPO:0014352	bark yellow orange	PO_0004518	PATO:0001944	yellow orange	FLOPO:0988002	orange	NARROW	keep ID; replace EquivalentTo by SubClassOf(has_part some (E and has_quality some TARGET)); keep old PATO filler until PATO obsoletes it
FLOPO:0014368	bud yellow brown	PO_0000055	PATO:0002411	yellow brown	FLOPO:0988018	yellowish brown	EXACT	repoint filler in EquivalentTo axiom
FLOPO:0014369	fruit pale pink	PO_0009001	PATO:0002020	pale pink	FLOPO:0988035	pale pink	EXACT	repoint filler in EquivalentTo axiom
FLOPO:0014377	peduncle dark brown	PO_0009053	PATO:0001245	dark brown	FLOPO:0988084	dark brown	EXACT	repoint filler in EquivalentTo axiom
FLOPO:0014450	style grey	PO_0009074	PATO:0000950	grey	FLOPO:0988010	gray	EXACT	repoint filler in EquivalentTo axiom
FLOPO:0014455	endosperm red	PO_0009089	PATO:0000322	red	FLOPO:0988001	red	EXACT	repoint filler in EquivalentTo axiom
FLOPO:0014492	style black	PO_0009074	PATO:0000317	black	FLOPO:0988011	black	EXACT	repoint filler in EquivalentTo axiom
FLOPO:0014496	stalk purple	PO_0025066	PATO:0000951	purple	FLOPO:0988008	purple	EXACT	repoint filler in EquivalentTo axiom
FLOPO:0014502	bud violet	PO_0000055	PATO:0001424	violet	FLOPO:0988027	violet	EXACT	repoint filler in EquivalentTo axiom
FLOPO:0014505	raphe red	PO_0020027	PATO:0000322	red	FLOPO:0988001	red	EXACT	repoint filler in EquivalentTo axiom
FLOPO:0014525	anther theca purple	PO_0009069	PATO:0000951	purple	FLOPO:0988008	purple	EXACT	repoint filler in EquivalentTo axiom
FLOPO:0014526	anther theca color	PO_0009069	PATO:0000014	color	PATO:0000014	color		keep (generic colour phenotype, filler PATO:0000014 unchanged)
FLOPO:0014594	bud ochre	PO_0000055	PATO:0001945	ochre	FLOPO:0988004	yellow	RELATED	keep ID; replace EquivalentTo by SubClassOf(has_part some (E and has_quality some TARGET)); keep old PATO filler until PATO obsoletes it
FLOPO:0014597	tassel sessile spikelet ochre	PO_0006311	PATO:0001945	ochre	FLOPO:0988004	yellow	RELATED	keep ID; replace EquivalentTo by SubClassOf(has_part some (E and has_quality some TARGET)); keep old PATO filler until PATO obsoletes it
FLOPO:0014621	stigma red	PO_0009073	PATO:0000322	red	FLOPO:0988001	red	EXACT	repoint filler in EquivalentTo axiom
FLOPO:0014639	cambium brown	PO_0005597	PATO:0000952	brown	FLOPO:0988003	brown	EXACT	repoint filler in EquivalentTo axiom
FLOPO:0014640	caruncle dark grey	PO_0020060	PATO:0001251	dark grey	FLOPO:0988275	dark gray	EXACT	repoint filler in EquivalentTo axiom
FLOPO:0014642	pericarp pink	PO_0009084	PATO:0000954	pink	FLOPO:0988000	pink	EXACT	repoint filler in EquivalentTo axiom
FLOPO:0014643	peristome dark red	PO_0030042	PATO:0001261	dark red	FLOPO:0988042	dark red	EXACT	repoint filler in EquivalentTo axiom
FLOPO:0014659	locule brown	PO_0025263	PATO:0000952	brown	FLOPO:0988003	brown	EXACT	repoint filler in EquivalentTo axiom
FLOPO:0014668	heartwood red brown	PO_0004512	PATO:0001287	red brown	PATO:0001287	reddish brown	EXACT	repoint filler in EquivalentTo axiom
FLOPO:0014670	corolla light purple	PO_0009059	PATO:0001260	light purple	FLOPO:0988235	light purple	EXACT	repoint filler in EquivalentTo axiom
FLOPO:0014684	infructescence orange	PO_0006342	PATO:0000953	orange	FLOPO:0988002	orange	EXACT	repoint filler in EquivalentTo axiom
FLOPO:0014707	upper glume white	PO_0006004	PATO:0000323	white	FLOPO:0988009	white	EXACT	repoint filler in EquivalentTo axiom
FLOPO:0014743	scutellar node purple	PO_0004708	PATO:0000951	purple	FLOPO:0988008	purple	EXACT	repoint filler in EquivalentTo axiom
FLOPO:0014744	scutellar node color	PO_0004708	PATO:0000014	color	PATO:0000014	color		keep (generic colour phenotype, filler PATO:0000014 unchanged)
FLOPO:0014745	lenticel brown	PO_0000031	PATO:0000952	brown	FLOPO:0988003	brown	EXACT	repoint filler in EquivalentTo axiom
FLOPO:0014764	aril vermilion	PO_0009090	PATO:0001302	vermilion	FLOPO:0988001	red	RELATED	keep ID; replace EquivalentTo by SubClassOf(has_part some (E and has_quality some TARGET)); keep old PATO filler until PATO obsoletes it
FLOPO:0014779	petiolule red	PO_0020050	PATO:0000322	red	FLOPO:0988001	red	EXACT	repoint filler in EquivalentTo axiom
FLOPO:0014780	testa light brown	PO_0020057	PATO:0001246	light brown	FLOPO:0988082	light brown	EXACT	repoint filler in EquivalentTo axiom
FLOPO:0014789	petiole yellow green	PO_0020038	PATO:0001941	yellow green	PATO:0001941	yellow green	EXACT	repoint filler in EquivalentTo axiom
FLOPO:0014919	periderm white	PO_0005046	PATO:0000323	white	FLOPO:0988009	white	EXACT	repoint filler in EquivalentTo axiom
FLOPO:0014937	petiole yellow brown	PO_0020038	PATO:0002411	yellow brown	FLOPO:0988018	yellowish brown	EXACT	repoint filler in EquivalentTo axiom
FLOPO:0015004	root yellow orange	PO_0009005	PATO:0001944	yellow orange	FLOPO:0988002	orange	NARROW	keep ID; replace EquivalentTo by SubClassOf(has_part some (E and has_quality some TARGET)); keep old PATO filler until PATO obsoletes it
FLOPO:0015014	perianth dark brown	PO_0009058	PATO:0001245	dark brown	FLOPO:0988084	dark brown	EXACT	repoint filler in EquivalentTo axiom
FLOPO:0015019	leaf midvein ochre	PO_0020139	PATO:0001945	ochre	FLOPO:0988004	yellow	RELATED	keep ID; replace EquivalentTo by SubClassOf(has_part some (E and has_quality some TARGET)); keep old PATO filler until PATO obsoletes it
FLOPO:0015020	leaf midvein color	PO_0020139	PATO:0000014	color	PATO:0000014	color		keep (generic colour phenotype, filler PATO:0000014 unchanged)
FLOPO:0015024	epidermis dark red	PO_0005679	PATO:0001261	dark red	FLOPO:0988042	dark red	EXACT	repoint filler in EquivalentTo axiom
FLOPO:0015026	axil brown	PO_0025224	PATO:0000952	brown	FLOPO:0988003	brown	EXACT	repoint filler in EquivalentTo axiom
FLOPO:0015064	seed coat yellow	PO_0009088	PATO:0000324	yellow	FLOPO:0988004	yellow	EXACT	repoint filler in EquivalentTo axiom
FLOPO:0015068	inflorescence dark brown	PO_0009049	PATO:0001245	dark brown	FLOPO:0988084	dark brown	EXACT	repoint filler in EquivalentTo axiom
FLOPO:0015073	root black	PO_0009005	PATO:0000317	black	FLOPO:0988011	black	EXACT	repoint filler in EquivalentTo axiom
FLOPO:0015095	spikelet red	PO_0009051	PATO:0000322	red	FLOPO:0988001	red	EXACT	repoint filler in EquivalentTo axiom
FLOPO:0015158	hypanthium red	PO_0009065	PATO:0000322	red	FLOPO:0988001	red	EXACT	repoint filler in EquivalentTo axiom
FLOPO:0015164	seed dark yellow	PO_0009010	PATO:0001263	dark yellow	FLOPO:0988112	dark yellow	EXACT	repoint filler in EquivalentTo axiom
FLOPO:0015175	root brown	PO_0009005	PATO:0000952	brown	FLOPO:0988003	brown	EXACT	repoint filler in EquivalentTo axiom
FLOPO:0015176	inflorescence axis dark brown	PO_0020122	PATO:0001245	dark brown	FLOPO:0988084	dark brown	EXACT	repoint filler in EquivalentTo axiom
FLOPO:0015195	bud yellow orange	PO_0000055	PATO:0001944	yellow orange	FLOPO:0988002	orange	NARROW	keep ID; replace EquivalentTo by SubClassOf(has_part some (E and has_quality some TARGET)); keep old PATO filler until PATO obsoletes it
FLOPO:0015214	tepal dark blue	PO_0009033	PATO:0001244	dark blue	FLOPO:0988200	dark blue	EXACT	repoint filler in EquivalentTo axiom
FLOPO:0015239	seta brown	PO_0030032	PATO:0000952	brown	FLOPO:0988003	brown	EXACT	repoint filler in EquivalentTo axiom
FLOPO:0015261	flower blue	PO_0009046	PATO:0000318	blue	FLOPO:0988007	blue	EXACT	repoint filler in EquivalentTo axiom
FLOPO:0015271	seed pink	PO_0009010	PATO:0000954	pink	FLOPO:0988000	pink	EXACT	repoint filler in EquivalentTo axiom
FLOPO:0015280	periderm red	PO_0005046	PATO:0000322	red	FLOPO:0988001	red	EXACT	repoint filler in EquivalentTo axiom
FLOPO:0015295	pappus purple	PO_0025393	PATO:0000951	purple	FLOPO:0988008	purple	EXACT	repoint filler in EquivalentTo axiom
FLOPO:0015308	stipule purple	PO_0020041	PATO:0000951	purple	FLOPO:0988008	purple	EXACT	repoint filler in EquivalentTo axiom
FLOPO:0015327	locule light brown	PO_0025263	PATO:0001246	light brown	FLOPO:0988082	light brown	EXACT	repoint filler in EquivalentTo axiom
FLOPO:0015333	seed dark red	PO_0009010	PATO:0001261	dark red	FLOPO:0988042	dark red	EXACT	repoint filler in EquivalentTo axiom
FLOPO:0015340	fruit ochre	PO_0009001	PATO:0001945	ochre	FLOPO:0988004	yellow	RELATED	keep ID; replace EquivalentTo by SubClassOf(has_part some (E and has_quality some TARGET)); keep old PATO filler until PATO obsoletes it
FLOPO:0015356	fruit dark red brown	PO_0009001	PATO:0001288	dark red brown	FLOPO:0988070	dark reddish brown	EXACT	repoint filler in EquivalentTo axiom
FLOPO:0015372	flower dark red	PO_0009046	PATO:0001261	dark red	FLOPO:0988042	dark red	EXACT	repoint filler in EquivalentTo axiom
FLOPO:0015377	stamen white	PO_0009029	PATO:0000323	white	FLOPO:0988009	white	EXACT	repoint filler in EquivalentTo axiom
FLOPO:0015397	perianth deep pink	PO_0009058	PATO:0001258	deep pink	FLOPO:0988032	deep pink	EXACT	repoint filler in EquivalentTo axiom
FLOPO:0015419	peristome maroon	PO_0030042	PATO:0001426	maroon	FLOPO:0988001	red	RELATED	keep ID; replace EquivalentTo by SubClassOf(has_part some (E and has_quality some TARGET)); keep old PATO filler until PATO obsoletes it
FLOPO:0015424	fruit red brown	PO_0009001	PATO:0001287	red brown	PATO:0001287	reddish brown	EXACT	repoint filler in EquivalentTo axiom
FLOPO:0015433	mesocarp black	PO_0009087	PATO:0000317	black	FLOPO:0988011	black	EXACT	repoint filler in EquivalentTo axiom
FLOPO:0015439	shoot internode purple	PO_0005005	PATO:0000951	purple	FLOPO:0988008	purple	EXACT	repoint filler in EquivalentTo axiom
FLOPO:0015440	shoot internode color	PO_0005005	PATO:0000014	color	PATO:0000014	color		keep (generic colour phenotype, filler PATO:0000014 unchanged)
FLOPO:0015447	testa light grey	PO_0020057	PATO:0001252	light grey	FLOPO:0988273	light gray	EXACT	repoint filler in EquivalentTo axiom
FLOPO:0015479	mesocarp yellow	PO_0009087	PATO:0000324	yellow	FLOPO:0988004	yellow	EXACT	repoint filler in EquivalentTo axiom
FLOPO:0015485	inflorescence magenta	PO_0009049	PATO:0000321	magenta	FLOPO:0988001	red	RELATED	keep ID; replace EquivalentTo by SubClassOf(has_part some (E and has_quality some TARGET)); keep old PATO filler until PATO obsoletes it
FLOPO:0015524	leaflet black	PO_0020049	PATO:0000317	black	FLOPO:0988011	black	EXACT	repoint filler in EquivalentTo axiom
FLOPO:0015531	heartwood yellow	PO_0004512	PATO:0000324	yellow	FLOPO:0988004	yellow	EXACT	repoint filler in EquivalentTo axiom
FLOPO:0015541	flower dark yellow	PO_0009046	PATO:0001263	dark yellow	FLOPO:0988112	dark yellow	EXACT	repoint filler in EquivalentTo axiom
FLOPO:0015542	valve black	PO_0025228	PATO:0000317	black	FLOPO:0988011	black	EXACT	repoint filler in EquivalentTo axiom
FLOPO:0015554	lamina dark purple	PO_0025060	PATO:0001259	dark purple	FLOPO:0988237	dark purple	EXACT	repoint filler in EquivalentTo axiom
FLOPO:0015555	placenta black	PO_0025078	PATO:0000317	black	FLOPO:0988011	black	EXACT	repoint filler in EquivalentTo axiom
FLOPO:0015561	crown root purple	PO_0000043	PATO:0000951	purple	FLOPO:0988008	purple	EXACT	repoint filler in EquivalentTo axiom
FLOPO:0015562	crown root color	PO_0000043	PATO:0000014	color	PATO:0000014	color		keep (generic colour phenotype, filler PATO:0000014 unchanged)
FLOPO:0015571	valve purple	PO_0025228	PATO:0000951	purple	FLOPO:0988008	purple	EXACT	repoint filler in EquivalentTo axiom
FLOPO:0015598	pappus green	PO_0025393	PATO:0000320	green	FLOPO:0988006	green	EXACT	repoint filler in EquivalentTo axiom
FLOPO:0015607	androecium yellow	PO_0009061	PATO:0000324	yellow	FLOPO:0988004	yellow	EXACT	repoint filler in EquivalentTo axiom
FLOPO:0015650	nectary purple	PO_0009035	PATO:0000951	purple	FLOPO:0988008	purple	EXACT	repoint filler in EquivalentTo axiom
FLOPO:0015655	lower glume white	PO_0006002	PATO:0000323	white	FLOPO:0988009	white	EXACT	repoint filler in EquivalentTo axiom
FLOPO:0015660	hypanthium dark red	PO_0009065	PATO:0001261	dark red	FLOPO:0988042	dark red	EXACT	repoint filler in EquivalentTo axiom
FLOPO:0015661	tubercle black	PO_0025352	PATO:0000317	black	FLOPO:0988011	black	EXACT	repoint filler in EquivalentTo axiom
FLOPO:0015662	inflorescence dark grey	PO_0009049	PATO:0001251	dark grey	FLOPO:0988275	dark gray	EXACT	repoint filler in EquivalentTo axiom
FLOPO:0015673	vascular bundle orange	PO_0005020	PATO:0000953	orange	FLOPO:0988002	orange	EXACT	repoint filler in EquivalentTo axiom
FLOPO:0015696	peduncle yellow	PO_0009053	PATO:0000324	yellow	FLOPO:0988004	yellow	EXACT	repoint filler in EquivalentTo axiom
FLOPO:0015714	pedicel black	PO_0009052	PATO:0000317	black	FLOPO:0988011	black	EXACT	repoint filler in EquivalentTo axiom
FLOPO:0015719	stereome green	PO_0030050	PATO:0000320	green	FLOPO:0988006	green	EXACT	repoint filler in EquivalentTo axiom
FLOPO:0015720	receptacle grey	PO_0009064	PATO:0000950	grey	FLOPO:0988010	gray	EXACT	repoint filler in EquivalentTo axiom
FLOPO:0015721	branch red	PO_0025073	PATO:0000322	red	FLOPO:0988001	red	EXACT	repoint filler in EquivalentTo axiom
FLOPO:0015729	exocarp light brown	PO_0009085	PATO:0001246	light brown	FLOPO:0988082	light brown	EXACT	repoint filler in EquivalentTo axiom
FLOPO:0015730	tubercle purple	PO_0025352	PATO:0000951	purple	FLOPO:0988008	purple	EXACT	repoint filler in EquivalentTo axiom
FLOPO:0015732	aril dark red	PO_0009090	PATO:0001261	dark red	FLOPO:0988042	dark red	EXACT	repoint filler in EquivalentTo axiom
FLOPO:0015753	nectary green	PO_0009035	PATO:0000320	green	FLOPO:0988006	green	EXACT	repoint filler in EquivalentTo axiom
FLOPO:0015759	arilloid black	PO_0019022	PATO:0000317	black	FLOPO:0988011	black	EXACT	repoint filler in EquivalentTo axiom
FLOPO:0015760	arilloid color	PO_0019022	PATO:0000014	color	PATO:0000014	color		keep (generic colour phenotype, filler PATO:0000014 unchanged)
FLOPO:0015764	seed light green	PO_0009010	PATO:0001250	light green	FLOPO:0988166	light green	EXACT	repoint filler in EquivalentTo axiom
FLOPO:0015778	fruit light red	PO_0009001	PATO:0001262	light red	FLOPO:0988013	red (ISCC-NBS level 2)	NARROW	keep ID; replace EquivalentTo by SubClassOf(has_part some (E and has_quality some TARGET)); keep old PATO filler until PATO obsoletes it
FLOPO:0015785	leaf violet	PO_0025034	PATO:0001424	violet	FLOPO:0988027	violet	EXACT	repoint filler in EquivalentTo axiom
FLOPO:0015818	androecium violet	PO_0009061	PATO:0001424	violet	FLOPO:0988027	violet	EXACT	repoint filler in EquivalentTo axiom
FLOPO:0015819	ligule dark brown	PO_0020105	PATO:0001245	dark brown	FLOPO:0988084	dark brown	EXACT	repoint filler in EquivalentTo axiom
FLOPO:0015824	fruit dark grey	PO_0009001	PATO:0001251	dark grey	FLOPO:0988275	dark gray	EXACT	repoint filler in EquivalentTo axiom
FLOPO:0015828	caruncle dark brown	PO_0020060	PATO:0001245	dark brown	FLOPO:0988084	dark brown	EXACT	repoint filler in EquivalentTo axiom
FLOPO:0015849	cortex dark grey	PO_0005708	PATO:0001251	dark grey	FLOPO:0988275	dark gray	EXACT	repoint filler in EquivalentTo axiom
FLOPO:0015850	heartwood pink	PO_0004512	PATO:0000954	pink	FLOPO:0988000	pink	EXACT	repoint filler in EquivalentTo axiom
FLOPO:0015882	androecium brown	PO_0009061	PATO:0000952	brown	FLOPO:0988003	brown	EXACT	repoint filler in EquivalentTo axiom
FLOPO:0015890	corolla light green	PO_0009059	PATO:0001250	light green	FLOPO:0988166	light green	EXACT	repoint filler in EquivalentTo axiom
FLOPO:0015933	seed blue	PO_0009010	PATO:0000318	blue	FLOPO:0988007	blue	EXACT	repoint filler in EquivalentTo axiom
FLOPO:0015937	lamina light brown	PO_0025060	PATO:0001246	light brown	FLOPO:0988082	light brown	EXACT	repoint filler in EquivalentTo axiom
FLOPO:0015941	tertiary leaf vein purple	PO_0008021	PATO:0000951	purple	FLOPO:0988008	purple	EXACT	repoint filler in EquivalentTo axiom
FLOPO:0015942	tertiary leaf vein color	PO_0008021	PATO:0000014	color	PATO:0000014	color		keep (generic colour phenotype, filler PATO:0000014 unchanged)
FLOPO:0015944	infructescence yellow	PO_0006342	PATO:0000324	yellow	FLOPO:0988004	yellow	EXACT	repoint filler in EquivalentTo axiom
FLOPO:0015969	bud light brown	PO_0000055	PATO:0001246	light brown	FLOPO:0988082	light brown	EXACT	repoint filler in EquivalentTo axiom
FLOPO:0015990	perianth lilac	PO_0009058	PATO:0001943	lilac	FLOPO:0988008	purple	RELATED	keep ID; replace EquivalentTo by SubClassOf(has_part some (E and has_quality some TARGET)); keep old PATO filler until PATO obsoletes it
FLOPO:0016047	gynoecium green	PO_0009062	PATO:0000320	green	FLOPO:0988006	green	EXACT	repoint filler in EquivalentTo axiom
FLOPO:0016048	gynoecium color	PO_0009062	PATO:0000014	color	PATO:0000014	color		keep (generic colour phenotype, filler PATO:0000014 unchanged)
FLOPO:0016078	lamina dark red	PO_0025060	PATO:0001261	dark red	FLOPO:0988042	dark red	EXACT	repoint filler in EquivalentTo axiom
FLOPO:0016079	cambium white	PO_0005597	PATO:0000323	white	FLOPO:0988009	white	EXACT	repoint filler in EquivalentTo axiom
FLOPO:0016091	seed dark red brown	PO_0009010	PATO:0001288	dark red brown	FLOPO:0988070	dark reddish brown	EXACT	repoint filler in EquivalentTo axiom
FLOPO:0016097	leaf lamina grey	PO_0020039	PATO:0000950	grey	FLOPO:0988010	gray	EXACT	repoint filler in EquivalentTo axiom
FLOPO:0016102	arilloid purple	PO_0019022	PATO:0000951	purple	FLOPO:0988008	purple	EXACT	repoint filler in EquivalentTo axiom
FLOPO:0016120	fruit light grey	PO_0009001	PATO:0001252	light grey	FLOPO:0988273	light gray	EXACT	repoint filler in EquivalentTo axiom
FLOPO:0016125	hilum yellow brown	PO_0020063	PATO:0002411	yellow brown	FLOPO:0988018	yellowish brown	EXACT	repoint filler in EquivalentTo axiom
FLOPO:0016136	pollen orange	PO_0025281	PATO:0000953	orange	FLOPO:0988002	orange	EXACT	repoint filler in EquivalentTo axiom
FLOPO:0016176	endocarp orange	PO_0009086	PATO:0000953	orange	FLOPO:0988002	orange	EXACT	repoint filler in EquivalentTo axiom
FLOPO:0016179	branch grey	PO_0025073	PATO:0000950	grey	FLOPO:0988010	gray	EXACT	repoint filler in EquivalentTo axiom
FLOPO:0016181	disk flower purple	PO_0025332	PATO:0000951	purple	FLOPO:0988008	purple	EXACT	repoint filler in EquivalentTo axiom
FLOPO:0016182	disk flower color	PO_0025332	PATO:0000014	color	PATO:0000014	color		keep (generic colour phenotype, filler PATO:0000014 unchanged)
FLOPO:0016193	heartwood white	PO_0004512	PATO:0000323	white	FLOPO:0988009	white	EXACT	repoint filler in EquivalentTo axiom
FLOPO:0016200	inflorescence maroon	PO_0009049	PATO:0001426	maroon	FLOPO:0988001	red	RELATED	keep ID; replace EquivalentTo by SubClassOf(has_part some (E and has_quality some TARGET)); keep old PATO filler until PATO obsoletes it
FLOPO:0016243	involucre brown	PO_0009100	PATO:0000952	brown	FLOPO:0988003	brown	EXACT	repoint filler in EquivalentTo axiom
FLOPO:0016245	pappus red brown	PO_0025393	PATO:0001287	red brown	PATO:0001287	reddish brown	EXACT	repoint filler in EquivalentTo axiom
FLOPO:0016254	aril dark brown	PO_0009090	PATO:0001245	dark brown	FLOPO:0988084	dark brown	EXACT	repoint filler in EquivalentTo axiom
FLOPO:0016258	filament blue	PO_0009067	PATO:0000318	blue	FLOPO:0988007	blue	EXACT	repoint filler in EquivalentTo axiom
FLOPO:0016292	pericarp yellow orange	PO_0009084	PATO:0001944	yellow orange	FLOPO:0988002	orange	NARROW	keep ID; replace EquivalentTo by SubClassOf(has_part some (E and has_quality some TARGET)); keep old PATO filler until PATO obsoletes it
FLOPO:0016328	leaf deep pink	PO_0025034	PATO:0001258	deep pink	FLOPO:0988032	deep pink	EXACT	repoint filler in EquivalentTo axiom
FLOPO:0016339	pseudostem red	PO_0025248	PATO:0000322	red	FLOPO:0988001	red	EXACT	repoint filler in EquivalentTo axiom
FLOPO:0016340	pseudostem color	PO_0025248	PATO:0000014	color	PATO:0000014	color		keep (generic colour phenotype, filler PATO:0000014 unchanged)
FLOPO:0016387	petiolule orange	PO_0020050	PATO:0000953	orange	FLOPO:0988002	orange	EXACT	repoint filler in EquivalentTo axiom
FLOPO:0016400	endotesta brown	PO_0006051	PATO:0000952	brown	FLOPO:0988003	brown	EXACT	repoint filler in EquivalentTo axiom
FLOPO:0016404	branch brown	PO_0025073	PATO:0000952	brown	FLOPO:0988003	brown	EXACT	repoint filler in EquivalentTo axiom
FLOPO:0016405	petal blue	PO_0009032	PATO:0000318	blue	FLOPO:0988007	blue	EXACT	repoint filler in EquivalentTo axiom
FLOPO:0016408	pistillode orange	PO_0009078	PATO:0000953	orange	FLOPO:0988002	orange	EXACT	repoint filler in EquivalentTo axiom
FLOPO:0016460	raphe white	PO_0020027	PATO:0000323	white	FLOPO:0988009	white	EXACT	repoint filler in EquivalentTo axiom
FLOPO:0016478	mesocarp green	PO_0009087	PATO:0000320	green	FLOPO:0988006	green	EXACT	repoint filler in EquivalentTo axiom
FLOPO:0016484	lemma black	PO_0009037	PATO:0000317	black	FLOPO:0988011	black	EXACT	repoint filler in EquivalentTo axiom
FLOPO:0016522	involucre dark green	PO_0009100	PATO:0001249	dark green	PATO:0001249	dark green	EXACT	repoint filler in EquivalentTo axiom
FLOPO:0016543	connective dark brown	PO_0009068	PATO:0001245	dark brown	FLOPO:0988084	dark brown	EXACT	repoint filler in EquivalentTo axiom
FLOPO:0016545	lemma light green	PO_0009037	PATO:0001250	light green	FLOPO:0988166	light green	EXACT	repoint filler in EquivalentTo axiom
FLOPO:0016611	branch yellow	PO_0025073	PATO:0000324	yellow	FLOPO:0988004	yellow	EXACT	repoint filler in EquivalentTo axiom
FLOPO:0016641	heartwood orange	PO_0004512	PATO:0000953	orange	FLOPO:0988002	orange	EXACT	repoint filler in EquivalentTo axiom
FLOPO:0016668	filament white	PO_0009067	PATO:0000323	white	FLOPO:0988009	white	EXACT	repoint filler in EquivalentTo axiom
FLOPO:0016680	petiole magenta	PO_0020038	PATO:0000321	magenta	FLOPO:0988001	red	RELATED	keep ID; replace EquivalentTo by SubClassOf(has_part some (E and has_quality some TARGET)); keep old PATO filler until PATO obsoletes it
FLOPO:0016693	involucre yellow	PO_0009100	PATO:0000324	yellow	FLOPO:0988004	yellow	EXACT	repoint filler in EquivalentTo axiom
FLOPO:0016710	connective brown	PO_0009068	PATO:0000952	brown	FLOPO:0988003	brown	EXACT	repoint filler in EquivalentTo axiom
FLOPO:0016728	nectary brown	PO_0009035	PATO:0000952	brown	FLOPO:0988003	brown	EXACT	repoint filler in EquivalentTo axiom
FLOPO:0016731	testa dark grey	PO_0020057	PATO:0001251	dark grey	FLOPO:0988275	dark gray	EXACT	repoint filler in EquivalentTo axiom
FLOPO:0016752	pappus dark brown	PO_0025393	PATO:0001245	dark brown	FLOPO:0988084	dark brown	EXACT	repoint filler in EquivalentTo axiom
FLOPO:0016766	cortex dark purple	PO_0005708	PATO:0001259	dark purple	FLOPO:0988237	dark purple	EXACT	repoint filler in EquivalentTo axiom
FLOPO:0016767	testa pink	PO_0020057	PATO:0000954	pink	FLOPO:0988000	pink	EXACT	repoint filler in EquivalentTo axiom
FLOPO:0016779	pith white	PO_0006109	PATO:0000323	white	FLOPO:0988009	white	EXACT	repoint filler in EquivalentTo axiom
FLOPO:0016780	pith color	PO_0006109	PATO:0000014	color	PATO:0000014	color		keep (generic colour phenotype, filler PATO:0000014 unchanged)
FLOPO:0016789	plant callus purple	PO_0005052	PATO:0000951	purple	FLOPO:0988008	purple	EXACT	repoint filler in EquivalentTo axiom
FLOPO:0016790	plant callus color	PO_0005052	PATO:0000014	color	PATO:0000014	color		keep (generic colour phenotype, filler PATO:0000014 unchanged)
FLOPO:0016803	pappus grey	PO_0025393	PATO:0000950	grey	FLOPO:0988010	gray	EXACT	repoint filler in EquivalentTo axiom
FLOPO:0016871	spikelet dark green	PO_0009051	PATO:0001249	dark green	PATO:0001249	dark green	EXACT	repoint filler in EquivalentTo axiom
FLOPO:0016887	awn violet	PO_0025349	PATO:0001424	violet	FLOPO:0988027	violet	EXACT	repoint filler in EquivalentTo axiom
FLOPO:0016889	hilum violet	PO_0020063	PATO:0001424	violet	FLOPO:0988027	violet	EXACT	repoint filler in EquivalentTo axiom
FLOPO:0016929	root yellow	PO_0009005	PATO:0000324	yellow	FLOPO:0988004	yellow	EXACT	repoint filler in EquivalentTo axiom
FLOPO:0016932	stigma violet	PO_0009073	PATO:0001424	violet	FLOPO:0988027	violet	EXACT	repoint filler in EquivalentTo axiom
FLOPO:0016941	bracteole green	PO_0009043	PATO:0000320	green	FLOPO:0988006	green	EXACT	repoint filler in EquivalentTo axiom
FLOPO:0016963	leaf base brown	PO_0020040	PATO:0000952	brown	FLOPO:0988003	brown	EXACT	repoint filler in EquivalentTo axiom
FLOPO:0016964	valve green	PO_0025228	PATO:0000320	green	FLOPO:0988006	green	EXACT	repoint filler in EquivalentTo axiom
FLOPO:0016997	septum black	PO_0000030	PATO:0000317	black	FLOPO:0988011	black	EXACT	repoint filler in EquivalentTo axiom
FLOPO:0016998	septum color	PO_0000030	PATO:0000014	color	PATO:0000014	color		keep (generic colour phenotype, filler PATO:0000014 unchanged)
FLOPO:0016999	petiole margin yellow	PO_0025010	PATO:0000324	yellow	FLOPO:0988004	yellow	EXACT	repoint filler in EquivalentTo axiom
FLOPO:0017011	lemma dark green	PO_0009037	PATO:0001249	dark green	PATO:0001249	dark green	EXACT	repoint filler in EquivalentTo axiom
FLOPO:0017017	spikelet green	PO_0009051	PATO:0000320	green	FLOPO:0988006	green	EXACT	repoint filler in EquivalentTo axiom
FLOPO:0017033	perianth grey	PO_0009058	PATO:0000950	grey	FLOPO:0988010	gray	EXACT	repoint filler in EquivalentTo axiom
FLOPO:0017052	perianth violet	PO_0009058	PATO:0001424	violet	FLOPO:0988027	violet	EXACT	repoint filler in EquivalentTo axiom
FLOPO:0017055	flower light green	PO_0009046	PATO:0001250	light green	FLOPO:0988166	light green	EXACT	repoint filler in EquivalentTo axiom
FLOPO:0017057	free sepal black	PO_0025587	PATO:0000317	black	FLOPO:0988011	black	EXACT	repoint filler in EquivalentTo axiom
FLOPO:0017058	free sepal color	PO_0025587	PATO:0000014	color	PATO:0000014	color		keep (generic colour phenotype, filler PATO:0000014 unchanged)
FLOPO:0017063	aril purple	PO_0009090	PATO:0000951	purple	FLOPO:0988008	purple	EXACT	repoint filler in EquivalentTo axiom
FLOPO:0017089	root purple	PO_0009005	PATO:0000951	purple	FLOPO:0988008	purple	EXACT	repoint filler in EquivalentTo axiom
FLOPO:0017091	valve yellow	PO_0025228	PATO:0000324	yellow	FLOPO:0988004	yellow	EXACT	repoint filler in EquivalentTo axiom
FLOPO:0017096	heartwood dark red	PO_0004512	PATO:0001261	dark red	FLOPO:0988042	dark red	EXACT	repoint filler in EquivalentTo axiom
FLOPO:0017101	tuber brown	PO_0025522	PATO:0000952	brown	FLOPO:0988003	brown	EXACT	repoint filler in EquivalentTo axiom
FLOPO:0017141	coma red	PO_0020061	PATO:0000322	red	FLOPO:0988001	red	EXACT	repoint filler in EquivalentTo axiom
FLOPO:0017142	coma color	PO_0020061	PATO:0000014	color	PATO:0000014	color		keep (generic colour phenotype, filler PATO:0000014 unchanged)
FLOPO:0017211	sepal brown	PO_0009031	PATO:0000952	brown	FLOPO:0988003	brown	EXACT	repoint filler in EquivalentTo axiom
FLOPO:0017213	fruit light red brown	PO_0009001	PATO:0001289	light red brown	FLOPO:0988068	light reddish brown	EXACT	repoint filler in EquivalentTo axiom
FLOPO:0017225	stamen brown	PO_0009029	PATO:0000952	brown	FLOPO:0988003	brown	EXACT	repoint filler in EquivalentTo axiom
FLOPO:0017235	stigma orange	PO_0009073	PATO:0000953	orange	FLOPO:0988002	orange	EXACT	repoint filler in EquivalentTo axiom
FLOPO:0017252	pith brown	PO_0006109	PATO:0000952	brown	FLOPO:0988003	brown	EXACT	repoint filler in EquivalentTo axiom
FLOPO:0017264	stem brown green	PO_0009047	PATO:0001942	brown green	FLOPO:0988006	green	NARROW	keep ID; replace EquivalentTo by SubClassOf(has_part some (E and has_quality some TARGET)); keep old PATO filler until PATO obsoletes it
FLOPO:0017279	juice sac purple	PO_0006013	PATO:0000951	purple	FLOPO:0988008	purple	EXACT	repoint filler in EquivalentTo axiom
FLOPO:0017280	juice sac color	PO_0006013	PATO:0000014	color	PATO:0000014	color		keep (generic colour phenotype, filler PATO:0000014 unchanged)
FLOPO:0017283	petiole margin brown	PO_0025010	PATO:0000952	brown	FLOPO:0988003	brown	EXACT	repoint filler in EquivalentTo axiom
FLOPO:0017304	hypanthium white	PO_0009065	PATO:0000323	white	FLOPO:0988009	white	EXACT	repoint filler in EquivalentTo axiom
FLOPO:0017320	awn green	PO_0025349	PATO:0000320	green	FLOPO:0988006	green	EXACT	repoint filler in EquivalentTo axiom
FLOPO:0017322	flower dark red brown	PO_0009046	PATO:0001288	dark red brown	FLOPO:0988070	dark reddish brown	EXACT	repoint filler in EquivalentTo axiom
FLOPO:0017325	style lilac	PO_0009074	PATO:0001943	lilac	FLOPO:0988008	purple	RELATED	keep ID; replace EquivalentTo by SubClassOf(has_part some (E and has_quality some TARGET)); keep old PATO filler until PATO obsoletes it
FLOPO:0017337	bulb purple	PO_0025356	PATO:0000951	purple	FLOPO:0988008	purple	EXACT	repoint filler in EquivalentTo axiom
FLOPO:0017340	leaf axil white	PO_0009023	PATO:0000323	white	FLOPO:0988009	white	EXACT	repoint filler in EquivalentTo axiom
FLOPO:0017344	leaf vascular system purple	PO_0000036	PATO:0000951	purple	FLOPO:0988008	purple	EXACT	repoint filler in EquivalentTo axiom
FLOPO:0017345	leaf vascular system color	PO_0000036	PATO:0000014	color	PATO:0000014	color		keep (generic colour phenotype, filler PATO:0000014 unchanged)
FLOPO:0017374	exocarp white	PO_0009085	PATO:0000323	white	FLOPO:0988009	white	EXACT	repoint filler in EquivalentTo axiom
FLOPO:0017407	petiole violet	PO_0020038	PATO:0001424	violet	FLOPO:0988027	violet	EXACT	repoint filler in EquivalentTo axiom
FLOPO:0017412	inflorescence violet	PO_0009049	PATO:0001424	violet	FLOPO:0988027	violet	EXACT	repoint filler in EquivalentTo axiom
FLOPO:0017424	filament orange	PO_0009067	PATO:0000953	orange	FLOPO:0988002	orange	EXACT	repoint filler in EquivalentTo axiom
FLOPO:0017426	leaf yellow brown	PO_0025034	PATO:0002411	yellow brown	FLOPO:0988018	yellowish brown	EXACT	repoint filler in EquivalentTo axiom
FLOPO:0017436	locule white	PO_0025263	PATO:0000323	white	FLOPO:0988009	white	EXACT	repoint filler in EquivalentTo axiom
FLOPO:0017443	rhizome pink	PO_0004542	PATO:0000954	pink	FLOPO:0988000	pink	EXACT	repoint filler in EquivalentTo axiom
FLOPO:0017469	infructescence red brown	PO_0006342	PATO:0001287	red brown	PATO:0001287	reddish brown	EXACT	repoint filler in EquivalentTo axiom
FLOPO:0017485	stem ochre	PO_0009047	PATO:0001945	ochre	FLOPO:0988004	yellow	RELATED	keep ID; replace EquivalentTo by SubClassOf(has_part some (E and has_quality some TARGET)); keep old PATO filler until PATO obsoletes it
FLOPO:0017492	keel maroon	PO_0025327	PATO:0001426	maroon	FLOPO:0988001	red	RELATED	keep ID; replace EquivalentTo by SubClassOf(has_part some (E and has_quality some TARGET)); keep old PATO filler until PATO obsoletes it
FLOPO:0017494	antiraphe orange	PO_0020028	PATO:0000953	orange	FLOPO:0988002	orange	EXACT	repoint filler in EquivalentTo axiom
FLOPO:0017499	keel vermilion	PO_0025327	PATO:0001302	vermilion	FLOPO:0988001	red	RELATED	keep ID; replace EquivalentTo by SubClassOf(has_part some (E and has_quality some TARGET)); keep old PATO filler until PATO obsoletes it
FLOPO:0017513	stalk yellow	PO_0025066	PATO:0000324	yellow	FLOPO:0988004	yellow	EXACT	repoint filler in EquivalentTo axiom
FLOPO:0017516	costa yellow	PO_0030072	PATO:0000324	yellow	FLOPO:0988004	yellow	EXACT	repoint filler in EquivalentTo axiom
FLOPO:0017523	leaf margin brown	PO_0020128	PATO:0000952	brown	FLOPO:0988003	brown	EXACT	repoint filler in EquivalentTo axiom
FLOPO:0017524	leaf margin color	PO_0020128	PATO:0000014	color	PATO:0000014	color		keep (generic colour phenotype, filler PATO:0000014 unchanged)
FLOPO:0017552	epidermis orange	PO_0005679	PATO:0000953	orange	FLOPO:0988002	orange	EXACT	repoint filler in EquivalentTo axiom
FLOPO:0017566	banner petal purple	PO_0025324	PATO:0000951	purple	FLOPO:0988008	purple	EXACT	repoint filler in EquivalentTo axiom
FLOPO:0017567	banner petal color	PO_0025324	PATO:0000014	color	PATO:0000014	color		keep (generic colour phenotype, filler PATO:0000014 unchanged)
FLOPO:0017573	bark bronze	PO_0004518	PATO:0002363	bronze	FLOPO:0988018	yellowish brown	RELATED	keep ID; replace EquivalentTo by SubClassOf(has_part some (E and has_quality some TARGET)); keep old PATO filler until PATO obsoletes it
FLOPO:0017583	peduncle light green	PO_0009053	PATO:0001250	light green	FLOPO:0988166	light green	EXACT	repoint filler in EquivalentTo axiom
FLOPO:0017599	endodermis black	PO_0000252	PATO:0000317	black	FLOPO:0988011	black	EXACT	repoint filler in EquivalentTo axiom
FLOPO:0017600	endodermis color	PO_0000252	PATO:0000014	color	PATO:0000014	color		keep (generic colour phenotype, filler PATO:0000014 unchanged)
FLOPO:0017604	whole plant red	PO_0000003	PATO:0000322	red	FLOPO:0988001	red	EXACT	repoint filler in EquivalentTo axiom
FLOPO:0017627	pappus yellow green	PO_0025393	PATO:0001941	yellow green	PATO:0001941	yellow green	EXACT	repoint filler in EquivalentTo axiom
FLOPO:0017641	ligule yellow green	PO_0020105	PATO:0001941	yellow green	PATO:0001941	yellow green	EXACT	repoint filler in EquivalentTo axiom
FLOPO:0017671	locule yellow brown	PO_0025263	PATO:0002411	yellow brown	FLOPO:0988018	yellowish brown	EXACT	repoint filler in EquivalentTo axiom
FLOPO:0017674	coma brown	PO_0020061	PATO:0000952	brown	FLOPO:0988003	brown	EXACT	repoint filler in EquivalentTo axiom
FLOPO:0017679	lower glume violet	PO_0006002	PATO:0001424	violet	FLOPO:0988027	violet	EXACT	repoint filler in EquivalentTo axiom
FLOPO:0017686	axil violet	PO_0025224	PATO:0001424	violet	FLOPO:0988027	violet	EXACT	repoint filler in EquivalentTo axiom
FLOPO:0017704	calyx light brown	PO_0009060	PATO:0001246	light brown	FLOPO:0988082	light brown	EXACT	repoint filler in EquivalentTo axiom
FLOPO:0017762	bark light orange	PO_0004518	PATO:0001255	light orange	FLOPO:0988077	light orange	EXACT	repoint filler in EquivalentTo axiom
FLOPO:0017772	stipule grey	PO_0020041	PATO:0000950	grey	FLOPO:0988010	gray	EXACT	repoint filler in EquivalentTo axiom
FLOPO:0017790	pistillode light yellow	PO_0009078	PATO:0001264	light yellow	FLOPO:0988110	light yellow	EXACT	repoint filler in EquivalentTo axiom
FLOPO:0017795	raphe brown	PO_0020027	PATO:0000952	brown	FLOPO:0988003	brown	EXACT	repoint filler in EquivalentTo axiom
FLOPO:0017803	anther black	PO_0009066	PATO:0000317	black	FLOPO:0988011	black	EXACT	repoint filler in EquivalentTo axiom
FLOPO:0017837	stigma black	PO_0009073	PATO:0000317	black	FLOPO:0988011	black	EXACT	repoint filler in EquivalentTo axiom
FLOPO:0017842	stereome dark brown	PO_0030050	PATO:0001245	dark brown	FLOPO:0988084	dark brown	EXACT	repoint filler in EquivalentTo axiom
FLOPO:0017849	filament black	PO_0009067	PATO:0000317	black	FLOPO:0988011	black	EXACT	repoint filler in EquivalentTo axiom
FLOPO:0017851	seed dark blue	PO_0009010	PATO:0001244	dark blue	FLOPO:0988200	dark blue	EXACT	repoint filler in EquivalentTo axiom
FLOPO:0017880	micropyle red	PO_0020025	PATO:0000322	red	FLOPO:0988001	red	EXACT	repoint filler in EquivalentTo axiom
FLOPO:0017881	micropyle color	PO_0020025	PATO:0000014	color	PATO:0000014	color		keep (generic colour phenotype, filler PATO:0000014 unchanged)
FLOPO:0017922	keel dark grey	PO_0025327	PATO:0001251	dark grey	FLOPO:0988275	dark gray	EXACT	repoint filler in EquivalentTo axiom
FLOPO:0017947	antiraphe brown	PO_0020028	PATO:0000952	brown	FLOPO:0988003	brown	EXACT	repoint filler in EquivalentTo axiom
FLOPO:0017952	bud dark brown	PO_0000055	PATO:0001245	dark brown	FLOPO:0988084	dark brown	EXACT	repoint filler in EquivalentTo axiom
FLOPO:0017957	seed dark brown	PO_0009010	PATO:0001245	dark brown	FLOPO:0988084	dark brown	EXACT	repoint filler in EquivalentTo axiom
FLOPO:0017958	coma white	PO_0020061	PATO:0000323	white	FLOPO:0988009	white	EXACT	repoint filler in EquivalentTo axiom
FLOPO:0018014	fruit violet	PO_0009001	PATO:0001424	violet	FLOPO:0988027	violet	EXACT	repoint filler in EquivalentTo axiom
FLOPO:0018030	flower fascicle purple	PO_0025323	PATO:0000951	purple	FLOPO:0988008	purple	EXACT	repoint filler in EquivalentTo axiom
FLOPO:0018031	flower fascicle color	PO_0025323	PATO:0000014	color	PATO:0000014	color		keep (generic colour phenotype, filler PATO:0000014 unchanged)
FLOPO:0018078	pericarp maroon	PO_0009084	PATO:0001426	maroon	FLOPO:0988001	red	RELATED	keep ID; replace EquivalentTo by SubClassOf(has_part some (E and has_quality some TARGET)); keep old PATO filler until PATO obsoletes it
FLOPO:0018086	bark maroon	PO_0004518	PATO:0001426	maroon	FLOPO:0988001	red	RELATED	keep ID; replace EquivalentTo by SubClassOf(has_part some (E and has_quality some TARGET)); keep old PATO filler until PATO obsoletes it
FLOPO:0018089	sapwood green	PO_0004513	PATO:0000320	green	FLOPO:0988006	green	EXACT	repoint filler in EquivalentTo axiom
FLOPO:0018117	aril dark violet	PO_0009090	PATO:0001705	dark violet	FLOPO:0988226	dark violet	EXACT	repoint filler in EquivalentTo axiom
FLOPO:0018127	septum white	PO_0000030	PATO:0000323	white	FLOPO:0988009	white	EXACT	repoint filler in EquivalentTo axiom
FLOPO:0018175	papilla cell ochre	PO_0025166	PATO:0001945	ochre	FLOPO:0988004	yellow	RELATED	keep ID; replace EquivalentTo by SubClassOf(has_part some (E and has_quality some TARGET)); keep old PATO filler until PATO obsoletes it
FLOPO:0018198	root pink	PO_0009005	PATO:0000954	pink	FLOPO:0988000	pink	EXACT	repoint filler in EquivalentTo axiom
FLOPO:0018216	endocarp yellow orange	PO_0009086	PATO:0001944	yellow orange	FLOPO:0988002	orange	NARROW	keep ID; replace EquivalentTo by SubClassOf(has_part some (E and has_quality some TARGET)); keep old PATO filler until PATO obsoletes it
FLOPO:0018247	leaflet dark green	PO_0020049	PATO:0001249	dark green	PATO:0001249	dark green	EXACT	repoint filler in EquivalentTo axiom
FLOPO:0018261	style yellow brown	PO_0009074	PATO:0002411	yellow brown	FLOPO:0988018	yellowish brown	EXACT	repoint filler in EquivalentTo axiom
FLOPO:0018266	anther red	PO_0009066	PATO:0000322	red	FLOPO:0988001	red	EXACT	repoint filler in EquivalentTo axiom
FLOPO:0018268	tepal dark red	PO_0009033	PATO:0001261	dark red	FLOPO:0988042	dark red	EXACT	repoint filler in EquivalentTo axiom
FLOPO:0018274	corolla bronze	PO_0009059	PATO:0002363	bronze	FLOPO:0988018	yellowish brown	RELATED	keep ID; replace EquivalentTo by SubClassOf(has_part some (E and has_quality some TARGET)); keep old PATO filler until PATO obsoletes it
FLOPO:0018286	hilum dark violet	PO_0020063	PATO:0001705	dark violet	FLOPO:0988226	dark violet	EXACT	repoint filler in EquivalentTo axiom
FLOPO:0018293	calyx maroon	PO_0009060	PATO:0001426	maroon	FLOPO:0988001	red	RELATED	keep ID; replace EquivalentTo by SubClassOf(has_part some (E and has_quality some TARGET)); keep old PATO filler until PATO obsoletes it
FLOPO:0018313	endosperm black	PO_0009089	PATO:0000317	black	FLOPO:0988011	black	EXACT	repoint filler in EquivalentTo axiom
FLOPO:0018342	apical hook purple	PO_0000012	PATO:0000951	purple	FLOPO:0988008	purple	EXACT	repoint filler in EquivalentTo axiom
FLOPO:0018343	apical hook color	PO_0000012	PATO:0000014	color	PATO:0000014	color		keep (generic colour phenotype, filler PATO:0000014 unchanged)
FLOPO:0018345	involucre grey	PO_0009100	PATO:0000950	grey	FLOPO:0988010	gray	EXACT	repoint filler in EquivalentTo axiom
FLOPO:0018364	pulvinus yellow	PO_0009000	PATO:0000324	yellow	FLOPO:0988004	yellow	EXACT	repoint filler in EquivalentTo axiom
FLOPO:0018365	pulvinus color	PO_0009000	PATO:0000014	color	PATO:0000014	color		keep (generic colour phenotype, filler PATO:0000014 unchanged)
FLOPO:0018388	spikelet light brown	PO_0009051	PATO:0001246	light brown	FLOPO:0988082	light brown	EXACT	repoint filler in EquivalentTo axiom
FLOPO:0018413	palea pink	PO_0009038	PATO:0000954	pink	FLOPO:0988000	pink	EXACT	repoint filler in EquivalentTo axiom
FLOPO:0018415	inflorescence light brown	PO_0009049	PATO:0001246	light brown	FLOPO:0988082	light brown	EXACT	repoint filler in EquivalentTo axiom
FLOPO:0018444	funicle yellow	PO_0020006	PATO:0000324	yellow	FLOPO:0988004	yellow	EXACT	repoint filler in EquivalentTo axiom
FLOPO:0018490	thallus yellow	PO_0030027	PATO:0000324	yellow	FLOPO:0988004	yellow	EXACT	repoint filler in EquivalentTo axiom
FLOPO:0018522	petiole light brown	PO_0020038	PATO:0001246	light brown	FLOPO:0988082	light brown	EXACT	repoint filler in EquivalentTo axiom
FLOPO:0018524	flower orange	PO_0009046	PATO:0000953	orange	FLOPO:0988002	orange	EXACT	repoint filler in EquivalentTo axiom
FLOPO:0018556	calyx yellow orange	PO_0009060	PATO:0001944	yellow orange	FLOPO:0988002	orange	NARROW	keep ID; replace EquivalentTo by SubClassOf(has_part some (E and has_quality some TARGET)); keep old PATO filler until PATO obsoletes it
FLOPO:0018600	inflorescence pale pink	PO_0009049	PATO:0002020	pale pink	FLOPO:0988035	pale pink	EXACT	repoint filler in EquivalentTo axiom
FLOPO:0018602	anther yellow orange	PO_0009066	PATO:0001944	yellow orange	FLOPO:0988002	orange	NARROW	keep ID; replace EquivalentTo by SubClassOf(has_part some (E and has_quality some TARGET)); keep old PATO filler until PATO obsoletes it
FLOPO:0018610	phyllome sinus purple	PO_0025383	PATO:0000951	purple	FLOPO:0988008	purple	EXACT	repoint filler in EquivalentTo axiom
FLOPO:0018611	phyllome sinus color	PO_0025383	PATO:0000014	color	PATO:0000014	color		keep (generic colour phenotype, filler PATO:0000014 unchanged)
FLOPO:0018618	sorus white	PO_0025359	PATO:0000323	white	FLOPO:0988009	white	EXACT	repoint filler in EquivalentTo axiom
FLOPO:0018636	epicalyx purple	PO_0009063	PATO:0000951	purple	FLOPO:0988008	purple	EXACT	repoint filler in EquivalentTo axiom
FLOPO:0018638	leaf ochre	PO_0025034	PATO:0001945	ochre	FLOPO:0988004	yellow	RELATED	keep ID; replace EquivalentTo by SubClassOf(has_part some (E and has_quality some TARGET)); keep old PATO filler until PATO obsoletes it
FLOPO:0018698	tubercle dark brown	PO_0025352	PATO:0001245	dark brown	FLOPO:0988084	dark brown	EXACT	repoint filler in EquivalentTo axiom
FLOPO:0018700	canal purple	PO_0025132	PATO:0000951	purple	FLOPO:0988008	purple	EXACT	repoint filler in EquivalentTo axiom
FLOPO:0018701	canal color	PO_0025132	PATO:0000014	color	PATO:0000014	color		keep (generic colour phenotype, filler PATO:0000014 unchanged)
FLOPO:0018704	peduncle maroon	PO_0009053	PATO:0001426	maroon	FLOPO:0988001	red	RELATED	keep ID; replace EquivalentTo by SubClassOf(has_part some (E and has_quality some TARGET)); keep old PATO filler until PATO obsoletes it
FLOPO:0018707	raphe red brown	PO_0020027	PATO:0001287	red brown	PATO:0001287	reddish brown	EXACT	repoint filler in EquivalentTo axiom
FLOPO:0018724	petiole bronze	PO_0020038	PATO:0002363	bronze	FLOPO:0988018	yellowish brown	RELATED	keep ID; replace EquivalentTo by SubClassOf(has_part some (E and has_quality some TARGET)); keep old PATO filler until PATO obsoletes it
FLOPO:0018725	seed trichome ochre	PO_0004511	PATO:0001945	ochre	FLOPO:0988004	yellow	RELATED	keep ID; replace EquivalentTo by SubClassOf(has_part some (E and has_quality some TARGET)); keep old PATO filler until PATO obsoletes it
FLOPO:0018735	petiole margin dark green	PO_0025010	PATO:0001249	dark green	PATO:0001249	dark green	EXACT	repoint filler in EquivalentTo axiom
FLOPO:0018736	sepal yellow	PO_0009031	PATO:0000324	yellow	FLOPO:0988004	yellow	EXACT	repoint filler in EquivalentTo axiom
FLOPO:0018742	pericarp dark red	PO_0009084	PATO:0001261	dark red	FLOPO:0988042	dark red	EXACT	repoint filler in EquivalentTo axiom
FLOPO:0018756	filament grey	PO_0009067	PATO:0000950	grey	FLOPO:0988010	gray	EXACT	repoint filler in EquivalentTo axiom
FLOPO:0018759	nectary dark brown	PO_0009035	PATO:0001245	dark brown	FLOPO:0988084	dark brown	EXACT	repoint filler in EquivalentTo axiom
FLOPO:0018780	stalk brown	PO_0025066	PATO:0000952	brown	FLOPO:0988003	brown	EXACT	repoint filler in EquivalentTo axiom
FLOPO:0018786	periderm red brown	PO_0005046	PATO:0001287	red brown	PATO:0001287	reddish brown	EXACT	repoint filler in EquivalentTo axiom
FLOPO:0018790	peristome light green	PO_0030042	PATO:0001250	light green	FLOPO:0988166	light green	EXACT	repoint filler in EquivalentTo axiom
FLOPO:0018819	coma dark brown	PO_0020061	PATO:0001245	dark brown	FLOPO:0988084	dark brown	EXACT	repoint filler in EquivalentTo axiom
FLOPO:0018825	pollen brown	PO_0025281	PATO:0000952	brown	FLOPO:0988003	brown	EXACT	repoint filler in EquivalentTo axiom
FLOPO:0018839	costa dark green	PO_0030072	PATO:0001249	dark green	PATO:0001249	dark green	EXACT	repoint filler in EquivalentTo axiom
FLOPO:0018851	tuber black	PO_0025522	PATO:0000317	black	FLOPO:0988011	black	EXACT	repoint filler in EquivalentTo axiom
FLOPO:0018870	bud maroon	PO_0000055	PATO:0001426	maroon	FLOPO:0988001	red	RELATED	keep ID; replace EquivalentTo by SubClassOf(has_part some (E and has_quality some TARGET)); keep old PATO filler until PATO obsoletes it
FLOPO:0018898	epidermis dark purple	PO_0005679	PATO:0001259	dark purple	FLOPO:0988237	dark purple	EXACT	repoint filler in EquivalentTo axiom
FLOPO:0018910	leaf base white	PO_0020040	PATO:0000323	white	FLOPO:0988009	white	EXACT	repoint filler in EquivalentTo axiom
FLOPO:0018918	peristome red brown	PO_0030042	PATO:0001287	red brown	PATO:0001287	reddish brown	EXACT	repoint filler in EquivalentTo axiom
FLOPO:0018922	mesocarp red brown	PO_0009087	PATO:0001287	red brown	PATO:0001287	reddish brown	EXACT	repoint filler in EquivalentTo axiom
FLOPO:0018951	connective dark blue	PO_0009068	PATO:0001244	dark blue	FLOPO:0988200	dark blue	EXACT	repoint filler in EquivalentTo axiom
FLOPO:0018976	exotesta red	PO_0006050	PATO:0000322	red	FLOPO:0988001	red	EXACT	repoint filler in EquivalentTo axiom
FLOPO:0018977	stigma red brown	PO_0009073	PATO:0001287	red brown	PATO:0001287	reddish brown	EXACT	repoint filler in EquivalentTo axiom
FLOPO:0018988	micropyle orange	PO_0020025	PATO:0000953	orange	FLOPO:0988002	orange	EXACT	repoint filler in EquivalentTo axiom
FLOPO:0019000	heartwood dark brown	PO_0004512	PATO:0001245	dark brown	FLOPO:0988084	dark brown	EXACT	repoint filler in EquivalentTo axiom
FLOPO:0019020	sapwood pale pink	PO_0004513	PATO:0002020	pale pink	FLOPO:0988035	pale pink	EXACT	repoint filler in EquivalentTo axiom
FLOPO:0019032	stalk black	PO_0025066	PATO:0000317	black	FLOPO:0988011	black	EXACT	repoint filler in EquivalentTo axiom
FLOPO:0019083	epicalyx red	PO_0009063	PATO:0000322	red	FLOPO:0988001	red	EXACT	repoint filler in EquivalentTo axiom
FLOPO:0019092	petal red	PO_0009032	PATO:0000322	red	FLOPO:0988001	red	EXACT	repoint filler in EquivalentTo axiom
FLOPO:0019097	leaflet grey	PO_0020049	PATO:0000950	grey	FLOPO:0988010	gray	EXACT	repoint filler in EquivalentTo axiom
FLOPO:0019119	antiraphe yellow	PO_0020028	PATO:0000324	yellow	FLOPO:0988004	yellow	EXACT	repoint filler in EquivalentTo axiom
FLOPO:0019126	tepal orange	PO_0009033	PATO:0000953	orange	FLOPO:0988002	orange	EXACT	repoint filler in EquivalentTo axiom
FLOPO:0019133	pedicel dark red	PO_0009052	PATO:0001261	dark red	FLOPO:0988042	dark red	EXACT	repoint filler in EquivalentTo axiom
FLOPO:0019145	keel yellow brown	PO_0025327	PATO:0002411	yellow brown	FLOPO:0988018	yellowish brown	EXACT	repoint filler in EquivalentTo axiom
FLOPO:0019192	leaf axil pink	PO_0009023	PATO:0000954	pink	FLOPO:0988000	pink	EXACT	repoint filler in EquivalentTo axiom
FLOPO:0019202	stigma dark brown	PO_0009073	PATO:0001245	dark brown	FLOPO:0988084	dark brown	EXACT	repoint filler in EquivalentTo axiom
FLOPO:0019241	axil orange	PO_0025224	PATO:0000953	orange	FLOPO:0988002	orange	EXACT	repoint filler in EquivalentTo axiom
FLOPO:0019250	vascular bundle ochre	PO_0005020	PATO:0001945	ochre	FLOPO:0988004	yellow	RELATED	keep ID; replace EquivalentTo by SubClassOf(has_part some (E and has_quality some TARGET)); keep old PATO filler until PATO obsoletes it
FLOPO:0019251	gynophore purple	PO_0006330	PATO:0000951	purple	FLOPO:0988008	purple	EXACT	repoint filler in EquivalentTo axiom
FLOPO:0019262	petiolule purple	PO_0020050	PATO:0000951	purple	FLOPO:0988008	purple	EXACT	repoint filler in EquivalentTo axiom
FLOPO:0019275	exocarp dark brown	PO_0009085	PATO:0001245	dark brown	FLOPO:0988084	dark brown	EXACT	repoint filler in EquivalentTo axiom
FLOPO:0019293	simple leaf green	PO_0020042	PATO:0000320	green	FLOPO:0988006	green	EXACT	repoint filler in EquivalentTo axiom
FLOPO:0019298	stem light brown	PO_0009047	PATO:0001246	light brown	FLOPO:0988082	light brown	EXACT	repoint filler in EquivalentTo axiom
FLOPO:0019320	perianth maroon	PO_0009058	PATO:0001426	maroon	FLOPO:0988001	red	RELATED	keep ID; replace EquivalentTo by SubClassOf(has_part some (E and has_quality some TARGET)); keep old PATO filler until PATO obsoletes it
FLOPO:0019330	pedicel yellow brown	PO_0009052	PATO:0002411	yellow brown	FLOPO:0988018	yellowish brown	EXACT	repoint filler in EquivalentTo axiom
FLOPO:0019332	rhizoid white	PO_0030078	PATO:0000323	white	FLOPO:0988009	white	EXACT	repoint filler in EquivalentTo axiom
FLOPO:0019333	rhizoid color	PO_0030078	PATO:0000014	color	PATO:0000014	color		keep (generic colour phenotype, filler PATO:0000014 unchanged)
FLOPO:0019336	pappus violet	PO_0025393	PATO:0001424	violet	FLOPO:0988027	violet	EXACT	repoint filler in EquivalentTo axiom
FLOPO:0019360	palea light green	PO_0009038	PATO:0001250	light green	FLOPO:0988166	light green	EXACT	repoint filler in EquivalentTo axiom
FLOPO:0019371	placenta brown	PO_0025078	PATO:0000952	brown	FLOPO:0988003	brown	EXACT	repoint filler in EquivalentTo axiom
FLOPO:0019374	costa green	PO_0030072	PATO:0000320	green	FLOPO:0988006	green	EXACT	repoint filler in EquivalentTo axiom
FLOPO:0019384	filament brown	PO_0009067	PATO:0000952	brown	FLOPO:0988003	brown	EXACT	repoint filler in EquivalentTo axiom
FLOPO:0019391	ligule orange	PO_0020105	PATO:0000953	orange	FLOPO:0988002	orange	EXACT	repoint filler in EquivalentTo axiom
FLOPO:0019402	bud yellow green	PO_0000055	PATO:0001941	yellow green	PATO:0001941	yellow green	EXACT	repoint filler in EquivalentTo axiom
FLOPO:0019413	corolla vermilion	PO_0009059	PATO:0001302	vermilion	FLOPO:0988001	red	RELATED	keep ID; replace EquivalentTo by SubClassOf(has_part some (E and has_quality some TARGET)); keep old PATO filler until PATO obsoletes it
FLOPO:0019444	valve blue	PO_0025228	PATO:0000318	blue	FLOPO:0988007	blue	EXACT	repoint filler in EquivalentTo axiom
FLOPO:0019478	involucre lilac	PO_0009100	PATO:0001943	lilac	FLOPO:0988008	purple	RELATED	keep ID; replace EquivalentTo by SubClassOf(has_part some (E and has_quality some TARGET)); keep old PATO filler until PATO obsoletes it
FLOPO:0019490	style yellow green	PO_0009074	PATO:0001941	yellow green	PATO:0001941	yellow green	EXACT	repoint filler in EquivalentTo axiom
FLOPO:0019491	bracteole dark brown	PO_0009043	PATO:0001245	dark brown	FLOPO:0988084	dark brown	EXACT	repoint filler in EquivalentTo axiom
FLOPO:0019505	seed vermilion	PO_0009010	PATO:0001302	vermilion	FLOPO:0988001	red	RELATED	keep ID; replace EquivalentTo by SubClassOf(has_part some (E and has_quality some TARGET)); keep old PATO filler until PATO obsoletes it
FLOPO:0019511	bud dark red	PO_0000055	PATO:0001261	dark red	FLOPO:0988042	dark red	EXACT	repoint filler in EquivalentTo axiom
FLOPO:0019520	stamen yellow	PO_0009029	PATO:0000324	yellow	FLOPO:0988004	yellow	EXACT	repoint filler in EquivalentTo axiom
FLOPO:0019526	spikelet violet	PO_0009051	PATO:0001424	violet	FLOPO:0988027	violet	EXACT	repoint filler in EquivalentTo axiom
FLOPO:0019528	sepal violet	PO_0009031	PATO:0001424	violet	FLOPO:0988027	violet	EXACT	repoint filler in EquivalentTo axiom
FLOPO:0019529	shoot apex ochre	PO_0000037	PATO:0001945	ochre	FLOPO:0988004	yellow	RELATED	keep ID; replace EquivalentTo by SubClassOf(has_part some (E and has_quality some TARGET)); keep old PATO filler until PATO obsoletes it
FLOPO:0019540	hydathode white	PO_0005660	PATO:0000323	white	FLOPO:0988009	white	EXACT	repoint filler in EquivalentTo axiom
FLOPO:0019541	hydathode color	PO_0005660	PATO:0000014	color	PATO:0000014	color		keep (generic colour phenotype, filler PATO:0000014 unchanged)
FLOPO:0019580	sepal orange	PO_0009031	PATO:0000953	orange	FLOPO:0988002	orange	EXACT	repoint filler in EquivalentTo axiom
FLOPO:0019583	subterranean tuber green	PO_0004547	PATO:0000320	green	FLOPO:0988006	green	EXACT	repoint filler in EquivalentTo axiom
FLOPO:0019584	subterranean tuber color	PO_0004547	PATO:0000014	color	PATO:0000014	color		keep (generic colour phenotype, filler PATO:0000014 unchanged)
FLOPO:0019585	arillode red	PO_0025378	PATO:0000322	red	FLOPO:0988001	red	EXACT	repoint filler in EquivalentTo axiom
FLOPO:0019586	arillode color	PO_0025378	PATO:0000014	color	PATO:0000014	color		keep (generic colour phenotype, filler PATO:0000014 unchanged)
FLOPO:0019606	inflorescence dark green	PO_0009049	PATO:0001249	dark green	PATO:0001249	dark green	EXACT	repoint filler in EquivalentTo axiom
FLOPO:0019628	leaf apex green	PO_0020137	PATO:0000320	green	FLOPO:0988006	green	EXACT	repoint filler in EquivalentTo axiom
FLOPO:0019629	leaf apex color	PO_0020137	PATO:0000014	color	PATO:0000014	color		keep (generic colour phenotype, filler PATO:0000014 unchanged)
FLOPO:0019635	calyx magenta	PO_0009060	PATO:0000321	magenta	FLOPO:0988001	red	RELATED	keep ID; replace EquivalentTo by SubClassOf(has_part some (E and has_quality some TARGET)); keep old PATO filler until PATO obsoletes it
FLOPO:0019644	stigma dark green	PO_0009073	PATO:0001249	dark green	PATO:0001249	dark green	EXACT	repoint filler in EquivalentTo axiom
FLOPO:0019646	raphe pale pink	PO_0020027	PATO:0002020	pale pink	FLOPO:0988035	pale pink	EXACT	repoint filler in EquivalentTo axiom
FLOPO:0019674	glume dark brown	PO_0009039	PATO:0001245	dark brown	FLOPO:0988084	dark brown	EXACT	repoint filler in EquivalentTo axiom
FLOPO:0019676	stem base brown	PO_0008039	PATO:0000952	brown	FLOPO:0988003	brown	EXACT	repoint filler in EquivalentTo axiom
FLOPO:0019677	stem base color	PO_0008039	PATO:0000014	color	PATO:0000014	color		keep (generic colour phenotype, filler PATO:0000014 unchanged)
FLOPO:0019704	fruit light yellow	PO_0009001	PATO:0001264	light yellow	FLOPO:0988110	light yellow	EXACT	repoint filler in EquivalentTo axiom
FLOPO:0019705	stigma dark purple	PO_0009073	PATO:0001259	dark purple	FLOPO:0988237	dark purple	EXACT	repoint filler in EquivalentTo axiom
FLOPO:0019716	aril green	PO_0009090	PATO:0000320	green	FLOPO:0988006	green	EXACT	repoint filler in EquivalentTo axiom
FLOPO:0019718	funicle black	PO_0020006	PATO:0000317	black	FLOPO:0988011	black	EXACT	repoint filler in EquivalentTo axiom
FLOPO:0019720	peduncle pale pink	PO_0009053	PATO:0002020	pale pink	FLOPO:0988035	pale pink	EXACT	repoint filler in EquivalentTo axiom
FLOPO:0019725	rhizome dark red	PO_0004542	PATO:0001261	dark red	FLOPO:0988042	dark red	EXACT	repoint filler in EquivalentTo axiom
FLOPO:0019729	pseudostem green	PO_0025248	PATO:0000320	green	FLOPO:0988006	green	EXACT	repoint filler in EquivalentTo axiom
FLOPO:0019757	fruit light orange	PO_0009001	PATO:0001255	light orange	FLOPO:0988077	light orange	EXACT	repoint filler in EquivalentTo axiom
FLOPO:0019762	caruncle purple	PO_0020060	PATO:0000951	purple	FLOPO:0988008	purple	EXACT	repoint filler in EquivalentTo axiom
FLOPO:0019763	strobilus black	PO_0025083	PATO:0000317	black	FLOPO:0988011	black	EXACT	repoint filler in EquivalentTo axiom
FLOPO:0019771	leaf sheath red	PO_0020104	PATO:0000322	red	FLOPO:0988001	red	EXACT	repoint filler in EquivalentTo axiom
FLOPO:0019776	prophyll purple	PO_0009042	PATO:0000951	purple	FLOPO:0988008	purple	EXACT	repoint filler in EquivalentTo axiom
FLOPO:0019777	prophyll color	PO_0009042	PATO:0000014	color	PATO:0000014	color		keep (generic colour phenotype, filler PATO:0000014 unchanged)
FLOPO:0019796	ligule blue	PO_0020105	PATO:0000318	blue	FLOPO:0988007	blue	EXACT	repoint filler in EquivalentTo axiom
FLOPO:0019797	rhizome green	PO_0004542	PATO:0000320	green	FLOPO:0988006	green	EXACT	repoint filler in EquivalentTo axiom
FLOPO:0019824	subterranean tuber grey	PO_0004547	PATO:0000950	grey	FLOPO:0988010	gray	EXACT	repoint filler in EquivalentTo axiom
FLOPO:0019848	pith green	PO_0006109	PATO:0000320	green	FLOPO:0988006	green	EXACT	repoint filler in EquivalentTo axiom
FLOPO:0019873	locule grey	PO_0025263	PATO:0000950	grey	FLOPO:0988010	gray	EXACT	repoint filler in EquivalentTo axiom
FLOPO:0019876	sepal pale pink	PO_0009031	PATO:0002020	pale pink	FLOPO:0988035	pale pink	EXACT	repoint filler in EquivalentTo axiom
FLOPO:0019896	lamina light green	PO_0025060	PATO:0001250	light green	FLOPO:0988166	light green	EXACT	repoint filler in EquivalentTo axiom
FLOPO:0019901	periderm dark red	PO_0005046	PATO:0001261	dark red	FLOPO:0988042	dark red	EXACT	repoint filler in EquivalentTo axiom
FLOPO:0019905	anther ochre	PO_0009066	PATO:0001945	ochre	FLOPO:0988004	yellow	RELATED	keep ID; replace EquivalentTo by SubClassOf(has_part some (E and has_quality some TARGET)); keep old PATO filler until PATO obsoletes it
FLOPO:0019913	petiole margin green	PO_0025010	PATO:0000320	green	FLOPO:0988006	green	EXACT	repoint filler in EquivalentTo axiom
FLOPO:0019934	stem yellow green	PO_0009047	PATO:0001941	yellow green	PATO:0001941	yellow green	EXACT	repoint filler in EquivalentTo axiom
FLOPO:0019964	sclerenchyma brown	PO_0005427	PATO:0000952	brown	FLOPO:0988003	brown	EXACT	repoint filler in EquivalentTo axiom
FLOPO:0019969	coma red brown	PO_0020061	PATO:0001287	red brown	PATO:0001287	reddish brown	EXACT	repoint filler in EquivalentTo axiom
FLOPO:0019989	peduncle black	PO_0009053	PATO:0000317	black	FLOPO:0988011	black	EXACT	repoint filler in EquivalentTo axiom
FLOPO:0020050	oil gland purple	PO_0005669	PATO:0000951	purple	FLOPO:0988008	purple	EXACT	repoint filler in EquivalentTo axiom
FLOPO:0020051	oil gland color	PO_0005669	PATO:0000014	color	PATO:0000014	color		keep (generic colour phenotype, filler PATO:0000014 unchanged)
FLOPO:0020075	peristome violet	PO_0030042	PATO:0001424	violet	FLOPO:0988027	violet	EXACT	repoint filler in EquivalentTo axiom
FLOPO:0020087	perianth red brown	PO_0009058	PATO:0001287	red brown	PATO:0001287	reddish brown	EXACT	repoint filler in EquivalentTo axiom
FLOPO:0020096	epidermis dark green	PO_0005679	PATO:0001249	dark green	PATO:0001249	dark green	EXACT	repoint filler in EquivalentTo axiom
FLOPO:0020099	palea black	PO_0009038	PATO:0000317	black	FLOPO:0988011	black	EXACT	repoint filler in EquivalentTo axiom
FLOPO:0020159	inflorescence orange	PO_0009049	PATO:0000953	orange	FLOPO:0988002	orange	EXACT	repoint filler in EquivalentTo axiom
FLOPO:0020164	branch orange	PO_0025073	PATO:0000953	orange	FLOPO:0988002	orange	EXACT	repoint filler in EquivalentTo axiom
FLOPO:0020169	root red	PO_0009005	PATO:0000322	red	FLOPO:0988001	red	EXACT	repoint filler in EquivalentTo axiom
FLOPO:0020196	lemma grey	PO_0009037	PATO:0000950	grey	FLOPO:0988010	gray	EXACT	repoint filler in EquivalentTo axiom
FLOPO:0020218	stem orange	PO_0009047	PATO:0000953	orange	FLOPO:0988002	orange	EXACT	repoint filler in EquivalentTo axiom
FLOPO:0020247	epidermis black	PO_0005679	PATO:0000317	black	FLOPO:0988011	black	EXACT	repoint filler in EquivalentTo axiom
FLOPO:0020265	xylem vessel member purple	PO_0002003	PATO:0000951	purple	FLOPO:0988008	purple	EXACT	repoint filler in EquivalentTo axiom
FLOPO:0020266	xylem vessel member color	PO_0002003	PATO:0000014	color	PATO:0000014	color		keep (generic colour phenotype, filler PATO:0000014 unchanged)
FLOPO:0020290	connective pink	PO_0009068	PATO:0000954	pink	FLOPO:0988000	pink	EXACT	repoint filler in EquivalentTo axiom
FLOPO:0020302	stamen red	PO_0009029	PATO:0000322	red	FLOPO:0988001	red	EXACT	repoint filler in EquivalentTo axiom
FLOPO:0020303	micropyle yellow	PO_0020025	PATO:0000324	yellow	FLOPO:0988004	yellow	EXACT	repoint filler in EquivalentTo axiom
FLOPO:0020347	bract violet	PO_0009055	PATO:0001424	violet	FLOPO:0988027	violet	EXACT	repoint filler in EquivalentTo axiom
FLOPO:0020368	involucre orange	PO_0009100	PATO:0000953	orange	FLOPO:0988002	orange	EXACT	repoint filler in EquivalentTo axiom
FLOPO:0020372	involucre blue	PO_0009100	PATO:0000318	blue	FLOPO:0988007	blue	EXACT	repoint filler in EquivalentTo axiom
FLOPO:0020384	aril maroon	PO_0009090	PATO:0001426	maroon	FLOPO:0988001	red	RELATED	keep ID; replace EquivalentTo by SubClassOf(has_part some (E and has_quality some TARGET)); keep old PATO filler until PATO obsoletes it
FLOPO:0020386	whole plant grey	PO_0000003	PATO:0000950	grey	FLOPO:0988010	gray	EXACT	repoint filler in EquivalentTo axiom
FLOPO:0020425	style magenta	PO_0009074	PATO:0000321	magenta	FLOPO:0988001	red	RELATED	keep ID; replace EquivalentTo by SubClassOf(has_part some (E and has_quality some TARGET)); keep old PATO filler until PATO obsoletes it
FLOPO:0020436	valve orange	PO_0025228	PATO:0000953	orange	FLOPO:0988002	orange	EXACT	repoint filler in EquivalentTo axiom
FLOPO:0020451	pistillode white	PO_0009078	PATO:0000323	white	FLOPO:0988009	white	EXACT	repoint filler in EquivalentTo axiom
FLOPO:0020467	calyx vermilion	PO_0009060	PATO:0001302	vermilion	FLOPO:0988001	red	RELATED	keep ID; replace EquivalentTo by SubClassOf(has_part some (E and has_quality some TARGET)); keep old PATO filler until PATO obsoletes it
FLOPO:0020469	involucre dark red	PO_0009100	PATO:0001261	dark red	FLOPO:0988042	dark red	EXACT	repoint filler in EquivalentTo axiom
FLOPO:0020477	corolla light blue	PO_0009059	PATO:0001243	light blue	FLOPO:0988198	light blue	EXACT	repoint filler in EquivalentTo axiom
FLOPO:0020496	peristome black	PO_0030042	PATO:0000317	black	FLOPO:0988011	black	EXACT	repoint filler in EquivalentTo axiom
FLOPO:0020497	seed dark grey	PO_0009010	PATO:0001251	dark grey	FLOPO:0988275	dark gray	EXACT	repoint filler in EquivalentTo axiom
FLOPO:0020501	heartwood light red	PO_0004512	PATO:0001262	light red	FLOPO:0988013	red (ISCC-NBS level 2)	NARROW	keep ID; replace EquivalentTo by SubClassOf(has_part some (E and has_quality some TARGET)); keep old PATO filler until PATO obsoletes it
FLOPO:0020513	seed violet	PO_0009010	PATO:0001424	violet	FLOPO:0988027	violet	EXACT	repoint filler in EquivalentTo axiom
FLOPO:0020560	sepal grey	PO_0009031	PATO:0000950	grey	FLOPO:0988010	gray	EXACT	repoint filler in EquivalentTo axiom
FLOPO:0020563	corm yellow	PO_0025355	PATO:0000324	yellow	FLOPO:0988004	yellow	EXACT	repoint filler in EquivalentTo axiom
FLOPO:0020566	perianth yellow brown	PO_0009058	PATO:0002411	yellow brown	FLOPO:0988018	yellowish brown	EXACT	repoint filler in EquivalentTo axiom
FLOPO:0020587	rhizome maroon	PO_0004542	PATO:0001426	maroon	FLOPO:0988001	red	RELATED	keep ID; replace EquivalentTo by SubClassOf(has_part some (E and has_quality some TARGET)); keep old PATO filler until PATO obsoletes it
FLOPO:0020594	infructescence light brown	PO_0006342	PATO:0001246	light brown	FLOPO:0988082	light brown	EXACT	repoint filler in EquivalentTo axiom
FLOPO:0020598	stalk yellow orange	PO_0025066	PATO:0001944	yellow orange	FLOPO:0988002	orange	NARROW	keep ID; replace EquivalentTo by SubClassOf(has_part some (E and has_quality some TARGET)); keep old PATO filler until PATO obsoletes it
FLOPO:0020609	cortex light brown	PO_0005708	PATO:0001246	light brown	FLOPO:0988082	light brown	EXACT	repoint filler in EquivalentTo axiom
FLOPO:0020623	septum vermilion	PO_0000030	PATO:0001302	vermilion	FLOPO:0988001	red	RELATED	keep ID; replace EquivalentTo by SubClassOf(has_part some (E and has_quality some TARGET)); keep old PATO filler until PATO obsoletes it
FLOPO:0020624	infructescence pink	PO_0006342	PATO:0000954	pink	FLOPO:0988000	pink	EXACT	repoint filler in EquivalentTo axiom
FLOPO:0020640	leaf margin black	PO_0020128	PATO:0000317	black	FLOPO:0988011	black	EXACT	repoint filler in EquivalentTo axiom
FLOPO:0020643	epidermis dark red brown	PO_0005679	PATO:0001288	dark red brown	FLOPO:0988070	dark reddish brown	EXACT	repoint filler in EquivalentTo axiom
FLOPO:0020656	arilloid orange	PO_0019022	PATO:0000953	orange	FLOPO:0988002	orange	EXACT	repoint filler in EquivalentTo axiom
FLOPO:0020670	lenticel grey	PO_0000031	PATO:0000950	grey	FLOPO:0988010	gray	EXACT	repoint filler in EquivalentTo axiom
FLOPO:0020671	rhizome dark red brown	PO_0004542	PATO:0001288	dark red brown	FLOPO:0988070	dark reddish brown	EXACT	repoint filler in EquivalentTo axiom
FLOPO:0020684	connective purple	PO_0009068	PATO:0000951	purple	FLOPO:0988008	purple	EXACT	repoint filler in EquivalentTo axiom
FLOPO:0020691	bract apex yellow	PO_0025154	PATO:0000324	yellow	FLOPO:0988004	yellow	EXACT	repoint filler in EquivalentTo axiom
FLOPO:0020692	valve dark purple	PO_0025228	PATO:0001259	dark purple	FLOPO:0988237	dark purple	EXACT	repoint filler in EquivalentTo axiom
FLOPO:0020714	seta white	PO_0030032	PATO:0000323	white	FLOPO:0988009	white	EXACT	repoint filler in EquivalentTo axiom
FLOPO:0020716	stalk yellow green	PO_0025066	PATO:0001941	yellow green	PATO:0001941	yellow green	EXACT	repoint filler in EquivalentTo axiom
FLOPO:0020719	gynoecium red	PO_0009062	PATO:0000322	red	FLOPO:0988001	red	EXACT	repoint filler in EquivalentTo axiom
FLOPO:0020723	tuber light orange	PO_0025522	PATO:0001255	light orange	FLOPO:0988077	light orange	EXACT	repoint filler in EquivalentTo axiom
FLOPO:0020728	shoot apex dark brown	PO_0000037	PATO:0001245	dark brown	FLOPO:0988084	dark brown	EXACT	repoint filler in EquivalentTo axiom
FLOPO:0020730	aril yellow brown	PO_0009090	PATO:0002411	yellow brown	FLOPO:0988018	yellowish brown	EXACT	repoint filler in EquivalentTo axiom
FLOPO:0020734	arilloid brown	PO_0019022	PATO:0000952	brown	FLOPO:0988003	brown	EXACT	repoint filler in EquivalentTo axiom
FLOPO:0020763	gynophore grey	PO_0006330	PATO:0000950	grey	FLOPO:0988010	gray	EXACT	repoint filler in EquivalentTo axiom
FLOPO:0020781	androecium red brown	PO_0009061	PATO:0001287	red brown	PATO:0001287	reddish brown	EXACT	repoint filler in EquivalentTo axiom
FLOPO:0020796	thallus dark green	PO_0030027	PATO:0001249	dark green	PATO:0001249	dark green	EXACT	repoint filler in EquivalentTo axiom
FLOPO:0020815	sepal deep pink	PO_0009031	PATO:0001258	deep pink	FLOPO:0988032	deep pink	EXACT	repoint filler in EquivalentTo axiom
FLOPO:0020825	nectary red	PO_0009035	PATO:0000322	red	FLOPO:0988001	red	EXACT	repoint filler in EquivalentTo axiom
FLOPO:0020834	cotyledon purple	PO_0020030	PATO:0000951	purple	FLOPO:0988008	purple	EXACT	repoint filler in EquivalentTo axiom
FLOPO:0020835	cotyledon color	PO_0020030	PATO:0000014	color	PATO:0000014	color		keep (generic colour phenotype, filler PATO:0000014 unchanged)
FLOPO:0020871	leaf axil green	PO_0009023	PATO:0000320	green	FLOPO:0988006	green	EXACT	repoint filler in EquivalentTo axiom
FLOPO:0020873	free sepal white	PO_0025587	PATO:0000323	white	FLOPO:0988009	white	EXACT	repoint filler in EquivalentTo axiom
FLOPO:0020900	coma black	PO_0020061	PATO:0000317	black	FLOPO:0988011	black	EXACT	repoint filler in EquivalentTo axiom
FLOPO:0020902	central zone pink	PO_0000224	PATO:0000954	pink	FLOPO:0988000	pink	EXACT	repoint filler in EquivalentTo axiom
FLOPO:0020949	anther dark green	PO_0009066	PATO:0001249	dark green	PATO:0001249	dark green	EXACT	repoint filler in EquivalentTo axiom
FLOPO:0020957	hilum grey	PO_0020063	PATO:0000950	grey	FLOPO:0988010	gray	EXACT	repoint filler in EquivalentTo axiom
FLOPO:0020961	petal ochre	PO_0009032	PATO:0001945	ochre	FLOPO:0988004	yellow	RELATED	keep ID; replace EquivalentTo by SubClassOf(has_part some (E and has_quality some TARGET)); keep old PATO filler until PATO obsoletes it
FLOPO:0020967	locule purple	PO_0025263	PATO:0000951	purple	FLOPO:0988008	purple	EXACT	repoint filler in EquivalentTo axiom
FLOPO:0021021	pericarp blue	PO_0009084	PATO:0000318	blue	FLOPO:0988007	blue	EXACT	repoint filler in EquivalentTo axiom
FLOPO:0021038	sapwood light yellow	PO_0004513	PATO:0001264	light yellow	FLOPO:0988110	light yellow	EXACT	repoint filler in EquivalentTo axiom
FLOPO:0021072	upper glume purple	PO_0006004	PATO:0000951	purple	FLOPO:0988008	purple	EXACT	repoint filler in EquivalentTo axiom
FLOPO:0021095	stereome orange	PO_0030050	PATO:0000953	orange	FLOPO:0988002	orange	EXACT	repoint filler in EquivalentTo axiom
FLOPO:0021097	cortex red	PO_0005708	PATO:0000322	red	FLOPO:0988001	red	EXACT	repoint filler in EquivalentTo axiom
FLOPO:0021166	root grey	PO_0009005	PATO:0000950	grey	FLOPO:0988010	gray	EXACT	repoint filler in EquivalentTo axiom
FLOPO:0021180	stigma yellow green	PO_0009073	PATO:0001941	yellow green	PATO:0001941	yellow green	EXACT	repoint filler in EquivalentTo axiom
FLOPO:0021194	tepal blue	PO_0009033	PATO:0000318	blue	FLOPO:0988007	blue	EXACT	repoint filler in EquivalentTo axiom
FLOPO:0021213	aril dark grey	PO_0009090	PATO:0001251	dark grey	FLOPO:0988275	dark gray	EXACT	repoint filler in EquivalentTo axiom
FLOPO:0021218	prickle red brown	PO_0025169	PATO:0001287	red brown	PATO:0001287	reddish brown	EXACT	repoint filler in EquivalentTo axiom
FLOPO:0021220	lower glume light green	PO_0006002	PATO:0001250	light green	FLOPO:0988166	light green	EXACT	repoint filler in EquivalentTo axiom
FLOPO:0021221	stem light green	PO_0009047	PATO:0001250	light green	FLOPO:0988166	light green	EXACT	repoint filler in EquivalentTo axiom
FLOPO:0021230	pollen dark brown	PO_0025281	PATO:0001245	dark brown	FLOPO:0988084	dark brown	EXACT	repoint filler in EquivalentTo axiom
FLOPO:0021239	bark brown green	PO_0004518	PATO:0001942	brown green	FLOPO:0988006	green	NARROW	keep ID; replace EquivalentTo by SubClassOf(has_part some (E and has_quality some TARGET)); keep old PATO filler until PATO obsoletes it
FLOPO:0021240	peristome dark green	PO_0030042	PATO:0001249	dark green	PATO:0001249	dark green	EXACT	repoint filler in EquivalentTo axiom
FLOPO:0021265	exocarp orange	PO_0009085	PATO:0000953	orange	FLOPO:0988002	orange	EXACT	repoint filler in EquivalentTo axiom
FLOPO:0021271	bracteole yellow	PO_0009043	PATO:0000324	yellow	FLOPO:0988004	yellow	EXACT	repoint filler in EquivalentTo axiom
FLOPO:0021314	costa yellow brown	PO_0030072	PATO:0002411	yellow brown	FLOPO:0988018	yellowish brown	EXACT	repoint filler in EquivalentTo axiom
FLOPO:0021319	style yellow orange	PO_0009074	PATO:0001944	yellow orange	FLOPO:0988002	orange	NARROW	keep ID; replace EquivalentTo by SubClassOf(has_part some (E and has_quality some TARGET)); keep old PATO filler until PATO obsoletes it
FLOPO:0021329	ligule pink	PO_0020105	PATO:0000954	pink	FLOPO:0988000	pink	EXACT	repoint filler in EquivalentTo axiom
FLOPO:0021373	stipule black	PO_0020041	PATO:0000317	black	FLOPO:0988011	black	EXACT	repoint filler in EquivalentTo axiom
FLOPO:0021395	anther maroon	PO_0009066	PATO:0001426	maroon	FLOPO:0988001	red	RELATED	keep ID; replace EquivalentTo by SubClassOf(has_part some (E and has_quality some TARGET)); keep old PATO filler until PATO obsoletes it
FLOPO:0021399	lemma violet	PO_0009037	PATO:0001424	violet	FLOPO:0988027	violet	EXACT	repoint filler in EquivalentTo axiom
FLOPO:0021409	style pale pink	PO_0009074	PATO:0002020	pale pink	FLOPO:0988035	pale pink	EXACT	repoint filler in EquivalentTo axiom
FLOPO:0021432	peristome dark violet	PO_0030042	PATO:0001705	dark violet	FLOPO:0988226	dark violet	EXACT	repoint filler in EquivalentTo axiom
FLOPO:0021446	whole plant ochre	PO_0000003	PATO:0001945	ochre	FLOPO:0988004	yellow	RELATED	keep ID; replace EquivalentTo by SubClassOf(has_part some (E and has_quality some TARGET)); keep old PATO filler until PATO obsoletes it
FLOPO:0021447	sapwood magenta	PO_0004513	PATO:0000321	magenta	FLOPO:0988001	red	RELATED	keep ID; replace EquivalentTo by SubClassOf(has_part some (E and has_quality some TARGET)); keep old PATO filler until PATO obsoletes it
FLOPO:0021459	keel magenta	PO_0025327	PATO:0000321	magenta	FLOPO:0988001	red	RELATED	keep ID; replace EquivalentTo by SubClassOf(has_part some (E and has_quality some TARGET)); keep old PATO filler until PATO obsoletes it
FLOPO:0021461	leaflet blue	PO_0020049	PATO:0000318	blue	FLOPO:0988007	blue	EXACT	repoint filler in EquivalentTo axiom
FLOPO:0021462	phloem white	PO_0005417	PATO:0000323	white	FLOPO:0988009	white	EXACT	repoint filler in EquivalentTo axiom
FLOPO:0021468	stem lilac	PO_0009047	PATO:0001943	lilac	FLOPO:0988008	purple	RELATED	keep ID; replace EquivalentTo by SubClassOf(has_part some (E and has_quality some TARGET)); keep old PATO filler until PATO obsoletes it
FLOPO:0021469	calyx yellow brown	PO_0009060	PATO:0002411	yellow brown	FLOPO:0988018	yellowish brown	EXACT	repoint filler in EquivalentTo axiom
FLOPO:0021487	leaf lilac	PO_0025034	PATO:0001943	lilac	FLOPO:0988008	purple	RELATED	keep ID; replace EquivalentTo by SubClassOf(has_part some (E and has_quality some TARGET)); keep old PATO filler until PATO obsoletes it
FLOPO:0021502	bud light green	PO_0000055	PATO:0001250	light green	FLOPO:0988166	light green	EXACT	repoint filler in EquivalentTo axiom
FLOPO:0021508	leaf sheath pink	PO_0020104	PATO:0000954	pink	FLOPO:0988000	pink	EXACT	repoint filler in EquivalentTo axiom
FLOPO:0021516	perianth light red	PO_0009058	PATO:0001262	light red	FLOPO:0988013	red (ISCC-NBS level 2)	NARROW	keep ID; replace EquivalentTo by SubClassOf(has_part some (E and has_quality some TARGET)); keep old PATO filler until PATO obsoletes it
FLOPO:0021525	stem bronze	PO_0009047	PATO:0002363	bronze	FLOPO:0988018	yellowish brown	RELATED	keep ID; replace EquivalentTo by SubClassOf(has_part some (E and has_quality some TARGET)); keep old PATO filler until PATO obsoletes it
FLOPO:0021554	pappus pink	PO_0025393	PATO:0000954	pink	FLOPO:0988000	pink	EXACT	repoint filler in EquivalentTo axiom
FLOPO:0021570	infructescence dark purple	PO_0006342	PATO:0001259	dark purple	FLOPO:0988237	dark purple	EXACT	repoint filler in EquivalentTo axiom
FLOPO:0021578	petiole red brown	PO_0020038	PATO:0001287	red brown	PATO:0001287	reddish brown	EXACT	repoint filler in EquivalentTo axiom
FLOPO:0021584	endocarp dark brown	PO_0009086	PATO:0001245	dark brown	FLOPO:0988084	dark brown	EXACT	repoint filler in EquivalentTo axiom
FLOPO:0021585	pappus red	PO_0025393	PATO:0000322	red	FLOPO:0988001	red	EXACT	repoint filler in EquivalentTo axiom
FLOPO:0021599	cambium red	PO_0005597	PATO:0000322	red	FLOPO:0988001	red	EXACT	repoint filler in EquivalentTo axiom
FLOPO:0021608	shoot axis brown	PO_0025029	PATO:0000952	brown	FLOPO:0988003	brown	EXACT	repoint filler in EquivalentTo axiom
FLOPO:0021616	inflorescence dark red brown	PO_0009049	PATO:0001288	dark red brown	FLOPO:0988070	dark reddish brown	EXACT	repoint filler in EquivalentTo axiom
FLOPO:0021634	tuberous root pink	PO_0025523	PATO:0000954	pink	FLOPO:0988000	pink	EXACT	repoint filler in EquivalentTo axiom
FLOPO:0021636	whole plant brown	PO_0000003	PATO:0000952	brown	FLOPO:0988003	brown	EXACT	repoint filler in EquivalentTo axiom
FLOPO:0021643	androecium light brown	PO_0009061	PATO:0001246	light brown	FLOPO:0988082	light brown	EXACT	repoint filler in EquivalentTo axiom
FLOPO:0021686	pulvinus white	PO_0009000	PATO:0000323	white	FLOPO:0988009	white	EXACT	repoint filler in EquivalentTo axiom
FLOPO:0021705	connective yellow	PO_0009068	PATO:0000324	yellow	FLOPO:0988004	yellow	EXACT	repoint filler in EquivalentTo axiom
FLOPO:0021710	bud vermilion	PO_0000055	PATO:0001302	vermilion	FLOPO:0988001	red	RELATED	keep ID; replace EquivalentTo by SubClassOf(has_part some (E and has_quality some TARGET)); keep old PATO filler until PATO obsoletes it
FLOPO:0021720	axil white	PO_0025224	PATO:0000323	white	FLOPO:0988009	white	EXACT	repoint filler in EquivalentTo axiom
FLOPO:0021721	testa yellow brown	PO_0020057	PATO:0002411	yellow brown	FLOPO:0988018	yellowish brown	EXACT	repoint filler in EquivalentTo axiom
FLOPO:0021731	phloem brown	PO_0005417	PATO:0000952	brown	FLOPO:0988003	brown	EXACT	repoint filler in EquivalentTo axiom
FLOPO:0021746	style dark green	PO_0009074	PATO:0001249	dark green	PATO:0001249	dark green	EXACT	repoint filler in EquivalentTo axiom
FLOPO:0021756	persistent sepal ochre	PO_0025245	PATO:0001945	ochre	FLOPO:0988004	yellow	RELATED	keep ID; replace EquivalentTo by SubClassOf(has_part some (E and has_quality some TARGET)); keep old PATO filler until PATO obsoletes it
FLOPO:0021757	pericarp red brown	PO_0009084	PATO:0001287	red brown	PATO:0001287	reddish brown	EXACT	repoint filler in EquivalentTo axiom
FLOPO:0021764	sclerenchyma white	PO_0005427	PATO:0000323	white	FLOPO:0988009	white	EXACT	repoint filler in EquivalentTo axiom
FLOPO:0021777	anther orange	PO_0009066	PATO:0000953	orange	FLOPO:0988002	orange	EXACT	repoint filler in EquivalentTo axiom
FLOPO:0021787	locule red	PO_0025263	PATO:0000322	red	FLOPO:0988001	red	EXACT	repoint filler in EquivalentTo axiom
FLOPO:0021808	leaflet pink	PO_0020049	PATO:0000954	pink	FLOPO:0988000	pink	EXACT	repoint filler in EquivalentTo axiom
FLOPO:0021839	corm dark brown	PO_0025355	PATO:0001245	dark brown	FLOPO:0988084	dark brown	EXACT	repoint filler in EquivalentTo axiom
FLOPO:0021855	tuberous root dark green	PO_0025523	PATO:0001249	dark green	PATO:0001249	dark green	EXACT	repoint filler in EquivalentTo axiom
FLOPO:0021875	bulb white	PO_0025356	PATO:0000323	white	FLOPO:0988009	white	EXACT	repoint filler in EquivalentTo axiom
FLOPO:0021878	awn black	PO_0025349	PATO:0000317	black	FLOPO:0988011	black	EXACT	repoint filler in EquivalentTo axiom
FLOPO:0021879	leaf axil orange	PO_0009023	PATO:0000953	orange	FLOPO:0988002	orange	EXACT	repoint filler in EquivalentTo axiom
FLOPO:0021892	petal magenta	PO_0009032	PATO:0000321	magenta	FLOPO:0988001	red	RELATED	keep ID; replace EquivalentTo by SubClassOf(has_part some (E and has_quality some TARGET)); keep old PATO filler until PATO obsoletes it
FLOPO:0021895	flower dark brown	PO_0009046	PATO:0001245	dark brown	FLOPO:0988084	dark brown	EXACT	repoint filler in EquivalentTo axiom
FLOPO:0021896	prickle purple	PO_0025169	PATO:0000951	purple	FLOPO:0988008	purple	EXACT	repoint filler in EquivalentTo axiom
FLOPO:0021898	leaf dark purple	PO_0025034	PATO:0001259	dark purple	FLOPO:0988237	dark purple	EXACT	repoint filler in EquivalentTo axiom
FLOPO:0021947	receptacle dark brown	PO_0009064	PATO:0001245	dark brown	FLOPO:0988084	dark brown	EXACT	repoint filler in EquivalentTo axiom
FLOPO:0021958	stipule green	PO_0020041	PATO:0000320	green	FLOPO:0988006	green	EXACT	repoint filler in EquivalentTo axiom
FLOPO:0021971	costa red	PO_0030072	PATO:0000322	red	FLOPO:0988001	red	EXACT	repoint filler in EquivalentTo axiom
FLOPO:0022012	raphe purple	PO_0020027	PATO:0000951	purple	FLOPO:0988008	purple	EXACT	repoint filler in EquivalentTo axiom
FLOPO:0022033	anther lilac	PO_0009066	PATO:0001943	lilac	FLOPO:0988008	purple	RELATED	keep ID; replace EquivalentTo by SubClassOf(has_part some (E and has_quality some TARGET)); keep old PATO filler until PATO obsoletes it
FLOPO:0022057	peristome orange	PO_0030042	PATO:0000953	orange	FLOPO:0988002	orange	EXACT	repoint filler in EquivalentTo axiom
FLOPO:0022059	stigma pale pink	PO_0009073	PATO:0002020	pale pink	FLOPO:0988035	pale pink	EXACT	repoint filler in EquivalentTo axiom
FLOPO:0022074	petiole dark grey	PO_0020038	PATO:0001251	dark grey	FLOPO:0988275	dark gray	EXACT	repoint filler in EquivalentTo axiom
FLOPO:0022078	axil pink	PO_0025224	PATO:0000954	pink	FLOPO:0988000	pink	EXACT	repoint filler in EquivalentTo axiom
FLOPO:0022105	sepal magenta	PO_0009031	PATO:0000321	magenta	FLOPO:0988001	red	RELATED	keep ID; replace EquivalentTo by SubClassOf(has_part some (E and has_quality some TARGET)); keep old PATO filler until PATO obsoletes it
FLOPO:0022122	stereome grey	PO_0030050	PATO:0000950	grey	FLOPO:0988010	gray	EXACT	repoint filler in EquivalentTo axiom
FLOPO:0022145	plumule brown	PO_0020032	PATO:0000952	brown	FLOPO:0988003	brown	EXACT	repoint filler in EquivalentTo axiom
FLOPO:0022146	plumule color	PO_0020032	PATO:0000014	color	PATO:0000014	color		keep (generic colour phenotype, filler PATO:0000014 unchanged)
FLOPO:0022163	prickle grey	PO_0025169	PATO:0000950	grey	FLOPO:0988010	gray	EXACT	repoint filler in EquivalentTo axiom
FLOPO:0022167	infructescence dark red	PO_0006342	PATO:0001261	dark red	FLOPO:0988042	dark red	EXACT	repoint filler in EquivalentTo axiom
FLOPO:0022193	thallus yellow green	PO_0030027	PATO:0001941	yellow green	PATO:0001941	yellow green	EXACT	repoint filler in EquivalentTo axiom
FLOPO:0022198	peduncle yellow brown	PO_0009053	PATO:0002411	yellow brown	FLOPO:0988018	yellowish brown	EXACT	repoint filler in EquivalentTo axiom
FLOPO:0022199	shoot apex brown	PO_0000037	PATO:0000952	brown	FLOPO:0988003	brown	EXACT	repoint filler in EquivalentTo axiom
FLOPO:0022207	root dark green	PO_0009005	PATO:0001249	dark green	PATO:0001249	dark green	EXACT	repoint filler in EquivalentTo axiom
FLOPO:0022216	leaflet purple	PO_0020049	PATO:0000951	purple	FLOPO:0988008	purple	EXACT	repoint filler in EquivalentTo axiom
FLOPO:0022219	lemma yellow	PO_0009037	PATO:0000324	yellow	FLOPO:0988004	yellow	EXACT	repoint filler in EquivalentTo axiom
FLOPO:0022232	gynophore brown	PO_0006330	PATO:0000952	brown	FLOPO:0988003	brown	EXACT	repoint filler in EquivalentTo axiom
FLOPO:0022242	tubercle light brown	PO_0025352	PATO:0001246	light brown	FLOPO:0988082	light brown	EXACT	repoint filler in EquivalentTo axiom
FLOPO:0022254	testa pale pink	PO_0020057	PATO:0002020	pale pink	FLOPO:0988035	pale pink	EXACT	repoint filler in EquivalentTo axiom
FLOPO:0022275	flower violet	PO_0009046	PATO:0001424	violet	FLOPO:0988027	violet	EXACT	repoint filler in EquivalentTo axiom
FLOPO:0022282	pistillode green	PO_0009078	PATO:0000320	green	FLOPO:0988006	green	EXACT	repoint filler in EquivalentTo axiom
FLOPO:0022292	hilum dark grey	PO_0020063	PATO:0001251	dark grey	FLOPO:0988275	dark gray	EXACT	repoint filler in EquivalentTo axiom
FLOPO:0022299	glume violet	PO_0009039	PATO:0001424	violet	FLOPO:0988027	violet	EXACT	repoint filler in EquivalentTo axiom
FLOPO:0022345	hypanthium pink	PO_0009065	PATO:0000954	pink	FLOPO:0988000	pink	EXACT	repoint filler in EquivalentTo axiom
FLOPO:0022354	cambium yellow	PO_0005597	PATO:0000324	yellow	FLOPO:0988004	yellow	EXACT	repoint filler in EquivalentTo axiom
FLOPO:0022371	endotesta dark grey	PO_0006051	PATO:0001251	dark grey	FLOPO:0988275	dark gray	EXACT	repoint filler in EquivalentTo axiom
FLOPO:0022382	thorn yellow green	PO_0025172	PATO:0001941	yellow green	PATO:0001941	yellow green	EXACT	repoint filler in EquivalentTo axiom
FLOPO:0022386	bark pale pink	PO_0004518	PATO:0002020	pale pink	FLOPO:0988035	pale pink	EXACT	repoint filler in EquivalentTo axiom
FLOPO:0022390	inflorescence ochre	PO_0009049	PATO:0001945	ochre	FLOPO:0988004	yellow	RELATED	keep ID; replace EquivalentTo by SubClassOf(has_part some (E and has_quality some TARGET)); keep old PATO filler until PATO obsoletes it
FLOPO:0022398	flower pale pink	PO_0009046	PATO:0002020	pale pink	FLOPO:0988035	pale pink	EXACT	repoint filler in EquivalentTo axiom
FLOPO:0022414	awn purple	PO_0025349	PATO:0000951	purple	FLOPO:0988008	purple	EXACT	repoint filler in EquivalentTo axiom
FLOPO:0022427	lemma yellow green	PO_0009037	PATO:0001941	yellow green	PATO:0001941	yellow green	EXACT	repoint filler in EquivalentTo axiom
FLOPO:0022434	petiolule light green	PO_0020050	PATO:0001250	light green	FLOPO:0988166	light green	EXACT	repoint filler in EquivalentTo axiom
FLOPO:0022435	cambium magenta	PO_0005597	PATO:0000321	magenta	FLOPO:0988001	red	RELATED	keep ID; replace EquivalentTo by SubClassOf(has_part some (E and has_quality some TARGET)); keep old PATO filler until PATO obsoletes it
FLOPO:0022468	leaf yellow orange	PO_0025034	PATO:0001944	yellow orange	FLOPO:0988002	orange	NARROW	keep ID; replace EquivalentTo by SubClassOf(has_part some (E and has_quality some TARGET)); keep old PATO filler until PATO obsoletes it
FLOPO:0022473	fruit dark blue	PO_0009001	PATO:0001244	dark blue	FLOPO:0988200	dark blue	EXACT	repoint filler in EquivalentTo axiom
FLOPO:0022512	endodermis brown	PO_0000252	PATO:0000952	brown	FLOPO:0988003	brown	EXACT	repoint filler in EquivalentTo axiom
FLOPO:0022516	periderm dark red brown	PO_0005046	PATO:0001288	dark red brown	FLOPO:0988070	dark reddish brown	EXACT	repoint filler in EquivalentTo axiom
FLOPO:0022517	prickle brown	PO_0025169	PATO:0000952	brown	FLOPO:0988003	brown	EXACT	repoint filler in EquivalentTo axiom
FLOPO:0022536	inflorescence axis green	PO_0020122	PATO:0000320	green	FLOPO:0988006	green	EXACT	repoint filler in EquivalentTo axiom
FLOPO:0022554	endotesta light brown	PO_0006051	PATO:0001246	light brown	FLOPO:0988082	light brown	EXACT	repoint filler in EquivalentTo axiom
FLOPO:0022564	leaf margin red	PO_0020128	PATO:0000322	red	FLOPO:0988001	red	EXACT	repoint filler in EquivalentTo axiom
FLOPO:0022569	petiole maroon	PO_0020038	PATO:0001426	maroon	FLOPO:0988001	red	RELATED	keep ID; replace EquivalentTo by SubClassOf(has_part some (E and has_quality some TARGET)); keep old PATO filler until PATO obsoletes it
FLOPO:0022585	pedicel ochre	PO_0009052	PATO:0001945	ochre	FLOPO:0988004	yellow	RELATED	keep ID; replace EquivalentTo by SubClassOf(has_part some (E and has_quality some TARGET)); keep old PATO filler until PATO obsoletes it
FLOPO:0022600	endosperm red brown	PO_0009089	PATO:0001287	red brown	PATO:0001287	reddish brown	EXACT	repoint filler in EquivalentTo axiom
FLOPO:0022604	stereome red	PO_0030050	PATO:0000322	red	FLOPO:0988001	red	EXACT	repoint filler in EquivalentTo axiom
FLOPO:0022613	palea purple	PO_0009038	PATO:0000951	purple	FLOPO:0988008	purple	EXACT	repoint filler in EquivalentTo axiom
FLOPO:0022620	bark light red	PO_0004518	PATO:0001262	light red	FLOPO:0988013	red (ISCC-NBS level 2)	NARROW	keep ID; replace EquivalentTo by SubClassOf(has_part some (E and has_quality some TARGET)); keep old PATO filler until PATO obsoletes it
FLOPO:0022626	lamina dark grey	PO_0025060	PATO:0001251	dark grey	FLOPO:0988275	dark gray	EXACT	repoint filler in EquivalentTo axiom
FLOPO:0022644	gynophore green	PO_0006330	PATO:0000320	green	FLOPO:0988006	green	EXACT	repoint filler in EquivalentTo axiom
FLOPO:0022658	sapwood light brown	PO_0004513	PATO:0001246	light brown	FLOPO:0988082	light brown	EXACT	repoint filler in EquivalentTo axiom
FLOPO:0022667	seed dark green	PO_0009010	PATO:0001249	dark green	PATO:0001249	dark green	EXACT	repoint filler in EquivalentTo axiom
FLOPO:0022668	gynoecium purple	PO_0009062	PATO:0000951	purple	FLOPO:0988008	purple	EXACT	repoint filler in EquivalentTo axiom
FLOPO:0022734	flower yellow brown	PO_0009046	PATO:0002411	yellow brown	FLOPO:0988018	yellowish brown	EXACT	repoint filler in EquivalentTo axiom
FLOPO:0022760	peristome light purple	PO_0030042	PATO:0001260	light purple	FLOPO:0988235	light purple	EXACT	repoint filler in EquivalentTo axiom
FLOPO:0022764	bract yellow green	PO_0009055	PATO:0001941	yellow green	PATO:0001941	yellow green	EXACT	repoint filler in EquivalentTo axiom
FLOPO:0022780	valve red brown	PO_0025228	PATO:0001287	red brown	PATO:0001287	reddish brown	EXACT	repoint filler in EquivalentTo axiom
FLOPO:0022783	epidermis yellow brown	PO_0005679	PATO:0002411	yellow brown	FLOPO:0988018	yellowish brown	EXACT	repoint filler in EquivalentTo axiom
FLOPO:0022806	androecium purple	PO_0009061	PATO:0000951	purple	FLOPO:0988008	purple	EXACT	repoint filler in EquivalentTo axiom
FLOPO:0022849	integument white	PO_0020021	PATO:0000323	white	FLOPO:0988009	white	EXACT	repoint filler in EquivalentTo axiom
FLOPO:0022869	spikelet dark brown	PO_0009051	PATO:0001245	dark brown	FLOPO:0988084	dark brown	EXACT	repoint filler in EquivalentTo axiom
FLOPO:0022872	peduncle ochre	PO_0009053	PATO:0001945	ochre	FLOPO:0988004	yellow	RELATED	keep ID; replace EquivalentTo by SubClassOf(has_part some (E and has_quality some TARGET)); keep old PATO filler until PATO obsoletes it
FLOPO:0022874	endosperm yellow	PO_0009089	PATO:0000324	yellow	FLOPO:0988004	yellow	EXACT	repoint filler in EquivalentTo axiom
FLOPO:0022878	spikelet dark purple	PO_0009051	PATO:0001259	dark purple	FLOPO:0988237	dark purple	EXACT	repoint filler in EquivalentTo axiom
FLOPO:0022880	nectary white	PO_0009035	PATO:0000323	white	FLOPO:0988009	white	EXACT	repoint filler in EquivalentTo axiom
FLOPO:0022892	involucre maroon	PO_0009100	PATO:0001426	maroon	FLOPO:0988001	red	RELATED	keep ID; replace EquivalentTo by SubClassOf(has_part some (E and has_quality some TARGET)); keep old PATO filler until PATO obsoletes it
FLOPO:0022919	shoot apex green	PO_0000037	PATO:0000320	green	FLOPO:0988006	green	EXACT	repoint filler in EquivalentTo axiom
FLOPO:0022971	stem dark violet	PO_0009047	PATO:0001705	dark violet	FLOPO:0988226	dark violet	EXACT	repoint filler in EquivalentTo axiom
FLOPO:0022972	leaf axil violet	PO_0009023	PATO:0001424	violet	FLOPO:0988027	violet	EXACT	repoint filler in EquivalentTo axiom
FLOPO:0022996	petiole pink	PO_0020038	PATO:0000954	pink	FLOPO:0988000	pink	EXACT	repoint filler in EquivalentTo axiom
FLOPO:0023024	petal dark purple	PO_0009032	PATO:0001259	dark purple	FLOPO:0988237	dark purple	EXACT	repoint filler in EquivalentTo axiom
FLOPO:0023026	ray system purple	PO_0025411	PATO:0000951	purple	FLOPO:0988008	purple	EXACT	repoint filler in EquivalentTo axiom
FLOPO:0023027	ray system color	PO_0025411	PATO:0000014	color	PATO:0000014	color		keep (generic colour phenotype, filler PATO:0000014 unchanged)
FLOPO:0023054	epidermis dark grey	PO_0005679	PATO:0001251	dark grey	FLOPO:0988275	dark gray	EXACT	repoint filler in EquivalentTo axiom
FLOPO:0023060	short shoot purple	PO_0004701	PATO:0000951	purple	FLOPO:0988008	purple	EXACT	repoint filler in EquivalentTo axiom
FLOPO:0023061	short shoot color	PO_0004701	PATO:0000014	color	PATO:0000014	color		keep (generic colour phenotype, filler PATO:0000014 unchanged)
FLOPO:0023066	sapwood yellow brown	PO_0004513	PATO:0002411	yellow brown	FLOPO:0988018	yellowish brown	EXACT	repoint filler in EquivalentTo axiom
FLOPO:0023067	pericarp ochre	PO_0009084	PATO:0001945	ochre	FLOPO:0988004	yellow	RELATED	keep ID; replace EquivalentTo by SubClassOf(has_part some (E and has_quality some TARGET)); keep old PATO filler until PATO obsoletes it
FLOPO:0023074	tubercle orange	PO_0025352	PATO:0000953	orange	FLOPO:0988002	orange	EXACT	repoint filler in EquivalentTo axiom
FLOPO:0023084	raphe dark brown	PO_0020027	PATO:0001245	dark brown	FLOPO:0988084	dark brown	EXACT	repoint filler in EquivalentTo axiom
FLOPO:0023089	coma dark red brown	PO_0020061	PATO:0001288	dark red brown	FLOPO:0988070	dark reddish brown	EXACT	repoint filler in EquivalentTo axiom
FLOPO:0023110	vascular bundle yellow	PO_0005020	PATO:0000324	yellow	FLOPO:0988004	yellow	EXACT	repoint filler in EquivalentTo axiom
FLOPO:0023112	corolla beige	PO_0009059	PATO:0002410	beige	FLOPO:0988019	yellow (ISCC-NBS level 2)	NARROW	keep ID; replace EquivalentTo by SubClassOf(has_part some (E and has_quality some TARGET)); keep old PATO filler until PATO obsoletes it
FLOPO:0023123	glume light green	PO_0009039	PATO:0001250	light green	FLOPO:0988166	light green	EXACT	repoint filler in EquivalentTo axiom
FLOPO:0023124	pedicel yellow green	PO_0009052	PATO:0001941	yellow green	PATO:0001941	yellow green	EXACT	repoint filler in EquivalentTo axiom
FLOPO:0023125	testa dark red	PO_0020057	PATO:0001261	dark red	FLOPO:0988042	dark red	EXACT	repoint filler in EquivalentTo axiom
FLOPO:0023147	cortex purple	PO_0005708	PATO:0000951	purple	FLOPO:0988008	purple	EXACT	repoint filler in EquivalentTo axiom
FLOPO:0023162	hypanthium orange	PO_0009065	PATO:0000953	orange	FLOPO:0988002	orange	EXACT	repoint filler in EquivalentTo axiom
FLOPO:0023165	costa black	PO_0030072	PATO:0000317	black	FLOPO:0988011	black	EXACT	repoint filler in EquivalentTo axiom
FLOPO:0023166	bracteole white	PO_0009043	PATO:0000323	white	FLOPO:0988009	white	EXACT	repoint filler in EquivalentTo axiom
FLOPO:0023171	caruncle red	PO_0020060	PATO:0000322	red	FLOPO:0988001	red	EXACT	repoint filler in EquivalentTo axiom
FLOPO:0023173	sapwood dark orange	PO_0004513	PATO:0001256	dark orange	FLOPO:0988016	orange (ISCC-NBS level 2)	NARROW	keep ID; replace EquivalentTo by SubClassOf(has_part some (E and has_quality some TARGET)); keep old PATO filler until PATO obsoletes it
FLOPO:0023187	sapwood yellow orange	PO_0004513	PATO:0001944	yellow orange	FLOPO:0988002	orange	NARROW	keep ID; replace EquivalentTo by SubClassOf(has_part some (E and has_quality some TARGET)); keep old PATO filler until PATO obsoletes it
FLOPO:0023192	exotesta brown	PO_0006050	PATO:0000952	brown	FLOPO:0988003	brown	EXACT	repoint filler in EquivalentTo axiom
FLOPO:0023196	leaf dark red brown	PO_0025034	PATO:0001288	dark red brown	FLOPO:0988070	dark reddish brown	EXACT	repoint filler in EquivalentTo axiom
FLOPO:0023208	endotesta black	PO_0006051	PATO:0000317	black	FLOPO:0988011	black	EXACT	repoint filler in EquivalentTo axiom
FLOPO:0023210	tepal brown	PO_0009033	PATO:0000952	brown	FLOPO:0988003	brown	EXACT	repoint filler in EquivalentTo axiom
FLOPO:0023214	coma dark red	PO_0020061	PATO:0001261	dark red	FLOPO:0988042	dark red	EXACT	repoint filler in EquivalentTo axiom
FLOPO:0023219	locule yellow green	PO_0025263	PATO:0001941	yellow green	PATO:0001941	yellow green	EXACT	repoint filler in EquivalentTo axiom
FLOPO:0023236	exocarp yellow	PO_0009085	PATO:0000324	yellow	FLOPO:0988004	yellow	EXACT	repoint filler in EquivalentTo axiom
FLOPO:0023237	gynoecium violet	PO_0009062	PATO:0001424	violet	FLOPO:0988027	violet	EXACT	repoint filler in EquivalentTo axiom
FLOPO:0023243	leaf axil purple	PO_0009023	PATO:0000951	purple	FLOPO:0988008	purple	EXACT	repoint filler in EquivalentTo axiom
FLOPO:0023247	peristome dark red brown	PO_0030042	PATO:0001288	dark red brown	FLOPO:0988070	dark reddish brown	EXACT	repoint filler in EquivalentTo axiom
FLOPO:0023257	rhizome dark grey	PO_0004542	PATO:0001251	dark grey	FLOPO:0988275	dark gray	EXACT	repoint filler in EquivalentTo axiom
FLOPO:0023268	testa dark red brown	PO_0020057	PATO:0001288	dark red brown	FLOPO:0988070	dark reddish brown	EXACT	repoint filler in EquivalentTo axiom
FLOPO:0023278	raphe dark red	PO_0020027	PATO:0001261	dark red	FLOPO:0988042	dark red	EXACT	repoint filler in EquivalentTo axiom
FLOPO:0023297	bract red brown	PO_0009055	PATO:0001287	red brown	PATO:0001287	reddish brown	EXACT	repoint filler in EquivalentTo axiom
FLOPO:0023326	endodermis dark brown	PO_0000252	PATO:0001245	dark brown	FLOPO:0988084	dark brown	EXACT	repoint filler in EquivalentTo axiom
FLOPO:0023330	petiole margin white	PO_0025010	PATO:0000323	white	FLOPO:0988009	white	EXACT	repoint filler in EquivalentTo axiom
FLOPO:0023336	tepal violet	PO_0009033	PATO:0001424	violet	FLOPO:0988027	violet	EXACT	repoint filler in EquivalentTo axiom
FLOPO:0023352	lamina violet	PO_0025060	PATO:0001424	violet	FLOPO:0988027	violet	EXACT	repoint filler in EquivalentTo axiom
FLOPO:0023374	sapwood dark red	PO_0004513	PATO:0001261	dark red	FLOPO:0988042	dark red	EXACT	repoint filler in EquivalentTo axiom
FLOPO:0023402	anther pale pink	PO_0009066	PATO:0002020	pale pink	FLOPO:0988035	pale pink	EXACT	repoint filler in EquivalentTo axiom
FLOPO:0023403	bark light green	PO_0004518	PATO:0001250	light green	FLOPO:0988166	light green	EXACT	repoint filler in EquivalentTo axiom
FLOPO:0023480	gelatinous fiber cell purple	PO_0025422	PATO:0000951	purple	FLOPO:0988008	purple	EXACT	repoint filler in EquivalentTo axiom
FLOPO:0023481	gelatinous fiber cell color	PO_0025422	PATO:0000014	color	PATO:0000014	color		keep (generic colour phenotype, filler PATO:0000014 unchanged)
FLOPO:0023540	cambium green	PO_0005597	PATO:0000320	green	FLOPO:0988006	green	EXACT	repoint filler in EquivalentTo axiom
FLOPO:0023541	petal dark grey	PO_0009032	PATO:0001251	dark grey	FLOPO:0988275	dark gray	EXACT	repoint filler in EquivalentTo axiom
FLOPO:0023562	bud bronze	PO_0000055	PATO:0002363	bronze	FLOPO:0988018	yellowish brown	RELATED	keep ID; replace EquivalentTo by SubClassOf(has_part some (E and has_quality some TARGET)); keep old PATO filler until PATO obsoletes it
FLOPO:0023573	pericarp grey	PO_0009084	PATO:0000950	grey	FLOPO:0988010	gray	EXACT	repoint filler in EquivalentTo axiom
FLOPO:0023587	shoot apex black	PO_0000037	PATO:0000317	black	FLOPO:0988011	black	EXACT	repoint filler in EquivalentTo axiom
FLOPO:0023606	arillode orange	PO_0025378	PATO:0000953	orange	FLOPO:0988002	orange	EXACT	repoint filler in EquivalentTo axiom
FLOPO:0023607	pedicel violet	PO_0009052	PATO:0001424	violet	FLOPO:0988027	violet	EXACT	repoint filler in EquivalentTo axiom
FLOPO:0023631	involucre yellow brown	PO_0009100	PATO:0002411	yellow brown	FLOPO:0988018	yellowish brown	EXACT	repoint filler in EquivalentTo axiom
FLOPO:0023642	petal black	PO_0009032	PATO:0000317	black	FLOPO:0988011	black	EXACT	repoint filler in EquivalentTo axiom
FLOPO:0023658	sepal red brown	PO_0009031	PATO:0001287	red brown	PATO:0001287	reddish brown	EXACT	repoint filler in EquivalentTo axiom
FLOPO:0023666	stereome bronze	PO_0030050	PATO:0002363	bronze	FLOPO:0988018	yellowish brown	RELATED	keep ID; replace EquivalentTo by SubClassOf(has_part some (E and has_quality some TARGET)); keep old PATO filler until PATO obsoletes it
FLOPO:0023695	exocarp ochre	PO_0009085	PATO:0001945	ochre	FLOPO:0988004	yellow	RELATED	keep ID; replace EquivalentTo by SubClassOf(has_part some (E and has_quality some TARGET)); keep old PATO filler until PATO obsoletes it
FLOPO:0023698	whole plant yellow green	PO_0000003	PATO:0001941	yellow green	PATO:0001941	yellow green	EXACT	repoint filler in EquivalentTo axiom
FLOPO:0023718	epidermis bronze	PO_0005679	PATO:0002363	bronze	FLOPO:0988018	yellowish brown	RELATED	keep ID; replace EquivalentTo by SubClassOf(has_part some (E and has_quality some TARGET)); keep old PATO filler until PATO obsoletes it
FLOPO:0023719	micropyle black	PO_0020025	PATO:0000317	black	FLOPO:0988011	black	EXACT	repoint filler in EquivalentTo axiom
FLOPO:0023727	plumule orange	PO_0020032	PATO:0000953	orange	FLOPO:0988002	orange	EXACT	repoint filler in EquivalentTo axiom
FLOPO:0023730	pericarp purple	PO_0009084	PATO:0000951	purple	FLOPO:0988008	purple	EXACT	repoint filler in EquivalentTo axiom
FLOPO:0023790	leaf maroon	PO_0025034	PATO:0001426	maroon	FLOPO:0988001	red	RELATED	keep ID; replace EquivalentTo by SubClassOf(has_part some (E and has_quality some TARGET)); keep old PATO filler until PATO obsoletes it
FLOPO:0023796	antiraphe white	PO_0020028	PATO:0000323	white	FLOPO:0988009	white	EXACT	repoint filler in EquivalentTo axiom
FLOPO:0023815	fruit rosy	PO_0009001	PATO:0001425	rose colour	FLOPO:0988000	pink	RELATED	keep ID; replace EquivalentTo by SubClassOf(has_part some (E and has_quality some TARGET)); keep old PATO filler until PATO obsoletes it
FLOPO:0023816	shoot system purple	PO_0009006	PATO:0000951	purple	FLOPO:0988008	purple	EXACT	repoint filler in EquivalentTo axiom
FLOPO:0023817	shoot system color	PO_0009006	PATO:0000014	color	PATO:0000014	color		keep (generic colour phenotype, filler PATO:0000014 unchanged)
FLOPO:0023858	tuber red	PO_0025522	PATO:0000322	red	FLOPO:0988001	red	EXACT	repoint filler in EquivalentTo axiom
FLOPO:0023876	testa yellow orange	PO_0020057	PATO:0001944	yellow orange	FLOPO:0988002	orange	NARROW	keep ID; replace EquivalentTo by SubClassOf(has_part some (E and has_quality some TARGET)); keep old PATO filler until PATO obsoletes it
FLOPO:0023878	phloem dark brown	PO_0005417	PATO:0001245	dark brown	FLOPO:0988084	dark brown	EXACT	repoint filler in EquivalentTo axiom
FLOPO:0023939	prickle red	PO_0025169	PATO:0000322	red	FLOPO:0988001	red	EXACT	repoint filler in EquivalentTo axiom
FLOPO:0023958	raphe dark red brown	PO_0020027	PATO:0001288	dark red brown	FLOPO:0988070	dark reddish brown	EXACT	repoint filler in EquivalentTo axiom
FLOPO:0023968	ovary wall white	PO_0005022	PATO:0000323	white	FLOPO:0988009	white	EXACT	repoint filler in EquivalentTo axiom
FLOPO:0023979	corolla light brown	PO_0009059	PATO:0001246	light brown	FLOPO:0988082	light brown	EXACT	repoint filler in EquivalentTo axiom
FLOPO:0024007	peristome pink	PO_0030042	PATO:0000954	pink	FLOPO:0988000	pink	EXACT	repoint filler in EquivalentTo axiom
FLOPO:0024020	cambium grey	PO_0005597	PATO:0000950	grey	FLOPO:0988010	gray	EXACT	repoint filler in EquivalentTo axiom
FLOPO:0024027	pappus lilac	PO_0025393	PATO:0001943	lilac	FLOPO:0988008	purple	RELATED	keep ID; replace EquivalentTo by SubClassOf(has_part some (E and has_quality some TARGET)); keep old PATO filler until PATO obsoletes it
FLOPO:0024035	cladode brown	PO_0025354	PATO:0000952	brown	FLOPO:0988003	brown	EXACT	repoint filler in EquivalentTo axiom
FLOPO:0024036	cladode color	PO_0025354	PATO:0000014	color	PATO:0000014	color		keep (generic colour phenotype, filler PATO:0000014 unchanged)
FLOPO:0024042	pedicel dark green	PO_0009052	PATO:0001249	dark green	PATO:0001249	dark green	EXACT	repoint filler in EquivalentTo axiom
FLOPO:0024070	style dark blue	PO_0009074	PATO:0001244	dark blue	FLOPO:0988200	dark blue	EXACT	repoint filler in EquivalentTo axiom
FLOPO:0980612	whole plant black	PO_0000003	PATO:0000317	black	FLOPO:0988011	black	EXACT	repoint filler in EquivalentTo axiom
FLOPO:0980619	flower bud green	PO_0000056	PATO:0000320	green	FLOPO:0988006	green	EXACT	repoint filler in EquivalentTo axiom
FLOPO:0980620	flower bud red	PO_0000056	PATO:0000322	red	FLOPO:0988001	red	EXACT	repoint filler in EquivalentTo axiom
FLOPO:0980621	flower bud yellow	PO_0000056	PATO:0000324	yellow	FLOPO:0988004	yellow	EXACT	repoint filler in EquivalentTo axiom
FLOPO:0980625	flower bud brown	PO_0000056	PATO:0000952	brown	FLOPO:0988003	brown	EXACT	repoint filler in EquivalentTo axiom
FLOPO:0980638	trichome black	PO_0000282	PATO:0000317	black	FLOPO:0988011	black	EXACT	repoint filler in EquivalentTo axiom
FLOPO:0980639	trichome green	PO_0000282	PATO:0000320	green	FLOPO:0988006	green	EXACT	repoint filler in EquivalentTo axiom
FLOPO:0980640	trichome red	PO_0000282	PATO:0000322	red	FLOPO:0988001	red	EXACT	repoint filler in EquivalentTo axiom
FLOPO:0980641	trichome white	PO_0000282	PATO:0000323	white	FLOPO:0988009	white	EXACT	repoint filler in EquivalentTo axiom
FLOPO:0980642	trichome yellow	PO_0000282	PATO:0000324	yellow	FLOPO:0988004	yellow	EXACT	repoint filler in EquivalentTo axiom
FLOPO:0980643	trichome brown	PO_0000282	PATO:0000952	brown	FLOPO:0988003	brown	EXACT	repoint filler in EquivalentTo axiom
FLOPO:0980644	sapwood black	PO_0004513	PATO:0000317	black	FLOPO:0988011	black	EXACT	repoint filler in EquivalentTo axiom
FLOPO:0980652	secondary xylem red	PO_0005848	PATO:0000322	red	FLOPO:0988001	red	EXACT	repoint filler in EquivalentTo axiom
FLOPO:0980653	secondary xylem white	PO_0005848	PATO:0000323	white	FLOPO:0988009	white	EXACT	repoint filler in EquivalentTo axiom
FLOPO:0980654	secondary xylem yellow	PO_0005848	PATO:0000324	yellow	FLOPO:0988004	yellow	EXACT	repoint filler in EquivalentTo axiom
FLOPO:0980656	secondary xylem brown	PO_0005848	PATO:0000952	brown	FLOPO:0988003	brown	EXACT	repoint filler in EquivalentTo axiom
FLOPO:0980660	upper glume red	PO_0006004	PATO:0000322	red	FLOPO:0988001	red	EXACT	repoint filler in EquivalentTo axiom
FLOPO:0980682	vascular leaf black	PO_0009025	PATO:0000317	black	FLOPO:0988011	black	EXACT	repoint filler in EquivalentTo axiom
FLOPO:0980683	vascular leaf green	PO_0009025	PATO:0000320	green	FLOPO:0988006	green	EXACT	repoint filler in EquivalentTo axiom
FLOPO:0980684	vascular leaf red	PO_0009025	PATO:0000322	red	FLOPO:0988001	red	EXACT	repoint filler in EquivalentTo axiom
FLOPO:0980685	vascular leaf white	PO_0009025	PATO:0000323	white	FLOPO:0988009	white	EXACT	repoint filler in EquivalentTo axiom
FLOPO:0980686	vascular leaf yellow	PO_0009025	PATO:0000324	yellow	FLOPO:0988004	yellow	EXACT	repoint filler in EquivalentTo axiom
FLOPO:0980690	vascular leaf brown	PO_0009025	PATO:0000952	brown	FLOPO:0988003	brown	EXACT	repoint filler in EquivalentTo axiom
FLOPO:0980698	sporophyll green	PO_0009026	PATO:0000320	green	FLOPO:0988006	green	EXACT	repoint filler in EquivalentTo axiom
FLOPO:0980706	carpel brown	PO_0009030	PATO:0000952	brown	FLOPO:0988003	brown	EXACT	repoint filler in EquivalentTo axiom
FLOPO:0980721	fertile lemma white	PO_0009041	PATO:0000323	white	FLOPO:0988009	white	EXACT	repoint filler in EquivalentTo axiom
FLOPO:0980725	bracteole black	PO_0009043	PATO:0000317	black	FLOPO:0988011	black	EXACT	repoint filler in EquivalentTo axiom
FLOPO:0980726	bracteole red	PO_0009043	PATO:0000322	red	FLOPO:0988001	red	EXACT	repoint filler in EquivalentTo axiom
FLOPO:0980745	bract black	PO_0009055	PATO:0000317	black	FLOPO:0988011	black	EXACT	repoint filler in EquivalentTo axiom
FLOPO:0980759	androecium white	PO_0009061	PATO:0000323	white	FLOPO:0988009	white	EXACT	repoint filler in EquivalentTo axiom
FLOPO:0980779	plant ovary black	PO_0009072	PATO:0000317	black	FLOPO:0988011	black	EXACT	repoint filler in EquivalentTo axiom
FLOPO:0980780	plant ovary green	PO_0009072	PATO:0000320	green	FLOPO:0988006	green	EXACT	repoint filler in EquivalentTo axiom
FLOPO:0980781	plant ovary red	PO_0009072	PATO:0000322	red	FLOPO:0988001	red	EXACT	repoint filler in EquivalentTo axiom
FLOPO:0980782	plant ovary white	PO_0009072	PATO:0000323	white	FLOPO:0988009	white	EXACT	repoint filler in EquivalentTo axiom
FLOPO:0980783	plant ovary yellow	PO_0009072	PATO:0000324	yellow	FLOPO:0988004	yellow	EXACT	repoint filler in EquivalentTo axiom
FLOPO:0980791	plant ovary brown	PO_0009072	PATO:0000952	brown	FLOPO:0988003	brown	EXACT	repoint filler in EquivalentTo axiom
FLOPO:0980810	staminode white	PO_0009077	PATO:0000323	white	FLOPO:0988009	white	EXACT	repoint filler in EquivalentTo axiom
FLOPO:0980824	megaspore white	PO_0020019	PATO:0000323	white	FLOPO:0988009	white	EXACT	repoint filler in EquivalentTo axiom
FLOPO:0980825	megaspore yellow	PO_0020019	PATO:0000324	yellow	FLOPO:0988004	yellow	EXACT	repoint filler in EquivalentTo axiom
FLOPO:0980827	megaspore brown	PO_0020019	PATO:0000952	brown	FLOPO:0988003	brown	EXACT	repoint filler in EquivalentTo axiom
FLOPO:0980829	cotyledon white	PO_0020030	PATO:0000323	white	FLOPO:0988009	white	EXACT	repoint filler in EquivalentTo axiom
FLOPO:0980830	cotyledon yellow	PO_0020030	PATO:0000324	yellow	FLOPO:0988004	yellow	EXACT	repoint filler in EquivalentTo axiom
FLOPO:0980836	leaf lamina black	PO_0020039	PATO:0000317	black	FLOPO:0988011	black	EXACT	repoint filler in EquivalentTo axiom
FLOPO:0980837	leaf lamina red	PO_0020039	PATO:0000322	red	FLOPO:0988001	red	EXACT	repoint filler in EquivalentTo axiom
FLOPO:0980838	leaf lamina white	PO_0020039	PATO:0000323	white	FLOPO:0988009	white	EXACT	repoint filler in EquivalentTo axiom
FLOPO:0980839	leaf lamina yellow	PO_0020039	PATO:0000324	yellow	FLOPO:0988004	yellow	EXACT	repoint filler in EquivalentTo axiom
FLOPO:0980844	leaf lamina brown	PO_0020039	PATO:0000952	brown	FLOPO:0988003	brown	EXACT	repoint filler in EquivalentTo axiom
FLOPO:0980850	stipule red	PO_0020041	PATO:0000322	red	FLOPO:0988001	red	EXACT	repoint filler in EquivalentTo axiom
FLOPO:0980859	mericarp green	PO_0020075	PATO:0000320	green	FLOPO:0988006	green	EXACT	repoint filler in EquivalentTo axiom
FLOPO:0980860	mericarp red	PO_0020075	PATO:0000322	red	FLOPO:0988001	red	EXACT	repoint filler in EquivalentTo axiom
FLOPO:0980861	mericarp yellow	PO_0020075	PATO:0000324	yellow	FLOPO:0988004	yellow	EXACT	repoint filler in EquivalentTo axiom
FLOPO:0980868	mericarp brown	PO_0020075	PATO:0000952	brown	FLOPO:0988003	brown	EXACT	repoint filler in EquivalentTo axiom
FLOPO:0980876	branch black	PO_0025073	PATO:0000317	black	FLOPO:0988011	black	EXACT	repoint filler in EquivalentTo axiom
FLOPO:0980887	sporangium yellow	PO_0025094	PATO:0000324	yellow	FLOPO:0988004	yellow	EXACT	repoint filler in EquivalentTo axiom
FLOPO:0980893	pollen green	PO_0025281	PATO:0000320	green	FLOPO:0988006	green	EXACT	repoint filler in EquivalentTo axiom
FLOPO:0980894	pollen white	PO_0025281	PATO:0000323	white	FLOPO:0988009	white	EXACT	repoint filler in EquivalentTo axiom
FLOPO:0980901	samara fruit red	PO_0030099	PATO:0000322	red	FLOPO:0988001	red	EXACT	repoint filler in EquivalentTo axiom
FLOPO:0980919	achene fruit black	PO_0030107	PATO:0000317	black	FLOPO:0988011	black	EXACT	repoint filler in EquivalentTo axiom
FLOPO:0980920	achene fruit white	PO_0030107	PATO:0000323	white	FLOPO:0988009	white	EXACT	repoint filler in EquivalentTo axiom
FLOPO:0980926	achene fruit brown	PO_0030107	PATO:0000952	brown	FLOPO:0988003	brown	EXACT	repoint filler in EquivalentTo axiom
FLOPO:0980935	pedicel black	PO_0030112	PATO:0000317	black	FLOPO:0988011	black	EXACT	repoint filler in EquivalentTo axiom
FLOPO:0980936	pedicel green	PO_0030112	PATO:0000320	green	FLOPO:0988006	green	EXACT	repoint filler in EquivalentTo axiom
FLOPO:0980937	pedicel red	PO_0030112	PATO:0000322	red	FLOPO:0988001	red	EXACT	repoint filler in EquivalentTo axiom
FLOPO:0980938	pedicel white	PO_0030112	PATO:0000323	white	FLOPO:0988009	white	EXACT	repoint filler in EquivalentTo axiom
FLOPO:0980939	pedicel yellow	PO_0030112	PATO:0000324	yellow	FLOPO:0988004	yellow	EXACT	repoint filler in EquivalentTo axiom
FLOPO:0980946	pedicel brown	PO_0030112	PATO:0000952	brown	FLOPO:0988003	brown	EXACT	repoint filler in EquivalentTo axiom
FLOPO:0980979	achene fruit red brown	PO_0030107	PATO:0001287	red brown	PATO:0001287	reddish brown	EXACT	repoint filler in EquivalentTo axiom
FLOPO:0980980	leaf lamina yellowish green	PO_0020039	PATO:0104114	yellowish green	PATO:0104114	yellowish green	EXACT	repoint filler in EquivalentTo axiom
FLOPO:0980981	flower chocolate brown	PO_0009046	PATO:0104333	chocolate brown	FLOPO:0988072	grayish reddish brown	NARROW	keep ID; replace EquivalentTo by SubClassOf(has_part some (E and has_quality some TARGET)); keep old PATO filler until PATO obsoletes it
FLOPO:0980982	seed yellow green	PO_0009010	PATO:0001941	yellow green	PATO:0001941	yellow green	EXACT	repoint filler in EquivalentTo axiom
FLOPO:0980983	petal greyish green	PO_0009032	PATO:0104007	greyish green	PATO:0104007	grayish green	EXACT	repoint filler in EquivalentTo axiom
FLOPO:0980984	fruit greenish yellow	PO_0009001	PATO:0104013	greenish yellow	PATO:0104013	greenish yellow	EXACT	repoint filler in EquivalentTo axiom
FLOPO:0980985	petal purplish red	PO_0009032	PATO:0104311	purplish red	PATO:0104311	purplish red	EXACT	repoint filler in EquivalentTo axiom
FLOPO:0980986	filament greenish white	PO_0009067	PATO:0104067	greenish white	PATO:0104067	greenish white	EXACT	repoint filler in EquivalentTo axiom
FLOPO:0980987	calyx greenish white	PO_0009060	PATO:0104067	greenish white	PATO:0104067	greenish white	EXACT	repoint filler in EquivalentTo axiom
FLOPO:0980988	bract greenish yellow	PO_0009055	PATO:0104013	greenish yellow	PATO:0104013	greenish yellow	EXACT	repoint filler in EquivalentTo axiom
FLOPO:0980989	corolla greenish white	PO_0009059	PATO:0104067	greenish white	PATO:0104067	greenish white	EXACT	repoint filler in EquivalentTo axiom
FLOPO:0980990	filament orange red	PO_0009067	PATO:0104112	orange red	FLOPO:0988001	red	NARROW	keep ID; replace EquivalentTo by SubClassOf(has_part some (E and has_quality some TARGET)); keep old PATO filler until PATO obsoletes it
FLOPO:0980991	petal yellowish green	PO_0009032	PATO:0104114	yellowish green	PATO:0104114	yellowish green	EXACT	repoint filler in EquivalentTo axiom
FLOPO:0980992	inflorescence greenish white	PO_0009049	PATO:0104067	greenish white	PATO:0104067	greenish white	EXACT	repoint filler in EquivalentTo axiom
FLOPO:0980993	tepal greenish white	PO_0009033	PATO:0104067	greenish white	PATO:0104067	greenish white	EXACT	repoint filler in EquivalentTo axiom
FLOPO:0980994	corolla blue green	PO_0009059	PATO:0104020	blue green	PATO:0104020	bluish green	EXACT	repoint filler in EquivalentTo axiom
FLOPO:0980995	sepal yellow green	PO_0009031	PATO:0001941	yellow green	PATO:0001941	yellow green	EXACT	repoint filler in EquivalentTo axiom
FLOPO:0980996	petal olive colour	PO_0009032	PATO:0104336	olive colour	FLOPO:0988005	olive	EXACT	repoint filler in EquivalentTo axiom
FLOPO:0980997	filament greenish yellow	PO_0009067	PATO:0104013	greenish yellow	PATO:0104013	greenish yellow	EXACT	repoint filler in EquivalentTo axiom
FLOPO:0980998	bract chestnut colour	PO_0009055	PATO:0104329	chestnut colour	PATO:0001287	reddish brown	NARROW	keep ID; replace EquivalentTo by SubClassOf(has_part some (E and has_quality some TARGET)); keep old PATO filler until PATO obsoletes it
FLOPO:0980999	petiole purplish black	PO_0020038	PATO:0104157	purplish black	PATO:0104157	purplish black	EXACT	repoint filler in EquivalentTo axiom
FLOPO:0981000	leaf lamina blue green	PO_0020039	PATO:0104020	blue green	PATO:0104020	bluish green	EXACT	repoint filler in EquivalentTo axiom
FLOPO:0981001	stem blue green	PO_0009047	PATO:0104020	blue green	PATO:0104020	bluish green	EXACT	repoint filler in EquivalentTo axiom
FLOPO:0981002	whole plant olive colour	PO_0000003	PATO:0104336	olive colour	FLOPO:0988005	olive	EXACT	repoint filler in EquivalentTo axiom
FLOPO:0981003	drupe fruit orange red	PO_0030103	PATO:0104112	orange red	FLOPO:0988001	red	NARROW	keep ID; replace EquivalentTo by SubClassOf(has_part some (E and has_quality some TARGET)); keep old PATO filler until PATO obsoletes it
FLOPO:0981004	seed orange yellow	PO_0009010	PATO:0104054	orange yellow	PATO:0104054	orange yellow	EXACT	repoint filler in EquivalentTo axiom
FLOPO:0981005	berry fruit olive colour	PO_0030108	PATO:0104336	olive colour	FLOPO:0988005	olive	EXACT	repoint filler in EquivalentTo axiom
FLOPO:0981006	bark yellowish green	PO_0004518	PATO:0104114	yellowish green	PATO:0104114	yellowish green	EXACT	repoint filler in EquivalentTo axiom
FLOPO:0981007	anther chocolate brown	PO_0009066	PATO:0104333	chocolate brown	FLOPO:0988072	grayish reddish brown	NARROW	keep ID; replace EquivalentTo by SubClassOf(has_part some (E and has_quality some TARGET)); keep old PATO filler until PATO obsoletes it
FLOPO:0981008	sepal yellowish green	PO_0009031	PATO:0104114	yellowish green	PATO:0104114	yellowish green	EXACT	repoint filler in EquivalentTo axiom
FLOPO:0981009	sepal orange yellow	PO_0009031	PATO:0104054	orange yellow	PATO:0104054	orange yellow	EXACT	repoint filler in EquivalentTo axiom
FLOPO:0981010	corolla yellowish green	PO_0009059	PATO:0104114	yellowish green	PATO:0104114	yellowish green	EXACT	repoint filler in EquivalentTo axiom
FLOPO:0981011	whole plant greyish green	PO_0000003	PATO:0104007	greyish green	PATO:0104007	grayish green	EXACT	repoint filler in EquivalentTo axiom
FLOPO:0981012	petal lemon yellow	PO_0009032	PATO:0104321	lemon yellow	FLOPO:0988004	yellow	NARROW	keep ID; replace EquivalentTo by SubClassOf(has_part some (E and has_quality some TARGET)); keep old PATO filler until PATO obsoletes it
FLOPO:0981013	lamina blue green	PO_0025060	PATO:0104020	blue green	PATO:0104020	bluish green	EXACT	repoint filler in EquivalentTo axiom
FLOPO:0981014	bark chocolate brown	PO_0004518	PATO:0104333	chocolate brown	FLOPO:0988072	grayish reddish brown	NARROW	keep ID; replace EquivalentTo by SubClassOf(has_part some (E and has_quality some TARGET)); keep old PATO filler until PATO obsoletes it
FLOPO:0981015	plant ovary yellow green	PO_0009072	PATO:0001941	yellow green	PATO:0001941	yellow green	EXACT	repoint filler in EquivalentTo axiom
FLOPO:0981016	vascular leaf yellow green	PO_0009025	PATO:0001941	yellow green	PATO:0001941	yellow green	EXACT	repoint filler in EquivalentTo axiom
FLOPO:0981017	corolla lemon yellow	PO_0009059	PATO:0104321	lemon yellow	FLOPO:0988004	yellow	NARROW	keep ID; replace EquivalentTo by SubClassOf(has_part some (E and has_quality some TARGET)); keep old PATO filler until PATO obsoletes it
FLOPO:0981018	stem greyish green	PO_0009047	PATO:0104007	greyish green	PATO:0104007	grayish green	EXACT	repoint filler in EquivalentTo axiom
FLOPO:0981019	calyx orange red	PO_0009060	PATO:0104112	orange red	FLOPO:0988001	red	NARROW	keep ID; replace EquivalentTo by SubClassOf(has_part some (E and has_quality some TARGET)); keep old PATO filler until PATO obsoletes it
FLOPO:0981020	seed greenish yellow	PO_0009010	PATO:0104013	greenish yellow	PATO:0104013	greenish yellow	EXACT	repoint filler in EquivalentTo axiom
FLOPO:0981021	drupe fruit orange yellow	PO_0030103	PATO:0104054	orange yellow	PATO:0104054	orange yellow	EXACT	repoint filler in EquivalentTo axiom
FLOPO:0981022	filament yellow green	PO_0009067	PATO:0001941	yellow green	PATO:0001941	yellow green	EXACT	repoint filler in EquivalentTo axiom
FLOPO:0981023	perianth olive colour	PO_0009058	PATO:0104336	olive colour	FLOPO:0988005	olive	EXACT	repoint filler in EquivalentTo axiom
FLOPO:0981024	inflorescence yellowish green	PO_0009049	PATO:0104114	yellowish green	PATO:0104114	yellowish green	EXACT	repoint filler in EquivalentTo axiom
FLOPO:0981025	sepal blue green	PO_0009031	PATO:0104020	blue green	PATO:0104020	bluish green	EXACT	repoint filler in EquivalentTo axiom
FLOPO:0981026	stem greenish white	PO_0009047	PATO:0104067	greenish white	PATO:0104067	greenish white	EXACT	repoint filler in EquivalentTo axiom
FLOPO:0981027	bracteole red brown	PO_0009043	PATO:0001287	red brown	PATO:0001287	reddish brown	EXACT	repoint filler in EquivalentTo axiom
FLOPO:0981028	berry fruit blue green	PO_0030108	PATO:0104020	blue green	PATO:0104020	bluish green	EXACT	repoint filler in EquivalentTo axiom
FLOPO:0981029	bark blue green	PO_0004518	PATO:0104020	blue green	PATO:0104020	bluish green	EXACT	repoint filler in EquivalentTo axiom
FLOPO:0981030	seed orange red	PO_0009010	PATO:0104112	orange red	FLOPO:0988001	red	NARROW	keep ID; replace EquivalentTo by SubClassOf(has_part some (E and has_quality some TARGET)); keep old PATO filler until PATO obsoletes it
FLOPO:0981031	bark orange red	PO_0004518	PATO:0104112	orange red	FLOPO:0988001	red	NARROW	keep ID; replace EquivalentTo by SubClassOf(has_part some (E and has_quality some TARGET)); keep old PATO filler until PATO obsoletes it
FLOPO:0981032	anther yellow brown	PO_0009066	PATO:0002411	yellow brown	FLOPO:0988018	yellowish brown	EXACT	repoint filler in EquivalentTo axiom
FLOPO:0981033	anther red brown	PO_0009066	PATO:0001287	red brown	PATO:0001287	reddish brown	EXACT	repoint filler in EquivalentTo axiom
FLOPO:0981034	anther orange yellow	PO_0009066	PATO:0104054	orange yellow	PATO:0104054	orange yellow	EXACT	repoint filler in EquivalentTo axiom
FLOPO:0981035	petal yellow brown	PO_0009032	PATO:0002411	yellow brown	FLOPO:0988018	yellowish brown	EXACT	repoint filler in EquivalentTo axiom
FLOPO:0981036	stipule red brown	PO_0020041	PATO:0001287	red brown	PATO:0001287	reddish brown	EXACT	repoint filler in EquivalentTo axiom
FLOPO:0981037	branch yellowish green	PO_0025073	PATO:0104114	yellowish green	PATO:0104114	yellowish green	EXACT	repoint filler in EquivalentTo axiom
FLOPO:0981038	calyx olive colour	PO_0009060	PATO:0104336	olive colour	FLOPO:0988005	olive	EXACT	repoint filler in EquivalentTo axiom
FLOPO:0981039	aril orange yellow	PO_0009090	PATO:0104054	orange yellow	PATO:0104054	orange yellow	EXACT	repoint filler in EquivalentTo axiom
FLOPO:0981040	vascular leaf olive colour	PO_0009025	PATO:0104336	olive colour	FLOPO:0988005	olive	EXACT	repoint filler in EquivalentTo axiom
FLOPO:0981041	vascular leaf brown green	PO_0009025	PATO:0001942	brown green	FLOPO:0988006	green	NARROW	keep ID; replace EquivalentTo by SubClassOf(has_part some (E and has_quality some TARGET)); keep old PATO filler until PATO obsoletes it
FLOPO:0981042	seed chocolate brown	PO_0009010	PATO:0104333	chocolate brown	FLOPO:0988072	grayish reddish brown	NARROW	keep ID; replace EquivalentTo by SubClassOf(has_part some (E and has_quality some TARGET)); keep old PATO filler until PATO obsoletes it
FLOPO:0981043	leaflet yellow green	PO_0020049	PATO:0001941	yellow green	PATO:0001941	yellow green	EXACT	repoint filler in EquivalentTo axiom
FLOPO:0981044	stalk red brown	PO_0025066	PATO:0001287	red brown	PATO:0001287	reddish brown	EXACT	repoint filler in EquivalentTo axiom
FLOPO:0981045	corolla pale greenish yellow	PO_0009059	PATO:0104051	pale greenish yellow	PATO:0104051	pale greenish yellow	EXACT	repoint filler in EquivalentTo axiom
FLOPO:0981046	fruit chestnut colour	PO_0009001	PATO:0104329	chestnut colour	PATO:0001287	reddish brown	NARROW	keep ID; replace EquivalentTo by SubClassOf(has_part some (E and has_quality some TARGET)); keep old PATO filler until PATO obsoletes it
FLOPO:0981047	corolla greenish yellow	PO_0009059	PATO:0104013	greenish yellow	PATO:0104013	greenish yellow	EXACT	repoint filler in EquivalentTo axiom
FLOPO:0981048	fruit orange yellow	PO_0009001	PATO:0104054	orange yellow	PATO:0104054	orange yellow	EXACT	repoint filler in EquivalentTo axiom
FLOPO:0981049	petal yellow orange	PO_0009032	PATO:0001944	yellow orange	FLOPO:0988002	orange	NARROW	keep ID; replace EquivalentTo by SubClassOf(has_part some (E and has_quality some TARGET)); keep old PATO filler until PATO obsoletes it
FLOPO:0981050	branch olive colour	PO_0025073	PATO:0104336	olive colour	FLOPO:0988005	olive	EXACT	repoint filler in EquivalentTo axiom
FLOPO:0981051	petal greenish white	PO_0009032	PATO:0104067	greenish white	PATO:0104067	greenish white	EXACT	repoint filler in EquivalentTo axiom
FLOPO:0981052	stem dark red brown	PO_0009047	PATO:0001288	dark red brown	FLOPO:0988070	dark reddish brown	EXACT	repoint filler in EquivalentTo axiom
FLOPO:0981053	fruit greyish green	PO_0009001	PATO:0104007	greyish green	PATO:0104007	grayish green	EXACT	repoint filler in EquivalentTo axiom
FLOPO:0981054	flower greenish white	PO_0009046	PATO:0104067	greenish white	PATO:0104067	greenish white	EXACT	repoint filler in EquivalentTo axiom
FLOPO:0981055	flower orange yellow	PO_0009046	PATO:0104054	orange yellow	PATO:0104054	orange yellow	EXACT	repoint filler in EquivalentTo axiom
FLOPO:0981056	vascular leaf greyish green	PO_0009025	PATO:0104007	greyish green	PATO:0104007	grayish green	EXACT	repoint filler in EquivalentTo axiom
FLOPO:0981057	plant ovary red brown	PO_0009072	PATO:0001287	red brown	PATO:0001287	reddish brown	EXACT	repoint filler in EquivalentTo axiom
FLOPO:0981058	corolla purplish red	PO_0009059	PATO:0104311	purplish red	PATO:0104311	purplish red	EXACT	repoint filler in EquivalentTo axiom
FLOPO:0981059	petal orange yellow	PO_0009032	PATO:0104054	orange yellow	PATO:0104054	orange yellow	EXACT	repoint filler in EquivalentTo axiom
FLOPO:0981060	stamen orange yellow	PO_0009029	PATO:0104054	orange yellow	PATO:0104054	orange yellow	EXACT	repoint filler in EquivalentTo axiom
FLOPO:0981061	bark greenish yellow	PO_0004518	PATO:0104013	greenish yellow	PATO:0104013	greenish yellow	EXACT	repoint filler in EquivalentTo axiom
FLOPO:0981062	leaf lamina yellow green	PO_0020039	PATO:0001941	yellow green	PATO:0001941	yellow green	EXACT	repoint filler in EquivalentTo axiom
FLOPO:0981063	corolla orange red	PO_0009059	PATO:0104112	orange red	FLOPO:0988001	red	NARROW	keep ID; replace EquivalentTo by SubClassOf(has_part some (E and has_quality some TARGET)); keep old PATO filler until PATO obsoletes it
FLOPO:0981064	sepal yellow brown	PO_0009031	PATO:0002411	yellow brown	FLOPO:0988018	yellowish brown	EXACT	repoint filler in EquivalentTo axiom
FLOPO:0981065	seed olive colour	PO_0009010	PATO:0104336	olive colour	FLOPO:0988005	olive	EXACT	repoint filler in EquivalentTo axiom
FLOPO:0981066	seed chestnut colour	PO_0009010	PATO:0104329	chestnut colour	PATO:0001287	reddish brown	NARROW	keep ID; replace EquivalentTo by SubClassOf(has_part some (E and has_quality some TARGET)); keep old PATO filler until PATO obsoletes it
FLOPO:0981067	flower orange red	PO_0009046	PATO:0104112	orange red	FLOPO:0988001	red	NARROW	keep ID; replace EquivalentTo by SubClassOf(has_part some (E and has_quality some TARGET)); keep old PATO filler until PATO obsoletes it
FLOPO:0981068	flower greenish yellow	PO_0009046	PATO:0104013	greenish yellow	PATO:0104013	greenish yellow	EXACT	repoint filler in EquivalentTo axiom
FLOPO:0981069	flower olive colour	PO_0009046	PATO:0104336	olive colour	FLOPO:0988005	olive	EXACT	repoint filler in EquivalentTo axiom
FLOPO:0981070	flower lemon yellow	PO_0009046	PATO:0104321	lemon yellow	FLOPO:0988004	yellow	NARROW	keep ID; replace EquivalentTo by SubClassOf(has_part some (E and has_quality some TARGET)); keep old PATO filler until PATO obsoletes it
FLOPO:0981071	petal orange red	PO_0009032	PATO:0104112	orange red	FLOPO:0988001	red	NARROW	keep ID; replace EquivalentTo by SubClassOf(has_part some (E and has_quality some TARGET)); keep old PATO filler until PATO obsoletes it
FLOPO:0981072	corolla orange yellow	PO_0009059	PATO:0104054	orange yellow	PATO:0104054	orange yellow	EXACT	repoint filler in EquivalentTo axiom
FLOPO:0981073	vascular leaf blue green	PO_0009025	PATO:0104020	blue green	PATO:0104020	bluish green	EXACT	repoint filler in EquivalentTo axiom
FLOPO:0981074	filament orange yellow	PO_0009067	PATO:0104054	orange yellow	PATO:0104054	orange yellow	EXACT	repoint filler in EquivalentTo axiom
FLOPO:0981075	flower yellowish green	PO_0009046	PATO:0104114	yellowish green	PATO:0104114	yellowish green	EXACT	repoint filler in EquivalentTo axiom
FLOPO:0981076	seed purplish red	PO_0009010	PATO:0104311	purplish red	PATO:0104311	purplish red	EXACT	repoint filler in EquivalentTo axiom
FLOPO:0981077	berry fruit desaturated green	PO_0030108	PATO:0001272	desaturated green	FLOPO:0988023	green (ISCC-NBS level 2)	NARROW	keep ID; replace EquivalentTo by SubClassOf(has_part some (E and has_quality some TARGET)); keep old PATO filler until PATO obsoletes it
FLOPO:0981078	petal red brown	PO_0009032	PATO:0001287	red brown	PATO:0001287	reddish brown	EXACT	repoint filler in EquivalentTo axiom
FLOPO:0981079	leaflet olive colour	PO_0020049	PATO:0104336	olive colour	FLOPO:0988005	olive	EXACT	repoint filler in EquivalentTo axiom
FLOPO:0981080	seed greyish green	PO_0009010	PATO:0104007	greyish green	PATO:0104007	grayish green	EXACT	repoint filler in EquivalentTo axiom
FLOPO:0981081	petal greenish yellow	PO_0009032	PATO:0104013	greenish yellow	PATO:0104013	greenish yellow	EXACT	repoint filler in EquivalentTo axiom
FLOPO:0981082	branch greyish green	PO_0025073	PATO:0104007	greyish green	PATO:0104007	grayish green	EXACT	repoint filler in EquivalentTo axiom
FLOPO:0981083	plant ovary blue green	PO_0009072	PATO:0104020	blue green	PATO:0104020	bluish green	EXACT	repoint filler in EquivalentTo axiom
FLOPO:0981084	aril orange red	PO_0009090	PATO:0104112	orange red	FLOPO:0988001	red	NARROW	keep ID; replace EquivalentTo by SubClassOf(has_part some (E and has_quality some TARGET)); keep old PATO filler until PATO obsoletes it
FLOPO:0981085	fruit orange red	PO_0009001	PATO:0104112	orange red	FLOPO:0988001	red	NARROW	keep ID; replace EquivalentTo by SubClassOf(has_part some (E and has_quality some TARGET)); keep old PATO filler until PATO obsoletes it
FLOPO:0981086	fruit yellowish green	PO_0009001	PATO:0104114	yellowish green	PATO:0104114	yellowish green	EXACT	repoint filler in EquivalentTo axiom
FLOPO:0981087	bark greyish green	PO_0004518	PATO:0104007	greyish green	PATO:0104007	grayish green	EXACT	repoint filler in EquivalentTo axiom
FLOPO:0981088	leaf lamina greyish green	PO_0020039	PATO:0104007	greyish green	PATO:0104007	grayish green	EXACT	repoint filler in EquivalentTo axiom
FLOPO:0981089	petal yellow green	PO_0009032	PATO:0001941	yellow green	PATO:0001941	yellow green	EXACT	repoint filler in EquivalentTo axiom
FLOPO:0981090	sepal olive colour	PO_0009031	PATO:0104336	olive colour	FLOPO:0988005	olive	EXACT	repoint filler in EquivalentTo axiom
FLOPO:0981091	lamina greyish green	PO_0025060	PATO:0104007	greyish green	PATO:0104007	grayish green	EXACT	repoint filler in EquivalentTo axiom
