ontology_id	canonical_ontology_id	design_key	level	iscc_nbs_number	name	abbreviation	parent_level2	parent_level1	parent_id	level3_blocks	level2_members	munsell_ranges	n_ranges	centroid_munsell	centroid_location	range_source	centroid_source	name_source	parent_ontology_id
FLOPO:0988000	FLOPO:0988000	ISCCNBS:L1_001	1	1	pink	Pk			PATO:0000014	1 2 3 4 5 6 7 8 9 10 25 26 27 28 29 30 31 32 33 246 247 248 249 250 251 252 253	pink|yellowish pink|purplish pink	union of level-3 blocks 1 2 3 4 5 6 7 8 9 10 25 26 27 28 29 30 31 32 33 246 247 248 249 250 251 252 253				Kelly & Judd, NBS SP 440 (1976) [DOI:10.6028/NBS.SP.440] section 5 and Table 2, pp. A-12, A-14 (union of level-3 blocks)		Kelly & Judd, NBS SP 440 (1976) [DOI:10.6028/NBS.SP.440] Table 2, p. A-14	PATO:0000014
FLOPO:0988001	FLOPO:0988001	ISCCNBS:L1_002	1	2	red	R			PATO:0000014	11 12 13 14 15 16 17 18 19 20 21 22 23 24 254 255 256 257 258 259 260 261 262	red|purplish red	union of level-3 blocks 11 12 13 14 15 16 17 18 19 20 21 22 23 24 254 255 256 257 258 259 260 261 262				Kelly & Judd, NBS SP 440 (1976) [DOI:10.6028/NBS.SP.440] section 5 and Table 2, pp. A-12, A-14 (union of level-3 blocks)		Kelly & Judd, NBS SP 440 (1976) [DOI:10.6028/NBS.SP.440] Table 2, p. A-14	PATO:0000014
FLOPO:0988002	FLOPO:0988002	ISCCNBS:L1_003	1	3	orange	O			PATO:0000014	34 35 36 37 38 39 48 49 50 51 52 53 54	reddish orange|orange	union of level-3 blocks 34 35 36 37 38 39 48 49 50 51 52 53 54				Kelly & Judd, NBS SP 440 (1976) [DOI:10.6028/NBS.SP.440] section 5 and Table 2, pp. A-12, A-14 (union of level-3 blocks)		Kelly & Judd, NBS SP 440 (1976) [DOI:10.6028/NBS.SP.440] Table 2, p. A-14	PATO:0000014
FLOPO:0988003	FLOPO:0988003	ISCCNBS:L1_004	1	4	brown	Br			PATO:0000014	40 41 42 43 44 45 46 47 55 56 57 58 59 60 61 62 63 64 65 74 75 76 77 78 79 80 81	reddish brown|brown|yellowish brown	union of level-3 blocks 40 41 42 43 44 45 46 47 55 56 57 58 59 60 61 62 63 64 65 74 75 76 77 78 79 80 81				Kelly & Judd, NBS SP 440 (1976) [DOI:10.6028/NBS.SP.440] section 5 and Table 2, pp. A-12, A-14 (union of level-3 blocks)		Kelly & Judd, NBS SP 440 (1976) [DOI:10.6028/NBS.SP.440] Table 2, p. A-14	PATO:0000014
FLOPO:0988004	FLOPO:0988004	ISCCNBS:L1_005	1	5	yellow	Y			PATO:0000014	66 67 68 69 70 71 72 73 82 83 84 85 86 87 88 89 90 91 92 93 97 98 99 100 101 102 103 104 105	orange yellow|yellow|greenish yellow	union of level-3 blocks 66 67 68 69 70 71 72 73 82 83 84 85 86 87 88 89 90 91 92 93 97 98 99 100 101 102 103 104 105				Kelly & Judd, NBS SP 440 (1976) [DOI:10.6028/NBS.SP.440] section 5 and Table 2, pp. A-12, A-14 (union of level-3 blocks)		Kelly & Judd, NBS SP 440 (1976) [DOI:10.6028/NBS.SP.440] Table 2, p. A-14	PATO:0000014
FLOPO:0988005	FLOPO:0988005	ISCCNBS:L1_006	1	6	olive	Ol			PATO:0000014	94 95 96 106 107 108 109 110 111 112 113 114 123 124 125 126 127 128	olive brown|olive|olive green	union of level-3 blocks 94 95 96 106 107 108 109 110 111 112 113 114 123 124 125 126 127 128				Kelly & Judd, NBS SP 440 (1976) [DOI:10.6028/NBS.SP.440] section 5 and Table 2, pp. A-12, A-14 (union of level-3 blocks)		Kelly & Judd, NBS SP 440 (1976) [DOI:10.6028/NBS.SP.440] Table 2, p. A-14	PATO:0000014
PATO:0001941	PATO:0001941	ISCCNBS:L1_007	1	7	yellow green	YG			PATO:0000014	115 116 117 118 119 120 121 122	yellow green	union of level-3 blocks 115 116 117 118 119 120 121 122				Kelly & Judd, NBS SP 440 (1976) [DOI:10.6028/NBS.SP.440] section 5 and Table 2, pp. A-12, A-14 (union of level-3 blocks)		Kelly & Judd, NBS SP 440 (1976) [DOI:10.6028/NBS.SP.440] Table 2, p. A-14	PATO:0000014
FLOPO:0988006	FLOPO:0988006	ISCCNBS:L1_008	1	8	green	G			PATO:0000014	129 130 131 132 133 134 135 136 137 138 139 140 141 142 143 144 145 146 147 148 149 150 151 152 153 154 155 156 157 158 159 160 161 162 163 164 165 166	yellowish green|green|bluish green	union of level-3 blocks 129 130 131 132 133 134 135 136 137 138 139 140 141 142 143 144 145 146 147 148 149 150 151 152 153 154 155 156 157 158 159 160 161 162 163 164 165 166				Kelly & Judd, NBS SP 440 (1976) [DOI:10.6028/NBS.SP.440] section 5 and Table 2, pp. A-12, A-14 (union of level-3 blocks)		Kelly & Judd, NBS SP 440 (1976) [DOI:10.6028/NBS.SP.440] Table 2, p. A-14	PATO:0000014
FLOPO:0988007	FLOPO:0988007	ISCCNBS:L1_009	1	9	blue	B			PATO:0000014	167 168 169 170 171 172 173 174 175 176 177 178 179 180 181 182 183 184 185 186 187 188 189 190 191 192 193 194 195 196 197 198 199 200 201 202 203 204	greenish blue|blue|purplish blue	union of level-3 blocks 167 168 169 170 171 172 173 174 175 176 177 178 179 180 181 182 183 184 185 186 187 188 189 190 191 192 193 194 195 196 197 198 199 200 201 202 203 204				Kelly & Judd, NBS SP 440 (1976) [DOI:10.6028/NBS.SP.440] section 5 and Table 2, pp. A-12, A-14 (union of level-3 blocks)		Kelly & Judd, NBS SP 440 (1976) [DOI:10.6028/NBS.SP.440] Table 2, p. A-14	PATO:0000014
FLOPO:0988008	FLOPO:0988008	ISCCNBS:L1_010	1	10	purple	P			PATO:0000014	205 206 207 208 209 210 211 212 213 214 215 216 217 218 219 220 221 222 223 224 225 226 227 228 229 230 231 232 233 234 235 236 237 238 239 240 241 242 243 244 245	violet|purple|reddish purple	union of level-3 blocks 205 206 207 208 209 210 211 212 213 214 215 216 217 218 219 220 221 222 223 224 225 226 227 228 229 230 231 232 233 234 235 236 237 238 239 240 241 242 243 244 245				Kelly & Judd, NBS SP 440 (1976) [DOI:10.6028/NBS.SP.440] section 5 and Table 2, pp. A-12, A-14 (union of level-3 blocks)		Kelly & Judd, NBS SP 440 (1976) [DOI:10.6028/NBS.SP.440] Table 2, p. A-14	PATO:0000014
FLOPO:0988009	FLOPO:0988009	ISCCNBS:L1_011	1	11	white	Wh			PATO:0000014	263	white	union of level-3 blocks 263				Kelly & Judd, NBS SP 440 (1976) [DOI:10.6028/NBS.SP.440] section 5 and Table 2, pp. A-12, A-14 (union of level-3 blocks)		Kelly & Judd, NBS SP 440 (1976) [DOI:10.6028/NBS.SP.440] Table 2, p. A-14	PATO:0000014
FLOPO:0988010	FLOPO:0988010	ISCCNBS:L1_012	1	12	gray	Gy			PATO:0000014	264 265 266	gray	union of level-3 blocks 264 265 266				Kelly & Judd, NBS SP 440 (1976) [DOI:10.6028/NBS.SP.440] section 5 and Table 2, pp. A-12, A-14 (union of level-3 blocks)		Kelly & Judd, NBS SP 440 (1976) [DOI:10.6028/NBS.SP.440] Table 2, p. A-14	PATO:0000014
FLOPO:0988011	FLOPO:0988011	ISCCNBS:L1_013	1	13	black	Bk			PATO:0000014	267	black	union of level-3 blocks 267				Kelly & Judd, NBS SP 440 (1976) [DOI:10.6028/NBS.SP.440] section 5 and Table 2, pp. A-12, A-14 (union of level-3 blocks)		Kelly & Judd, NBS SP 440 (1976) [DOI:10.6028/NBS.SP.440] Table 2, p. A-14	PATO:0000014
FLOPO:0988012	FLOPO:0988012	ISCCNBS:L2_001	2	1	pink	Pk		pink	ISCCNBS:L1_001	1 2 3 4 5 6 7 8 9 10		union of level-3 blocks 1 2 3 4 5 6 7 8 9 10				Kelly & Judd, NBS SP 440 (1976) [DOI:10.6028/NBS.SP.440] section 6 and Tables 2-3, pp. A-12, A-14, A-15 (union of level-3 blocks)		Kelly & Judd, NBS SP 440 (1976) [DOI:10.6028/NBS.SP.440] Table 2, p. A-14	FLOPO:0988000
FLOPO:0988013	FLOPO:0988013	ISCCNBS:L2_002	2	2	red	R		red	ISCCNBS:L1_002	11 12 13 14 15 16 17 18 19 20 21 22 23 24		union of level-3 blocks 11 12 13 14 15 16 17 18 19 20 21 22 23 24				Kelly & Judd, NBS SP 440 (1976) [DOI:10.6028/NBS.SP.440] section 6 and Tables 2-3, pp. A-12, A-14, A-15 (union of level-3 blocks)		Kelly & Judd, NBS SP 440 (1976) [DOI:10.6028/NBS.SP.440] Table 2, p. A-14	FLOPO:0988001
FLOPO:0988014	FLOPO:0988014	ISCCNBS:L2_003	2	3	yellowish pink	yPk		pink	ISCCNBS:L1_001	25 26 27 28 29 30 31 32 33		union of level-3 blocks 25 26 27 28 29 30 31 32 33				Kelly & Judd, NBS SP 440 (1976) [DOI:10.6028/NBS.SP.440] section 6 and Tables 2-3, pp. A-12, A-14, A-15 (union of level-3 blocks)		Kelly & Judd, NBS SP 440 (1976) [DOI:10.6028/NBS.SP.440] Table 3, p. A-15	FLOPO:0988000
FLOPO:0988015	FLOPO:0988015	ISCCNBS:L2_004	2	4	reddish orange	rO		orange	ISCCNBS:L1_003	34 35 36 37 38 39		union of level-3 blocks 34 35 36 37 38 39				Kelly & Judd, NBS SP 440 (1976) [DOI:10.6028/NBS.SP.440] section 6 and Tables 2-3, pp. A-12, A-14, A-15 (union of level-3 blocks)		Kelly & Judd, NBS SP 440 (1976) [DOI:10.6028/NBS.SP.440] Table 3, p. A-15	FLOPO:0988002
PATO:0001287	PATO:0001287	ISCCNBS:L2_005	2	5	reddish brown	rBr		brown	ISCCNBS:L1_004	40 41 42 43 44 45 46 47		union of level-3 blocks 40 41 42 43 44 45 46 47				Kelly & Judd, NBS SP 440 (1976) [DOI:10.6028/NBS.SP.440] section 6 and Tables 2-3, pp. A-12, A-14, A-15 (union of level-3 blocks)		Kelly & Judd, NBS SP 440 (1976) [DOI:10.6028/NBS.SP.440] Table 3, p. A-15	FLOPO:0988003
FLOPO:0988016	FLOPO:0988016	ISCCNBS:L2_006	2	6	orange	O		orange	ISCCNBS:L1_003	48 49 50 51 52 53 54		union of level-3 blocks 48 49 50 51 52 53 54				Kelly & Judd, NBS SP 440 (1976) [DOI:10.6028/NBS.SP.440] section 6 and Tables 2-3, pp. A-12, A-14, A-15 (union of level-3 blocks)		Kelly & Judd, NBS SP 440 (1976) [DOI:10.6028/NBS.SP.440] Table 2, p. A-14	FLOPO:0988002
FLOPO:0988017	FLOPO:0988017	ISCCNBS:L2_007	2	7	brown	Br		brown	ISCCNBS:L1_004	55 56 57 58 59 60 61 62 63 64 65		union of level-3 blocks 55 56 57 58 59 60 61 62 63 64 65				Kelly & Judd, NBS SP 440 (1976) [DOI:10.6028/NBS.SP.440] section 6 and Tables 2-3, pp. A-12, A-14, A-15 (union of level-3 blocks)		Kelly & Judd, NBS SP 440 (1976) [DOI:10.6028/NBS.SP.440] Table 2, p. A-14	FLOPO:0988003
PATO:0104054	PATO:0104054	ISCCNBS:L2_008	2	8	orange yellow	OY		yellow	ISCCNBS:L1_005	66 67 68 69 70 71 72 73		union of level-3 blocks 66 67 68 69 70 71 72 73				Kelly & Judd, NBS SP 440 (1976) [DOI:10.6028/NBS.SP.440] section 6 and Tables 2-3, pp. A-12, A-14, A-15 (union of level-3 blocks)		Kelly & Judd, NBS SP 440 (1976) [DOI:10.6028/NBS.SP.440] Table 3, p. A-15	FLOPO:0988004
FLOPO:0988018	FLOPO:0988018	ISCCNBS:L2_009	2	9	yellowish brown	yBr		brown	ISCCNBS:L1_004	74 75 76 77 78 79 80 81		union of level-3 blocks 74 75 76 77 78 79 80 81				Kelly & Judd, NBS SP 440 (1976) [DOI:10.6028/NBS.SP.440] section 6 and Tables 2-3, pp. A-12, A-14, A-15 (union of level-3 blocks)		Kelly & Judd, NBS SP 440 (1976) [DOI:10.6028/NBS.SP.440] Table 3, p. A-15	FLOPO:0988003
FLOPO:0988019	FLOPO:0988019	ISCCNBS:L2_010	2	10	yellow	Y		yellow	ISCCNBS:L1_005	82 83 84 85 86 87 88 89 90 91 92 93		union of level-3 blocks 82 83 84 85 86 87 88 89 90 91 92 93				Kelly & Judd, NBS SP 440 (1976) [DOI:10.6028/NBS.SP.440] section 6 and Tables 2-3, pp. A-12, A-14, A-15 (union of level-3 blocks)		Kelly & Judd, NBS SP 440 (1976) [DOI:10.6028/NBS.SP.440] Table 2, p. A-14	FLOPO:0988004
FLOPO:0988020	FLOPO:0988020	ISCCNBS:L2_011	2	11	olive brown	OlBr		olive	ISCCNBS:L1_006	94 95 96		union of level-3 blocks 94 95 96				Kelly & Judd, NBS SP 440 (1976) [DOI:10.6028/NBS.SP.440] section 6 and Tables 2-3, pp. A-12, A-14, A-15 (union of level-3 blocks)		Kelly & Judd, NBS SP 440 (1976) [DOI:10.6028/NBS.SP.440] Table 3, p. A-15	FLOPO:0988005
PATO:0104013	PATO:0104013	ISCCNBS:L2_012	2	12	greenish yellow	gY		yellow	ISCCNBS:L1_005	97 98 99 100 101 102 103 104 105		union of level-3 blocks 97 98 99 100 101 102 103 104 105				Kelly & Judd, NBS SP 440 (1976) [DOI:10.6028/NBS.SP.440] section 6 and Tables 2-3, pp. A-12, A-14, A-15 (union of level-3 blocks)		Kelly & Judd, NBS SP 440 (1976) [DOI:10.6028/NBS.SP.440] Table 3, p. A-15	FLOPO:0988004
FLOPO:0988021	FLOPO:0988021	ISCCNBS:L2_013	2	13	olive	Ol		olive	ISCCNBS:L1_006	106 107 108 109 110 111 112 113 114		union of level-3 blocks 106 107 108 109 110 111 112 113 114				Kelly & Judd, NBS SP 440 (1976) [DOI:10.6028/NBS.SP.440] section 6 and Tables 2-3, pp. A-12, A-14, A-15 (union of level-3 blocks)		Kelly & Judd, NBS SP 440 (1976) [DOI:10.6028/NBS.SP.440] Table 2, p. A-14	FLOPO:0988005
PATO:0001941	PATO:0001941	ISCCNBS:L2_014	2	14	yellow green	YG		yellow green	ISCCNBS:L1_007	115 116 117 118 119 120 121 122		union of level-3 blocks 115 116 117 118 119 120 121 122				Kelly & Judd, NBS SP 440 (1976) [DOI:10.6028/NBS.SP.440] section 6 and Tables 2-3, pp. A-12, A-14, A-15 (union of level-3 blocks)		Kelly & Judd, NBS SP 440 (1976) [DOI:10.6028/NBS.SP.440] Table 2, p. A-14	PATO:0001941
FLOPO:0988022	FLOPO:0988022	ISCCNBS:L2_015	2	15	olive green	OlG		olive	ISCCNBS:L1_006	123 124 125 126 127 128		union of level-3 blocks 123 124 125 126 127 128				Kelly & Judd, NBS SP 440 (1976) [DOI:10.6028/NBS.SP.440] section 6 and Tables 2-3, pp. A-12, A-14, A-15 (union of level-3 blocks)		Kelly & Judd, NBS SP 440 (1976) [DOI:10.6028/NBS.SP.440] Table 3, p. A-15	FLOPO:0988005
PATO:0104114	PATO:0104114	ISCCNBS:L2_016	2	16	yellowish green	yG		green	ISCCNBS:L1_008	129 130 131 132 133 134 135 136 137 138		union of level-3 blocks 129 130 131 132 133 134 135 136 137 138				Kelly & Judd, NBS SP 440 (1976) [DOI:10.6028/NBS.SP.440] section 6 and Tables 2-3, pp. A-12, A-14, A-15 (union of level-3 blocks)		Kelly & Judd, NBS SP 440 (1976) [DOI:10.6028/NBS.SP.440] Table 3, p. A-15	FLOPO:0988006
FLOPO:0988023	FLOPO:0988023	ISCCNBS:L2_017	2	17	green	G		green	ISCCNBS:L1_008	139 140 141 142 143 144 145 146 147 148 149 150 151 152 153 154 155 156 157		union of level-3 blocks 139 140 141 142 143 144 145 146 147 148 149 150 151 152 153 154 155 156 157				Kelly & Judd, NBS SP 440 (1976) [DOI:10.6028/NBS.SP.440] section 6 and Tables 2-3, pp. A-12, A-14, A-15 (union of level-3 blocks)		Kelly & Judd, NBS SP 440 (1976) [DOI:10.6028/NBS.SP.440] Table 2, p. A-14	FLOPO:0988006
PATO:0104020	PATO:0104020	ISCCNBS:L2_018	2	18	bluish green	bG		green	ISCCNBS:L1_008	158 159 160 161 162 163 164 165 166		union of level-3 blocks 158 159 160 161 162 163 164 165 166				Kelly & Judd, NBS SP 440 (1976) [DOI:10.6028/NBS.SP.440] section 6 and Tables 2-3, pp. A-12, A-14, A-15 (union of level-3 blocks)		Kelly & Judd, NBS SP 440 (1976) [DOI:10.6028/NBS.SP.440] Table 3, p. A-15	FLOPO:0988006
FLOPO:0988024	FLOPO:0988024	ISCCNBS:L2_019	2	19	greenish blue	gB		blue	ISCCNBS:L1_009	167 168 169 170 171 172 173 174 175		union of level-3 blocks 167 168 169 170 171 172 173 174 175				Kelly & Judd, NBS SP 440 (1976) [DOI:10.6028/NBS.SP.440] section 6 and Tables 2-3, pp. A-12, A-14, A-15 (union of level-3 blocks)		Kelly & Judd, NBS SP 440 (1976) [DOI:10.6028/NBS.SP.440] Table 3, p. A-15	FLOPO:0988007
FLOPO:0988025	FLOPO:0988025	ISCCNBS:L2_020	2	20	blue	B		blue	ISCCNBS:L1_009	176 177 178 179 180 181 182 183 184 185 186 187 188 189 190 191 192 193		union of level-3 blocks 176 177 178 179 180 181 182 183 184 185 186 187 188 189 190 191 192 193				Kelly & Judd, NBS SP 440 (1976) [DOI:10.6028/NBS.SP.440] section 6 and Tables 2-3, pp. A-12, A-14, A-15 (union of level-3 blocks)		Kelly & Judd, NBS SP 440 (1976) [DOI:10.6028/NBS.SP.440] Table 2, p. A-14	FLOPO:0988007
FLOPO:0988026	FLOPO:0988026	ISCCNBS:L2_021	2	21	purplish blue	pB		blue	ISCCNBS:L1_009	194 195 196 197 198 199 200 201 202 203 204		union of level-3 blocks 194 195 196 197 198 199 200 201 202 203 204				Kelly & Judd, NBS SP 440 (1976) [DOI:10.6028/NBS.SP.440] section 6 and Tables 2-3, pp. A-12, A-14, A-15 (union of level-3 blocks)		Kelly & Judd, NBS SP 440 (1976) [DOI:10.6028/NBS.SP.440] Table 3, p. A-15	FLOPO:0988007
FLOPO:0988027	FLOPO:0988027	ISCCNBS:L2_022	2	22	violet	V		purple	ISCCNBS:L1_010	205 206 207 208 209 210 211 212 213 214 215		union of level-3 blocks 205 206 207 208 209 210 211 212 213 214 215				Kelly & Judd, NBS SP 440 (1976) [DOI:10.6028/NBS.SP.440] section 6 and Tables 2-3, pp. A-12, A-14, A-15 (union of level-3 blocks)		Kelly & Judd, NBS SP 440 (1976) [DOI:10.6028/NBS.SP.440] Table 3, p. A-15	FLOPO:0988008
FLOPO:0988028	FLOPO:0988028	ISCCNBS:L2_023	2	23	purple	P		purple	ISCCNBS:L1_010	216 217 218 219 220 221 222 223 224 225 226 227 228 229 230 231 232 233 234 235		union of level-3 blocks 216 217 218 219 220 221 222 223 224 225 226 227 228 229 230 231 232 233 234 235				Kelly & Judd, NBS SP 440 (1976) [DOI:10.6028/NBS.SP.440] section 6 and Tables 2-3, pp. A-12, A-14, A-15 (union of level-3 blocks)		Kelly & Judd, NBS SP 440 (1976) [DOI:10.6028/NBS.SP.440] Table 2, p. A-14	FLOPO:0988008
PATO:0104079	PATO:0104079	ISCCNBS:L2_024	2	24	reddish purple	rP		purple	ISCCNBS:L1_010	236 237 238 239 240 241 242 243 244 245		union of level-3 blocks 236 237 238 239 240 241 242 243 244 245				Kelly & Judd, NBS SP 440 (1976) [DOI:10.6028/NBS.SP.440] section 6 and Tables 2-3, pp. A-12, A-14, A-15 (union of level-3 blocks)		Kelly & Judd, NBS SP 440 (1976) [DOI:10.6028/NBS.SP.440] Table 3, p. A-15	FLOPO:0988008
FLOPO:0988029	FLOPO:0988029	ISCCNBS:L2_025	2	25	purplish pink	pPk		pink	ISCCNBS:L1_001	246 247 248 249 250 251 252 253		union of level-3 blocks 246 247 248 249 250 251 252 253				Kelly & Judd, NBS SP 440 (1976) [DOI:10.6028/NBS.SP.440] section 6 and Tables 2-3, pp. A-12, A-14, A-15 (union of level-3 blocks)		Kelly & Judd, NBS SP 440 (1976) [DOI:10.6028/NBS.SP.440] Table 3, p. A-15	FLOPO:0988000
PATO:0104311	PATO:0104311	ISCCNBS:L2_026	2	26	purplish red	pR		red	ISCCNBS:L1_002	254 255 256 257 258 259 260 261 262		union of level-3 blocks 254 255 256 257 258 259 260 261 262				Kelly & Judd, NBS SP 440 (1976) [DOI:10.6028/NBS.SP.440] section 6 and Tables 2-3, pp. A-12, A-14, A-15 (union of level-3 blocks)		Kelly & Judd, NBS SP 440 (1976) [DOI:10.6028/NBS.SP.440] Table 3, p. A-15	FLOPO:0988001
FLOPO:0988009	FLOPO:0988009	ISCCNBS:L2_027	2	27	white	Wh		white	ISCCNBS:L1_011	263		union of level-3 blocks 263				Kelly & Judd, NBS SP 440 (1976) [DOI:10.6028/NBS.SP.440] section 6 and Tables 2-3, pp. A-12, A-14, A-15 (union of level-3 blocks)		Kelly & Judd, NBS SP 440 (1976) [DOI:10.6028/NBS.SP.440] Table 2, p. A-14	FLOPO:0988009
FLOPO:0988010	FLOPO:0988010	ISCCNBS:L2_028	2	28	gray	Gy		gray	ISCCNBS:L1_012	264 265 266		union of level-3 blocks 264 265 266				Kelly & Judd, NBS SP 440 (1976) [DOI:10.6028/NBS.SP.440] section 6 and Tables 2-3, pp. A-12, A-14, A-15 (union of level-3 blocks)		Kelly & Judd, NBS SP 440 (1976) [DOI:10.6028/NBS.SP.440] Table 2, p. A-14	FLOPO:0988010
FLOPO:0988011	FLOPO:0988011	ISCCNBS:L2_029	2	29	black	Bk		black	ISCCNBS:L1_013	267		union of level-3 blocks 267				Kelly & Judd, NBS SP 440 (1976) [DOI:10.6028/NBS.SP.440] section 6 and Tables 2-3, pp. A-12, A-14, A-15 (union of level-3 blocks)		Kelly & Judd, NBS SP 440 (1976) [DOI:10.6028/NBS.SP.440] Table 2, p. A-14	FLOPO:0988011
FLOPO:0988030	FLOPO:0988030	ISCCNBS:L3_001	3	1	vivid pink	v.Pk	pink	pink	ISCCNBS:L2_001	1		H 9RP-4R; V [6.5, 10]; C [11, MacAdam limit)	1	1.5R 7.0/13.0	peripheral	Kelly & Judd, NBS SP 440 (1976) [DOI:10.6028/NBS.SP.440] hue-range charts p. 16, 31 (PDF p. 52, 67); boundary rule p. 15	Kelly 1958, J. Res. NBS 61(5), Table 1, p. 428 [DOI:10.6028/jres.061.035]; printed '1.5R7/13+*'	Kelly & Judd, NBS SP 440 (1976) [DOI:10.6028/NBS.SP.440] chart p. 16; Kelly 1958, J. Res. NBS 61(5):427 [DOI:10.6028/jres.061.035] Table 1 p. 428; abbreviation per SP 440 Fig. 11 and dictionary	FLOPO:0988012
FLOPO:0988031	FLOPO:0988031	ISCCNBS:L3_002	3	2	strong pink	s.Pk	pink	pink	ISCCNBS:L2_001	2		H 9RP-4R; V [6.5, 10]; C [7, 11]	1	1.5R 7.5/9.1	peripheral	Kelly & Judd, NBS SP 440 (1976) [DOI:10.6028/NBS.SP.440] hue-range charts p. 16, 31 (PDF p. 52, 67); boundary rule p. 15	Kelly 1958, J. Res. NBS 61(5), Table 1, p. 428 [DOI:10.6028/jres.061.035]; printed '1.5R7.5/9.1*'	Kelly & Judd, NBS SP 440 (1976) [DOI:10.6028/NBS.SP.440] chart p. 16; Kelly 1958, J. Res. NBS 61(5):427 [DOI:10.6028/jres.061.035] Table 1 p. 428; abbreviation per SP 440 Fig. 11 and dictionary	FLOPO:0988012
FLOPO:0988032	FLOPO:0988032	ISCCNBS:L3_003	3	3	deep pink	deep Pk	pink	pink	ISCCNBS:L2_001	3		H 4R-6R; V [5.5, 6.5]; C [7, 11] || H 9RP-4R; V [5.5, 6.5]; C [7, 15]	2	1.9R 6.0/11.1	interior	Kelly & Judd, NBS SP 440 (1976) [DOI:10.6028/NBS.SP.440] hue-range charts p. 16, 31 (PDF p. 52, 67); boundary rule p. 15	Kelly 1958, J. Res. NBS 61(5), Table 1, p. 428 [DOI:10.6028/jres.061.035]; printed '1.9R6.0/11.1'	Kelly & Judd, NBS SP 440 (1976) [DOI:10.6028/NBS.SP.440] chart p. 16; Kelly 1958, J. Res. NBS 61(5):427 [DOI:10.6028/jres.061.035] Table 1 p. 428; abbreviation per SP 440 Fig. 11 and dictionary	FLOPO:0988012
FLOPO:0988033	FLOPO:0988033	ISCCNBS:L3_004	3	4	light pink	l.Pk	pink	pink	ISCCNBS:L2_001	4		H 9RP-6R; V [8, 10]; C [3, 7]	1	2.5R 8.6/5.2	peripheral	Kelly & Judd, NBS SP 440 (1976) [DOI:10.6028/NBS.SP.440] hue-range charts p. 16, 31 (PDF p. 52, 67); boundary rule p. 15	Kelly 1958, J. Res. NBS 61(5), Table 1, p. 428 [DOI:10.6028/jres.061.035]; printed '2.5R8.6/5.2*'	Kelly & Judd, NBS SP 440 (1976) [DOI:10.6028/NBS.SP.440] chart p. 16; Kelly 1958, J. Res. NBS 61(5):427 [DOI:10.6028/jres.061.035] Table 1 p. 428; abbreviation per SP 440 Fig. 11 and dictionary	FLOPO:0988012
FLOPO:0988034	FLOPO:0988034	ISCCNBS:L3_005	3	5	moderate pink	m.Pk	pink	pink	ISCCNBS:L2_001	5		H 9RP-6R; V [6.5, 8]; C [3, 7]	1	2.5R 7.2/5.2	interior	Kelly & Judd, NBS SP 440 (1976) [DOI:10.6028/NBS.SP.440] hue-range charts p. 16, 31 (PDF p. 52, 67); boundary rule p. 15	Kelly 1958, J. Res. NBS 61(5), Table 1, p. 428 [DOI:10.6028/jres.061.035]; printed '2.5R7.2/5.2'	Kelly & Judd, NBS SP 440 (1976) [DOI:10.6028/NBS.SP.440] chart p. 16; Kelly 1958, J. Res. NBS 61(5):427 [DOI:10.6028/jres.061.035] Table 1 p. 428; abbreviation per SP 440 Fig. 11 and dictionary	FLOPO:0988012
PATO:0104151	PATO:0104151	ISCCNBS:L3_006	3	6	dark pink	d.Pk	pink	pink	ISCCNBS:L2_001	6		H 9RP-6R; V [5.5, 6.5]; C [5, 7]	1	2.5R 6.0/6.0	interior	Kelly & Judd, NBS SP 440 (1976) [DOI:10.6028/NBS.SP.440] hue-range charts p. 16, 31 (PDF p. 52, 67); boundary rule p. 15	Kelly 1958, J. Res. NBS 61(5), Table 1, p. 428 [DOI:10.6028/jres.061.035]; printed '2.5R6.0/6.0'	Kelly & Judd, NBS SP 440 (1976) [DOI:10.6028/NBS.SP.440] chart p. 16; Kelly 1958, J. Res. NBS 61(5):427 [DOI:10.6028/jres.061.035] Table 1 p. 428; abbreviation per SP 440 Fig. 11 and dictionary	FLOPO:0988012
FLOPO:0988035	FLOPO:0988035	ISCCNBS:L3_007	3	7	pale pink	p.Pk	pink	pink	ISCCNBS:L2_001	7		H 9RP-6R; V [8, 10]; C [1.5, 3]	1	2.5R 8.8/2.3	peripheral	Kelly & Judd, NBS SP 440 (1976) [DOI:10.6028/NBS.SP.440] hue-range charts p. 16, 31 (PDF p. 52, 67); boundary rule p. 15	Kelly 1958, J. Res. NBS 61(5), Table 1, p. 428 [DOI:10.6028/jres.061.035]; printed '2.5R8.8/2.3*'	Kelly & Judd, NBS SP 440 (1976) [DOI:10.6028/NBS.SP.440] chart p. 16; Kelly 1958, J. Res. NBS 61(5):427 [DOI:10.6028/jres.061.035] Table 1 p. 428; abbreviation per SP 440 Fig. 11 and dictionary	FLOPO:0988012
FLOPO:0988036	FLOPO:0988036	ISCCNBS:L3_008	3	8	grayish pink	gy.Pk	pink	pink	ISCCNBS:L2_001	8		H 9RP-6R; V [6.5, 8]; C [1.5, 3]	1	2.5R 7.2/2.3	interior	Kelly & Judd, NBS SP 440 (1976) [DOI:10.6028/NBS.SP.440] hue-range charts p. 16, 31 (PDF p. 52, 67); boundary rule p. 15	Kelly 1958, J. Res. NBS 61(5), Table 1, p. 428 [DOI:10.6028/jres.061.035]; printed '2.5R7.2/2.3'	Kelly & Judd, NBS SP 440 (1976) [DOI:10.6028/NBS.SP.440] chart p. 16; Kelly 1958, J. Res. NBS 61(5):427 [DOI:10.6028/jres.061.035] Table 1 p. 428; abbreviation per SP 440 Fig. 11 and dictionary	FLOPO:0988012
PATO:0104059	PATO:0104059	ISCCNBS:L3_009	3	9	pinkish white	pkWhite	pink	pink	ISCCNBS:L2_001	9		H 5YR-7YR; V [8.5, 10]; C [0.5, 1.2] || H 9RP-5YR; V [8.5, 10]; C [0.5, 1.5]	2	7.6R 9.2/1.0	peripheral	Kelly & Judd, NBS SP 440 (1976) [DOI:10.6028/NBS.SP.440] hue-range charts p. 16, 17, 18, 19, 20, 31 (PDF p. 52, 53, 54, 55, 56, 67); boundary rule p. 15	Kelly 1958, J. Res. NBS 61(5), Table 1, p. 428 [DOI:10.6028/jres.061.035]; printed '7.6R9.2/1.0*'	Kelly & Judd, NBS SP 440 (1976) [DOI:10.6028/NBS.SP.440] chart p. 16; Kelly 1958, J. Res. NBS 61(5):427 [DOI:10.6028/jres.061.035] Table 1 p. 428; abbreviation per SP 440 Fig. 11 and dictionary	FLOPO:0988012
FLOPO:0988037	FLOPO:0988037	ISCCNBS:L3_010	3	10	pinkish gray	pkGy	pink	pink	ISCCNBS:L2_001	10		H 5YR-7YR; V [6.5, 8.5]; C [0.5, 1.2] || H 9RP-5YR; V [6.5, 8.5]; C [0.5, 1.5]	2	7.6R 7.5/1.0	interior	Kelly & Judd, NBS SP 440 (1976) [DOI:10.6028/NBS.SP.440] hue-range charts p. 16, 17, 18, 19, 20, 31 (PDF p. 52, 53, 54, 55, 56, 67); boundary rule p. 15	Kelly 1958, J. Res. NBS 61(5), Table 1, p. 428 [DOI:10.6028/jres.061.035]; printed '7.6R7.5/1.0'	Kelly & Judd, NBS SP 440 (1976) [DOI:10.6028/NBS.SP.440] chart p. 16; Kelly 1958, J. Res. NBS 61(5):427 [DOI:10.6028/jres.061.035] Table 1 p. 428; abbreviation per SP 440 Fig. 11 and dictionary	FLOPO:0988012
FLOPO:0988038	FLOPO:0988038	ISCCNBS:L3_011	3	11	vivid red	v.R	red	red	ISCCNBS:L2_002	11		H 1R-9R; V [0, 3.5]; C [11, MacAdam limit) || H 1R-7R; V [3.5, 5.5]; C [13, MacAdam limit) || H 7R-9R; V [3.5, 4.5]; C [13, MacAdam limit) || H 1R-7R; V [5.5, 6.5]; C [15, MacAdam limit)	4	5.0R 4.0/15.0	peripheral	Kelly & Judd, NBS SP 440 (1976) [DOI:10.6028/NBS.SP.440] hue-range charts p. 16, 17, 18 (PDF p. 52, 53, 54); boundary rule p. 15	Kelly 1958, J. Res. NBS 61(5), Table 1, p. 428 [DOI:10.6028/jres.061.035]; printed '5-R 4/15+*'	Kelly & Judd, NBS SP 440 (1976) [DOI:10.6028/NBS.SP.440] chart p. 16; Kelly 1958, J. Res. NBS 61(5):427 [DOI:10.6028/jres.061.035] Table 1 p. 428; abbreviation per SP 440 Fig. 11 and dictionary	FLOPO:0988013
FLOPO:0988039	FLOPO:0988039	ISCCNBS:L3_012	3	12	strong red	s.R	red	red	ISCCNBS:L2_002	12		H 1R-7R; V [3.5, 5.5]; C [11, 13]	1	4.0R 4.5/12.0	interior	Kelly & Judd, NBS SP 440 (1976) [DOI:10.6028/NBS.SP.440] hue-range charts p. 16, 17 (PDF p. 52, 53); boundary rule p. 15	Kelly 1958, J. Res. NBS 61(5), Table 1, p. 428 [DOI:10.6028/jres.061.035]; printed '4.0R4.5/12.0'	Kelly & Judd, NBS SP 440 (1976) [DOI:10.6028/NBS.SP.440] chart p. 16; Kelly 1958, J. Res. NBS 61(5):427 [DOI:10.6028/jres.061.035] Table 1 p. 428; abbreviation per SP 440 Fig. 11 and dictionary	FLOPO:0988013
PATO:0104189	PATO:0104189	ISCCNBS:L3_013	3	13	deep red	deep R	red	red	ISCCNBS:L2_002	13		H 1R-9R; V [2, 3.5]; C [9, 11]	1	5.0R 2.8/9.9	interior	Kelly & Judd, NBS SP 440 (1976) [DOI:10.6028/NBS.SP.440] hue-range charts p. 16, 17, 18 (PDF p. 52, 53, 54); boundary rule p. 15	Kelly 1958, J. Res. NBS 61(5), Table 1, p. 428 [DOI:10.6028/jres.061.035]; printed '5.0R 2.8/9.9'	Kelly & Judd, NBS SP 440 (1976) [DOI:10.6028/NBS.SP.440] chart p. 16; Kelly 1958, J. Res. NBS 61(5):427 [DOI:10.6028/jres.061.035] Table 1 p. 428; abbreviation per SP 440 Fig. 11 and dictionary	FLOPO:0988013
FLOPO:0988040	FLOPO:0988040	ISCCNBS:L3_014	3	14	very deep red	v.deep R	red	red	ISCCNBS:L2_002	14		H 1R-9R; V [0, 2]; C [7, 11]	1	5.0R 1.4/9.0	peripheral	Kelly & Judd, NBS SP 440 (1976) [DOI:10.6028/NBS.SP.440] hue-range charts p. 16, 17, 18 (PDF p. 52, 53, 54); boundary rule p. 15	Kelly 1958, J. Res. NBS 61(5), Table 1, p. 428 [DOI:10.6028/jres.061.035]; printed '5.0R1.4/9.0*'	Kelly & Judd, NBS SP 440 (1976) [DOI:10.6028/NBS.SP.440] chart p. 16; Kelly 1958, J. Res. NBS 61(5):427 [DOI:10.6028/jres.061.035] Table 1 p. 428; abbreviation per SP 440 Fig. 11 and dictionary	FLOPO:0988013
FLOPO:0988041	FLOPO:0988041	ISCCNBS:L3_015	3	15	moderate red	m.R	red	red	ISCCNBS:L2_002	15		H 1R-7R; V [3.5, 5.5]; C [7, 11]	1	4.0R 4.5/9.1	interior	Kelly & Judd, NBS SP 440 (1976) [DOI:10.6028/NBS.SP.440] hue-range charts p. 16, 17 (PDF p. 52, 53); boundary rule p. 15	Kelly 1958, J. Res. NBS 61(5), Table 1, p. 428 [DOI:10.6028/jres.061.035]; printed '4.0R4.5/9.1'	Kelly & Judd, NBS SP 440 (1976) [DOI:10.6028/NBS.SP.440] chart p. 16; Kelly 1958, J. Res. NBS 61(5):427 [DOI:10.6028/jres.061.035] Table 1 p. 428; abbreviation per SP 440 Fig. 11 and dictionary	FLOPO:0988013
FLOPO:0988042	FLOPO:0988042	ISCCNBS:L3_016	3	16	dark red	d.R	red	red	ISCCNBS:L2_002	16		H 1R-6R; V [2, 3.5]; C [3, 9] || H 6R-9R; V [2, 3.5]; C [7, 9]	2	4.5R 2.8/6.8	interior	Kelly & Judd, NBS SP 440 (1976) [DOI:10.6028/NBS.SP.440] hue-range charts p. 16, 17, 18 (PDF p. 52, 53, 54); boundary rule p. 15	Kelly 1958, J. Res. NBS 61(5), Table 1, p. 428 [DOI:10.6028/jres.061.035]; printed '4.5R2.8/6.8'	Kelly & Judd, NBS SP 440 (1976) [DOI:10.6028/NBS.SP.440] chart p. 16; Kelly 1958, J. Res. NBS 61(5):427 [DOI:10.6028/jres.061.035] Table 1 p. 428; abbreviation per SP 440 Fig. 11 and dictionary	FLOPO:0988013
FLOPO:0988043	FLOPO:0988043	ISCCNBS:L3_017	3	17	very dark red	v.d.R	red	red	ISCCNBS:L2_002	17		H 1R-6R; V [0, 2]; C [2, 7]	1	3.5R 1.2/4.9	peripheral	Kelly & Judd, NBS SP 440 (1976) [DOI:10.6028/NBS.SP.440] hue-range charts p. 16 (PDF p. 52); boundary rule p. 15	Kelly 1958, J. Res. NBS 61(5), Table 1, p. 428 [DOI:10.6028/jres.061.035]; printed '3.5R1.2/4.9*'	Kelly & Judd, NBS SP 440 (1976) [DOI:10.6028/NBS.SP.440] chart p. 16; Kelly 1958, J. Res. NBS 61(5):427 [DOI:10.6028/jres.061.035] Table 1 p. 428; abbreviation per SP 440 Fig. 11 and dictionary	FLOPO:0988013
FLOPO:0988044	FLOPO:0988044	ISCCNBS:L3_018	3	18	light grayish red	l.gy.R	red	red	ISCCNBS:L2_002	18		H 1R-8R; V [5.5, 6.5]; C [1.5, 5] || H 8R-1YR; V [5.5, 6.5]; C [1.5, 3]	2	4.9R 6.0/3.4	interior	Kelly & Judd, NBS SP 440 (1976) [DOI:10.6028/NBS.SP.440] hue-range charts p. 16, 17, 18 (PDF p. 52, 53, 54); boundary rule p. 15	Kelly 1958, J. Res. NBS 61(5), Table 1, p. 428 [DOI:10.6028/jres.061.035]; printed '4.9R6.0/3.4'	Kelly & Judd, NBS SP 440 (1976) [DOI:10.6028/NBS.SP.440] chart p. 16; Kelly 1958, J. Res. NBS 61(5):427 [DOI:10.6028/jres.061.035] Table 1 p. 428; abbreviation per SP 440 Fig. 11 and dictionary	FLOPO:0988013
FLOPO:0988045	FLOPO:0988045	ISCCNBS:L3_019	3	19	grayish red	gy.R	red	red	ISCCNBS:L2_002	19		H 1R-8R; V [3.5, 5.5]; C [1.5, 7] || H 8R-1YR; V [4.5, 5.5]; C [1.5, 3]	2	4.6R 4.5/4.7	interior	Kelly & Judd, NBS SP 440 (1976) [DOI:10.6028/NBS.SP.440] hue-range charts p. 16, 17, 18 (PDF p. 52, 53, 54); boundary rule p. 15	Kelly 1958, J. Res. NBS 61(5), Table 1, p. 428 [DOI:10.6028/jres.061.035]; printed '4.6R4.5/4.7'	Kelly & Judd, NBS SP 440 (1976) [DOI:10.6028/NBS.SP.440] chart p. 16; Kelly 1958, J. Res. NBS 61(5):427 [DOI:10.6028/jres.061.035] Table 1 p. 428; abbreviation per SP 440 Fig. 11 and dictionary	FLOPO:0988013
FLOPO:0988046	FLOPO:0988046	ISCCNBS:L3_020	3	20	dark grayish red	d.gy.R	red	red	ISCCNBS:L2_002	20		H 1R-6R; V [2, 2.5]; C [0.5, 3] || H 1R-6R; V [2.5, 3.5]; C [1.5, 3]	2	3.5R 2.7/2.2	interior	Kelly & Judd, NBS SP 440 (1976) [DOI:10.6028/NBS.SP.440] hue-range charts p. 16 (PDF p. 52); boundary rule p. 15	Kelly 1958, J. Res. NBS 61(5), Table 1, p. 428 [DOI:10.6028/jres.061.035]; printed '3.5R2.7/2.2'	Kelly & Judd, NBS SP 440 (1976) [DOI:10.6028/NBS.SP.440] chart p. 16; Kelly 1958, J. Res. NBS 61(5):427 [DOI:10.6028/jres.061.035] Table 1 p. 428; abbreviation per SP 440 Fig. 11 and dictionary	FLOPO:0988013
FLOPO:0988047	FLOPO:0988047	ISCCNBS:L3_021	3	21	blackish red	blackish R	red	red	ISCCNBS:L2_002	21		H 1R-6R; V [0, 2]; C [1, 2]	1	3.5R 1.1/1.6	peripheral	Kelly & Judd, NBS SP 440 (1976) [DOI:10.6028/NBS.SP.440] hue-range charts p. 16 (PDF p. 52); boundary rule p. 15	Kelly 1958, J. Res. NBS 61(5), Table 1, p. 428 [DOI:10.6028/jres.061.035]; printed '3.5R1.1/1.6*'	Kelly & Judd, NBS SP 440 (1976) [DOI:10.6028/NBS.SP.440] chart p. 16; Kelly 1958, J. Res. NBS 61(5):427 [DOI:10.6028/jres.061.035] Table 1 p. 428; abbreviation per SP 440 Fig. 11 and dictionary	FLOPO:0988013
FLOPO:0988048	FLOPO:0988048	ISCCNBS:L3_022	3	22	reddish gray	rGy	red	red	ISCCNBS:L2_002	22		H 1R-2YR; V [4.5, 6.5]; C [0.5, 1.5]	1	6.5R 5.5/1.1	interior	Kelly & Judd, NBS SP 440 (1976) [DOI:10.6028/NBS.SP.440] hue-range charts p. 16, 17, 18, 19 (PDF p. 52, 53, 54, 55); boundary rule p. 15	Kelly 1958, J. Res. NBS 61(5), Table 1, p. 428 [DOI:10.6028/jres.061.035]; printed '6.5R5.5/1.1'	Kelly & Judd, NBS SP 440 (1976) [DOI:10.6028/NBS.SP.440] chart p. 16; Kelly 1958, J. Res. NBS 61(5):427 [DOI:10.6028/jres.061.035] Table 1 p. 428; abbreviation per SP 440 Fig. 11 and dictionary	FLOPO:0988013
FLOPO:0988049	FLOPO:0988049	ISCCNBS:L3_023	3	23	dark reddish gray	d.rGy	red	red	ISCCNBS:L2_002	23		H 1R-1YR; V [2.5, 4.5]; C [0.5, 1.5]	1	6.0R 3.5/1.1	interior	Kelly & Judd, NBS SP 440 (1976) [DOI:10.6028/NBS.SP.440] hue-range charts p. 16, 17, 18 (PDF p. 52, 53, 54); boundary rule p. 15	Kelly 1958, J. Res. NBS 61(5), Table 1, p. 428 [DOI:10.6028/jres.061.035]; printed '6.0R3.5/1.1'	Kelly & Judd, NBS SP 440 (1976) [DOI:10.6028/NBS.SP.440] chart p. 16; Kelly 1958, J. Res. NBS 61(5):427 [DOI:10.6028/jres.061.035] Table 1 p. 428; abbreviation per SP 440 Fig. 11 and dictionary	FLOPO:0988013
FLOPO:0988050	FLOPO:0988050	ISCCNBS:L3_024	3	24	reddish black	rBk	red	red	ISCCNBS:L2_002	24		H 1R-6R; V [0, 2]; C [0.5, 1] || H 6R-1YR; V [0, 1.5]; C [0.5, 1]	2	6.0R 0.9/0.8	peripheral	Kelly & Judd, NBS SP 440 (1976) [DOI:10.6028/NBS.SP.440] hue-range charts p. 16, 17, 18 (PDF p. 52, 53, 54); boundary rule p. 15	Kelly 1958, J. Res. NBS 61(5), Table 1, p. 428 [DOI:10.6028/jres.061.035]; printed '6.0R0.9/0.8*'	Kelly & Judd, NBS SP 440 (1976) [DOI:10.6028/NBS.SP.440] chart p. 16; Kelly 1958, J. Res. NBS 61(5):427 [DOI:10.6028/jres.061.035] Table 1 p. 428; abbreviation per SP 440 Fig. 11 and dictionary	FLOPO:0988013
FLOPO:0988051	FLOPO:0988051	ISCCNBS:L3_025	3	25	vivid yellowish pink	v.yPk	yellowish pink	pink	ISCCNBS:L2_003	25		H 4R-2YR; V [6.5, 10]; C [11, MacAdam limit)	1	8.0R 7.0/13.0	peripheral	Kelly & Judd, NBS SP 440 (1976) [DOI:10.6028/NBS.SP.440] hue-range charts p. 16, 17, 18, 19 (PDF p. 52, 53, 54, 55); boundary rule p. 15	Kelly 1958, J. Res. NBS 61(5), Table 1, p. 428 [DOI:10.6028/jres.061.035]; printed '8.0R7/13+*'	Kelly & Judd, NBS SP 440 (1976) [DOI:10.6028/NBS.SP.440] chart p. 16; Kelly 1958, J. Res. NBS 61(5):427 [DOI:10.6028/jres.061.035] Table 1 p. 428; abbreviation per SP 440 Fig. 11 and dictionary	FLOPO:0988014
FLOPO:0988052	FLOPO:0988052	ISCCNBS:L3_026	3	26	strong yellowish pink	s.yPk	yellowish pink	pink	ISCCNBS:L2_003	26		H 4R-2YR; V [6.5, 10]; C [7, 11]	1	8.0R 7.5/9.0	peripheral	Kelly & Judd, NBS SP 440 (1976) [DOI:10.6028/NBS.SP.440] hue-range charts p. 16, 17, 18, 19 (PDF p. 52, 53, 54, 55); boundary rule p. 15	Kelly 1958, J. Res. NBS 61(5), Table 1, p. 428 [DOI:10.6028/jres.061.035]; printed '8.0R7.5/9.0*'	Kelly & Judd, NBS SP 440 (1976) [DOI:10.6028/NBS.SP.440] chart p. 16; Kelly 1958, J. Res. NBS 61(5):427 [DOI:10.6028/jres.061.035] Table 1 p. 428; abbreviation per SP 440 Fig. 11 and dictionary	FLOPO:0988014
FLOPO:0988053	FLOPO:0988053	ISCCNBS:L3_027	3	27	deep yellowish pink	deep yPk	yellowish pink	pink	ISCCNBS:L2_003	27		H 6R-7R; V [5.5, 6.5]; C [7, 15] || H 4R-6R; V [5.5, 6.5]; C [11, 15]	2	5.6R 6.0/12.4	interior	Kelly & Judd, NBS SP 440 (1976) [DOI:10.6028/NBS.SP.440] hue-range charts p. 16, 17 (PDF p. 52, 53); boundary rule p. 15	Kelly 1958, J. Res. NBS 61(5), Table 1, p. 428 [DOI:10.6028/jres.061.035]; printed '5.6R 6.0/12.4'	Kelly & Judd, NBS SP 440 (1976) [DOI:10.6028/NBS.SP.440] chart p. 16; Kelly 1958, J. Res. NBS 61(5):427 [DOI:10.6028/jres.061.035] Table 1 p. 428; abbreviation per SP 440 Fig. 11 and dictionary	FLOPO:0988014
FLOPO:0988054	FLOPO:0988054	ISCCNBS:L3_028	3	28	light yellowish pink	l.yPk	yellowish pink	pink	ISCCNBS:L2_003	28		H 6R-2YR; V [8, 10]; C [3, 7] || H 2YR-7YR; V [8, 10]; C [3, 6]	2	0.7YR 8.6/4.8	peripheral	Kelly & Judd, NBS SP 440 (1976) [DOI:10.6028/NBS.SP.440] hue-range charts p. 17, 18, 19, 20 (PDF p. 53, 54, 55, 56); boundary rule p. 15	Kelly 1958, J. Res. NBS 61(5), Table 1, p. 428 [DOI:10.6028/jres.061.035]; printed '0.7YR 8.6/4.8*'	Kelly & Judd, NBS SP 440 (1976) [DOI:10.6028/NBS.SP.440] chart p. 17; Kelly 1958, J. Res. NBS 61(5):427 [DOI:10.6028/jres.061.035] Table 1 p. 428; abbreviation per SP 440 Fig. 11 and dictionary	FLOPO:0988014
FLOPO:0988055	FLOPO:0988055	ISCCNBS:L3_029	3	29	moderate yellowish pink	m.yPk	yellowish pink	pink	ISCCNBS:L2_003	29		H 6R-2YR; V [6.5, 8]; C [3, 7] || H 2YR-7YR; V [6.5, 8]; C [3, 6]	2	0.7YR 7.2/4.8	interior	Kelly & Judd, NBS SP 440 (1976) [DOI:10.6028/NBS.SP.440] hue-range charts p. 17, 18, 19, 20 (PDF p. 53, 54, 55, 56); boundary rule p. 15	Kelly 1958, J. Res. NBS 61(5), Table 1, p. 428 [DOI:10.6028/jres.061.035]; printed '0.7YR7.2/4.8'	Kelly & Judd, NBS SP 440 (1976) [DOI:10.6028/NBS.SP.440] chart p. 17; Kelly 1958, J. Res. NBS 61(5):427 [DOI:10.6028/jres.061.035] Table 1 p. 428; abbreviation per SP 440 Fig. 11 and dictionary	FLOPO:0988014
FLOPO:0988056	FLOPO:0988056	ISCCNBS:L3_030	3	30	dark yellowish pink	d.yPk	yellowish pink	pink	ISCCNBS:L2_003	30		H 6R-8R; V [5.5, 6.5]; C [5, 7]	1	7.0R 6.0/6.0	interior	Kelly & Judd, NBS SP 440 (1976) [DOI:10.6028/NBS.SP.440] hue-range charts p. 17 (PDF p. 53); boundary rule p. 15	Kelly 1958, J. Res. NBS 61(5), Table 1, p. 428 [DOI:10.6028/jres.061.035]; printed '7.0R6.0/6.0'	Kelly & Judd, NBS SP 440 (1976) [DOI:10.6028/NBS.SP.440] chart p. 17; Kelly 1958, J. Res. NBS 61(5):427 [DOI:10.6028/jres.061.035] Table 1 p. 428; abbreviation per SP 440 Fig. 11 and dictionary	FLOPO:0988014
FLOPO:0988057	FLOPO:0988057	ISCCNBS:L3_031	3	31	pale yellowish pink	p.yPk	yellowish pink	pink	ISCCNBS:L2_003	31		H 5YR-8YR; V [8, 10]; C [1.2, 3] || H 6R-5YR; V [8, 10]; C [1.5, 3]	2	2.1YR 8.8/2.2	peripheral	Kelly & Judd, NBS SP 440 (1976) [DOI:10.6028/NBS.SP.440] hue-range charts p. 17, 18, 19, 20, 21 (PDF p. 53, 54, 55, 56, 57); boundary rule p. 15	Kelly 1958, J. Res. NBS 61(5), Table 1, p. 428 [DOI:10.6028/jres.061.035]; printed '2.1YR8.8/2.2*'	Kelly & Judd, NBS SP 440 (1976) [DOI:10.6028/NBS.SP.440] chart p. 17; Kelly 1958, J. Res. NBS 61(5):427 [DOI:10.6028/jres.061.035] Table 1 p. 428; abbreviation per SP 440 Fig. 11 and dictionary	FLOPO:0988014
FLOPO:0988058	FLOPO:0988058	ISCCNBS:L3_032	3	32	grayish yellowish pink	gy.yPk	yellowish pink	pink	ISCCNBS:L2_003	32		H 6R-5YR; V [6.5, 8]; C [1.5, 3]	1	0.5YR 7.2/2.3	interior	Kelly & Judd, NBS SP 440 (1976) [DOI:10.6028/NBS.SP.440] hue-range charts p. 17, 18, 19, 20 (PDF p. 53, 54, 55, 56); boundary rule p. 15	Kelly 1958, J. Res. NBS 61(5), Table 1, p. 428 [DOI:10.6028/jres.061.035]; printed '0.5YR7.2/2.3'	Kelly & Judd, NBS SP 440 (1976) [DOI:10.6028/NBS.SP.440] chart p. 17; Kelly 1958, J. Res. NBS 61(5):427 [DOI:10.6028/jres.061.035] Table 1 p. 428; abbreviation per SP 440 Fig. 11 and dictionary	FLOPO:0988014
FLOPO:0988059	FLOPO:0988059	ISCCNBS:L3_033	3	33	brownish pink	brPk	yellowish pink	pink	ISCCNBS:L2_003	33		H 5YR-8YR; V [6.5, 8]; C [1.2, 3]	1	6.5YR 7.2/2.2	interior	Kelly & Judd, NBS SP 440 (1976) [DOI:10.6028/NBS.SP.440] hue-range charts p. 20, 21 (PDF p. 56, 57); boundary rule p. 15	Kelly 1958, J. Res. NBS 61(5), Table 1, p. 428 [DOI:10.6028/jres.061.035]; printed '6.5YR7.2/2.2'	Kelly & Judd, NBS SP 440 (1976) [DOI:10.6028/NBS.SP.440] chart p. 20; Kelly 1958, J. Res. NBS 61(5):427 [DOI:10.6028/jres.061.035] Table 1 p. 428; abbreviation per SP 440 Fig. 11 and dictionary	FLOPO:0988014
FLOPO:0988060	FLOPO:0988060	ISCCNBS:L3_034	3	34	vivid reddish orange	v.rO	reddish orange	orange	ISCCNBS:L2_004	34		H 9R-2YR; V [3.5, 6.5]; C [13, MacAdam limit) || H 7R-9R; V [4.5, 6.5]; C [13, MacAdam limit)	2	9.5R 5.5/15.5	peripheral	Kelly & Judd, NBS SP 440 (1976) [DOI:10.6028/NBS.SP.440] hue-range charts p. 17, 18, 19 (PDF p. 53, 54, 55); boundary rule p. 15	Kelly 1958, J. Res. NBS 61(5), Table 1, p. 428 [DOI:10.6028/jres.061.035]; printed '9.5+R 5.5/15.5+*'	Kelly & Judd, NBS SP 440 (1976) [DOI:10.6028/NBS.SP.440] chart p. 17; Kelly 1958, J. Res. NBS 61(5):427 [DOI:10.6028/jres.061.035] Table 1 p. 428; abbreviation per SP 440 Fig. 11 and dictionary	FLOPO:0988015
FLOPO:0988061	FLOPO:0988061	ISCCNBS:L3_035	3	35	strong reddish orange	s.rO	reddish orange	orange	ISCCNBS:L2_004	35		H 7R-2YR; V [4.5, 6.5]; C [11, 13]	1	9.5R 5.5/12.0	interior	Kelly & Judd, NBS SP 440 (1976) [DOI:10.6028/NBS.SP.440] hue-range charts p. 17, 18, 19 (PDF p. 53, 54, 55); boundary rule p. 15	Kelly 1958, J. Res. NBS 61(5), Table 1, p. 428 [DOI:10.6028/jres.061.035]; printed '9.5R5.5/12.0'	Kelly & Judd, NBS SP 440 (1976) [DOI:10.6028/NBS.SP.440] chart p. 17; Kelly 1958, J. Res. NBS 61(5):427 [DOI:10.6028/jres.061.035] Table 1 p. 428; abbreviation per SP 440 Fig. 11 and dictionary	FLOPO:0988015
FLOPO:0988062	FLOPO:0988062	ISCCNBS:L3_036	3	36	deep reddish orange	deep rO	reddish orange	orange	ISCCNBS:L2_004	36		H 7R-2YR; V [3.5, 4.5]; C [11, 13]	1	9.5R 4.0/12.0	interior	Kelly & Judd, NBS SP 440 (1976) [DOI:10.6028/NBS.SP.440] hue-range charts p. 17, 18, 19 (PDF p. 53, 54, 55); boundary rule p. 15	Kelly 1958, J. Res. NBS 61(5), Table 1, p. 428 [DOI:10.6028/jres.061.035]; printed '9.5R4.0/12.0'	Kelly & Judd, NBS SP 440 (1976) [DOI:10.6028/NBS.SP.440] chart p. 17; Kelly 1958, J. Res. NBS 61(5):427 [DOI:10.6028/jres.061.035] Table 1 p. 428; abbreviation per SP 440 Fig. 11 and dictionary	FLOPO:0988015
FLOPO:0988063	FLOPO:0988063	ISCCNBS:L3_037	3	37	moderate reddish orange	m.rO	reddish orange	orange	ISCCNBS:L2_004	37		H 7R-2YR; V [4.5, 6.5]; C [7, 11]	1	9.5R 5.5/9.1	interior	Kelly & Judd, NBS SP 440 (1976) [DOI:10.6028/NBS.SP.440] hue-range charts p. 17, 18, 19 (PDF p. 53, 54, 55); boundary rule p. 15	Kelly 1958, J. Res. NBS 61(5), Table 1, p. 428 [DOI:10.6028/jres.061.035]; printed '9.5R5.5/9.1'	Kelly & Judd, NBS SP 440 (1976) [DOI:10.6028/NBS.SP.440] chart p. 17; Kelly 1958, J. Res. NBS 61(5):427 [DOI:10.6028/jres.061.035] Table 1 p. 428; abbreviation per SP 440 Fig. 11 and dictionary	FLOPO:0988015
FLOPO:0988064	FLOPO:0988064	ISCCNBS:L3_038	3	38	dark reddish orange	d.rO	reddish orange	orange	ISCCNBS:L2_004	38		H 7R-2YR; V [3.5, 4.5]; C [7, 11]	1	9.5R 4.0/9.1	interior	Kelly & Judd, NBS SP 440 (1976) [DOI:10.6028/NBS.SP.440] hue-range charts p. 17, 18, 19 (PDF p. 53, 54, 55); boundary rule p. 15	Kelly 1958, J. Res. NBS 61(5), Table 1, p. 428 [DOI:10.6028/jres.061.035]; printed '9.5R4.0/9.1'	Kelly & Judd, NBS SP 440 (1976) [DOI:10.6028/NBS.SP.440] chart p. 17; Kelly 1958, J. Res. NBS 61(5):427 [DOI:10.6028/jres.061.035] Table 1 p. 428; abbreviation per SP 440 Fig. 11 and dictionary	FLOPO:0988015
FLOPO:0988065	FLOPO:0988065	ISCCNBS:L3_039	3	39	grayish reddish orange	gy.rO	reddish orange	orange	ISCCNBS:L2_004	39		H 8R-3YR; V [4.5, 6.5]; C [5, 7]	1	0.5YR 5.5/6.0	interior	Kelly & Judd, NBS SP 440 (1976) [DOI:10.6028/NBS.SP.440] hue-range charts p. 18, 19 (PDF p. 54, 55); boundary rule p. 15	Kelly 1958, J. Res. NBS 61(5), Table 1, p. 428 [DOI:10.6028/jres.061.035]; printed '0.5YR5.5/6.0'	Kelly & Judd, NBS SP 440 (1976) [DOI:10.6028/NBS.SP.440] chart p. 18; Kelly 1958, J. Res. NBS 61(5):427 [DOI:10.6028/jres.061.035] Table 1 p. 428; abbreviation per SP 440 Fig. 11 and dictionary	FLOPO:0988015
FLOPO:0988066	FLOPO:0988066	ISCCNBS:L3_040	3	40	strong reddish brown	s.rBr	reddish brown	brown	ISCCNBS:L2_005	40		H 9R-2YR; V [2.5, 3.5]; C [7, MacAdam limit)	1	0.5YR 3.0/11.2	peripheral	Kelly & Judd, NBS SP 440 (1976) [DOI:10.6028/NBS.SP.440] hue-range charts p. 18, 19 (PDF p. 54, 55); boundary rule p. 15	Kelly 1958, J. Res. NBS 61(5), Table 1, p. 428 [DOI:10.6028/jres.061.035]; printed '0.5YR3.0/11.2*'	Kelly & Judd, NBS SP 440 (1976) [DOI:10.6028/NBS.SP.440] chart p. 18; Kelly 1958, J. Res. NBS 61(5):427 [DOI:10.6028/jres.061.035] Table 1 p. 428; abbreviation per SP 440 Fig. 11 and dictionary	PATO:0001287
FLOPO:0988067	FLOPO:0988067	ISCCNBS:L3_041	3	41	deep reddish brown	deep rBr	reddish brown	brown	ISCCNBS:L2_005	41		H 6R-9R; V [0, 2.5]; C [5, 7] || H 9R-2YR; V [0, 2.5]; C [5, MacAdam limit)	2	9.8R 1.5/7.5	peripheral	Kelly & Judd, NBS SP 440 (1976) [DOI:10.6028/NBS.SP.440] hue-range charts p. 17, 18, 19 (PDF p. 53, 54, 55); boundary rule p. 15	Kelly 1958, J. Res. NBS 61(5), Table 1, p. 428 [DOI:10.6028/jres.061.035]; printed '9.8R 1.5+/7.5+*'	Kelly & Judd, NBS SP 440 (1976) [DOI:10.6028/NBS.SP.440] chart p. 17; Kelly 1958, J. Res. NBS 61(5):427 [DOI:10.6028/jres.061.035] Table 1 p. 428; abbreviation per SP 440 Fig. 11 and dictionary	PATO:0001287
FLOPO:0988068	FLOPO:0988068	ISCCNBS:L3_042	3	42	light reddish brown	l.rBr	reddish brown	brown	ISCCNBS:L2_005	42		H 8R-3YR; V [4.5, 6.5]; C [3, 5]	1	0.5YR 5.5/4.1	interior	Kelly & Judd, NBS SP 440 (1976) [DOI:10.6028/NBS.SP.440] hue-range charts p. 18, 19 (PDF p. 54, 55); boundary rule p. 15	Kelly 1958, J. Res. NBS 61(5), Table 1, p. 428 [DOI:10.6028/jres.061.035]; printed '0.5YR5.5/4.1'	Kelly & Judd, NBS SP 440 (1976) [DOI:10.6028/NBS.SP.440] chart p. 18; Kelly 1958, J. Res. NBS 61(5):427 [DOI:10.6028/jres.061.035] Table 1 p. 428; abbreviation per SP 440 Fig. 11 and dictionary	PATO:0001287
FLOPO:0988069	FLOPO:0988069	ISCCNBS:L3_043	3	43	moderate reddish brown	m.rBr	reddish brown	brown	ISCCNBS:L2_005	43		H 6R-8R; V [2.5, 3.5]; C [3, 7] || H 8R-2YR; V [2.5, 4.5]; C [3, 7] || H 2YR-3YR; V [2.5, 4.5]; C [3, 5]	3	9.6R 3.4/5.2	interior	Kelly & Judd, NBS SP 440 (1976) [DOI:10.6028/NBS.SP.440] hue-range charts p. 17, 18, 19 (PDF p. 53, 54, 55); boundary rule p. 15	Kelly 1958, J. Res. NBS 61(5), Table 1, p. 428 [DOI:10.6028/jres.061.035]; printed '9.6R3.4/5.2'	Kelly & Judd, NBS SP 440 (1976) [DOI:10.6028/NBS.SP.440] chart p. 17; Kelly 1958, J. Res. NBS 61(5):427 [DOI:10.6028/jres.061.035] Table 1 p. 428; abbreviation per SP 440 Fig. 11 and dictionary	PATO:0001287
FLOPO:0988070	FLOPO:0988070	ISCCNBS:L3_044	3	44	dark reddish brown	d.rBr	reddish brown	brown	ISCCNBS:L2_005	44		H 6R-3YR; V [0, 1.5]; C [1, 5] || H 6R-3YR; V [1.5, 2.5]; C [3, 5]	2	9.5R 1.3/3.6	peripheral	Kelly & Judd, NBS SP 440 (1976) [DOI:10.6028/NBS.SP.440] hue-range charts p. 17, 18, 19 (PDF p. 53, 54, 55); boundary rule p. 15	Kelly 1958, J. Res. NBS 61(5), Table 1, p. 428 [DOI:10.6028/jres.061.035]; printed '9.5R1.3/3.6*'	Kelly & Judd, NBS SP 440 (1976) [DOI:10.6028/NBS.SP.440] chart p. 17; Kelly 1958, J. Res. NBS 61(5):427 [DOI:10.6028/jres.061.035] Table 1 p. 428; abbreviation per SP 440 Fig. 11 and dictionary	PATO:0001287
FLOPO:0988071	FLOPO:0988071	ISCCNBS:L3_045	3	45	light grayish reddish brown	l.gy.rBr	reddish brown	brown	ISCCNBS:L2_005	45		H 1YR-5YR; V [4.5, 6.5]; C [1.5, 3]	1	3.0YR 5.5/2.3	interior	Kelly & Judd, NBS SP 440 (1976) [DOI:10.6028/NBS.SP.440] hue-range charts p. 19, 20 (PDF p. 55, 56); boundary rule p. 15	Kelly 1958, J. Res. NBS 61(5), Table 1, p. 428 [DOI:10.6028/jres.061.035]; printed '3.0YR5.5/2.3'	Kelly & Judd, NBS SP 440 (1976) [DOI:10.6028/NBS.SP.440] chart p. 19; Kelly 1958, J. Res. NBS 61(5):427 [DOI:10.6028/jres.061.035] Table 1 p. 428; abbreviation per SP 440 Fig. 11 and dictionary	PATO:0001287
FLOPO:0988072	FLOPO:0988072	ISCCNBS:L3_046	3	46	grayish reddish brown	gy.rBr	reddish brown	brown	ISCCNBS:L2_005	46		H 6R-8R; V [2.5, 3.5]; C [1.5, 3] || H 8R-3YR; V [2.5, 4.5]; C [1.5, 3]	2	9.9R 3.4/2.3	interior	Kelly & Judd, NBS SP 440 (1976) [DOI:10.6028/NBS.SP.440] hue-range charts p. 17, 18, 19 (PDF p. 53, 54, 55); boundary rule p. 15	Kelly 1958, J. Res. NBS 61(5), Table 1, p. 428 [DOI:10.6028/jres.061.035]; printed '9.9R3.4/2.3'	Kelly & Judd, NBS SP 440 (1976) [DOI:10.6028/NBS.SP.440] chart p. 17; Kelly 1958, J. Res. NBS 61(5):427 [DOI:10.6028/jres.061.035] Table 1 p. 428; abbreviation per SP 440 Fig. 11 and dictionary	PATO:0001287
FLOPO:0988073	FLOPO:0988073	ISCCNBS:L3_047	3	47	dark grayish reddish brown	d.gy.rBr	reddish brown	brown	ISCCNBS:L2_005	47		H 6R-3YR; V [1.5, 2.5]; C [0.5, 3]	1	9.5R 2.0/2.0	interior	Kelly & Judd, NBS SP 440 (1976) [DOI:10.6028/NBS.SP.440] hue-range charts p. 17, 18, 19 (PDF p. 53, 54, 55); boundary rule p. 15	Kelly 1958, J. Res. NBS 61(5), Table 1, p. 428 [DOI:10.6028/jres.061.035]; printed '9.5R2.0/2.0'	Kelly & Judd, NBS SP 440 (1976) [DOI:10.6028/NBS.SP.440] chart p. 17; Kelly 1958, J. Res. NBS 61(5):427 [DOI:10.6028/jres.061.035] Table 1 p. 428; abbreviation per SP 440 Fig. 11 and dictionary	PATO:0001287
FLOPO:0988074	FLOPO:0988074	ISCCNBS:L3_048	3	48	vivid orange	v.O	orange	orange	ISCCNBS:L2_006	48		H 2YR-7YR; V [4.5, 10]; C [14, MacAdam limit)	1	4.5YR 6.6/16.0	peripheral	Kelly & Judd, NBS SP 440 (1976) [DOI:10.6028/NBS.SP.440] hue-range charts p. 19, 20 (PDF p. 55, 56); boundary rule p. 15	Kelly 1958, J. Res. NBS 61(5), Table 1, p. 428 [DOI:10.6028/jres.061.035]; printed '4.5YR6.6/16+*'	Kelly & Judd, NBS SP 440 (1976) [DOI:10.6028/NBS.SP.440] chart p. 19; Kelly 1958, J. Res. NBS 61(5):427 [DOI:10.6028/jres.061.035] Table 1 p. 428; abbreviation per SP 440 Fig. 11 and dictionary	FLOPO:0988016
FLOPO:0988075	FLOPO:0988075	ISCCNBS:L3_049	3	49	brilliant orange	brill.O	orange	orange	ISCCNBS:L2_006	49		H 2YR-7YR; V [7.5, 10]; C [10, 14]	1	4.5YR 8.0/12.1	peripheral	Kelly & Judd, NBS SP 440 (1976) [DOI:10.6028/NBS.SP.440] hue-range charts p. 19, 20 (PDF p. 55, 56); boundary rule p. 15	Kelly 1958, J. Res. NBS 61(5), Table 1, p. 428 [DOI:10.6028/jres.061.035]; printed '4.5YR8.0/12.1*'	Kelly & Judd, NBS SP 440 (1976) [DOI:10.6028/NBS.SP.440] chart p. 19; Kelly 1958, J. Res. NBS 61(5):427 [DOI:10.6028/jres.061.035] Table 1 p. 428; abbreviation per SP 440 Fig. 11 and dictionary	FLOPO:0988016
FLOPO:0988076	FLOPO:0988076	ISCCNBS:L3_050	3	50	strong orange	s.O	orange	orange	ISCCNBS:L2_006	50		H 2YR-7YR; V [5.5, 7.5]; C [10, 14]	1	4.5YR 6.5/12.1	interior	Kelly & Judd, NBS SP 440 (1976) [DOI:10.6028/NBS.SP.440] hue-range charts p. 19, 20 (PDF p. 55, 56); boundary rule p. 15	Kelly 1958, J. Res. NBS 61(5), Table 1, p. 428 [DOI:10.6028/jres.061.035]; printed '4.5YR6.5/12.1'	Kelly & Judd, NBS SP 440 (1976) [DOI:10.6028/NBS.SP.440] chart p. 19; Kelly 1958, J. Res. NBS 61(5):427 [DOI:10.6028/jres.061.035] Table 1 p. 428; abbreviation per SP 440 Fig. 11 and dictionary	FLOPO:0988016
PATO:0104073	PATO:0104073	ISCCNBS:L3_051	3	51	deep orange	deep O	orange	orange	ISCCNBS:L2_006	51		H 2YR-7YR; V [4.5, 5.5]; C [10, 14]	1	4.5YR 5.0/12.1	interior	Kelly & Judd, NBS SP 440 (1976) [DOI:10.6028/NBS.SP.440] hue-range charts p. 19, 20 (PDF p. 55, 56); boundary rule p. 15	Kelly 1958, J. Res. NBS 61(5), Table 1, p. 428 [DOI:10.6028/jres.061.035]; printed '4.5YR5.0/12.1'	Kelly & Judd, NBS SP 440 (1976) [DOI:10.6028/NBS.SP.440] chart p. 19; Kelly 1958, J. Res. NBS 61(5):427 [DOI:10.6028/jres.061.035] Table 1 p. 428; abbreviation per SP 440 Fig. 11 and dictionary	FLOPO:0988016
FLOPO:0988077	FLOPO:0988077	ISCCNBS:L3_052	3	52	light orange	l.O	orange	orange	ISCCNBS:L2_006	52		H 2YR-7YR; V [7.5, 10]; C [6, 10]	1	4.5YR 8.0/8.1	peripheral	Kelly & Judd, NBS SP 440 (1976) [DOI:10.6028/NBS.SP.440] hue-range charts p. 19, 20 (PDF p. 55, 56); boundary rule p. 15	Kelly 1958, J. Res. NBS 61(5), Table 1, p. 428 [DOI:10.6028/jres.061.035]; printed '4.5YR8/8.1*'	Kelly & Judd, NBS SP 440 (1976) [DOI:10.6028/NBS.SP.440] chart p. 19; Kelly 1958, J. Res. NBS 61(5):427 [DOI:10.6028/jres.061.035] Table 1 p. 428; abbreviation per SP 440 Fig. 11 and dictionary	FLOPO:0988016
FLOPO:0988078	FLOPO:0988078	ISCCNBS:L3_053	3	53	moderate orange	m.O	orange	orange	ISCCNBS:L2_006	53		H 3YR-7YR; V [5.5, 7.5]; C [6, 10] || H 2YR-3YR; V [6.5, 7.5]; C [6, 10] || H 2YR-3YR; V [5.5, 6.5]; C [7, 10]	3	4.6YR 6.5/8.1	interior	Kelly & Judd, NBS SP 440 (1976) [DOI:10.6028/NBS.SP.440] hue-range charts p. 19, 20 (PDF p. 55, 56); boundary rule p. 15	Kelly 1958, J. Res. NBS 61(5), Table 1, p. 428 [DOI:10.6028/jres.061.035]; printed '4.6YR6.5/8.1'	Kelly & Judd, NBS SP 440 (1976) [DOI:10.6028/NBS.SP.440] chart p. 19; Kelly 1958, J. Res. NBS 61(5):427 [DOI:10.6028/jres.061.035] Table 1 p. 428; abbreviation per SP 440 Fig. 11 and dictionary	FLOPO:0988016
FLOPO:0988079	FLOPO:0988079	ISCCNBS:L3_054	3	54	brownish orange	brO	orange	orange	ISCCNBS:L2_006	54		H 3YR-7YR; V [4.5, 5.5]; C [6, 10] || H 2YR-3YR; V [4.5, 5.5]; C [7, 10]	2	4.5YR 5.0/8.2	interior	Kelly & Judd, NBS SP 440 (1976) [DOI:10.6028/NBS.SP.440] hue-range charts p. 19, 20 (PDF p. 55, 56); boundary rule p. 15	Kelly 1958, J. Res. NBS 61(5), Table 1, p. 428 [DOI:10.6028/jres.061.035]; printed '4.5YR5.0/8.2'	Kelly & Judd, NBS SP 440 (1976) [DOI:10.6028/NBS.SP.440] chart p. 19; Kelly 1958, J. Res. NBS 61(5):427 [DOI:10.6028/jres.061.035] Table 1 p. 428; abbreviation per SP 440 Fig. 11 and dictionary	FLOPO:0988016
FLOPO:0988080	FLOPO:0988080	ISCCNBS:L3_055	3	55	strong brown	s.Br	brown	brown	ISCCNBS:L2_007	55		H 2YR-8YR; V [2.5, 4.5]; C [5, MacAdam limit)	1	5.0YR 3.5/8.0	peripheral	Kelly & Judd, NBS SP 440 (1976) [DOI:10.6028/NBS.SP.440] hue-range charts p. 19, 20, 21 (PDF p. 55, 56, 57); boundary rule p. 15	Kelly 1958, J. Res. NBS 61(5), Table 1, p. 428 [DOI:10.6028/jres.061.035]; printed '5.0YR3.5+/8+*'	Kelly & Judd, NBS SP 440 (1976) [DOI:10.6028/NBS.SP.440] chart p. 19; Kelly 1958, J. Res. NBS 61(5):427 [DOI:10.6028/jres.061.035] Table 1 p. 428; abbreviation per SP 440 Fig. 11 and dictionary	FLOPO:0988017
FLOPO:0988081	FLOPO:0988081	ISCCNBS:L3_056	3	56	deep brown	deep Br	brown	brown	ISCCNBS:L2_007	56		H 2YR-8YR; V [0, 2.5]; C [5, MacAdam limit)	1	5.0YR 2.1/6.0	peripheral	Kelly & Judd, NBS SP 440 (1976) [DOI:10.6028/NBS.SP.440] hue-range charts p. 19, 20, 21 (PDF p. 55, 56, 57); boundary rule p. 15	Kelly 1958, J. Res. NBS 61(5), Table 1, p. 428 [DOI:10.6028/jres.061.035]; printed '5.0YR2.1/6+*'	Kelly & Judd, NBS SP 440 (1976) [DOI:10.6028/NBS.SP.440] chart p. 19; Kelly 1958, J. Res. NBS 61(5):427 [DOI:10.6028/jres.061.035] Table 1 p. 428; abbreviation per SP 440 Fig. 11 and dictionary	FLOPO:0988017
FLOPO:0988082	FLOPO:0988082	ISCCNBS:L3_057	3	57	light brown	l.Br	brown	brown	ISCCNBS:L2_007	57		H 3YR-8YR; V [4.5, 6.5]; C [3, 6]	1	5.5YR 5.5/4.6	interior	Kelly & Judd, NBS SP 440 (1976) [DOI:10.6028/NBS.SP.440] hue-range charts p. 20, 21 (PDF p. 56, 57); boundary rule p. 15	Kelly 1958, J. Res. NBS 61(5), Table 1, p. 428 [DOI:10.6028/jres.061.035]; printed '5.5YR5.5/4.6'	Kelly & Judd, NBS SP 440 (1976) [DOI:10.6028/NBS.SP.440] chart p. 20; Kelly 1958, J. Res. NBS 61(5):427 [DOI:10.6028/jres.061.035] Table 1 p. 428; abbreviation per SP 440 Fig. 11 and dictionary	FLOPO:0988017
FLOPO:0988083	FLOPO:0988083	ISCCNBS:L3_058	3	58	moderate brown	m.Br	brown	brown	ISCCNBS:L2_007	58		H 3YR-8YR; V [2.5, 4.5]; C [2.5, 5]	1	5.5YR 3.5/3.9	interior	Kelly & Judd, NBS SP 440 (1976) [DOI:10.6028/NBS.SP.440] hue-range charts p. 20, 21 (PDF p. 56, 57); boundary rule p. 15	Kelly 1958, J. Res. NBS 61(5), Table 1, p. 428 [DOI:10.6028/jres.061.035]; printed '5.5YR3.5/3.9'	Kelly & Judd, NBS SP 440 (1976) [DOI:10.6028/NBS.SP.440] chart p. 20; Kelly 1958, J. Res. NBS 61(5):427 [DOI:10.6028/jres.061.035] Table 1 p. 428; abbreviation per SP 440 Fig. 11 and dictionary	FLOPO:0988017
FLOPO:0988084	FLOPO:0988084	ISCCNBS:L3_059	3	59	dark brown	d.Br	brown	brown	ISCCNBS:L2_007	59		H 3YR-8YR; V [0, 1.5]; C [1, 5] || H 3YR-8YR; V [1.5, 2.5]; C [2.5, 5]	2	5.5YR 1.6/3.6	peripheral	Kelly & Judd, NBS SP 440 (1976) [DOI:10.6028/NBS.SP.440] hue-range charts p. 20, 21 (PDF p. 56, 57); boundary rule p. 15	Kelly 1958, J. Res. NBS 61(5), Table 1, p. 428 [DOI:10.6028/jres.061.035]; printed '5.5YR1.6/3.6*'	Kelly & Judd, NBS SP 440 (1976) [DOI:10.6028/NBS.SP.440] chart p. 20; Kelly 1958, J. Res. NBS 61(5):427 [DOI:10.6028/jres.061.035] Table 1 p. 428; abbreviation per SP 440 Fig. 11 and dictionary	FLOPO:0988017
FLOPO:0988085	FLOPO:0988085	ISCCNBS:L3_060	3	60	light grayish brown	l.gy.Br	brown	brown	ISCCNBS:L2_007	60		H 5YR-8YR; V [4.5, 6.5]; C [1.2, 3]	1	6.5YR 5.5/2.2	interior	Kelly & Judd, NBS SP 440 (1976) [DOI:10.6028/NBS.SP.440] hue-range charts p. 20, 21 (PDF p. 56, 57); boundary rule p. 15	Kelly 1958, J. Res. NBS 61(5), Table 1, p. 428 [DOI:10.6028/jres.061.035]; printed '6.5YR5.5/2.2'	Kelly & Judd, NBS SP 440 (1976) [DOI:10.6028/NBS.SP.440] chart p. 20; Kelly 1958, J. Res. NBS 61(5):427 [DOI:10.6028/jres.061.035] Table 1 p. 428; abbreviation per SP 440 Fig. 11 and dictionary	FLOPO:0988017
FLOPO:0988086	FLOPO:0988086	ISCCNBS:L3_061	3	61	grayish brown	gy.Br	brown	brown	ISCCNBS:L2_007	61		H 5YR-8YR; V [2.5, 4.5]; C [1.2, 2.5] || H 3YR-5YR; V [2.5, 4.5]; C [1.5, 2.5]	2	5.6YR 3.5/2.0	interior	Kelly & Judd, NBS SP 440 (1976) [DOI:10.6028/NBS.SP.440] hue-range charts p. 20, 21 (PDF p. 56, 57); boundary rule p. 15	Kelly 1958, J. Res. NBS 61(5), Table 1, p. 428 [DOI:10.6028/jres.061.035]; printed '5.6YR3.5/2.0'	Kelly & Judd, NBS SP 440 (1976) [DOI:10.6028/NBS.SP.440] chart p. 20; Kelly 1958, J. Res. NBS 61(5):427 [DOI:10.6028/jres.061.035] Table 1 p. 428; abbreviation per SP 440 Fig. 11 and dictionary	FLOPO:0988017
FLOPO:0988087	FLOPO:0988087	ISCCNBS:L3_062	3	62	dark grayish brown	d.gy.Br	brown	brown	ISCCNBS:L2_007	62		H 3YR-8YR; V [1.5, 2.5]; C [0.5, 2.5]	1	5.5YR 2.0/1.7	interior	Kelly & Judd, NBS SP 440 (1976) [DOI:10.6028/NBS.SP.440] hue-range charts p. 20, 21 (PDF p. 56, 57); boundary rule p. 15	Kelly 1958, J. Res. NBS 61(5), Table 1, p. 428 [DOI:10.6028/jres.061.035]; printed '5.5YR 2.0/1.7'	Kelly & Judd, NBS SP 440 (1976) [DOI:10.6028/NBS.SP.440] chart p. 20; Kelly 1958, J. Res. NBS 61(5):427 [DOI:10.6028/jres.061.035] Table 1 p. 428; abbreviation per SP 440 Fig. 11 and dictionary	FLOPO:0988017
FLOPO:0988088	FLOPO:0988088	ISCCNBS:L3_063	3	63	light brownish gray	l.brGy	brown	brown	ISCCNBS:L2_007	63		H 2YR-5YR; V [4.5, 6.5]; C [0.5, 1.5] || H 5YR-7YR; V [4.5, 6.5]; C [0.5, 1.2] || H 7YR-4Y; V [4.5, 6.5]; C [0.7, 1.2]	3	6.8YR 5.5/1.0	interior	Kelly & Judd, NBS SP 440 (1976) [DOI:10.6028/NBS.SP.440] hue-range charts p. 19, 20, 21, 22 (PDF p. 55, 56, 57, 58); boundary rule p. 15	Kelly 1958, J. Res. NBS 61(5), Table 1, p. 428 [DOI:10.6028/jres.061.035]; printed '6.8YR5.5/1.0'	Kelly & Judd, NBS SP 440 (1976) [DOI:10.6028/NBS.SP.440] chart p. 19; Kelly 1958, J. Res. NBS 61(5):427 [DOI:10.6028/jres.061.035] Table 1 p. 428; abbreviation per SP 440 Fig. 11 and dictionary	FLOPO:0988017
FLOPO:0988089	FLOPO:0988089	ISCCNBS:L3_064	3	64	brownish gray	brGy	brown	brown	ISCCNBS:L2_007	64		H 1YR-5YR; V [2.5, 4.5]; C [0.5, 1.5] || H 5YR-4Y; V [2.5, 4.5]; C [0.5, 1.2]	2	6.4YR 3.5/0.9	interior	Kelly & Judd, NBS SP 440 (1976) [DOI:10.6028/NBS.SP.440] hue-range charts p. 19, 20, 21, 22 (PDF p. 55, 56, 57, 58); boundary rule p. 15	Kelly 1958, J. Res. NBS 61(5), Table 1, p. 428 [DOI:10.6028/jres.061.035]; printed '6.4YR3.5/0.9'	Kelly & Judd, NBS SP 440 (1976) [DOI:10.6028/NBS.SP.440] chart p. 19; Kelly 1958, J. Res. NBS 61(5):427 [DOI:10.6028/jres.061.035] Table 1 p. 428; abbreviation per SP 440 Fig. 11 and dictionary	FLOPO:0988017
FLOPO:0988090	FLOPO:0988090	ISCCNBS:L3_065	3	65	brownish black	brBk	brown	brown	ISCCNBS:L2_007	65		H 1YR-4Y; V [0, 1.5]; C [0.5, 1]	1	7.5YR 0.8/0.8	peripheral	Kelly & Judd, NBS SP 440 (1976) [DOI:10.6028/NBS.SP.440] hue-range charts p. 19, 20, 21, 22 (PDF p. 55, 56, 57, 58); boundary rule p. 15	Kelly 1958, J. Res. NBS 61(5), Table 1, p. 428 [DOI:10.6028/jres.061.035]; printed '7.5YR 0.8/0.8*'	Kelly & Judd, NBS SP 440 (1976) [DOI:10.6028/NBS.SP.440] chart p. 19; Kelly 1958, J. Res. NBS 61(5):427 [DOI:10.6028/jres.061.035] Table 1 p. 428; abbreviation per SP 440 Fig. 11 and dictionary	FLOPO:0988017
FLOPO:0988091	FLOPO:0988091	ISCCNBS:L3_066	3	66	vivid orange yellow	v.OY	orange yellow	yellow	ISCCNBS:L2_008	66		H 7YR-1Y; V [5.5, 10]; C [14, MacAdam limit)	1	9.0YR 7.2/16.0	peripheral	Kelly & Judd, NBS SP 440 (1976) [DOI:10.6028/NBS.SP.440] hue-range charts p. 21 (PDF p. 57); boundary rule p. 15	Kelly 1958, J. Res. NBS 61(5), Table 1, p. 428 [DOI:10.6028/jres.061.035]; printed '9.0YR7.2/16+*'	Kelly & Judd, NBS SP 440 (1976) [DOI:10.6028/NBS.SP.440] chart p. 21; Kelly 1958, J. Res. NBS 61(5):427 [DOI:10.6028/jres.061.035] Table 1 p. 428; abbreviation per SP 440 Fig. 11 and dictionary	PATO:0104054
FLOPO:0988092	FLOPO:0988092	ISCCNBS:L3_067	3	67	brilliant orange yellow	brill.OY	orange yellow	yellow	ISCCNBS:L2_008	67		H 7YR-1Y; V [8, 10]; C [10, 14]	1	9.0YR 8.4/12.1	peripheral	Kelly & Judd, NBS SP 440 (1976) [DOI:10.6028/NBS.SP.440] hue-range charts p. 21 (PDF p. 57); boundary rule p. 15	Kelly 1958, J. Res. NBS 61(5), Table 1, p. 428 [DOI:10.6028/jres.061.035]; printed '9.0YR8.4/12.1*'	Kelly & Judd, NBS SP 440 (1976) [DOI:10.6028/NBS.SP.440] chart p. 21; Kelly 1958, J. Res. NBS 61(5):427 [DOI:10.6028/jres.061.035] Table 1 p. 428; abbreviation per SP 440 Fig. 11 and dictionary	PATO:0104054
FLOPO:0988093	FLOPO:0988093	ISCCNBS:L3_068	3	68	strong orange yellow	s.OY	orange yellow	yellow	ISCCNBS:L2_008	68		H 7YR-1Y; V [6.5, 8]; C [10, 14]	1	9.0YR 7.2/12.1	interior	Kelly & Judd, NBS SP 440 (1976) [DOI:10.6028/NBS.SP.440] hue-range charts p. 21 (PDF p. 57); boundary rule p. 15	Kelly 1958, J. Res. NBS 61(5), Table 1, p. 428 [DOI:10.6028/jres.061.035]; printed '9.0YR7.2/12.1'	Kelly & Judd, NBS SP 440 (1976) [DOI:10.6028/NBS.SP.440] chart p. 21; Kelly 1958, J. Res. NBS 61(5):427 [DOI:10.6028/jres.061.035] Table 1 p. 428; abbreviation per SP 440 Fig. 11 and dictionary	PATO:0104054
FLOPO:0988094	FLOPO:0988094	ISCCNBS:L3_069	3	69	deep orange yellow	deep OY	orange yellow	yellow	ISCCNBS:L2_008	69		H 7YR-1Y; V [5.5, 6.5]; C [10, 14]	1	9.0YR 6.0/12.1	interior	Kelly & Judd, NBS SP 440 (1976) [DOI:10.6028/NBS.SP.440] hue-range charts p. 21 (PDF p. 57); boundary rule p. 15	Kelly 1958, J. Res. NBS 61(5), Table 1, p. 428 [DOI:10.6028/jres.061.035]; printed '9.0YR6.0/12.1'	Kelly & Judd, NBS SP 440 (1976) [DOI:10.6028/NBS.SP.440] chart p. 21; Kelly 1958, J. Res. NBS 61(5):427 [DOI:10.6028/jres.061.035] Table 1 p. 428; abbreviation per SP 440 Fig. 11 and dictionary	PATO:0104054
FLOPO:0988095	FLOPO:0988095	ISCCNBS:L3_070	3	70	light orange yellow	l.OY	orange yellow	yellow	ISCCNBS:L2_008	70		H 7YR-1Y; V [8, 10]; C [6, 10]	1	9.0YR 8.6/8.1	peripheral	Kelly & Judd, NBS SP 440 (1976) [DOI:10.6028/NBS.SP.440] hue-range charts p. 21 (PDF p. 57); boundary rule p. 15	Kelly 1958, J. Res. NBS 61(5), Table 1, p. 428 [DOI:10.6028/jres.061.035]; printed '9.0YR8.6/8.1*'	Kelly & Judd, NBS SP 440 (1976) [DOI:10.6028/NBS.SP.440] chart p. 21; Kelly 1958, J. Res. NBS 61(5):427 [DOI:10.6028/jres.061.035] Table 1 p. 428; abbreviation per SP 440 Fig. 11 and dictionary	PATO:0104054
FLOPO:0988096	FLOPO:0988096	ISCCNBS:L3_071	3	71	moderate orange yellow	m.OY	orange yellow	yellow	ISCCNBS:L2_008	71		H 7YR-1Y; V [6.5, 8]; C [6, 10]	1	9.0YR 7.2/8.1	interior	Kelly & Judd, NBS SP 440 (1976) [DOI:10.6028/NBS.SP.440] hue-range charts p. 21 (PDF p. 57); boundary rule p. 15	Kelly 1958, J. Res. NBS 61(5), Table 1, p. 429 [DOI:10.6028/jres.061.035]; printed '9.0YR7.2/8.1'	Kelly & Judd, NBS SP 440 (1976) [DOI:10.6028/NBS.SP.440] chart p. 21; Kelly 1958, J. Res. NBS 61(5):427 [DOI:10.6028/jres.061.035] Table 1 p. 429; abbreviation per SP 440 Fig. 11 and dictionary	PATO:0104054
FLOPO:0988097	FLOPO:0988097	ISCCNBS:L3_072	3	72	dark orange yellow	d.OY	orange yellow	yellow	ISCCNBS:L2_008	72		H 7YR-1Y; V [5.5, 6.5]; C [6, 10]	1	9.0YR 6.0/8.1	interior	Kelly & Judd, NBS SP 440 (1976) [DOI:10.6028/NBS.SP.440] hue-range charts p. 21 (PDF p. 57); boundary rule p. 15	Kelly 1958, J. Res. NBS 61(5), Table 1, p. 429 [DOI:10.6028/jres.061.035]; printed '9.0YR6.0/8.1'	Kelly & Judd, NBS SP 440 (1976) [DOI:10.6028/NBS.SP.440] chart p. 21; Kelly 1958, J. Res. NBS 61(5):427 [DOI:10.6028/jres.061.035] Table 1 p. 429; abbreviation per SP 440 Fig. 11 and dictionary	PATO:0104054
FLOPO:0988098	FLOPO:0988098	ISCCNBS:L3_073	3	73	pale orange yellow	p.OY	orange yellow	yellow	ISCCNBS:L2_008	73		H 8YR-1Y; V [7.5, 10]; C [2, 6] || H 7YR-8YR; V [7.5, 10]; C [3, 6]	2	9.1YR 8.6/4.4	peripheral	Kelly & Judd, NBS SP 440 (1976) [DOI:10.6028/NBS.SP.440] hue-range charts p. 21 (PDF p. 57); boundary rule p. 15	Kelly 1958, J. Res. NBS 61(5), Table 1, p. 429 [DOI:10.6028/jres.061.035]; printed '9.1YR8.6/4.4*'	Kelly & Judd, NBS SP 440 (1976) [DOI:10.6028/NBS.SP.440] chart p. 21; Kelly 1958, J. Res. NBS 61(5):427 [DOI:10.6028/jres.061.035] Table 1 p. 429; abbreviation per SP 440 Fig. 11 and dictionary	PATO:0104054
FLOPO:0988099	FLOPO:0988099	ISCCNBS:L3_074	3	74	strong yellowish brown	s.yBr	yellowish brown	brown	ISCCNBS:L2_009	74		H 8YR-1Y; V [3.5, 5.5]; C [5, MacAdam limit) || H 7YR-8YR; V [4.5, 5.5]; C [6, MacAdam limit)	2	9.0YR 4.6/9.6	peripheral	Kelly & Judd, NBS SP 440 (1976) [DOI:10.6028/NBS.SP.440] hue-range charts p. 21 (PDF p. 57); boundary rule p. 15	Kelly 1958, J. Res. NBS 61(5), Table 1, p. 429 [DOI:10.6028/jres.061.035]; printed '9.0YR4.6/9.6*'	Kelly & Judd, NBS SP 440 (1976) [DOI:10.6028/NBS.SP.440] chart p. 21; Kelly 1958, J. Res. NBS 61(5):427 [DOI:10.6028/jres.061.035] Table 1 p. 429; abbreviation per SP 440 Fig. 11 and dictionary	FLOPO:0988018
FLOPO:0988100	FLOPO:0988100	ISCCNBS:L3_075	3	75	deep yellowish brown	deep yBr	yellowish brown	brown	ISCCNBS:L2_009	75		H 8YR-1Y; V [0, 3.5]; C [5, MacAdam limit)	1	9.5YR 2.9/6.0	peripheral	Kelly & Judd, NBS SP 440 (1976) [DOI:10.6028/NBS.SP.440] hue-range charts p. 21 (PDF p. 57); boundary rule p. 15	Kelly 1958, J. Res. NBS 61(5), Table 1, p. 429 [DOI:10.6028/jres.061.035]; printed '9.5YR2.9/6+*'	Kelly & Judd, NBS SP 440 (1976) [DOI:10.6028/NBS.SP.440] chart p. 21; Kelly 1958, J. Res. NBS 61(5):427 [DOI:10.6028/jres.061.035] Table 1 p. 429; abbreviation per SP 440 Fig. 11 and dictionary	FLOPO:0988018
FLOPO:0988101	FLOPO:0988101	ISCCNBS:L3_076	3	76	light yellowish brown	l.yBr	yellowish brown	brown	ISCCNBS:L2_009	76		H 8YR-1Y; V [5.5, 7.5]; C [3, 6] || H 7YR-8YR; V [6.5, 7.5]; C [3, 6]	2	9.2YR 6.6/4.7	interior	Kelly & Judd, NBS SP 440 (1976) [DOI:10.6028/NBS.SP.440] hue-range charts p. 21 (PDF p. 57); boundary rule p. 15	Kelly 1958, J. Res. NBS 61(5), Table 1, p. 429 [DOI:10.6028/jres.061.035]; printed '9.2YR6.6/4.7'	Kelly & Judd, NBS SP 440 (1976) [DOI:10.6028/NBS.SP.440] chart p. 21; Kelly 1958, J. Res. NBS 61(5):427 [DOI:10.6028/jres.061.035] Table 1 p. 429; abbreviation per SP 440 Fig. 11 and dictionary	FLOPO:0988018
FLOPO:0988102	FLOPO:0988102	ISCCNBS:L3_077	3	77	moderate yellowish brown	m.yBr	yellowish brown	brown	ISCCNBS:L2_009	77		H 8YR-1Y; V [3.5, 4.5]; C [2.5, 5] || H 8YR-1Y; V [4.5, 5.5]; C [3, 5]	2	9.5YR 4.5/4.0	interior	Kelly & Judd, NBS SP 440 (1976) [DOI:10.6028/NBS.SP.440] hue-range charts p. 21 (PDF p. 57); boundary rule p. 15	Kelly 1958, J. Res. NBS 61(5), Table 1, p. 429 [DOI:10.6028/jres.061.035]; printed '9.5YR4.5/4.0'	Kelly & Judd, NBS SP 440 (1976) [DOI:10.6028/NBS.SP.440] chart p. 21; Kelly 1958, J. Res. NBS 61(5):427 [DOI:10.6028/jres.061.035] Table 1 p. 429; abbreviation per SP 440 Fig. 11 and dictionary	FLOPO:0988018
FLOPO:0988103	FLOPO:0988103	ISCCNBS:L3_078	3	78	dark yellowish brown	d.yBr	yellowish brown	brown	ISCCNBS:L2_009	78		H 8YR-1Y; V [0, 1.5]; C [1, 5] || H 8YR-1Y; V [1.5, 3.5]; C [2.5, 5]	2	9.5YR 2.2/3.7	peripheral	Kelly & Judd, NBS SP 440 (1976) [DOI:10.6028/NBS.SP.440] hue-range charts p. 21 (PDF p. 57); boundary rule p. 15	Kelly 1958, J. Res. NBS 61(5), Table 1, p. 429 [DOI:10.6028/jres.061.035]; printed '9.5YR2.2/3.7*'	Kelly & Judd, NBS SP 440 (1976) [DOI:10.6028/NBS.SP.440] chart p. 21; Kelly 1958, J. Res. NBS 61(5):427 [DOI:10.6028/jres.061.035] Table 1 p. 429; abbreviation per SP 440 Fig. 11 and dictionary	FLOPO:0988018
FLOPO:0988104	FLOPO:0988104	ISCCNBS:L3_079	3	79	light grayish yellowish brown	l.gy.yBr	yellowish brown	brown	ISCCNBS:L2_009	79		H 8YR-1Y; V [5.5, 6.5]; C [1.2, 3] || H 8YR-1Y; V [6.5, 7.5]; C [2, 3]	2	9.5YR 6.4/2.4	interior	Kelly & Judd, NBS SP 440 (1976) [DOI:10.6028/NBS.SP.440] hue-range charts p. 21 (PDF p. 57); boundary rule p. 15	Kelly 1958, J. Res. NBS 61(5), Table 1, p. 429 [DOI:10.6028/jres.061.035]; printed '9.5YR6.4/2.4'	Kelly & Judd, NBS SP 440 (1976) [DOI:10.6028/NBS.SP.440] chart p. 21; Kelly 1958, J. Res. NBS 61(5):427 [DOI:10.6028/jres.061.035] Table 1 p. 429; abbreviation per SP 440 Fig. 11 and dictionary	FLOPO:0988018
FLOPO:0988105	FLOPO:0988105	ISCCNBS:L3_080	3	80	grayish yellowish brown	gy.yBr	yellowish brown	brown	ISCCNBS:L2_009	80		H 8YR-1Y; V [3.5, 4.5]; C [1.2, 2.5] || H 8YR-1Y; V [4.5, 5.5]; C [1.2, 3]	2	9.5YR 4.6/2.1	interior	Kelly & Judd, NBS SP 440 (1976) [DOI:10.6028/NBS.SP.440] hue-range charts p. 21 (PDF p. 57); boundary rule p. 15	Kelly 1958, J. Res. NBS 61(5), Table 1, p. 429 [DOI:10.6028/jres.061.035]; printed '9.5YR4.6/2.1'	Kelly & Judd, NBS SP 440 (1976) [DOI:10.6028/NBS.SP.440] chart p. 21; Kelly 1958, J. Res. NBS 61(5):427 [DOI:10.6028/jres.061.035] Table 1 p. 429; abbreviation per SP 440 Fig. 11 and dictionary	FLOPO:0988018
FLOPO:0988106	FLOPO:0988106	ISCCNBS:L3_081	3	81	dark grayish yellowish brown	d.gy.yBr	yellowish brown	brown	ISCCNBS:L2_009	81		H 8YR-1Y; V [1.5, 2.5]; C [0.5, 2.5] || H 8YR-1Y; V [2.5, 3.5]; C [1.2, 2.5]	2	9.5YR 2.4/1.8	interior	Kelly & Judd, NBS SP 440 (1976) [DOI:10.6028/NBS.SP.440] hue-range charts p. 21 (PDF p. 57); boundary rule p. 15	Kelly 1958, J. Res. NBS 61(5), Table 1, p. 429 [DOI:10.6028/jres.061.035]; printed '9.5YR 2.4/1.8'	Kelly & Judd, NBS SP 440 (1976) [DOI:10.6028/NBS.SP.440] chart p. 21; Kelly 1958, J. Res. NBS 61(5):427 [DOI:10.6028/jres.061.035] Table 1 p. 429; abbreviation per SP 440 Fig. 11 and dictionary	FLOPO:0988018
FLOPO:0988107	FLOPO:0988107	ISCCNBS:L3_082	3	82	vivid yellow	v.Y	yellow	yellow	ISCCNBS:L2_010	82		H 1Y-7Y; V [5.5, 10]; C [11, MacAdam limit)	1	4.0Y 7.8/14.5	peripheral	Kelly & Judd, NBS SP 440 (1976) [DOI:10.6028/NBS.SP.440] hue-range charts p. 22 (PDF p. 58); boundary rule p. 15	Kelly 1958, J. Res. NBS 61(5), Table 1, p. 429 [DOI:10.6028/jres.061.035]; printed '4.0Y7.8/14.5+*'	Kelly & Judd, NBS SP 440 (1976) [DOI:10.6028/NBS.SP.440] chart p. 22; Kelly 1958, J. Res. NBS 61(5):427 [DOI:10.6028/jres.061.035] Table 1 p. 429; abbreviation per SP 440 Fig. 11 and dictionary	FLOPO:0988019
FLOPO:0988108	FLOPO:0988108	ISCCNBS:L3_083	3	83	brilliant yellow	brill.Y	yellow	yellow	ISCCNBS:L2_010	83		H 1Y-7Y; V [8, 10]; C [8, 11]	1	4.0Y 8.8/9.5	peripheral	Kelly & Judd, NBS SP 440 (1976) [DOI:10.6028/NBS.SP.440] hue-range charts p. 22 (PDF p. 58); boundary rule p. 15	Kelly 1958, J. Res. NBS 61(5), Table 1, p. 429 [DOI:10.6028/jres.061.035]; printed '4.0Y8.8/9.5*'	Kelly & Judd, NBS SP 440 (1976) [DOI:10.6028/NBS.SP.440] chart p. 22; Kelly 1958, J. Res. NBS 61(5):427 [DOI:10.6028/jres.061.035] Table 1 p. 429; abbreviation per SP 440 Fig. 11 and dictionary	FLOPO:0988019
FLOPO:0988109	FLOPO:0988109	ISCCNBS:L3_084	3	84	strong yellow	s.Y	yellow	yellow	ISCCNBS:L2_010	84		H 1Y-7Y; V [6.5, 8]; C [8, 11]	1	4.0Y 7.2/9.5	interior	Kelly & Judd, NBS SP 440 (1976) [DOI:10.6028/NBS.SP.440] hue-range charts p. 22 (PDF p. 58); boundary rule p. 15	Kelly 1958, J. Res. NBS 61(5), Table 1, p. 429 [DOI:10.6028/jres.061.035]; printed '4.0Y 7.2/9.5'	Kelly & Judd, NBS SP 440 (1976) [DOI:10.6028/NBS.SP.440] chart p. 22; Kelly 1958, J. Res. NBS 61(5):427 [DOI:10.6028/jres.061.035] Table 1 p. 429; abbreviation per SP 440 Fig. 11 and dictionary	FLOPO:0988019
PATO:0104005	PATO:0104005	ISCCNBS:L3_085	3	85	deep yellow	deep Y	yellow	yellow	ISCCNBS:L2_010	85		H 1Y-7Y; V [5.5, 6.5]; C [8, 11]	1	4.0Y 6.0/9.5	interior	Kelly & Judd, NBS SP 440 (1976) [DOI:10.6028/NBS.SP.440] hue-range charts p. 22 (PDF p. 58); boundary rule p. 15	Kelly 1958, J. Res. NBS 61(5), Table 1, p. 429 [DOI:10.6028/jres.061.035]; printed '4.0Y 6.0/9.5'	Kelly & Judd, NBS SP 440 (1976) [DOI:10.6028/NBS.SP.440] chart p. 22; Kelly 1958, J. Res. NBS 61(5):427 [DOI:10.6028/jres.061.035] Table 1 p. 429; abbreviation per SP 440 Fig. 11 and dictionary	FLOPO:0988019
FLOPO:0988110	FLOPO:0988110	ISCCNBS:L3_086	3	86	light yellow	l.Y	yellow	yellow	ISCCNBS:L2_010	86		H 1Y-7Y; V [8, 10]; C [5, 8]	1	4.0Y 8.8/6.6	peripheral	Kelly & Judd, NBS SP 440 (1976) [DOI:10.6028/NBS.SP.440] hue-range charts p. 22 (PDF p. 58); boundary rule p. 15	Kelly 1958, J. Res. NBS 61(5), Table 1, p. 429 [DOI:10.6028/jres.061.035]; printed '4.0Y8.8/6.6*'	Kelly & Judd, NBS SP 440 (1976) [DOI:10.6028/NBS.SP.440] chart p. 22; Kelly 1958, J. Res. NBS 61(5):427 [DOI:10.6028/jres.061.035] Table 1 p. 429; abbreviation per SP 440 Fig. 11 and dictionary	FLOPO:0988019
FLOPO:0988111	FLOPO:0988111	ISCCNBS:L3_087	3	87	moderate yellow	m.Y	yellow	yellow	ISCCNBS:L2_010	87		H 1Y-7Y; V [6.5, 8]; C [5, 8]	1	4.0Y 7.2/6.6	interior	Kelly & Judd, NBS SP 440 (1976) [DOI:10.6028/NBS.SP.440] hue-range charts p. 22 (PDF p. 58); boundary rule p. 15	Kelly 1958, J. Res. NBS 61(5), Table 1, p. 429 [DOI:10.6028/jres.061.035]; printed '4.0Y7.2/6.6'	Kelly & Judd, NBS SP 440 (1976) [DOI:10.6028/NBS.SP.440] chart p. 22; Kelly 1958, J. Res. NBS 61(5):427 [DOI:10.6028/jres.061.035] Table 1 p. 429; abbreviation per SP 440 Fig. 11 and dictionary	FLOPO:0988019
FLOPO:0988112	FLOPO:0988112	ISCCNBS:L3_088	3	88	dark yellow	d.Y	yellow	yellow	ISCCNBS:L2_010	88		H 1Y-7Y; V [5.5, 6.5]; C [5, 8]	1	4.0Y 6.0/6.6	interior	Kelly & Judd, NBS SP 440 (1976) [DOI:10.6028/NBS.SP.440] hue-range charts p. 22 (PDF p. 58); boundary rule p. 15	Kelly 1958, J. Res. NBS 61(5), Table 1, p. 429 [DOI:10.6028/jres.061.035]; printed '4.0Y6.0/6.6'	Kelly & Judd, NBS SP 440 (1976) [DOI:10.6028/NBS.SP.440] chart p. 22; Kelly 1958, J. Res. NBS 61(5):427 [DOI:10.6028/jres.061.035] Table 1 p. 429; abbreviation per SP 440 Fig. 11 and dictionary	FLOPO:0988019
FLOPO:0988113	FLOPO:0988113	ISCCNBS:L3_089	3	89	pale yellow	p.Y	yellow	yellow	ISCCNBS:L2_010	89		H 1Y-7Y; V [8, 10]; C [2, 5] || H 7Y-9Y; V [8, 10]; C [2, 3]	2	4.2Y 8.9/3.6	peripheral	Kelly & Judd, NBS SP 440 (1976) [DOI:10.6028/NBS.SP.440] hue-range charts p. 22, 23 (PDF p. 58, 59); boundary rule p. 15	Kelly 1958, J. Res. NBS 61(5), Table 1, p. 429 [DOI:10.6028/jres.061.035]; printed '4.2Y8.9/3.6*'	Kelly & Judd, NBS SP 440 (1976) [DOI:10.6028/NBS.SP.440] chart p. 22; Kelly 1958, J. Res. NBS 61(5):427 [DOI:10.6028/jres.061.035] Table 1 p. 429; abbreviation per SP 440 Fig. 11 and dictionary	FLOPO:0988019
FLOPO:0988114	FLOPO:0988114	ISCCNBS:L3_090	3	90	grayish yellow	gy.Y	yellow	yellow	ISCCNBS:L2_010	90		H 1Y-7Y; V [6.5, 8]; C [2, 5] || H 7Y-9Y; V [6.5, 8]; C [2, 3]	2	4.2Y 7.2/3.6	interior	Kelly & Judd, NBS SP 440 (1976) [DOI:10.6028/NBS.SP.440] hue-range charts p. 22, 23 (PDF p. 58, 59); boundary rule p. 15	Kelly 1958, J. Res. NBS 61(5), Table 1, p. 429 [DOI:10.6028/jres.061.035]; printed '4.2Y7.2/3.6'	Kelly & Judd, NBS SP 440 (1976) [DOI:10.6028/NBS.SP.440] chart p. 22; Kelly 1958, J. Res. NBS 61(5):427 [DOI:10.6028/jres.061.035] Table 1 p. 429; abbreviation per SP 440 Fig. 11 and dictionary	FLOPO:0988019
FLOPO:0988115	FLOPO:0988115	ISCCNBS:L3_091	3	91	dark grayish yellow	d.gy.Y	yellow	yellow	ISCCNBS:L2_010	91		H 1Y-7Y; V [5.5, 6.5]; C [3, 5]	1	4.0Y 6.0/4.1	interior	Kelly & Judd, NBS SP 440 (1976) [DOI:10.6028/NBS.SP.440] hue-range charts p. 22 (PDF p. 58); boundary rule p. 15	Kelly 1958, J. Res. NBS 61(5), Table 1, p. 429 [DOI:10.6028/jres.061.035]; printed '4.0Y 6.0/4.1'	Kelly & Judd, NBS SP 440 (1976) [DOI:10.6028/NBS.SP.440] chart p. 22; Kelly 1958, J. Res. NBS 61(5):427 [DOI:10.6028/jres.061.035] Table 1 p. 429; abbreviation per SP 440 Fig. 11 and dictionary	FLOPO:0988019
FLOPO:0988116	FLOPO:0988116	ISCCNBS:L3_092	3	92	yellowish white	yWhite	yellow	yellow	ISCCNBS:L2_010	92		H 9Y-4GY; V [8.5, 10]; C [0.5, 1.2] || H 7YR-8YR; V [8.5, 10]; C [0.7, 1.2] || H 8YR-9Y; V [8.5, 10]; C [0.7, 2]	3	4.1Y 9.2/1.3	peripheral	Kelly & Judd, NBS SP 440 (1976) [DOI:10.6028/NBS.SP.440] hue-range charts p. 21, 22, 23, 24 (PDF p. 57, 58, 59, 60); boundary rule p. 15	Kelly 1958, J. Res. NBS 61(5), Table 1, p. 429 [DOI:10.6028/jres.061.035]; printed '4.1Y 9.2/1.3*'	Kelly & Judd, NBS SP 440 (1976) [DOI:10.6028/NBS.SP.440] chart p. 21; Kelly 1958, J. Res. NBS 61(5):427 [DOI:10.6028/jres.061.035] Table 1 p. 429; abbreviation per SP 440 Fig. 11 and dictionary	FLOPO:0988019
FLOPO:0988117	FLOPO:0988117	ISCCNBS:L3_093	3	93	yellowish gray	yGy	yellow	yellow	ISCCNBS:L2_010	93		H 9Y-4GY; V [6.5, 8.5]; C [0.5, 1.2] || H 7YR-8YR; V [6.5, 8.5]; C [0.7, 1.2] || H 8YR-9Y; V [6.5, 8.5]; C [0.7, 2]	3	4.1Y 7.5/1.3	interior	Kelly & Judd, NBS SP 440 (1976) [DOI:10.6028/NBS.SP.440] hue-range charts p. 21, 22, 23, 24 (PDF p. 57, 58, 59, 60); boundary rule p. 15	Kelly 1958, J. Res. NBS 61(5), Table 1, p. 429 [DOI:10.6028/jres.061.035]; printed '4.1Y 7.5/1.3'	Kelly & Judd, NBS SP 440 (1976) [DOI:10.6028/NBS.SP.440] chart p. 21; Kelly 1958, J. Res. NBS 61(5):427 [DOI:10.6028/jres.061.035] Table 1 p. 429; abbreviation per SP 440 Fig. 11 and dictionary	FLOPO:0988019
FLOPO:0988118	FLOPO:0988118	ISCCNBS:L3_094	3	94	light olive brown	l.OlBr	olive brown	olive	ISCCNBS:L2_011	94		H 1Y-4Y; V [4.5, 5.5]; C [1.2, MacAdam limit) || H 1Y-4Y; V [5.5, 6.5]; C [1.2, 3]	2	2.5Y 5.0/8.4	peripheral	Kelly & Judd, NBS SP 440 (1976) [DOI:10.6028/NBS.SP.440] hue-range charts p. 22 (PDF p. 58); boundary rule p. 15	Kelly 1958, J. Res. NBS 61(5), Table 1, p. 429 [DOI:10.6028/jres.061.035]; printed '2.5Y5.0/8.4*'	Kelly & Judd, NBS SP 440 (1976) [DOI:10.6028/NBS.SP.440] chart p. 22; Kelly 1958, J. Res. NBS 61(5):427 [DOI:10.6028/jres.061.035] Table 1 p. 429; abbreviation per SP 440 Fig. 11 and dictionary	FLOPO:0988020
FLOPO:0988119	FLOPO:0988119	ISCCNBS:L3_095	3	95	moderate olive brown	m.OlBr	olive brown	olive	ISCCNBS:L2_011	95		H 1Y-4Y; V [2.5, 4.5]; C [1.2, MacAdam limit)	1	2.5Y 3.5/6.0	peripheral	Kelly & Judd, NBS SP 440 (1976) [DOI:10.6028/NBS.SP.440] hue-range charts p. 22 (PDF p. 58); boundary rule p. 15	Kelly 1958, J. Res. NBS 61(5), Table 1, p. 429 [DOI:10.6028/jres.061.035]; printed '2.5Y3.5+/6+*'	Kelly & Judd, NBS SP 440 (1976) [DOI:10.6028/NBS.SP.440] chart p. 22; Kelly 1958, J. Res. NBS 61(5):427 [DOI:10.6028/jres.061.035] Table 1 p. 429; abbreviation per SP 440 Fig. 11 and dictionary	FLOPO:0988020
FLOPO:0988120	FLOPO:0988120	ISCCNBS:L3_096	3	96	dark olive brown	d.OlBr	olive brown	olive	ISCCNBS:L2_011	96		H 1Y-4Y; V [1.5, 2.5]; C [0.5, MacAdam limit) || H 1Y-4Y; V [0, 1.5]; C [1, MacAdam limit)	2	2.5Y 1.8/2.5	peripheral	Kelly & Judd, NBS SP 440 (1976) [DOI:10.6028/NBS.SP.440] hue-range charts p. 22 (PDF p. 58); boundary rule p. 15	Kelly 1958, J. Res. NBS 61(5), Table 1, p. 429 [DOI:10.6028/jres.061.035]; printed '2.5Y1.8/2.5+*'	Kelly & Judd, NBS SP 440 (1976) [DOI:10.6028/NBS.SP.440] chart p. 22; Kelly 1958, J. Res. NBS 61(5):427 [DOI:10.6028/jres.061.035] Table 1 p. 429; abbreviation per SP 440 Fig. 11 and dictionary	FLOPO:0988020
FLOPO:0988121	FLOPO:0988121	ISCCNBS:L3_097	3	97	vivid greenish yellow	v.gY	greenish yellow	yellow	ISCCNBS:L2_012	97		H 7Y-2GY; V [5.5, 10]; C [11, MacAdam limit)	1	9.5Y 7.8/14.5	peripheral	Kelly & Judd, NBS SP 440 (1976) [DOI:10.6028/NBS.SP.440] hue-range charts p. 23 (PDF p. 59); boundary rule p. 15	Kelly 1958, J. Res. NBS 61(5), Table 1, p. 429 [DOI:10.6028/jres.061.035]; printed '9.5Y7.8/14.5+*'	Kelly & Judd, NBS SP 440 (1976) [DOI:10.6028/NBS.SP.440] chart p. 23; Kelly 1958, J. Res. NBS 61(5):427 [DOI:10.6028/jres.061.035] Table 1 p. 429; abbreviation per SP 440 Fig. 11 and dictionary	PATO:0104013
FLOPO:0988122	FLOPO:0988122	ISCCNBS:L3_098	3	98	brilliant greenish yellow	brill.gY	greenish yellow	yellow	ISCCNBS:L2_012	98		H 7Y-2GY; V [8, 10]; C [8, 11]	1	9.5Y 8.8/9.5	peripheral	Kelly & Judd, NBS SP 440 (1976) [DOI:10.6028/NBS.SP.440] hue-range charts p. 23 (PDF p. 59); boundary rule p. 15	Kelly 1958, J. Res. NBS 61(5), Table 1, p. 429 [DOI:10.6028/jres.061.035]; printed '9.5Y8.8/9.5*'	Kelly & Judd, NBS SP 440 (1976) [DOI:10.6028/NBS.SP.440] chart p. 23; Kelly 1958, J. Res. NBS 61(5):427 [DOI:10.6028/jres.061.035] Table 1 p. 429; abbreviation per SP 440 Fig. 11 and dictionary	PATO:0104013
FLOPO:0988123	FLOPO:0988123	ISCCNBS:L3_099	3	99	strong greenish yellow	s.gY	greenish yellow	yellow	ISCCNBS:L2_012	99		H 7Y-2GY; V [6.5, 8]; C [8, 11]	1	9.5Y 7.2/9.5	interior	Kelly & Judd, NBS SP 440 (1976) [DOI:10.6028/NBS.SP.440] hue-range charts p. 23 (PDF p. 59); boundary rule p. 15	Kelly 1958, J. Res. NBS 61(5), Table 1, p. 429 [DOI:10.6028/jres.061.035]; printed '9.5Y 7.2/9.5'	Kelly & Judd, NBS SP 440 (1976) [DOI:10.6028/NBS.SP.440] chart p. 23; Kelly 1958, J. Res. NBS 61(5):427 [DOI:10.6028/jres.061.035] Table 1 p. 429; abbreviation per SP 440 Fig. 11 and dictionary	PATO:0104013
FLOPO:0988124	FLOPO:0988124	ISCCNBS:L3_100	3	100	deep greenish yellow	deep gY	greenish yellow	yellow	ISCCNBS:L2_012	100		H 7Y-2GY; V [5.5, 6.5]; C [8, 11]	1	9.5Y 6.0/9.5	interior	Kelly & Judd, NBS SP 440 (1976) [DOI:10.6028/NBS.SP.440] hue-range charts p. 23 (PDF p. 59); boundary rule p. 15	Kelly 1958, J. Res. NBS 61(5), Table 1, p. 429 [DOI:10.6028/jres.061.035]; printed '9.5Y 6.0/9.5'	Kelly & Judd, NBS SP 440 (1976) [DOI:10.6028/NBS.SP.440] chart p. 23; Kelly 1958, J. Res. NBS 61(5):427 [DOI:10.6028/jres.061.035] Table 1 p. 429; abbreviation per SP 440 Fig. 11 and dictionary	PATO:0104013
FLOPO:0988125	FLOPO:0988125	ISCCNBS:L3_101	3	101	light greenish yellow	l.gY	greenish yellow	yellow	ISCCNBS:L2_012	101		H 7Y-2GY; V [8, 10]; C [5, 8]	1	9.5Y 8.8/6.6	peripheral	Kelly & Judd, NBS SP 440 (1976) [DOI:10.6028/NBS.SP.440] hue-range charts p. 23 (PDF p. 59); boundary rule p. 15	Kelly 1958, J. Res. NBS 61(5), Table 1, p. 429 [DOI:10.6028/jres.061.035]; printed '9.5Y 8.8/6.6*'	Kelly & Judd, NBS SP 440 (1976) [DOI:10.6028/NBS.SP.440] chart p. 23; Kelly 1958, J. Res. NBS 61(5):427 [DOI:10.6028/jres.061.035] Table 1 p. 429; abbreviation per SP 440 Fig. 11 and dictionary	PATO:0104013
FLOPO:0988126	FLOPO:0988126	ISCCNBS:L3_102	3	102	moderate greenish yellow	m.gY	greenish yellow	yellow	ISCCNBS:L2_012	102		H 7Y-2GY; V [6.5, 8]; C [5, 8]	1	9.5Y 7.2/6.6	interior	Kelly & Judd, NBS SP 440 (1976) [DOI:10.6028/NBS.SP.440] hue-range charts p. 23 (PDF p. 59); boundary rule p. 15	Kelly 1958, J. Res. NBS 61(5), Table 1, p. 429 [DOI:10.6028/jres.061.035]; printed '9.5Y 7.2/6.6'	Kelly & Judd, NBS SP 440 (1976) [DOI:10.6028/NBS.SP.440] chart p. 23; Kelly 1958, J. Res. NBS 61(5):427 [DOI:10.6028/jres.061.035] Table 1 p. 429; abbreviation per SP 440 Fig. 11 and dictionary	PATO:0104013
FLOPO:0988127	FLOPO:0988127	ISCCNBS:L3_103	3	103	dark greenish yellow	d.gY	greenish yellow	yellow	ISCCNBS:L2_012	103		H 7Y-2GY; V [5.5, 6.5]; C [5, 8]	1	9.5Y 6.0/6.6	interior	Kelly & Judd, NBS SP 440 (1976) [DOI:10.6028/NBS.SP.440] hue-range charts p. 23 (PDF p. 59); boundary rule p. 15	Kelly 1958, J. Res. NBS 61(5), Table 1, p. 429 [DOI:10.6028/jres.061.035]; printed '9.5Y 6.0/6.6'	Kelly & Judd, NBS SP 440 (1976) [DOI:10.6028/NBS.SP.440] chart p. 23; Kelly 1958, J. Res. NBS 61(5):427 [DOI:10.6028/jres.061.035] Table 1 p. 429; abbreviation per SP 440 Fig. 11 and dictionary	PATO:0104013
PATO:0104051	PATO:0104051	ISCCNBS:L3_104	3	104	pale greenish yellow	p.gY	greenish yellow	yellow	ISCCNBS:L2_012	104		H 7Y-2GY; V [8, 10]; C [3, 5]	1	9.5Y 8.9/4.1	peripheral	Kelly & Judd, NBS SP 440 (1976) [DOI:10.6028/NBS.SP.440] hue-range charts p. 23 (PDF p. 59); boundary rule p. 15	Kelly 1958, J. Res. NBS 61(5), Table 1, p. 429 [DOI:10.6028/jres.061.035]; printed '9.5Y 8.9/4.1*'	Kelly & Judd, NBS SP 440 (1976) [DOI:10.6028/NBS.SP.440] chart p. 23; Kelly 1958, J. Res. NBS 61(5):427 [DOI:10.6028/jres.061.035] Table 1 p. 429; abbreviation per SP 440 Fig. 11 and dictionary	PATO:0104013
FLOPO:0988128	FLOPO:0988128	ISCCNBS:L3_105	3	105	grayish greenish yellow	gy.gY	greenish yellow	yellow	ISCCNBS:L2_012	105		H 7Y-2GY; V [6.5, 8]; C [3, 5]	1	9.5Y 7.2/4.1	interior	Kelly & Judd, NBS SP 440 (1976) [DOI:10.6028/NBS.SP.440] hue-range charts p. 23 (PDF p. 59); boundary rule p. 15	Kelly 1958, J. Res. NBS 61(5), Table 1, p. 429 [DOI:10.6028/jres.061.035]; printed '9.5Y 7.2/4.1'	Kelly & Judd, NBS SP 440 (1976) [DOI:10.6028/NBS.SP.440] chart p. 23; Kelly 1958, J. Res. NBS 61(5):427 [DOI:10.6028/jres.061.035] Table 1 p. 429; abbreviation per SP 440 Fig. 11 and dictionary	PATO:0104013
FLOPO:0988129	FLOPO:0988129	ISCCNBS:L3_106	3	106	light olive	l.Ol	olive	olive	ISCCNBS:L2_013	106		H 4Y-2GY; V [4.5, 5.5]; C [3, MacAdam limit) || H 7Y-2GY; V [5.5, 6.5]; C [3, 5]	2	8.1Y 5.1/8.0	peripheral	Kelly & Judd, NBS SP 440 (1976) [DOI:10.6028/NBS.SP.440] hue-range charts p. 22, 23 (PDF p. 58, 59); boundary rule p. 15	Kelly 1958, J. Res. NBS 61(5), Table 1, p. 429 [DOI:10.6028/jres.061.035]; printed '8.1Y 5.1/8.0*'	Kelly & Judd, NBS SP 440 (1976) [DOI:10.6028/NBS.SP.440] chart p. 22; Kelly 1958, J. Res. NBS 61(5):427 [DOI:10.6028/jres.061.035] Table 1 p. 429; abbreviation per SP 440 Fig. 11 and dictionary	FLOPO:0988021
FLOPO:0988130	FLOPO:0988130	ISCCNBS:L3_107	3	107	moderate olive	m.Ol	olive	olive	ISCCNBS:L2_013	107		H 4Y-2GY; V [2.5, 4.5]; C [3, MacAdam limit)	1	8.0Y 3.5/5.8	peripheral	Kelly & Judd, NBS SP 440 (1976) [DOI:10.6028/NBS.SP.440] hue-range charts p. 22, 23 (PDF p. 58, 59); boundary rule p. 15	Kelly 1958, J. Res. NBS 61(5), Table 1, p. 429 [DOI:10.6028/jres.061.035]; printed '8.0Y 3.5+/5.8+*'	Kelly & Judd, NBS SP 440 (1976) [DOI:10.6028/NBS.SP.440] chart p. 22; Kelly 1958, J. Res. NBS 61(5):427 [DOI:10.6028/jres.061.035] Table 1 p. 429; abbreviation per SP 440 Fig. 11 and dictionary	FLOPO:0988021
FLOPO:0988131	FLOPO:0988131	ISCCNBS:L3_108	3	108	dark olive	d.Ol	olive	olive	ISCCNBS:L2_013	108		H 4Y-2GY; V [0, 1.5]; C [1, MacAdam limit) || H 4Y-2GY; V [1.5, 2.5]; C [3, MacAdam limit)	2	8.0Y 1.7/3.2	peripheral	Kelly & Judd, NBS SP 440 (1976) [DOI:10.6028/NBS.SP.440] hue-range charts p. 22, 23 (PDF p. 58, 59); boundary rule p. 15	Kelly 1958, J. Res. NBS 61(5), Table 1, p. 429 [DOI:10.6028/jres.061.035]; printed '8.0Y 1.7/3.2*'	Kelly & Judd, NBS SP 440 (1976) [DOI:10.6028/NBS.SP.440] chart p. 22; Kelly 1958, J. Res. NBS 61(5):427 [DOI:10.6028/jres.061.035] Table 1 p. 429; abbreviation per SP 440 Fig. 11 and dictionary	FLOPO:0988021
FLOPO:0988132	FLOPO:0988132	ISCCNBS:L3_109	3	109	light grayish olive	l.gy.Ol	olive	olive	ISCCNBS:L2_013	109		H 9Y-2GY; V [4.5, 6.5]; C [1.2, 3] || H 4Y-9Y; V [4.5, 6.5]; C [2, 3]	2	8.3Y 5.5/2.4	interior	Kelly & Judd, NBS SP 440 (1976) [DOI:10.6028/NBS.SP.440] hue-range charts p. 22, 23 (PDF p. 58, 59); boundary rule p. 15	Kelly 1958, J. Res. NBS 61(5), Table 1, p. 429 [DOI:10.6028/jres.061.035]; printed '8.3Y 5.5/2.4'	Kelly & Judd, NBS SP 440 (1976) [DOI:10.6028/NBS.SP.440] chart p. 22; Kelly 1958, J. Res. NBS 61(5):427 [DOI:10.6028/jres.061.035] Table 1 p. 429; abbreviation per SP 440 Fig. 11 and dictionary	FLOPO:0988021
FLOPO:0988133	FLOPO:0988133	ISCCNBS:L3_110	3	110	grayish olive	gy.Ol	olive	olive	ISCCNBS:L2_013	110		H 9Y-2GY; V [2.5, 4.5]; C [1.2, 3] || H 4Y-9Y; V [2.5, 4.5]; C [1.5, 3]	2	8.1Y 3.5/2.3	interior	Kelly & Judd, NBS SP 440 (1976) [DOI:10.6028/NBS.SP.440] hue-range charts p. 22, 23 (PDF p. 58, 59); boundary rule p. 15	Kelly 1958, J. Res. NBS 61(5), Table 1, p. 429 [DOI:10.6028/jres.061.035]; printed '8.1Y 3.5/2.3'	Kelly & Judd, NBS SP 440 (1976) [DOI:10.6028/NBS.SP.440] chart p. 22; Kelly 1958, J. Res. NBS 61(5):427 [DOI:10.6028/jres.061.035] Table 1 p. 429; abbreviation per SP 440 Fig. 11 and dictionary	FLOPO:0988021
FLOPO:0988134	FLOPO:0988134	ISCCNBS:L3_111	3	111	dark grayish olive	d.gy.Ol	olive	olive	ISCCNBS:L2_013	111		H 4Y-2GY; V [1.5, 2.5]; C [0.5, 3]	1	8.0Y 2.0/2.0	interior	Kelly & Judd, NBS SP 440 (1976) [DOI:10.6028/NBS.SP.440] hue-range charts p. 22, 23 (PDF p. 58, 59); boundary rule p. 15	Kelly 1958, J. Res. NBS 61(5), Table 1, p. 429 [DOI:10.6028/jres.061.035]; printed '8.0Y 2.0/2.0'	Kelly & Judd, NBS SP 440 (1976) [DOI:10.6028/NBS.SP.440] chart p. 22; Kelly 1958, J. Res. NBS 61(5):427 [DOI:10.6028/jres.061.035] Table 1 p. 429; abbreviation per SP 440 Fig. 11 and dictionary	FLOPO:0988021
FLOPO:0988135	FLOPO:0988135	ISCCNBS:L3_112	3	112	light olive gray	l.OlGy	olive	olive	ISCCNBS:L2_013	112		H 9Y-4GY; V [4.5, 6.5]; C [0.5, 1.2] || H 4Y-9Y; V [4.5, 6.5]; C [0.7, 2]	2	7.4Y 5.5/1.3	interior	Kelly & Judd, NBS SP 440 (1976) [DOI:10.6028/NBS.SP.440] hue-range charts p. 22, 23, 24 (PDF p. 58, 59, 60); boundary rule p. 15	Kelly 1958, J. Res. NBS 61(5), Table 1, p. 429 [DOI:10.6028/jres.061.035]; printed '7.4Y 5.5/1.3'	Kelly & Judd, NBS SP 440 (1976) [DOI:10.6028/NBS.SP.440] chart p. 22; Kelly 1958, J. Res. NBS 61(5):427 [DOI:10.6028/jres.061.035] Table 1 p. 429; abbreviation per SP 440 Fig. 11 and dictionary	FLOPO:0988021
FLOPO:0988136	FLOPO:0988136	ISCCNBS:L3_113	3	113	olive gray	OlGy	olive	olive	ISCCNBS:L2_013	113		H 4Y-9Y; V [2.5, 4.5]; C [0.5, 1.5] || H 9Y-4GY; V [2.5, 4.5]; C [0.5, 1.2]	2	8.1Y 3.5/1.0	interior	Kelly & Judd, NBS SP 440 (1976) [DOI:10.6028/NBS.SP.440] hue-range charts p. 22, 23, 24 (PDF p. 58, 59, 60); boundary rule p. 15	Kelly 1958, J. Res. NBS 61(5), Table 1, p. 429 [DOI:10.6028/jres.061.035]; printed '8.1Y 3.5/1.0'	Kelly & Judd, NBS SP 440 (1976) [DOI:10.6028/NBS.SP.440] chart p. 22; Kelly 1958, J. Res. NBS 61(5):427 [DOI:10.6028/jres.061.035] Table 1 p. 429; abbreviation per SP 440 Fig. 11 and dictionary	FLOPO:0988021
FLOPO:0988137	FLOPO:0988137	ISCCNBS:L3_114	3	114	olive black	OlBk	olive	olive	ISCCNBS:L2_013	114		H 4Y-4GY; V [0, 1.5]; C [0.5, 1]	1	9.0Y 0.9/0.8	peripheral	Kelly & Judd, NBS SP 440 (1976) [DOI:10.6028/NBS.SP.440] hue-range charts p. 22, 23, 24 (PDF p. 58, 59, 60); boundary rule p. 15	Kelly 1958, J. Res. NBS 61(5), Table 1, p. 429 [DOI:10.6028/jres.061.035]; printed '9.0Y 0.9/0.8*'	Kelly & Judd, NBS SP 440 (1976) [DOI:10.6028/NBS.SP.440] chart p. 22; Kelly 1958, J. Res. NBS 61(5):427 [DOI:10.6028/jres.061.035] Table 1 p. 429; abbreviation per SP 440 Fig. 11 and dictionary	FLOPO:0988021
FLOPO:0988138	FLOPO:0988138	ISCCNBS:L3_115	3	115	vivid yellow green	v.YG	yellow green	yellow green	ISCCNBS:L2_014	115		H 2GY-8GY; V [3.5, 10]; C [11, MacAdam limit)	1	5.0GY 7.5/14.5	peripheral	Kelly & Judd, NBS SP 440 (1976) [DOI:10.6028/NBS.SP.440] hue-range charts p. 24 (PDF p. 60); boundary rule p. 15	Kelly 1958, J. Res. NBS 61(5), Table 1, p. 429 [DOI:10.6028/jres.061.035]; printed '5.0GY 7.5/14.5+*'	Kelly & Judd, NBS SP 440 (1976) [DOI:10.6028/NBS.SP.440] chart p. 24; Kelly 1958, J. Res. NBS 61(5):427 [DOI:10.6028/jres.061.035] Table 1 p. 429; abbreviation per SP 440 Fig. 11 and dictionary	PATO:0001941
FLOPO:0988139	FLOPO:0988139	ISCCNBS:L3_116	3	116	brilliant yellow green	brill.YG	yellow green	yellow green	ISCCNBS:L2_014	116		H 2GY-8GY; V [7.5, 10]; C [7, 11]	1	5.0GY 8.5/9.1	peripheral	Kelly & Judd, NBS SP 440 (1976) [DOI:10.6028/NBS.SP.440] hue-range charts p. 24 (PDF p. 60); boundary rule p. 15	Kelly 1958, J. Res. NBS 61(5), Table 1, p. 429 [DOI:10.6028/jres.061.035]; printed '5.0GY8.5/9.1*'	Kelly & Judd, NBS SP 440 (1976) [DOI:10.6028/NBS.SP.440] chart p. 24; Kelly 1958, J. Res. NBS 61(5):427 [DOI:10.6028/jres.061.035] Table 1 p. 429; abbreviation per SP 440 Fig. 11 and dictionary	PATO:0001941
FLOPO:0988140	FLOPO:0988140	ISCCNBS:L3_117	3	117	strong yellow green	s.YG	yellow green	yellow green	ISCCNBS:L2_014	117		H 2GY-8GY; V [4.5, 7.5]; C [7, 11]	1	5.0GY 6.0/9.1	interior	Kelly & Judd, NBS SP 440 (1976) [DOI:10.6028/NBS.SP.440] hue-range charts p. 24 (PDF p. 60); boundary rule p. 15	Kelly 1958, J. Res. NBS 61(5), Table 1, p. 429 [DOI:10.6028/jres.061.035]; printed '5.0GY6.0/9.1'	Kelly & Judd, NBS SP 440 (1976) [DOI:10.6028/NBS.SP.440] chart p. 24; Kelly 1958, J. Res. NBS 61(5):427 [DOI:10.6028/jres.061.035] Table 1 p. 429; abbreviation per SP 440 Fig. 11 and dictionary	PATO:0001941
FLOPO:0988141	FLOPO:0988141	ISCCNBS:L3_118	3	118	deep yellow green	d.YG	yellow green	yellow green	ISCCNBS:L2_014	118		H 2GY-8GY; V [3.5, 4.5]; C [7, 11]	1	5.0GY 4.0/9.1	interior	Kelly & Judd, NBS SP 440 (1976) [DOI:10.6028/NBS.SP.440] hue-range charts p. 24 (PDF p. 60); boundary rule p. 15	Kelly 1958, J. Res. NBS 61(5), Table 1, p. 429 [DOI:10.6028/jres.061.035]; printed '5.0GY4.0/9.1'	Kelly & Judd, NBS SP 440 (1976) [DOI:10.6028/NBS.SP.440] chart p. 24; Kelly 1958, J. Res. NBS 61(5):427 [DOI:10.6028/jres.061.035] Table 1 p. 429; abbreviation per SP 440 Fig. 11 and dictionary	PATO:0001941
FLOPO:0988142	FLOPO:0988142	ISCCNBS:L3_119	3	119	light yellow green	l.YG	yellow green	yellow green	ISCCNBS:L2_014	119		H 2GY-8GY; V [7.5, 10]; C [3, 7]	1	5.0GY 8.6/5.2	peripheral	Kelly & Judd, NBS SP 440 (1976) [DOI:10.6028/NBS.SP.440] hue-range charts p. 24 (PDF p. 60); boundary rule p. 15	Kelly 1958, J. Res. NBS 61(5), Table 1, p. 429 [DOI:10.6028/jres.061.035]; printed '5.0GY8.6/5.2*'	Kelly & Judd, NBS SP 440 (1976) [DOI:10.6028/NBS.SP.440] chart p. 24; Kelly 1958, J. Res. NBS 61(5):427 [DOI:10.6028/jres.061.035] Table 1 p. 429; abbreviation per SP 440 Fig. 11 and dictionary	PATO:0001941
FLOPO:0988143	FLOPO:0988143	ISCCNBS:L3_120	3	120	moderate yellow green	m.YG	yellow green	yellow green	ISCCNBS:L2_014	120		H 2GY-8GY; V [4.5, 7.5]; C [3, 7]	1	5.0GY 6.0/5.2	interior	Kelly & Judd, NBS SP 440 (1976) [DOI:10.6028/NBS.SP.440] hue-range charts p. 24 (PDF p. 60); boundary rule p. 15	Kelly 1958, J. Res. NBS 61(5), Table 1, p. 429 [DOI:10.6028/jres.061.035]; printed '5.0GY6.0/5.2'	Kelly & Judd, NBS SP 440 (1976) [DOI:10.6028/NBS.SP.440] chart p. 24; Kelly 1958, J. Res. NBS 61(5):427 [DOI:10.6028/jres.061.035] Table 1 p. 429; abbreviation per SP 440 Fig. 11 and dictionary	PATO:0001941
FLOPO:0988144	FLOPO:0988144	ISCCNBS:L3_121	3	121	pale yellow green	p.YG	yellow green	yellow green	ISCCNBS:L2_014	121		H 9Y-8GY; V [7.5, 10]; C [1.2, 3]	1	3.5GY 8.7/2.2	peripheral	Kelly & Judd, NBS SP 440 (1976) [DOI:10.6028/NBS.SP.440] hue-range charts p. 23, 24 (PDF p. 59, 60); boundary rule p. 15	Kelly 1958, J. Res. NBS 61(5), Table 1, p. 429 [DOI:10.6028/jres.061.035]; printed '3.5GY 8.7/2.2*'	Kelly & Judd, NBS SP 440 (1976) [DOI:10.6028/NBS.SP.440] chart p. 23; Kelly 1958, J. Res. NBS 61(5):427 [DOI:10.6028/jres.061.035] Table 1 p. 429; abbreviation per SP 440 Fig. 11 and dictionary	PATO:0001941
FLOPO:0988145	FLOPO:0988145	ISCCNBS:L3_122	3	122	grayish yellow green	gy.YG	yellow green	yellow green	ISCCNBS:L2_014	122		H 2GY-8GY; V [4.5, 7.5]; C [1.2, 3] || H 9Y-2GY; V [6.5, 7.5]; C [1.2, 3]	2	4.4GY 6.1/2.2	interior	Kelly & Judd, NBS SP 440 (1976) [DOI:10.6028/NBS.SP.440] hue-range charts p. 23, 24 (PDF p. 59, 60); boundary rule p. 15	Kelly 1958, J. Res. NBS 61(5), Table 1, p. 429 [DOI:10.6028/jres.061.035]; printed '4.4GY6.1/2.2'	Kelly & Judd, NBS SP 440 (1976) [DOI:10.6028/NBS.SP.440] chart p. 23; Kelly 1958, J. Res. NBS 61(5):427 [DOI:10.6028/jres.061.035] Table 1 p. 429; abbreviation per SP 440 Fig. 11 and dictionary	PATO:0001941
FLOPO:0988146	FLOPO:0988146	ISCCNBS:L3_123	3	123	strong olive green	s.OlG	olive green	olive	ISCCNBS:L2_015	123		H 2GY-8GY; V [2.5, 3.5]; C [7, MacAdam limit)	1	5.0GY 3.2/7.8	peripheral	Kelly & Judd, NBS SP 440 (1976) [DOI:10.6028/NBS.SP.440] hue-range charts p. 24 (PDF p. 60); boundary rule p. 15	Kelly 1958, J. Res. NBS 61(5), Table 1, p. 429 [DOI:10.6028/jres.061.035]; printed '5.0GY3.2/7.8+*'	Kelly & Judd, NBS SP 440 (1976) [DOI:10.6028/NBS.SP.440] chart p. 24; Kelly 1958, J. Res. NBS 61(5):427 [DOI:10.6028/jres.061.035] Table 1 p. 429; abbreviation per SP 440 Fig. 11 and dictionary	FLOPO:0988022
FLOPO:0988147	FLOPO:0988147	ISCCNBS:L3_124	3	124	deep olive green	deep OlG	olive green	olive	ISCCNBS:L2_015	124		H 2GY-8GY; V [0, 2.5]; C [7, MacAdam limit)	1	5.0GY 2.4/7.1	peripheral	Kelly & Judd, NBS SP 440 (1976) [DOI:10.6028/NBS.SP.440] hue-range charts p. 24 (PDF p. 60); boundary rule p. 15	Kelly 1958, J. Res. NBS 61(5), Table 1, p. 429 [DOI:10.6028/jres.061.035]; printed '5.0GY 2.4+/7.1+*'	Kelly & Judd, NBS SP 440 (1976) [DOI:10.6028/NBS.SP.440] chart p. 24; Kelly 1958, J. Res. NBS 61(5):427 [DOI:10.6028/jres.061.035] Table 1 p. 429; abbreviation per SP 440 Fig. 11 and dictionary	FLOPO:0988022
FLOPO:0988148	FLOPO:0988148	ISCCNBS:L3_125	3	125	moderate olive green	m.OlG	olive green	olive	ISCCNBS:L2_015	125		H 2GY-8GY; V [2.5, 4.5]; C [3, 7]	1	5.0GY 3.5/5.2	interior	Kelly & Judd, NBS SP 440 (1976) [DOI:10.6028/NBS.SP.440] hue-range charts p. 24 (PDF p. 60); boundary rule p. 15	Kelly 1958, J. Res. NBS 61(5), Table 1, p. 429 [DOI:10.6028/jres.061.035]; printed '5.0GY3.5/5.2'	Kelly & Judd, NBS SP 440 (1976) [DOI:10.6028/NBS.SP.440] chart p. 24; Kelly 1958, J. Res. NBS 61(5):427 [DOI:10.6028/jres.061.035] Table 1 p. 429; abbreviation per SP 440 Fig. 11 and dictionary	FLOPO:0988022
FLOPO:0988149	FLOPO:0988149	ISCCNBS:L3_126	3	126	dark olive green	d.OlG	olive green	olive	ISCCNBS:L2_015	126		H 2GY-8GY; V [0, 1.5]; C [1, 7] || H 2GY-8GY; V [1.5, 2.5]; C [3, 7]	2	5.0GY 1.8/3.7	peripheral	Kelly & Judd, NBS SP 440 (1976) [DOI:10.6028/NBS.SP.440] hue-range charts p. 24 (PDF p. 60); boundary rule p. 15	Kelly 1958, J. Res. NBS 61(5), Table 1, p. 429 [DOI:10.6028/jres.061.035]; printed '5.0GY1.8/3.7*'	Kelly & Judd, NBS SP 440 (1976) [DOI:10.6028/NBS.SP.440] chart p. 24; Kelly 1958, J. Res. NBS 61(5):427 [DOI:10.6028/jres.061.035] Table 1 p. 429; abbreviation per SP 440 Fig. 11 and dictionary	FLOPO:0988022
FLOPO:0988150	FLOPO:0988150	ISCCNBS:L3_127	3	127	grayish olive green	gy.OlG	olive green	olive	ISCCNBS:L2_015	127		H 2GY-8GY; V [2.5, 4.5]; C [1.2, 3]	1	5.0GY 3.5/2.2	interior	Kelly & Judd, NBS SP 440 (1976) [DOI:10.6028/NBS.SP.440] hue-range charts p. 24 (PDF p. 60); boundary rule p. 15	Kelly 1958, J. Res. NBS 61(5), Table 1, p. 429 [DOI:10.6028/jres.061.035]; printed '5.0GY3.5/2.2'	Kelly & Judd, NBS SP 440 (1976) [DOI:10.6028/NBS.SP.440] chart p. 24; Kelly 1958, J. Res. NBS 61(5):427 [DOI:10.6028/jres.061.035] Table 1 p. 429; abbreviation per SP 440 Fig. 11 and dictionary	FLOPO:0988022
FLOPO:0988151	FLOPO:0988151	ISCCNBS:L3_128	3	128	dark grayish olive green	d.gy.OlG	olive green	olive	ISCCNBS:L2_015	128		H 2GY-8GY; V [1.5, 2.5]; C [0.5, 3]	1	5.0GY 2.0/2.0	interior	Kelly & Judd, NBS SP 440 (1976) [DOI:10.6028/NBS.SP.440] hue-range charts p. 24 (PDF p. 60); boundary rule p. 15	Kelly 1958, J. Res. NBS 61(5), Table 1, p. 429 [DOI:10.6028/jres.061.035]; printed '5.0GY2.0/2.0'	Kelly & Judd, NBS SP 440 (1976) [DOI:10.6028/NBS.SP.440] chart p. 24; Kelly 1958, J. Res. NBS 61(5):427 [DOI:10.6028/jres.061.035] Table 1 p. 429; abbreviation per SP 440 Fig. 11 and dictionary	FLOPO:0988022
FLOPO:0988152	FLOPO:0988152	ISCCNBS:L3_129	3	129	vivid yellowish green	v.yG	yellowish green	green	ISCCNBS:L2_016	129		H 8GY-3G; V [4.5, 10]; C [11, MacAdam limit)	1	0.5G 7.0/15.5	peripheral	Kelly & Judd, NBS SP 440 (1976) [DOI:10.6028/NBS.SP.440] hue-range charts p. 25 (PDF p. 61); boundary rule p. 15	Kelly 1958, J. Res. NBS 61(5), Table 1, p. 429 [DOI:10.6028/jres.061.035]; printed '0.5G7/15.5+*'	Kelly & Judd, NBS SP 440 (1976) [DOI:10.6028/NBS.SP.440] chart p. 25; Kelly 1958, J. Res. NBS 61(5):427 [DOI:10.6028/jres.061.035] Table 1 p. 429; abbreviation per SP 440 Fig. 11 and dictionary	PATO:0104114
FLOPO:0988153	FLOPO:0988153	ISCCNBS:L3_130	3	130	brilliant yellowish green	brill.yG	yellowish green	green	ISCCNBS:L2_016	130		H 8GY-3G; V [6.5, 10]; C [7, 11]	1	0.5G 8.0/9.1	peripheral	Kelly & Judd, NBS SP 440 (1976) [DOI:10.6028/NBS.SP.440] hue-range charts p. 25 (PDF p. 61); boundary rule p. 15	Kelly 1958, J. Res. NBS 61(5), Table 1, p. 429 [DOI:10.6028/jres.061.035]; printed '0.5G8.0/9.1*'	Kelly & Judd, NBS SP 440 (1976) [DOI:10.6028/NBS.SP.440] chart p. 25; Kelly 1958, J. Res. NBS 61(5):427 [DOI:10.6028/jres.061.035] Table 1 p. 429; abbreviation per SP 440 Fig. 11 and dictionary	PATO:0104114
FLOPO:0988154	FLOPO:0988154	ISCCNBS:L3_131	3	131	strong yellowish green	s.yG	yellowish green	green	ISCCNBS:L2_016	131		H 8GY-3G; V [4.5, 6.5]; C [7, 11]	1	0.5G 5.5/9.1	interior	Kelly & Judd, NBS SP 440 (1976) [DOI:10.6028/NBS.SP.440] hue-range charts p. 25 (PDF p. 61); boundary rule p. 15	Kelly 1958, J. Res. NBS 61(5), Table 1, p. 429 [DOI:10.6028/jres.061.035]; printed '0.5G5.5/9.1'	Kelly & Judd, NBS SP 440 (1976) [DOI:10.6028/NBS.SP.440] chart p. 25; Kelly 1958, J. Res. NBS 61(5):427 [DOI:10.6028/jres.061.035] Table 1 p. 429; abbreviation per SP 440 Fig. 11 and dictionary	PATO:0104114
FLOPO:0988155	FLOPO:0988155	ISCCNBS:L3_132	3	132	deep yellowish green	deep yG	yellowish green	green	ISCCNBS:L2_016	132		H 8GY-3G; V [2.5, 4.5]; C [7, MacAdam limit)	1	0.5G 3.5/11.5	peripheral	Kelly & Judd, NBS SP 440 (1976) [DOI:10.6028/NBS.SP.440] hue-range charts p. 25 (PDF p. 61); boundary rule p. 15	Kelly 1958, J. Res. NBS 61(5), Table 1, p. 429 [DOI:10.6028/jres.061.035]; printed '0.5G3.5/11.5+*'	Kelly & Judd, NBS SP 440 (1976) [DOI:10.6028/NBS.SP.440] chart p. 25; Kelly 1958, J. Res. NBS 61(5):427 [DOI:10.6028/jres.061.035] Table 1 p. 429; abbreviation per SP 440 Fig. 11 and dictionary	PATO:0104114
FLOPO:0988156	FLOPO:0988156	ISCCNBS:L3_133	3	133	very deep yellowish green	v.deep yG	yellowish green	green	ISCCNBS:L2_016	133		H 8GY-3G; V [0, 2.5]; C [7, MacAdam limit)	1	0.5G 2.0/9.2	peripheral	Kelly & Judd, NBS SP 440 (1976) [DOI:10.6028/NBS.SP.440] hue-range charts p. 25 (PDF p. 61); boundary rule p. 15	Kelly 1958, J. Res. NBS 61(5), Table 1, p. 429 [DOI:10.6028/jres.061.035]; printed '0.5G2.0/9.2+*'	Kelly & Judd, NBS SP 440 (1976) [DOI:10.6028/NBS.SP.440] chart p. 25; Kelly 1958, J. Res. NBS 61(5):427 [DOI:10.6028/jres.061.035] Table 1 p. 429; abbreviation per SP 440 Fig. 11 and dictionary	PATO:0104114
FLOPO:0988157	FLOPO:0988157	ISCCNBS:L3_134	3	134	very light yellowish green	v.l.yG	yellowish green	green	ISCCNBS:L2_016	134		H 8GY-3G; V [8.5, 10]; C [2.5, 7]	1	0.5G 9.1/5.1	peripheral	Kelly & Judd, NBS SP 440 (1976) [DOI:10.6028/NBS.SP.440] hue-range charts p. 25 (PDF p. 61); boundary rule p. 15	Kelly 1958, J. Res. NBS 61(5), Table 1, p. 429 [DOI:10.6028/jres.061.035]; printed '0.5G9.1/5.1*'	Kelly & Judd, NBS SP 440 (1976) [DOI:10.6028/NBS.SP.440] chart p. 25; Kelly 1958, J. Res. NBS 61(5):427 [DOI:10.6028/jres.061.035] Table 1 p. 429; abbreviation per SP 440 Fig. 11 and dictionary	PATO:0104114
FLOPO:0988158	FLOPO:0988158	ISCCNBS:L3_135	3	135	light yellowish green	l.yG	yellowish green	green	ISCCNBS:L2_016	135		H 8GY-3G; V [6.5, 8.5]; C [2.5, 7]	1	0.5G 7.5/5.1	interior	Kelly & Judd, NBS SP 440 (1976) [DOI:10.6028/NBS.SP.440] hue-range charts p. 25 (PDF p. 61); boundary rule p. 15	Kelly 1958, J. Res. NBS 61(5), Table 1, p. 429 [DOI:10.6028/jres.061.035]; printed '0.5G7.5/5.1'	Kelly & Judd, NBS SP 440 (1976) [DOI:10.6028/NBS.SP.440] chart p. 25; Kelly 1958, J. Res. NBS 61(5):427 [DOI:10.6028/jres.061.035] Table 1 p. 429; abbreviation per SP 440 Fig. 11 and dictionary	PATO:0104114
FLOPO:0988159	FLOPO:0988159	ISCCNBS:L3_136	3	136	moderate yellowish green	m.yG	yellowish green	green	ISCCNBS:L2_016	136		H 8GY-3G; V [4.5, 6.5]; C [2.5, 7]	1	0.5G 5.5/5.1	interior	Kelly & Judd, NBS SP 440 (1976) [DOI:10.6028/NBS.SP.440] hue-range charts p. 25 (PDF p. 61); boundary rule p. 15	Kelly 1958, J. Res. NBS 61(5), Table 1, p. 429 [DOI:10.6028/jres.061.035]; printed '0.5G5.5/5.1'	Kelly & Judd, NBS SP 440 (1976) [DOI:10.6028/NBS.SP.440] chart p. 25; Kelly 1958, J. Res. NBS 61(5):427 [DOI:10.6028/jres.061.035] Table 1 p. 429; abbreviation per SP 440 Fig. 11 and dictionary	PATO:0104114
FLOPO:0988160	FLOPO:0988160	ISCCNBS:L3_137	3	137	dark yellowish green	d.yG	yellowish green	green	ISCCNBS:L2_016	137		H 8GY-3G; V [2.5, 4.5]; C [2.5, 7]	1	0.5G 3.5/5.1	interior	Kelly & Judd, NBS SP 440 (1976) [DOI:10.6028/NBS.SP.440] hue-range charts p. 25 (PDF p. 61); boundary rule p. 15	Kelly 1958, J. Res. NBS 61(5), Table 1, p. 429 [DOI:10.6028/jres.061.035]; printed '0.5G3.5/5.1'	Kelly & Judd, NBS SP 440 (1976) [DOI:10.6028/NBS.SP.440] chart p. 25; Kelly 1958, J. Res. NBS 61(5):427 [DOI:10.6028/jres.061.035] Table 1 p. 429; abbreviation per SP 440 Fig. 11 and dictionary	PATO:0104114
FLOPO:0988161	FLOPO:0988161	ISCCNBS:L3_138	3	138	very dark yellowish green	v.d.yG	yellowish green	green	ISCCNBS:L2_016	138		H 8GY-3G; V [0, 2.5]; C [2, 7]	1	0.5G 1.5/4.9	peripheral	Kelly & Judd, NBS SP 440 (1976) [DOI:10.6028/NBS.SP.440] hue-range charts p. 25 (PDF p. 61); boundary rule p. 15	Kelly 1958, J. Res. NBS 61(5), Table 1, p. 429 [DOI:10.6028/jres.061.035]; printed '0.5G1.5/4.9*'	Kelly & Judd, NBS SP 440 (1976) [DOI:10.6028/NBS.SP.440] chart p. 25; Kelly 1958, J. Res. NBS 61(5):427 [DOI:10.6028/jres.061.035] Table 1 p. 429; abbreviation per SP 440 Fig. 11 and dictionary	PATO:0104114
FLOPO:0988162	FLOPO:0988162	ISCCNBS:L3_139	3	139	vivid green	v.G	green	green	ISCCNBS:L2_017	139		H 3G-9G; V [0, 10]; C [11, MacAdam limit)	1	6.5G 5.2/18.0	peripheral	Kelly & Judd, NBS SP 440 (1976) [DOI:10.6028/NBS.SP.440] hue-range charts p. 25 (PDF p. 61); boundary rule p. 15	Kelly 1958, J. Res. NBS 61(5), Table 1, p. 429 [DOI:10.6028/jres.061.035]; printed '6.5G5.2/18+*'	Kelly & Judd, NBS SP 440 (1976) [DOI:10.6028/NBS.SP.440] chart p. 25; Kelly 1958, J. Res. NBS 61(5):427 [DOI:10.6028/jres.061.035] Table 1 p. 429; abbreviation per SP 440 Fig. 11 and dictionary	FLOPO:0988023
FLOPO:0988163	FLOPO:0988163	ISCCNBS:L3_140	3	140	brilliant green	brill.G	green	green	ISCCNBS:L2_017	140		H 3G-9G; V [5.5, 10]; C [7, 11]	1	6.0G 7.4/9.1	peripheral	Kelly & Judd, NBS SP 440 (1976) [DOI:10.6028/NBS.SP.440] hue-range charts p. 25 (PDF p. 61); boundary rule p. 15	Kelly 1958, J. Res. NBS 61(5), Table 1, p. 429 [DOI:10.6028/jres.061.035]; printed '6.0G7.4/9.1*'	Kelly & Judd, NBS SP 440 (1976) [DOI:10.6028/NBS.SP.440] chart p. 25; Kelly 1958, J. Res. NBS 61(5):427 [DOI:10.6028/jres.061.035] Table 1 p. 429; abbreviation per SP 440 Fig. 11 and dictionary	FLOPO:0988023
FLOPO:0988164	FLOPO:0988164	ISCCNBS:L3_141	3	141	strong green	s.G	green	green	ISCCNBS:L2_017	141		H 3G-9G; V [3.5, 5.5]; C [7, 11]	1	6.0G 4.5/9.1	interior	Kelly & Judd, NBS SP 440 (1976) [DOI:10.6028/NBS.SP.440] hue-range charts p. 25 (PDF p. 61); boundary rule p. 15	Kelly 1958, J. Res. NBS 61(5), Table 1, p. 429 [DOI:10.6028/jres.061.035]; printed '6.0G 4.5/9.1'	Kelly & Judd, NBS SP 440 (1976) [DOI:10.6028/NBS.SP.440] chart p. 25; Kelly 1958, J. Res. NBS 61(5):427 [DOI:10.6028/jres.061.035] Table 1 p. 429; abbreviation per SP 440 Fig. 11 and dictionary	FLOPO:0988023
PATO:0104123	PATO:0104123	ISCCNBS:L3_142	3	142	deep green	deep G	green	green	ISCCNBS:L2_017	142		H 3G-9G; V [0, 3.5]; C [7, 11]	1	6.0G 2.3/9.1	peripheral	Kelly & Judd, NBS SP 440 (1976) [DOI:10.6028/NBS.SP.440] hue-range charts p. 25 (PDF p. 61); boundary rule p. 15	Kelly 1958, J. Res. NBS 61(5), Table 1, p. 429 [DOI:10.6028/jres.061.035]; printed '6.0G 2.3/9.1*'	Kelly & Judd, NBS SP 440 (1976) [DOI:10.6028/NBS.SP.440] chart p. 25; Kelly 1958, J. Res. NBS 61(5):427 [DOI:10.6028/jres.061.035] Table 1 p. 429; abbreviation per SP 440 Fig. 11 and dictionary	FLOPO:0988023
FLOPO:0988165	FLOPO:0988165	ISCCNBS:L3_143	3	143	very light green	v.l.G	green	green	ISCCNBS:L2_017	143		H 3G-9G; V [7.5, 10]; C [2.5, 7]	1	6.0G 8.6/5.1	peripheral	Kelly & Judd, NBS SP 440 (1976) [DOI:10.6028/NBS.SP.440] hue-range charts p. 25 (PDF p. 61); boundary rule p. 15	Kelly 1958, J. Res. NBS 61(5), Table 1, p. 429 [DOI:10.6028/jres.061.035]; printed '6.0G8.6/5.1*'	Kelly & Judd, NBS SP 440 (1976) [DOI:10.6028/NBS.SP.440] chart p. 25; Kelly 1958, J. Res. NBS 61(5):427 [DOI:10.6028/jres.061.035] Table 1 p. 429; abbreviation per SP 440 Fig. 11 and dictionary	FLOPO:0988023
FLOPO:0988166	FLOPO:0988166	ISCCNBS:L3_144	3	144	light green	l.G	green	green	ISCCNBS:L2_017	144		H 3G-9G; V [5.5, 7.5]; C [2.5, 7]	1	6.0G 6.5/5.1	interior	Kelly & Judd, NBS SP 440 (1976) [DOI:10.6028/NBS.SP.440] hue-range charts p. 25 (PDF p. 61); boundary rule p. 15	Kelly 1958, J. Res. NBS 61(5), Table 1, p. 429 [DOI:10.6028/jres.061.035]; printed '6.0G 6.5/5.1'	Kelly & Judd, NBS SP 440 (1976) [DOI:10.6028/NBS.SP.440] chart p. 25; Kelly 1958, J. Res. NBS 61(5):427 [DOI:10.6028/jres.061.035] Table 1 p. 429; abbreviation per SP 440 Fig. 11 and dictionary	FLOPO:0988023
FLOPO:0988167	FLOPO:0988167	ISCCNBS:L3_145	3	145	moderate green	m.G	green	green	ISCCNBS:L2_017	145		H 3G-9G; V [3.5, 5.5]; C [2.5, 7]	1	6.0G 4.5/5.1	interior	Kelly & Judd, NBS SP 440 (1976) [DOI:10.6028/NBS.SP.440] hue-range charts p. 25 (PDF p. 61); boundary rule p. 15	Kelly 1958, J. Res. NBS 61(5), Table 1, p. 429 [DOI:10.6028/jres.061.035]; printed '6.0G 4.5/5.1'	Kelly & Judd, NBS SP 440 (1976) [DOI:10.6028/NBS.SP.440] chart p. 25; Kelly 1958, J. Res. NBS 61(5):427 [DOI:10.6028/jres.061.035] Table 1 p. 429; abbreviation per SP 440 Fig. 11 and dictionary	FLOPO:0988023
PATO:0001249	PATO:0001249	ISCCNBS:L3_146	3	146	dark green	d.G	green	green	ISCCNBS:L2_017	146		H 3G-9G; V [2, 2.5]; C [2, 7] || H 3G-9G; V [2.5, 3.5]; C [2.5, 7]	2	6.0G 2.7/5.0	interior	Kelly & Judd, NBS SP 440 (1976) [DOI:10.6028/NBS.SP.440] hue-range charts p. 25 (PDF p. 61); boundary rule p. 15	Kelly 1958, J. Res. NBS 61(5), Table 1, p. 429 [DOI:10.6028/jres.061.035]; printed '6.0G2.7/5.0'	Kelly & Judd, NBS SP 440 (1976) [DOI:10.6028/NBS.SP.440] chart p. 25; Kelly 1958, J. Res. NBS 61(5):427 [DOI:10.6028/jres.061.035] Table 1 p. 429; abbreviation per SP 440 Fig. 11 and dictionary	FLOPO:0988023
FLOPO:0988168	FLOPO:0988168	ISCCNBS:L3_147	3	147	very dark green	v.d.G	green	green	ISCCNBS:L2_017	147		H 3G-9G; V [0, 2]; C [2, 7]	1	6.0G 1.3/4.9	peripheral	Kelly & Judd, NBS SP 440 (1976) [DOI:10.6028/NBS.SP.440] hue-range charts p. 25 (PDF p. 61); boundary rule p. 15	Kelly 1958, J. Res. NBS 61(5), Table 1, p. 429 [DOI:10.6028/jres.061.035]; printed '6.0G 1.3/4.9*'	Kelly & Judd, NBS SP 440 (1976) [DOI:10.6028/NBS.SP.440] chart p. 25; Kelly 1958, J. Res. NBS 61(5):427 [DOI:10.6028/jres.061.035] Table 1 p. 429; abbreviation per SP 440 Fig. 11 and dictionary	FLOPO:0988023
PATO:0104223	PATO:0104223	ISCCNBS:L3_148	3	148	very pale green	v.p.G	green	green	ISCCNBS:L2_017	148		H 8GY-10BG; V [7.5, 10]; C [1.2, 2.5]	1	9.0G 8.7/1.8	peripheral	Kelly & Judd, NBS SP 440 (1976) [DOI:10.6028/NBS.SP.440] hue-range charts p. 25, 26 (PDF p. 61, 62); boundary rule p. 15	Kelly 1958, J. Res. NBS 61(5), Table 1, p. 429 [DOI:10.6028/jres.061.035]; printed '9.0G8.7/1.8*'	Kelly & Judd, NBS SP 440 (1976) [DOI:10.6028/NBS.SP.440] chart p. 25; Kelly 1958, J. Res. NBS 61(5):427 [DOI:10.6028/jres.061.035] Table 1 p. 429; abbreviation per SP 440 Fig. 11 and dictionary	FLOPO:0988023
FLOPO:0988169	FLOPO:0988169	ISCCNBS:L3_149	3	149	pale green	p.G	green	green	ISCCNBS:L2_017	149		H 8GY-10BG; V [5.5, 7.5]; C [1.2, 2.5]	1	9.0G 6.5/1.8	interior	Kelly & Judd, NBS SP 440 (1976) [DOI:10.6028/NBS.SP.440] hue-range charts p. 25, 26 (PDF p. 61, 62); boundary rule p. 15	Kelly 1958, J. Res. NBS 61(5), Table 1, p. 429 [DOI:10.6028/jres.061.035]; printed '9.0G 6.5/1.8'	Kelly & Judd, NBS SP 440 (1976) [DOI:10.6028/NBS.SP.440] chart p. 25; Kelly 1958, J. Res. NBS 61(5):427 [DOI:10.6028/jres.061.035] Table 1 p. 429; abbreviation per SP 440 Fig. 11 and dictionary	FLOPO:0988023
PATO:0104007	PATO:0104007	ISCCNBS:L3_150	3	150	grayish green	gy.G	green	green	ISCCNBS:L2_017	150		H 8GY-10BG; V [3.5, 5.5]; C [1.2, 2.5]	1	9.0G 4.5/1.8	interior	Kelly & Judd, NBS SP 440 (1976) [DOI:10.6028/NBS.SP.440] hue-range charts p. 25, 26 (PDF p. 61, 62); boundary rule p. 15	Kelly 1958, J. Res. NBS 61(5), Table 1, p. 429 [DOI:10.6028/jres.061.035]; printed '9.0G4.5/1.8'	Kelly & Judd, NBS SP 440 (1976) [DOI:10.6028/NBS.SP.440] chart p. 25; Kelly 1958, J. Res. NBS 61(5):427 [DOI:10.6028/jres.061.035] Table 1 p. 429; abbreviation per SP 440 Fig. 11 and dictionary	FLOPO:0988023
FLOPO:0988170	FLOPO:0988170	ISCCNBS:L3_151	3	151	dark grayish green	d.gy.G	green	green	ISCCNBS:L2_017	151		H 8GY-10BG; V [2, 2.5]; C [0.5, 2] || H 8GY-10BG; V [2.5, 3.5]; C [1.2, 2.5]	2	9.0G 2.8/1.6	interior	Kelly & Judd, NBS SP 440 (1976) [DOI:10.6028/NBS.SP.440] hue-range charts p. 25, 26 (PDF p. 61, 62); boundary rule p. 15	Kelly 1958, J. Res. NBS 61(5), Table 1, p. 429 [DOI:10.6028/jres.061.035]; printed '9.0G 2.8/1.6'	Kelly & Judd, NBS SP 440 (1976) [DOI:10.6028/NBS.SP.440] chart p. 25; Kelly 1958, J. Res. NBS 61(5):427 [DOI:10.6028/jres.061.035] Table 1 p. 429; abbreviation per SP 440 Fig. 11 and dictionary	FLOPO:0988023
FLOPO:0988171	FLOPO:0988171	ISCCNBS:L3_152	3	152	blackish green	blackish G	green	green	ISCCNBS:L2_017	152		H 8GY-10BG; V [0, 2]; C [1, 2]	1	9.0G 1.1/1.4	peripheral	Kelly & Judd, NBS SP 440 (1976) [DOI:10.6028/NBS.SP.440] hue-range charts p. 25, 26 (PDF p. 61, 62); boundary rule p. 15	Kelly 1958, J. Res. NBS 61(5), Table 1, p. 429 [DOI:10.6028/jres.061.035]; printed '9.0G 1.1/1.4*'	Kelly & Judd, NBS SP 440 (1976) [DOI:10.6028/NBS.SP.440] chart p. 25; Kelly 1958, J. Res. NBS 61(5):427 [DOI:10.6028/jres.061.035] Table 1 p. 429; abbreviation per SP 440 Fig. 11 and dictionary	FLOPO:0988023
PATO:0104067	PATO:0104067	ISCCNBS:L3_153	3	153	greenish white	gWhite	green	green	ISCCNBS:L2_017	153		H 4GY-10BG; V [8.5, 10]; C [0.5, 1.2]	1	7.0G 9.2/0.8	peripheral	Kelly & Judd, NBS SP 440 (1976) [DOI:10.6028/NBS.SP.440] hue-range charts p. 24, 25, 26 (PDF p. 60, 61, 62); boundary rule p. 15	Kelly 1958, J. Res. NBS 61(5), Table 1, p. 429 [DOI:10.6028/jres.061.035]; printed '7.0G 9.2/0.8*'	Kelly & Judd, NBS SP 440 (1976) [DOI:10.6028/NBS.SP.440] chart p. 24; Kelly 1958, J. Res. NBS 61(5):427 [DOI:10.6028/jres.061.035] Table 1 p. 429; abbreviation per SP 440 Fig. 11 and dictionary	FLOPO:0988023
FLOPO:0988172	FLOPO:0988172	ISCCNBS:L3_154	3	154	light greenish gray	l.gGy	green	green	ISCCNBS:L2_017	154		H 4GY-10BG; V [6.5, 8.5]; C [0.5, 1.2]	1	7.0G 7.5/0.8	interior	Kelly & Judd, NBS SP 440 (1976) [DOI:10.6028/NBS.SP.440] hue-range charts p. 24, 25, 26 (PDF p. 60, 61, 62); boundary rule p. 15	Kelly 1958, J. Res. NBS 61(5), Table 1, p. 429 [DOI:10.6028/jres.061.035]; printed '7.0G 7.5/0.8'	Kelly & Judd, NBS SP 440 (1976) [DOI:10.6028/NBS.SP.440] chart p. 24; Kelly 1958, J. Res. NBS 61(5):427 [DOI:10.6028/jres.061.035] Table 1 p. 429; abbreviation per SP 440 Fig. 11 and dictionary	FLOPO:0988023
FLOPO:0988173	FLOPO:0988173	ISCCNBS:L3_155	3	155	greenish gray	gGy	green	green	ISCCNBS:L2_017	155		H 4GY-10BG; V [4.5, 6.5]; C [0.5, 1.2]	1	7.0G 5.5/0.8	interior	Kelly & Judd, NBS SP 440 (1976) [DOI:10.6028/NBS.SP.440] hue-range charts p. 24, 25, 26 (PDF p. 60, 61, 62); boundary rule p. 15	Kelly 1958, J. Res. NBS 61(5), Table 1, p. 429 [DOI:10.6028/jres.061.035]; printed '7.0G5.5/0.8'	Kelly & Judd, NBS SP 440 (1976) [DOI:10.6028/NBS.SP.440] chart p. 24; Kelly 1958, J. Res. NBS 61(5):427 [DOI:10.6028/jres.061.035] Table 1 p. 429; abbreviation per SP 440 Fig. 11 and dictionary	FLOPO:0988023
FLOPO:0988174	FLOPO:0988174	ISCCNBS:L3_156	3	156	dark greenish gray	d.gGy	green	green	ISCCNBS:L2_017	156		H 4GY-10BG; V [2.5, 4.5]; C [0.5, 1.2]	1	7.0G 3.5/0.8	interior	Kelly & Judd, NBS SP 440 (1976) [DOI:10.6028/NBS.SP.440] hue-range charts p. 24, 25, 26 (PDF p. 60, 61, 62); boundary rule p. 15	Kelly 1958, J. Res. NBS 61(5), Table 1, p. 429 [DOI:10.6028/jres.061.035]; printed '7.0G 3.5/0.8'	Kelly & Judd, NBS SP 440 (1976) [DOI:10.6028/NBS.SP.440] chart p. 24; Kelly 1958, J. Res. NBS 61(5):427 [DOI:10.6028/jres.061.035] Table 1 p. 429; abbreviation per SP 440 Fig. 11 and dictionary	FLOPO:0988023
FLOPO:0988175	FLOPO:0988175	ISCCNBS:L3_157	3	157	greenish black	gBk	green	green	ISCCNBS:L2_017	157		H 4GY-8GY; V [0, 1.5]; C [0.5, 1] || H 8GY-10BG; V [0, 2]; C [0.5, 1]	2	7.5G 0.9/0.7	peripheral	Kelly & Judd, NBS SP 440 (1976) [DOI:10.6028/NBS.SP.440] hue-range charts p. 24, 25, 26 (PDF p. 60, 61, 62); boundary rule p. 15	Kelly 1958, J. Res. NBS 61(5), Table 1, p. 429 [DOI:10.6028/jres.061.035]; printed '7.5G0.9/0.7*'	Kelly & Judd, NBS SP 440 (1976) [DOI:10.6028/NBS.SP.440] chart p. 24; Kelly 1958, J. Res. NBS 61(5):427 [DOI:10.6028/jres.061.035] Table 1 p. 429; abbreviation per SP 440 Fig. 11 and dictionary	FLOPO:0988023
FLOPO:0988176	FLOPO:0988176	ISCCNBS:L3_158	3	158	vivid bluish green	v.bG	bluish green	green	ISCCNBS:L2_018	158		H 9G-10BG; V [0, 10]; C [11, MacAdam limit)	1	4.5BG 5.3/15.5	peripheral	Kelly & Judd, NBS SP 440 (1976) [DOI:10.6028/NBS.SP.440] hue-range charts p. 26 (PDF p. 62); boundary rule p. 15	Kelly 1958, J. Res. NBS 61(5), Table 1, p. 429 [DOI:10.6028/jres.061.035]; printed '4.5BG5.3/15.5+*'	Kelly & Judd, NBS SP 440 (1976) [DOI:10.6028/NBS.SP.440] chart p. 26; Kelly 1958, J. Res. NBS 61(5):427 [DOI:10.6028/jres.061.035] Table 1 p. 429; abbreviation per SP 440 Fig. 11 and dictionary	PATO:0104020
FLOPO:0988177	FLOPO:0988177	ISCCNBS:L3_159	3	159	brilliant bluish green	brill.bG	bluish green	green	ISCCNBS:L2_018	159		H 9G-10BG; V [5.5, 10]; C [7, 11]	1	4.5BG 7.3/9.0	peripheral	Kelly & Judd, NBS SP 440 (1976) [DOI:10.6028/NBS.SP.440] hue-range charts p. 26 (PDF p. 62); boundary rule p. 15	Kelly 1958, J. Res. NBS 61(5), Table 1, p. 429 [DOI:10.6028/jres.061.035]; printed '4.5BG7.3/9.0*'	Kelly & Judd, NBS SP 440 (1976) [DOI:10.6028/NBS.SP.440] chart p. 26; Kelly 1958, J. Res. NBS 61(5):427 [DOI:10.6028/jres.061.035] Table 1 p. 429; abbreviation per SP 440 Fig. 11 and dictionary	PATO:0104020
FLOPO:0988178	FLOPO:0988178	ISCCNBS:L3_160	3	160	strong bluish green	s.bG	bluish green	green	ISCCNBS:L2_018	160		H 9G-10BG; V [3.5, 5.5]; C [7, 11]	1	4.5BG 4.5/9.0	interior	Kelly & Judd, NBS SP 440 (1976) [DOI:10.6028/NBS.SP.440] hue-range charts p. 26 (PDF p. 62); boundary rule p. 15	Kelly 1958, J. Res. NBS 61(5), Table 1, p. 429 [DOI:10.6028/jres.061.035]; printed '4.5BG4.5/9.0'	Kelly & Judd, NBS SP 440 (1976) [DOI:10.6028/NBS.SP.440] chart p. 26; Kelly 1958, J. Res. NBS 61(5):427 [DOI:10.6028/jres.061.035] Table 1 p. 429; abbreviation per SP 440 Fig. 11 and dictionary	PATO:0104020
FLOPO:0988179	FLOPO:0988179	ISCCNBS:L3_161	3	161	deep bluish green	deep bG	bluish green	green	ISCCNBS:L2_018	161		H 9G-10BG; V [0, 3.5]; C [7, 11]	1	4.5BG 2.3/9.0	peripheral	Kelly & Judd, NBS SP 440 (1976) [DOI:10.6028/NBS.SP.440] hue-range charts p. 26 (PDF p. 62); boundary rule p. 15	Kelly 1958, J. Res. NBS 61(5), Table 1, p. 429 [DOI:10.6028/jres.061.035]; printed '4.5BG 2.3/9.0*'	Kelly & Judd, NBS SP 440 (1976) [DOI:10.6028/NBS.SP.440] chart p. 26; Kelly 1958, J. Res. NBS 61(5):427 [DOI:10.6028/jres.061.035] Table 1 p. 429; abbreviation per SP 440 Fig. 11 and dictionary	PATO:0104020
FLOPO:0988180	FLOPO:0988180	ISCCNBS:L3_162	3	162	very light bluish green	v.l.bG	bluish green	green	ISCCNBS:L2_018	162		H 9G-10BG; V [7.5, 10]; C [2.5, 7]	1	4.5BG 8.5/5.0	peripheral	Kelly & Judd, NBS SP 440 (1976) [DOI:10.6028/NBS.SP.440] hue-range charts p. 26 (PDF p. 62); boundary rule p. 15	Kelly 1958, J. Res. NBS 61(5), Table 1, p. 429 [DOI:10.6028/jres.061.035]; printed '4.5BG8.5/5.0*'	Kelly & Judd, NBS SP 440 (1976) [DOI:10.6028/NBS.SP.440] chart p. 26; Kelly 1958, J. Res. NBS 61(5):427 [DOI:10.6028/jres.061.035] Table 1 p. 429; abbreviation per SP 440 Fig. 11 and dictionary	PATO:0104020
FLOPO:0988181	FLOPO:0988181	ISCCNBS:L3_163	3	163	light bluish green	l.bG	bluish green	green	ISCCNBS:L2_018	163		H 9G-10BG; V [5.5, 7.5]; C [2.5, 7]	1	4.5BG 6.5/5.0	interior	Kelly & Judd, NBS SP 440 (1976) [DOI:10.6028/NBS.SP.440] hue-range charts p. 26 (PDF p. 62); boundary rule p. 15	Kelly 1958, J. Res. NBS 61(5), Table 1, p. 429 [DOI:10.6028/jres.061.035]; printed '4.5BG6.5/5.0'	Kelly & Judd, NBS SP 440 (1976) [DOI:10.6028/NBS.SP.440] chart p. 26; Kelly 1958, J. Res. NBS 61(5):427 [DOI:10.6028/jres.061.035] Table 1 p. 429; abbreviation per SP 440 Fig. 11 and dictionary	PATO:0104020
FLOPO:0988182	FLOPO:0988182	ISCCNBS:L3_164	3	164	moderate bluish green	m.bG	bluish green	green	ISCCNBS:L2_018	164		H 9G-10BG; V [3.5, 5.5]; C [2.5, 7]	1	4.5BG 4.5/5.0	interior	Kelly & Judd, NBS SP 440 (1976) [DOI:10.6028/NBS.SP.440] hue-range charts p. 26 (PDF p. 62); boundary rule p. 15	Kelly 1958, J. Res. NBS 61(5), Table 1, p. 429 [DOI:10.6028/jres.061.035]; printed '4.5BG4.5/5.0'	Kelly & Judd, NBS SP 440 (1976) [DOI:10.6028/NBS.SP.440] chart p. 26; Kelly 1958, J. Res. NBS 61(5):427 [DOI:10.6028/jres.061.035] Table 1 p. 429; abbreviation per SP 440 Fig. 11 and dictionary	PATO:0104020
FLOPO:0988183	FLOPO:0988183	ISCCNBS:L3_165	3	165	dark bluish green	d.bG	bluish green	green	ISCCNBS:L2_018	165		H 9G-10BG; V [2, 2.5]; C [2, 7] || H 9G-10BG; V [2.5, 3.5]; C [2.5, 7]	2	4.5BG 2.7/5.0	interior	Kelly & Judd, NBS SP 440 (1976) [DOI:10.6028/NBS.SP.440] hue-range charts p. 26 (PDF p. 62); boundary rule p. 15	Kelly 1958, J. Res. NBS 61(5), Table 1, p. 429 [DOI:10.6028/jres.061.035]; printed '4.5BG2.7/5.0'	Kelly & Judd, NBS SP 440 (1976) [DOI:10.6028/NBS.SP.440] chart p. 26; Kelly 1958, J. Res. NBS 61(5):427 [DOI:10.6028/jres.061.035] Table 1 p. 429; abbreviation per SP 440 Fig. 11 and dictionary	PATO:0104020
FLOPO:0988184	FLOPO:0988184	ISCCNBS:L3_166	3	166	very dark bluish green	v.d.bG	bluish green	green	ISCCNBS:L2_018	166		H 9G-10BG; V [0, 2]; C [2, 7]	1	4.5BG 1.3/4.9	peripheral	Kelly & Judd, NBS SP 440 (1976) [DOI:10.6028/NBS.SP.440] hue-range charts p. 26 (PDF p. 62); boundary rule p. 15	Kelly 1958, J. Res. NBS 61(5), Table 1, p. 429 [DOI:10.6028/jres.061.035]; printed '4.5BG 1.3/4.9*'	Kelly & Judd, NBS SP 440 (1976) [DOI:10.6028/NBS.SP.440] chart p. 26; Kelly 1958, J. Res. NBS 61(5):427 [DOI:10.6028/jres.061.035] Table 1 p. 429; abbreviation per SP 440 Fig. 11 and dictionary	PATO:0104020
FLOPO:0988185	FLOPO:0988185	ISCCNBS:L3_167	3	167	vivid greenish blue	v.gB	greenish blue	blue	ISCCNBS:L2_019	167		H 10BG-9B; V [0, 10]; C [11, MacAdam limit)	1	4.5B 5.2/13.0	peripheral	Kelly & Judd, NBS SP 440 (1976) [DOI:10.6028/NBS.SP.440] hue-range charts p. 26 (PDF p. 62); boundary rule p. 15	Kelly 1958, J. Res. NBS 61(5), Table 1, p. 429 [DOI:10.6028/jres.061.035]; printed '4.5B 5.2/13+*'	Kelly & Judd, NBS SP 440 (1976) [DOI:10.6028/NBS.SP.440] chart p. 26; Kelly 1958, J. Res. NBS 61(5):427 [DOI:10.6028/jres.061.035] Table 1 p. 429; abbreviation per SP 440 Fig. 11 and dictionary	FLOPO:0988024
FLOPO:0988186	FLOPO:0988186	ISCCNBS:L3_168	3	168	brilliant greenish blue	brill.gB	greenish blue	blue	ISCCNBS:L2_019	168		H 10BG-9B; V [5.5, 10]; C [7, 11]	1	4.5B 6.8/9.0	peripheral	Kelly & Judd, NBS SP 440 (1976) [DOI:10.6028/NBS.SP.440] hue-range charts p. 26 (PDF p. 62); boundary rule p. 15	Kelly 1958, J. Res. NBS 61(5), Table 1, p. 429 [DOI:10.6028/jres.061.035]; printed '4.5B 6.8/9.0*'	Kelly & Judd, NBS SP 440 (1976) [DOI:10.6028/NBS.SP.440] chart p. 26; Kelly 1958, J. Res. NBS 61(5):427 [DOI:10.6028/jres.061.035] Table 1 p. 429; abbreviation per SP 440 Fig. 11 and dictionary	FLOPO:0988024
FLOPO:0988187	FLOPO:0988187	ISCCNBS:L3_169	3	169	strong greenish blue	s.gB	greenish blue	blue	ISCCNBS:L2_019	169		H 10BG-9B; V [3.5, 5.5]; C [7, 11]	1	4.5B 4.5/9.0	interior	Kelly & Judd, NBS SP 440 (1976) [DOI:10.6028/NBS.SP.440] hue-range charts p. 26 (PDF p. 62); boundary rule p. 15	Kelly 1958, J. Res. NBS 61(5), Table 1, p. 429 [DOI:10.6028/jres.061.035]; printed '4.5B 4.5/9.0'	Kelly & Judd, NBS SP 440 (1976) [DOI:10.6028/NBS.SP.440] chart p. 26; Kelly 1958, J. Res. NBS 61(5):427 [DOI:10.6028/jres.061.035] Table 1 p. 429; abbreviation per SP 440 Fig. 11 and dictionary	FLOPO:0988024
FLOPO:0988188	FLOPO:0988188	ISCCNBS:L3_170	3	170	deep greenish blue	deep gB	greenish blue	blue	ISCCNBS:L2_019	170		H 10BG-9B; V [0, 3.5]; C [7, 11]	1	4.5B 2.5/9.0	peripheral	Kelly & Judd, NBS SP 440 (1976) [DOI:10.6028/NBS.SP.440] hue-range charts p. 26 (PDF p. 62); boundary rule p. 15	Kelly 1958, J. Res. NBS 61(5), Table 1, p. 429 [DOI:10.6028/jres.061.035]; printed '4.5B2.5/9.0*'	Kelly & Judd, NBS SP 440 (1976) [DOI:10.6028/NBS.SP.440] chart p. 26; Kelly 1958, J. Res. NBS 61(5):427 [DOI:10.6028/jres.061.035] Table 1 p. 429; abbreviation per SP 440 Fig. 11 and dictionary	FLOPO:0988024
FLOPO:0988189	FLOPO:0988189	ISCCNBS:L3_171	3	171	very light greenish blue	v.l.gB	greenish blue	blue	ISCCNBS:L2_019	171		H 10BG-9B; V [7.5, 10]; C [3, 7]	1	4.5B 8.2/5.2	peripheral	Kelly & Judd, NBS SP 440 (1976) [DOI:10.6028/NBS.SP.440] hue-range charts p. 26 (PDF p. 62); boundary rule p. 15	Kelly 1958, J. Res. NBS 61(5), Table 1, p. 429 [DOI:10.6028/jres.061.035]; printed '4.5B8.2/5.2*'	Kelly & Judd, NBS SP 440 (1976) [DOI:10.6028/NBS.SP.440] chart p. 26; Kelly 1958, J. Res. NBS 61(5):427 [DOI:10.6028/jres.061.035] Table 1 p. 429; abbreviation per SP 440 Fig. 11 and dictionary	FLOPO:0988024
FLOPO:0988190	FLOPO:0988190	ISCCNBS:L3_172	3	172	light greenish blue	l.gB	greenish blue	blue	ISCCNBS:L2_019	172		H 10BG-9B; V [5.5, 7.5]; C [3, 7]	1	4.5B 6.5/5.2	interior	Kelly & Judd, NBS SP 440 (1976) [DOI:10.6028/NBS.SP.440] hue-range charts p. 26 (PDF p. 62); boundary rule p. 15	Kelly 1958, J. Res. NBS 61(5), Table 1, p. 429 [DOI:10.6028/jres.061.035]; printed '4.5B6.5/5.2'	Kelly & Judd, NBS SP 440 (1976) [DOI:10.6028/NBS.SP.440] chart p. 26; Kelly 1958, J. Res. NBS 61(5):427 [DOI:10.6028/jres.061.035] Table 1 p. 429; abbreviation per SP 440 Fig. 11 and dictionary	FLOPO:0988024
FLOPO:0988191	FLOPO:0988191	ISCCNBS:L3_173	3	173	moderate greenish blue	m.gB	greenish blue	blue	ISCCNBS:L2_019	173		H 10BG-9B; V [3.5, 5.5]; C [3, 7]	1	4.5B 4.5/5.2	interior	Kelly & Judd, NBS SP 440 (1976) [DOI:10.6028/NBS.SP.440] hue-range charts p. 26 (PDF p. 62); boundary rule p. 15	Kelly 1958, J. Res. NBS 61(5), Table 1, p. 429 [DOI:10.6028/jres.061.035]; printed '4.5B4.5/5.2'	Kelly & Judd, NBS SP 440 (1976) [DOI:10.6028/NBS.SP.440] chart p. 26; Kelly 1958, J. Res. NBS 61(5):427 [DOI:10.6028/jres.061.035] Table 1 p. 429; abbreviation per SP 440 Fig. 11 and dictionary	FLOPO:0988024
FLOPO:0988192	FLOPO:0988192	ISCCNBS:L3_174	3	174	dark greenish blue	d.gB	greenish blue	blue	ISCCNBS:L2_019	174		H 10BG-9B; V [2, 2.5]; C [2, 7] || H 10BG-9B; V [2.5, 3.5]; C [3, 7]	2	4.5B 2.7/5.0	interior	Kelly & Judd, NBS SP 440 (1976) [DOI:10.6028/NBS.SP.440] hue-range charts p. 26 (PDF p. 62); boundary rule p. 15	Kelly 1958, J. Res. NBS 61(5), Table 1, p. 429 [DOI:10.6028/jres.061.035]; printed '4.5B 2.7/5.0'	Kelly & Judd, NBS SP 440 (1976) [DOI:10.6028/NBS.SP.440] chart p. 26; Kelly 1958, J. Res. NBS 61(5):427 [DOI:10.6028/jres.061.035] Table 1 p. 429; abbreviation per SP 440 Fig. 11 and dictionary	FLOPO:0988024
FLOPO:0988193	FLOPO:0988193	ISCCNBS:L3_175	3	175	very dark greenish blue	v.d.gB	greenish blue	blue	ISCCNBS:L2_019	175		H 10BG-9B; V [0, 2]; C [2, 7]	1	4.5B 1.3/4.9	peripheral	Kelly & Judd, NBS SP 440 (1976) [DOI:10.6028/NBS.SP.440] hue-range charts p. 26 (PDF p. 62); boundary rule p. 15	Kelly 1958, J. Res. NBS 61(5), Table 1, p. 429 [DOI:10.6028/jres.061.035]; printed '4.5B1.3/4.9*'	Kelly & Judd, NBS SP 440 (1976) [DOI:10.6028/NBS.SP.440] chart p. 26; Kelly 1958, J. Res. NBS 61(5):427 [DOI:10.6028/jres.061.035] Table 1 p. 429; abbreviation per SP 440 Fig. 11 and dictionary	FLOPO:0988024
FLOPO:0988194	FLOPO:0988194	ISCCNBS:L3_176	3	176	vivid blue	v.B	blue	blue	ISCCNBS:L2_020	176		H 9B-7PB; V [0, 3]; C [11, MacAdam limit) || H 9B-7PB; V [3, 10]; C [13, MacAdam limit)	2	3.0PB 4.2/15.0	peripheral	Kelly & Judd, NBS SP 440 (1976) [DOI:10.6028/NBS.SP.440] hue-range charts p. 27, 28 (PDF p. 63, 64); boundary rule p. 15	Kelly 1958, J. Res. NBS 61(5), Table 1, p. 429 [DOI:10.6028/jres.061.035]; printed '3.0PB4.2/15+*'	Kelly & Judd, NBS SP 440 (1976) [DOI:10.6028/NBS.SP.440] chart p. 27; Kelly 1958, J. Res. NBS 61(5):427 [DOI:10.6028/jres.061.035] Table 1 p. 429; abbreviation per SP 440 Fig. 11 and dictionary	FLOPO:0988025
FLOPO:0988195	FLOPO:0988195	ISCCNBS:L3_177	3	177	brilliant blue	brill.B	blue	blue	ISCCNBS:L2_020	177		H 9B-7PB; V [5.5, 10]; C [9, 13]	1	3.0PB 6.4/11.0	peripheral	Kelly & Judd, NBS SP 440 (1976) [DOI:10.6028/NBS.SP.440] hue-range charts p. 27, 28 (PDF p. 63, 64); boundary rule p. 15	Kelly 1958, J. Res. NBS 61(5), Table 1, p. 429 [DOI:10.6028/jres.061.035]; printed '3.0PB6.4/11.0*'	Kelly & Judd, NBS SP 440 (1976) [DOI:10.6028/NBS.SP.440] chart p. 27; Kelly 1958, J. Res. NBS 61(5):427 [DOI:10.6028/jres.061.035] Table 1 p. 429; abbreviation per SP 440 Fig. 11 and dictionary	FLOPO:0988025
FLOPO:0988196	FLOPO:0988196	ISCCNBS:L3_178	3	178	strong blue	s.B	blue	blue	ISCCNBS:L2_020	178		H 9B-7PB; V [3, 5.5]; C [9, 13]	1	3.0PB 4.2/11.0	interior	Kelly & Judd, NBS SP 440 (1976) [DOI:10.6028/NBS.SP.440] hue-range charts p. 27, 28 (PDF p. 63, 64); boundary rule p. 15	Kelly 1958, J. Res. NBS 61(5), Table 1, p. 429 [DOI:10.6028/jres.061.035]; printed '3.0PB 4.2/11.0'	Kelly & Judd, NBS SP 440 (1976) [DOI:10.6028/NBS.SP.440] chart p. 27; Kelly 1958, J. Res. NBS 61(5):427 [DOI:10.6028/jres.061.035] Table 1 p. 429; abbreviation per SP 440 Fig. 11 and dictionary	FLOPO:0988025
PATO:0104064	PATO:0104064	ISCCNBS:L3_179	3	179	deep blue	deep B	blue	blue	ISCCNBS:L2_020	179		H 9B-7PB; V [0, 3]; C [7, 11]	1	3.0PB 2.0/9.0	peripheral	Kelly & Judd, NBS SP 440 (1976) [DOI:10.6028/NBS.SP.440] hue-range charts p. 27, 28 (PDF p. 63, 64); boundary rule p. 15	Kelly 1958, J. Res. NBS 61(5), Table 1, p. 429 [DOI:10.6028/jres.061.035]; printed '3.0PB2.0/9.0*'	Kelly & Judd, NBS SP 440 (1976) [DOI:10.6028/NBS.SP.440] chart p. 27; Kelly 1958, J. Res. NBS 61(5):427 [DOI:10.6028/jres.061.035] Table 1 p. 429; abbreviation per SP 440 Fig. 11 and dictionary	FLOPO:0988025
FLOPO:0988197	FLOPO:0988197	ISCCNBS:L3_180	3	180	very light blue	v.l.B	blue	blue	ISCCNBS:L2_020	180		H 9B-5PB; V [7.5, 10]; C [5, 9] || H 5PB-7PB; V [7.5, 10]; C [7, 9]	2	2.4PB 8.2/7.2	peripheral	Kelly & Judd, NBS SP 440 (1976) [DOI:10.6028/NBS.SP.440] hue-range charts p. 27, 28 (PDF p. 63, 64); boundary rule p. 15	Kelly 1958, J. Res. NBS 61(5), Table 1, p. 429 [DOI:10.6028/jres.061.035]; printed '2.4PB 8.2/7.2*'	Kelly & Judd, NBS SP 440 (1976) [DOI:10.6028/NBS.SP.440] chart p. 27; Kelly 1958, J. Res. NBS 61(5):427 [DOI:10.6028/jres.061.035] Table 1 p. 429; abbreviation per SP 440 Fig. 11 and dictionary	FLOPO:0988025
FLOPO:0988198	FLOPO:0988198	ISCCNBS:L3_181	3	181	light blue	l.B	blue	blue	ISCCNBS:L2_020	181		H 9B-5PB; V [5.5, 7.5]; C [5, 9] || H 5PB-7PB; V [5.5, 7.5]; C [7, 9]	2	2.7PB 6.5/7.3	interior	Kelly & Judd, NBS SP 440 (1976) [DOI:10.6028/NBS.SP.440] hue-range charts p. 27, 28 (PDF p. 63, 64); boundary rule p. 15	Kelly 1958, J. Res. NBS 61(5), Table 1, p. 429 [DOI:10.6028/jres.061.035]; printed '2.7PB 6.5/7.3'	Kelly & Judd, NBS SP 440 (1976) [DOI:10.6028/NBS.SP.440] chart p. 27; Kelly 1958, J. Res. NBS 61(5):427 [DOI:10.6028/jres.061.035] Table 1 p. 429; abbreviation per SP 440 Fig. 11 and dictionary	FLOPO:0988025
FLOPO:0988199	FLOPO:0988199	ISCCNBS:L3_182	3	182	moderate blue	m.B	blue	blue	ISCCNBS:L2_020	182		H 9B-5PB; V [3, 5.5]; C [5, 9] || H 5PB-7PB; V [3, 4.5]; C [5, 9] || H 5PB-7PB; V [4.5, 5.5]; C [7, 9]	3	2.9PB 4.2/7.2	interior	Kelly & Judd, NBS SP 440 (1976) [DOI:10.6028/NBS.SP.440] hue-range charts p. 27, 28 (PDF p. 63, 64); boundary rule p. 15	Kelly 1958, J. Res. NBS 61(5), Table 1, p. 429 [DOI:10.6028/jres.061.035]; printed '2.9PB4.2/7.2'	Kelly & Judd, NBS SP 440 (1976) [DOI:10.6028/NBS.SP.440] chart p. 27; Kelly 1958, J. Res. NBS 61(5):427 [DOI:10.6028/jres.061.035] Table 1 p. 429; abbreviation per SP 440 Fig. 11 and dictionary	FLOPO:0988025
FLOPO:0988200	FLOPO:0988200	ISCCNBS:L3_183	3	183	dark blue	d.B	blue	blue	ISCCNBS:L2_020	183		H 9B-6PB; V [0, 2.5]; C [2, 7] || H 9B-6PB; V [2.5, 3]; C [3, 7] || H 6PB-7PB; V [0, 3]; C [5, 7]	3	2.8PB 1.7/5.0	peripheral	Kelly & Judd, NBS SP 440 (1976) [DOI:10.6028/NBS.SP.440] hue-range charts p. 27, 28 (PDF p. 63, 64); boundary rule p. 15	Kelly 1958, J. Res. NBS 61(5), Table 1, p. 429 [DOI:10.6028/jres.061.035]; printed '2.8PB1.7/5.0*'	Kelly & Judd, NBS SP 440 (1976) [DOI:10.6028/NBS.SP.440] chart p. 27; Kelly 1958, J. Res. NBS 61(5):427 [DOI:10.6028/jres.061.035] Table 1 p. 429; abbreviation per SP 440 Fig. 11 and dictionary	FLOPO:0988025
PATO:0104077	PATO:0104077	ISCCNBS:L3_184	3	184	very pale blue	v.p.B	blue	blue	ISCCNBS:L2_020	184		H 10BG-9B; V [7.5, 10]; C [1.5, 3] || H 9B-5PB; V [7.5, 10]; C [1.5, 5] || H 5PB-9PB; V [7.5, 10]; C [1.5, 3]	3	0.9PB 8.4/3.0	peripheral	Kelly & Judd, NBS SP 440 (1976) [DOI:10.6028/NBS.SP.440] hue-range charts p. 26, 27, 28 (PDF p. 62, 63, 64); boundary rule p. 15	Kelly 1958, J. Res. NBS 61(5), Table 1, p. 429 [DOI:10.6028/jres.061.035]; printed '0.9PB8.4/3.0*'	Kelly & Judd, NBS SP 440 (1976) [DOI:10.6028/NBS.SP.440] chart p. 26; Kelly 1958, J. Res. NBS 61(5):427 [DOI:10.6028/jres.061.035] Table 1 p. 429; abbreviation per SP 440 Fig. 11 and dictionary	FLOPO:0988025
FLOPO:0988201	FLOPO:0988201	ISCCNBS:L3_185	3	185	pale blue	p.B	blue	blue	ISCCNBS:L2_020	185		H 10BG-9B; V [5.5, 7.5]; C [1.5, 3] || H 9B-5PB; V [5.5, 7.5]; C [1.5, 5] || H 5PB-9PB; V [5.5, 7.5]; C [1.5, 3]	3	0.9PB 6.5/3.0	interior	Kelly & Judd, NBS SP 440 (1976) [DOI:10.6028/NBS.SP.440] hue-range charts p. 26, 27, 28 (PDF p. 62, 63, 64); boundary rule p. 15	Kelly 1958, J. Res. NBS 61(5), Table 1, p. 429 [DOI:10.6028/jres.061.035]; printed '0.9PB6.5/3.0'	Kelly & Judd, NBS SP 440 (1976) [DOI:10.6028/NBS.SP.440] chart p. 26; Kelly 1958, J. Res. NBS 61(5):427 [DOI:10.6028/jres.061.035] Table 1 p. 429; abbreviation per SP 440 Fig. 11 and dictionary	FLOPO:0988025
FLOPO:0988202	FLOPO:0988202	ISCCNBS:L3_186	3	186	grayish blue	gy.B	blue	blue	ISCCNBS:L2_020	186		H 10BG-9B; V [3, 5.5]; C [1.5, 3] || H 9B-5PB; V [3, 5.5]; C [1.5, 5] || H 5PB-9PB; V [3, 5.5]; C [1.5, 3]	3	0.9PB 4.2/3.0	interior	Kelly & Judd, NBS SP 440 (1976) [DOI:10.6028/NBS.SP.440] hue-range charts p. 26, 27, 28 (PDF p. 62, 63, 64); boundary rule p. 15	Kelly 1958, J. Res. NBS 61(5), Table 1, p. 429 [DOI:10.6028/jres.061.035]; printed '0.9PB 4.2/3.0'	Kelly & Judd, NBS SP 440 (1976) [DOI:10.6028/NBS.SP.440] chart p. 26; Kelly 1958, J. Res. NBS 61(5):427 [DOI:10.6028/jres.061.035] Table 1 p. 429; abbreviation per SP 440 Fig. 11 and dictionary	FLOPO:0988025
FLOPO:0988203	FLOPO:0988203	ISCCNBS:L3_187	3	187	dark grayish blue	d.gy.B	blue	blue	ISCCNBS:L2_020	187		H 10BG-9PB; V [2, 2.5]; C [0.5, 2] || H 10BG-9PB; V [2.5, 3]; C [1.5, 3]	2	9.5B 2.6/1.9	interior	Kelly & Judd, NBS SP 440 (1976) [DOI:10.6028/NBS.SP.440] hue-range charts p. 26, 27, 28 (PDF p. 62, 63, 64); boundary rule p. 15	Kelly 1958, J. Res. NBS 61(5), Table 1, p. 429 [DOI:10.6028/jres.061.035]; printed '9.5B2.6/1.9'	Kelly & Judd, NBS SP 440 (1976) [DOI:10.6028/NBS.SP.440] chart p. 26; Kelly 1958, J. Res. NBS 61(5):427 [DOI:10.6028/jres.061.035] Table 1 p. 429; abbreviation per SP 440 Fig. 11 and dictionary	FLOPO:0988025
FLOPO:0988204	FLOPO:0988204	ISCCNBS:L3_188	3	188	blackish blue	blackish B	blue	blue	ISCCNBS:L2_020	188		H 10BG-9PB; V [0, 2]; C [1, 2]	1	9.5B 1.1/1.5	peripheral	Kelly & Judd, NBS SP 440 (1976) [DOI:10.6028/NBS.SP.440] hue-range charts p. 26, 27, 28 (PDF p. 62, 63, 64); boundary rule p. 15	Kelly 1958, J. Res. NBS 61(5), Table 1, p. 429 [DOI:10.6028/jres.061.035]; printed '9.5B1.1/1.5*'	Kelly & Judd, NBS SP 440 (1976) [DOI:10.6028/NBS.SP.440] chart p. 26; Kelly 1958, J. Res. NBS 61(5):427 [DOI:10.6028/jres.061.035] Table 1 p. 429; abbreviation per SP 440 Fig. 11 and dictionary	FLOPO:0988025
FLOPO:0988205	FLOPO:0988205	ISCCNBS:L3_189	3	189	bluish white	bWhite	blue	blue	ISCCNBS:L2_020	189		H 10BG-9PB; V [8.5, 10]; C [0.5, 1.5]	1	9.5B 9.1/1.0	peripheral	Kelly & Judd, NBS SP 440 (1976) [DOI:10.6028/NBS.SP.440] hue-range charts p. 26, 27, 28 (PDF p. 62, 63, 64); boundary rule p. 15	Kelly 1958, J. Res. NBS 61(5), Table 1, p. 429 [DOI:10.6028/jres.061.035]; printed '9.5B 9.1/1.0*'	Kelly & Judd, NBS SP 440 (1976) [DOI:10.6028/NBS.SP.440] chart p. 26; Kelly 1958, J. Res. NBS 61(5):427 [DOI:10.6028/jres.061.035] Table 1 p. 429; abbreviation per SP 440 Fig. 11 and dictionary	FLOPO:0988025
FLOPO:0988206	FLOPO:0988206	ISCCNBS:L3_190	3	190	light bluish gray	l.bGy	blue	blue	ISCCNBS:L2_020	190		H 10BG-9PB; V [6.5, 8.5]; C [0.5, 1.5]	1	9.5B 7.5/1.0	interior	Kelly & Judd, NBS SP 440 (1976) [DOI:10.6028/NBS.SP.440] hue-range charts p. 26, 27, 28 (PDF p. 62, 63, 64); boundary rule p. 15	Kelly 1958, J. Res. NBS 61(5), Table 1, p. 429 [DOI:10.6028/jres.061.035]; printed '9.5B7.5/1.0'	Kelly & Judd, NBS SP 440 (1976) [DOI:10.6028/NBS.SP.440] chart p. 26; Kelly 1958, J. Res. NBS 61(5):427 [DOI:10.6028/jres.061.035] Table 1 p. 429; abbreviation per SP 440 Fig. 11 and dictionary	FLOPO:0988025
PATO:0104305	PATO:0104305	ISCCNBS:L3_191	3	191	bluish gray	bGy	blue	blue	ISCCNBS:L2_020	191		H 10BG-9PB; V [4.5, 6.5]; C [0.5, 1.5]	1	9.5B 5.5/1.0	interior	Kelly & Judd, NBS SP 440 (1976) [DOI:10.6028/NBS.SP.440] hue-range charts p. 26, 27, 28 (PDF p. 62, 63, 64); boundary rule p. 15	Kelly 1958, J. Res. NBS 61(5), Table 1, p. 430 [DOI:10.6028/jres.061.035]; printed '9.5B5.5/1.0'	Kelly & Judd, NBS SP 440 (1976) [DOI:10.6028/NBS.SP.440] chart p. 26; Kelly 1958, J. Res. NBS 61(5):427 [DOI:10.6028/jres.061.035] Table 1 p. 430; abbreviation per SP 440 Fig. 11 and dictionary	FLOPO:0988025
FLOPO:0988207	FLOPO:0988207	ISCCNBS:L3_192	3	192	dark bluish gray	d.bGy	blue	blue	ISCCNBS:L2_020	192		H 10BG-9PB; V [2.5, 4.5]; C [0.5, 1.5]	1	9.5B 3.5/1.0	interior	Kelly & Judd, NBS SP 440 (1976) [DOI:10.6028/NBS.SP.440] hue-range charts p. 26, 27, 28 (PDF p. 62, 63, 64); boundary rule p. 15	Kelly 1958, J. Res. NBS 61(5), Table 1, p. 430 [DOI:10.6028/jres.061.035]; printed '9.5B 3.5/1.0'	Kelly & Judd, NBS SP 440 (1976) [DOI:10.6028/NBS.SP.440] chart p. 26; Kelly 1958, J. Res. NBS 61(5):427 [DOI:10.6028/jres.061.035] Table 1 p. 430; abbreviation per SP 440 Fig. 11 and dictionary	FLOPO:0988025
FLOPO:0988208	FLOPO:0988208	ISCCNBS:L3_193	3	193	bluish black	bBk	blue	blue	ISCCNBS:L2_020	193		H 10BG-9PB; V [0, 2]; C [0.5, 1]	1	9.5B 1.0/0.7	peripheral	Kelly & Judd, NBS SP 440 (1976) [DOI:10.6028/NBS.SP.440] hue-range charts p. 26, 27, 28 (PDF p. 62, 63, 64); boundary rule p. 15	Kelly 1958, J. Res. NBS 61(5), Table 1, p. 430 [DOI:10.6028/jres.061.035]; printed '9.5B1.0/0.7*'	Kelly & Judd, NBS SP 440 (1976) [DOI:10.6028/NBS.SP.440] chart p. 26; Kelly 1958, J. Res. NBS 61(5):427 [DOI:10.6028/jres.061.035] Table 1 p. 430; abbreviation per SP 440 Fig. 11 and dictionary	FLOPO:0988025
FLOPO:0988209	FLOPO:0988209	ISCCNBS:L3_194	3	194	vivid purplish blue	v.pB	purplish blue	blue	ISCCNBS:L2_021	194		H 7PB-9PB; V [0, 3]; C [11, MacAdam limit) || H 7PB-9PB; V [3, 10]; C [13, MacAdam limit)	2	8.0PB 2.5/22.0	peripheral	Kelly & Judd, NBS SP 440 (1976) [DOI:10.6028/NBS.SP.440] hue-range charts p. 28 (PDF p. 64); boundary rule p. 15	Kelly 1958, J. Res. NBS 61(5), Table 1, p. 430 [DOI:10.6028/jres.061.035]; printed '8.0PB2.5/22+*'	Kelly & Judd, NBS SP 440 (1976) [DOI:10.6028/NBS.SP.440] chart p. 28; Kelly 1958, J. Res. NBS 61(5):427 [DOI:10.6028/jres.061.035] Table 1 p. 430; abbreviation per SP 440 Fig. 11 and dictionary	FLOPO:0988026
FLOPO:0988210	FLOPO:0988210	ISCCNBS:L3_195	3	195	brilliant purplish blue	brill.pB	purplish blue	blue	ISCCNBS:L2_021	195		H 7PB-9PB; V [4.5, 5.5]; C [9, 11] || H 7PB-9PB; V [5.5, 10]; C [9, 13]	2	8.0PB 6.0/10.8	peripheral	Kelly & Judd, NBS SP 440 (1976) [DOI:10.6028/NBS.SP.440] hue-range charts p. 28 (PDF p. 64); boundary rule p. 15	Kelly 1958, J. Res. NBS 61(5), Table 1, p. 430 [DOI:10.6028/jres.061.035]; printed '8.0PB6.0/10.8*'	Kelly & Judd, NBS SP 440 (1976) [DOI:10.6028/NBS.SP.440] chart p. 28; Kelly 1958, J. Res. NBS 61(5):427 [DOI:10.6028/jres.061.035] Table 1 p. 430; abbreviation per SP 440 Fig. 11 and dictionary	FLOPO:0988026
FLOPO:0988211	FLOPO:0988211	ISCCNBS:L3_196	3	196	strong purplish blue	s.pB	purplish blue	blue	ISCCNBS:L2_021	196		H 7PB-9PB; V [3, 4.5]; C [9, 13] || H 7PB-9PB; V [4.5, 5.5]; C [11, 13]	2	8.0PB 4.1/11.4	interior	Kelly & Judd, NBS SP 440 (1976) [DOI:10.6028/NBS.SP.440] hue-range charts p. 28 (PDF p. 64); boundary rule p. 15	Kelly 1958, J. Res. NBS 61(5), Table 1, p. 430 [DOI:10.6028/jres.061.035]; printed '8.0PB4.1/11.4'	Kelly & Judd, NBS SP 440 (1976) [DOI:10.6028/NBS.SP.440] chart p. 28; Kelly 1958, J. Res. NBS 61(5):427 [DOI:10.6028/jres.061.035] Table 1 p. 430; abbreviation per SP 440 Fig. 11 and dictionary	FLOPO:0988026
FLOPO:0988212	FLOPO:0988212	ISCCNBS:L3_197	3	197	deep purplish blue	deep pB	purplish blue	blue	ISCCNBS:L2_021	197		H 7PB-9PB; V [0, 3]; C [7, 11]	1	8.0PB 1.6/9.1	peripheral	Kelly & Judd, NBS SP 440 (1976) [DOI:10.6028/NBS.SP.440] hue-range charts p. 28 (PDF p. 64); boundary rule p. 15	Kelly 1958, J. Res. NBS 61(5), Table 1, p. 430 [DOI:10.6028/jres.061.035]; printed '8.0PB1.6/9.1*'	Kelly & Judd, NBS SP 440 (1976) [DOI:10.6028/NBS.SP.440] chart p. 28; Kelly 1958, J. Res. NBS 61(5):427 [DOI:10.6028/jres.061.035] Table 1 p. 430; abbreviation per SP 440 Fig. 11 and dictionary	FLOPO:0988026
FLOPO:0988213	FLOPO:0988213	ISCCNBS:L3_198	3	198	very light purplish blue	v.l.pB	purplish blue	blue	ISCCNBS:L2_021	198		H 5PB-7PB; V [7.5, 10]; C [5, 7] || H 7PB-9PB; V [7.5, 10]; C [5, 9]	2	7.0PB 7.8/6.1	peripheral	Kelly & Judd, NBS SP 440 (1976) [DOI:10.6028/NBS.SP.440] hue-range charts p. 27, 28 (PDF p. 63, 64); boundary rule p. 15	Kelly 1958, J. Res. NBS 61(5), Table 1, p. 430 [DOI:10.6028/jres.061.035]; printed '7.PB 7.8+/6.1+*'	Kelly & Judd, NBS SP 440 (1976) [DOI:10.6028/NBS.SP.440] chart p. 27; Kelly 1958, J. Res. NBS 61(5):427 [DOI:10.6028/jres.061.035] Table 1 p. 430; abbreviation per SP 440 Fig. 11 and dictionary	FLOPO:0988026
FLOPO:0988214	FLOPO:0988214	ISCCNBS:L3_199	3	199	light purplish blue	l.pB	purplish blue	blue	ISCCNBS:L2_021	199		H 5PB-7PB; V [4.5, 7.5]; C [5, 7] || H 7PB-9PB; V [4.5, 7.5]; C [5, 9]	2	7.5PB 6.0/6.8	interior	Kelly & Judd, NBS SP 440 (1976) [DOI:10.6028/NBS.SP.440] hue-range charts p. 27, 28 (PDF p. 63, 64); boundary rule p. 15	Kelly 1958, J. Res. NBS 61(5), Table 1, p. 430 [DOI:10.6028/jres.061.035]; printed '7.5PB6.0/6.8'	Kelly & Judd, NBS SP 440 (1976) [DOI:10.6028/NBS.SP.440] chart p. 27; Kelly 1958, J. Res. NBS 61(5):427 [DOI:10.6028/jres.061.035] Table 1 p. 430; abbreviation per SP 440 Fig. 11 and dictionary	FLOPO:0988026
FLOPO:0988215	FLOPO:0988215	ISCCNBS:L3_200	3	200	moderate purplish blue	m.pB	purplish blue	blue	ISCCNBS:L2_021	200		H 7PB-9PB; V [2, 3]; C [5, 7] || H 7PB-9PB; V [3, 4.5]; C [5, 9]	2	8.0PB 3.5/6.9	interior	Kelly & Judd, NBS SP 440 (1976) [DOI:10.6028/NBS.SP.440] hue-range charts p. 28 (PDF p. 64); boundary rule p. 15	Kelly 1958, J. Res. NBS 61(5), Table 1, p. 430 [DOI:10.6028/jres.061.035]; printed '8.0PB3.5/6.9'	Kelly & Judd, NBS SP 440 (1976) [DOI:10.6028/NBS.SP.440] chart p. 28; Kelly 1958, J. Res. NBS 61(5):427 [DOI:10.6028/jres.061.035] Table 1 p. 430; abbreviation per SP 440 Fig. 11 and dictionary	FLOPO:0988026
FLOPO:0988216	FLOPO:0988216	ISCCNBS:L3_201	3	201	dark purplish blue	d.pB	purplish blue	blue	ISCCNBS:L2_021	201		H 6PB-7PB; V [0, 2]; C [2, 5] || H 7PB-9PB; V [0, 2]; C [2, 7]	2	7.9PB 1.1/4.7	peripheral	Kelly & Judd, NBS SP 440 (1976) [DOI:10.6028/NBS.SP.440] hue-range charts p. 28 (PDF p. 64); boundary rule p. 15	Kelly 1958, J. Res. NBS 61(5), Table 1, p. 430 [DOI:10.6028/jres.061.035]; printed '7.9PB1.1/4.7*'	Kelly & Judd, NBS SP 440 (1976) [DOI:10.6028/NBS.SP.440] chart p. 28; Kelly 1958, J. Res. NBS 61(5):427 [DOI:10.6028/jres.061.035] Table 1 p. 430; abbreviation per SP 440 Fig. 11 and dictionary	FLOPO:0988026
FLOPO:0988217	FLOPO:0988217	ISCCNBS:L3_202	3	202	very pale purplish blue	v.p.pB	purplish blue	blue	ISCCNBS:L2_021	202		H 5PB-9PB; V [7.5, 10]; C [3, 5]	1	7.0PB 8.2/4.1	peripheral	Kelly & Judd, NBS SP 440 (1976) [DOI:10.6028/NBS.SP.440] hue-range charts p. 27, 28 (PDF p. 63, 64); boundary rule p. 15	Kelly 1958, J. Res. NBS 61(5), Table 1, p. 430 [DOI:10.6028/jres.061.035]; printed '7.0PB8.2/4.1*'	Kelly & Judd, NBS SP 440 (1976) [DOI:10.6028/NBS.SP.440] chart p. 27; Kelly 1958, J. Res. NBS 61(5):427 [DOI:10.6028/jres.061.035] Table 1 p. 430; abbreviation per SP 440 Fig. 11 and dictionary	FLOPO:0988026
FLOPO:0988218	FLOPO:0988218	ISCCNBS:L3_203	3	203	pale purplish blue	p.pB	purplish blue	blue	ISCCNBS:L2_021	203		H 5PB-9PB; V [4.5, 7.5]; C [3, 5]	1	7.0PB 6.0/4.1	interior	Kelly & Judd, NBS SP 440 (1976) [DOI:10.6028/NBS.SP.440] hue-range charts p. 27, 28 (PDF p. 63, 64); boundary rule p. 15	Kelly 1958, J. Res. NBS 61(5), Table 1, p. 430 [DOI:10.6028/jres.061.035]; printed '7.0PB6.0/4.1'	Kelly & Judd, NBS SP 440 (1976) [DOI:10.6028/NBS.SP.440] chart p. 27; Kelly 1958, J. Res. NBS 61(5):427 [DOI:10.6028/jres.061.035] Table 1 p. 430; abbreviation per SP 440 Fig. 11 and dictionary	FLOPO:0988026
FLOPO:0988219	FLOPO:0988219	ISCCNBS:L3_204	3	204	grayish purplish blue	gy.pB	purplish blue	blue	ISCCNBS:L2_021	204		H 6PB-9PB; V [2, 2.5]; C [2, 5] || H 6PB-9PB; V [2.5, 4.5]; C [3, 5] || H 5PB-6PB; V [3, 4.5]; C [3, 5]	3	7.2PB 3.3/4.0	interior	Kelly & Judd, NBS SP 440 (1976) [DOI:10.6028/NBS.SP.440] hue-range charts p. 27, 28 (PDF p. 63, 64); boundary rule p. 15	Kelly 1958, J. Res. NBS 61(5), Table 1, p. 430 [DOI:10.6028/jres.061.035]; printed '7.2PB3.3/4.0'	Kelly & Judd, NBS SP 440 (1976) [DOI:10.6028/NBS.SP.440] chart p. 27; Kelly 1958, J. Res. NBS 61(5):427 [DOI:10.6028/jres.061.035] Table 1 p. 430; abbreviation per SP 440 Fig. 11 and dictionary	FLOPO:0988026
FLOPO:0988220	FLOPO:0988220	ISCCNBS:L3_205	3	205	vivid violet	v.V	violet	purple	ISCCNBS:L2_022	205		H 9PB-3P; V [0, 10]; C [13, MacAdam limit)	1	1.0P 2.7/21.0	peripheral	Kelly & Judd, NBS SP 440 (1976) [DOI:10.6028/NBS.SP.440] hue-range charts p. 29 (PDF p. 65); boundary rule p. 15	Kelly 1958, J. Res. NBS 61(5), Table 1, p. 430 [DOI:10.6028/jres.061.035]; printed '1.0P 2.7/21+*'	Kelly & Judd, NBS SP 440 (1976) [DOI:10.6028/NBS.SP.440] chart p. 29; Kelly 1958, J. Res. NBS 61(5):427 [DOI:10.6028/jres.061.035] Table 1 p. 430; abbreviation per SP 440 Fig. 11 and dictionary	FLOPO:0988027
FLOPO:0988221	FLOPO:0988221	ISCCNBS:L3_206	3	206	brilliant violet	brill.V	violet	purple	ISCCNBS:L2_022	206		H 9PB-3P; V [4.5, 10]; C [9, 13]	1	1.0P 5.9/11.1	peripheral	Kelly & Judd, NBS SP 440 (1976) [DOI:10.6028/NBS.SP.440] hue-range charts p. 29 (PDF p. 65); boundary rule p. 15	Kelly 1958, J. Res. NBS 61(5), Table 1, p. 430 [DOI:10.6028/jres.061.035]; printed '1.0P 5.9/11.1*'	Kelly & Judd, NBS SP 440 (1976) [DOI:10.6028/NBS.SP.440] chart p. 29; Kelly 1958, J. Res. NBS 61(5):427 [DOI:10.6028/jres.061.035] Table 1 p. 430; abbreviation per SP 440 Fig. 11 and dictionary	FLOPO:0988027
FLOPO:0988222	FLOPO:0988222	ISCCNBS:L3_207	3	207	strong violet	s.V	violet	purple	ISCCNBS:L2_022	207		H 9PB-3P; V [2.5, 4.5]; C [9, 13]	1	1.0P 3.5/11.1	interior	Kelly & Judd, NBS SP 440 (1976) [DOI:10.6028/NBS.SP.440] hue-range charts p. 29 (PDF p. 65); boundary rule p. 15	Kelly 1958, J. Res. NBS 61(5), Table 1, p. 430 [DOI:10.6028/jres.061.035]; printed '1.0P3.5/11.1'	Kelly & Judd, NBS SP 440 (1976) [DOI:10.6028/NBS.SP.440] chart p. 29; Kelly 1958, J. Res. NBS 61(5):427 [DOI:10.6028/jres.061.035] Table 1 p. 430; abbreviation per SP 440 Fig. 11 and dictionary	FLOPO:0988027
PATO:0104294	PATO:0104294	ISCCNBS:L3_208	3	208	deep violet	deep V	violet	purple	ISCCNBS:L2_022	208		H 9PB-3P; V [0, 2.5]; C [7, 13]	1	1.0P 1.4/10.3	peripheral	Kelly & Judd, NBS SP 440 (1976) [DOI:10.6028/NBS.SP.440] hue-range charts p. 29 (PDF p. 65); boundary rule p. 15	Kelly 1958, J. Res. NBS 61(5), Table 1, p. 430 [DOI:10.6028/jres.061.035]; printed '1.0P 1.4/10.3*'	Kelly & Judd, NBS SP 440 (1976) [DOI:10.6028/NBS.SP.440] chart p. 29; Kelly 1958, J. Res. NBS 61(5):427 [DOI:10.6028/jres.061.035] Table 1 p. 430; abbreviation per SP 440 Fig. 11 and dictionary	FLOPO:0988027
FLOPO:0988223	FLOPO:0988223	ISCCNBS:L3_209	3	209	very light violet	v.l.V	violet	purple	ISCCNBS:L2_022	209		H 9PB-3P; V [7.5, 10]; C [5, 9]	1	1.0P 7.9/7.0	peripheral	Kelly & Judd, NBS SP 440 (1976) [DOI:10.6028/NBS.SP.440] hue-range charts p. 29 (PDF p. 65); boundary rule p. 15	Kelly 1958, J. Res. NBS 61(5), Table 1, p. 430 [DOI:10.6028/jres.061.035]; printed '1.0P7.9/7*'	Kelly & Judd, NBS SP 440 (1976) [DOI:10.6028/NBS.SP.440] chart p. 29; Kelly 1958, J. Res. NBS 61(5):427 [DOI:10.6028/jres.061.035] Table 1 p. 430; abbreviation per SP 440 Fig. 11 and dictionary	FLOPO:0988027
FLOPO:0988224	FLOPO:0988224	ISCCNBS:L3_210	3	210	light violet	l.V	violet	purple	ISCCNBS:L2_022	210		H 9PB-3P; V [4.5, 7.5]; C [5, 9]	1	1.0P 6.0/7.2	interior	Kelly & Judd, NBS SP 440 (1976) [DOI:10.6028/NBS.SP.440] hue-range charts p. 29 (PDF p. 65); boundary rule p. 15	Kelly 1958, J. Res. NBS 61(5), Table 1, p. 430 [DOI:10.6028/jres.061.035]; printed '1.0P6.0/7.2'	Kelly & Judd, NBS SP 440 (1976) [DOI:10.6028/NBS.SP.440] chart p. 29; Kelly 1958, J. Res. NBS 61(5):427 [DOI:10.6028/jres.061.035] Table 1 p. 430; abbreviation per SP 440 Fig. 11 and dictionary	FLOPO:0988027
FLOPO:0988225	FLOPO:0988225	ISCCNBS:L3_211	3	211	moderate violet	m.V	violet	purple	ISCCNBS:L2_022	211		H 9PB-3P; V [2.5, 4.5]; C [5, 9]	1	1.0P 3.5/7.2	interior	Kelly & Judd, NBS SP 440 (1976) [DOI:10.6028/NBS.SP.440] hue-range charts p. 29 (PDF p. 65); boundary rule p. 15	Kelly 1958, J. Res. NBS 61(5), Table 1, p. 430 [DOI:10.6028/jres.061.035]; printed '1.0P3.5/7.2'	Kelly & Judd, NBS SP 440 (1976) [DOI:10.6028/NBS.SP.440] chart p. 29; Kelly 1958, J. Res. NBS 61(5):427 [DOI:10.6028/jres.061.035] Table 1 p. 430; abbreviation per SP 440 Fig. 11 and dictionary	FLOPO:0988027
FLOPO:0988226	FLOPO:0988226	ISCCNBS:L3_212	3	212	dark violet	d.V	violet	purple	ISCCNBS:L2_022	212		H 9PB-3P; V [0, 2.5]; C [2, 7]	1	1.0P 1.3/5.0	peripheral	Kelly & Judd, NBS SP 440 (1976) [DOI:10.6028/NBS.SP.440] hue-range charts p. 29 (PDF p. 65); boundary rule p. 15	Kelly 1958, J. Res. NBS 61(5), Table 1, p. 430 [DOI:10.6028/jres.061.035]; printed '1.0P1.3/5.0*'	Kelly & Judd, NBS SP 440 (1976) [DOI:10.6028/NBS.SP.440] chart p. 29; Kelly 1958, J. Res. NBS 61(5):427 [DOI:10.6028/jres.061.035] Table 1 p. 430; abbreviation per SP 440 Fig. 11 and dictionary	FLOPO:0988027
FLOPO:0988227	FLOPO:0988227	ISCCNBS:L3_213	3	213	very pale violet	v.p.V	violet	purple	ISCCNBS:L2_022	213		H 9PB-3P; V [7.5, 10]; C [3, 5]	1	1.0P 8.2/4.1	peripheral	Kelly & Judd, NBS SP 440 (1976) [DOI:10.6028/NBS.SP.440] hue-range charts p. 29 (PDF p. 65); boundary rule p. 15	Kelly 1958, J. Res. NBS 61(5), Table 1, p. 430 [DOI:10.6028/jres.061.035]; printed '1.0P 8.2/4.1*'	Kelly & Judd, NBS SP 440 (1976) [DOI:10.6028/NBS.SP.440] chart p. 29; Kelly 1958, J. Res. NBS 61(5):427 [DOI:10.6028/jres.061.035] Table 1 p. 430; abbreviation per SP 440 Fig. 11 and dictionary	FLOPO:0988027
FLOPO:0988228	FLOPO:0988228	ISCCNBS:L3_214	3	214	pale violet	p.V	violet	purple	ISCCNBS:L2_022	214		H 9PB-3P; V [4.5, 7.5]; C [3, 5]	1	1.0P 6.0/4.1	interior	Kelly & Judd, NBS SP 440 (1976) [DOI:10.6028/NBS.SP.440] hue-range charts p. 29 (PDF p. 65); boundary rule p. 15	Kelly 1958, J. Res. NBS 61(5), Table 1, p. 430 [DOI:10.6028/jres.061.035]; printed '1.0P6.0/4.1'	Kelly & Judd, NBS SP 440 (1976) [DOI:10.6028/NBS.SP.440] chart p. 29; Kelly 1958, J. Res. NBS 61(5):427 [DOI:10.6028/jres.061.035] Table 1 p. 430; abbreviation per SP 440 Fig. 11 and dictionary	FLOPO:0988027
FLOPO:0988229	FLOPO:0988229	ISCCNBS:L3_215	3	215	grayish violet	gy.V	violet	purple	ISCCNBS:L2_022	215		H 9PB-3P; V [2.5, 4.5]; C [3, 5]	1	1.0P 3.3/4.1	interior	Kelly & Judd, NBS SP 440 (1976) [DOI:10.6028/NBS.SP.440] hue-range charts p. 29 (PDF p. 65); boundary rule p. 15	Kelly 1958, J. Res. NBS 61(5), Table 1, p. 430 [DOI:10.6028/jres.061.035]; printed '1.0P3.3/4.1'	Kelly & Judd, NBS SP 440 (1976) [DOI:10.6028/NBS.SP.440] chart p. 29; Kelly 1958, J. Res. NBS 61(5):427 [DOI:10.6028/jres.061.035] Table 1 p. 430; abbreviation per SP 440 Fig. 11 and dictionary	FLOPO:0988027
FLOPO:0988230	FLOPO:0988230	ISCCNBS:L3_216	3	216	vivid purple	v.P	purple	purple	ISCCNBS:L2_023	216		H 3P-9P; V [0, 10]; C [13, MacAdam limit)	1	6.0P 3.5/20.0	peripheral	Kelly & Judd, NBS SP 440 (1976) [DOI:10.6028/NBS.SP.440] hue-range charts p. 29 (PDF p. 65); boundary rule p. 15	Kelly 1958, J. Res. NBS 61(5), Table 1, p. 430 [DOI:10.6028/jres.061.035]; printed '6.0P3.5/20+*'	Kelly & Judd, NBS SP 440 (1976) [DOI:10.6028/NBS.SP.440] chart p. 29; Kelly 1958, J. Res. NBS 61(5):427 [DOI:10.6028/jres.061.035] Table 1 p. 430; abbreviation per SP 440 Fig. 11 and dictionary	FLOPO:0988028
FLOPO:0988231	FLOPO:0988231	ISCCNBS:L3_217	3	217	brilliant purple	brill.P	purple	purple	ISCCNBS:L2_023	217		H 3P-9P; V [5.5, 10]; C [9, 13]	1	6.0P 6.7/11.1	peripheral	Kelly & Judd, NBS SP 440 (1976) [DOI:10.6028/NBS.SP.440] hue-range charts p. 29 (PDF p. 65); boundary rule p. 15	Kelly 1958, J. Res. NBS 61(5), Table 1, p. 430 [DOI:10.6028/jres.061.035]; printed '6.0P6.7/11.1*'	Kelly & Judd, NBS SP 440 (1976) [DOI:10.6028/NBS.SP.440] chart p. 29; Kelly 1958, J. Res. NBS 61(5):427 [DOI:10.6028/jres.061.035] Table 1 p. 430; abbreviation per SP 440 Fig. 11 and dictionary	FLOPO:0988028
FLOPO:0988232	FLOPO:0988232	ISCCNBS:L3_218	3	218	strong purple	s.P	purple	purple	ISCCNBS:L2_023	218		H 3P-9P; V [3.5, 5.5]; C [9, 13]	1	6.0P 4.5/11.1	interior	Kelly & Judd, NBS SP 440 (1976) [DOI:10.6028/NBS.SP.440] hue-range charts p. 29 (PDF p. 65); boundary rule p. 15	Kelly 1958, J. Res. NBS 61(5), Table 1, p. 430 [DOI:10.6028/jres.061.035]; printed '6.0P4.5/11.1'	Kelly & Judd, NBS SP 440 (1976) [DOI:10.6028/NBS.SP.440] chart p. 29; Kelly 1958, J. Res. NBS 61(5):427 [DOI:10.6028/jres.061.035] Table 1 p. 430; abbreviation per SP 440 Fig. 11 and dictionary	FLOPO:0988028
PATO:0104085	PATO:0104085	ISCCNBS:L3_219	3	219	deep purple	deep P	purple	purple	ISCCNBS:L2_023	219		H 3P-9P; V [2, 3.5]; C [7, 13]	1	6.0P 2.8/10.2	interior	Kelly & Judd, NBS SP 440 (1976) [DOI:10.6028/NBS.SP.440] hue-range charts p. 29 (PDF p. 65); boundary rule p. 15	Kelly 1958, J. Res. NBS 61(5), Table 1, p. 430 [DOI:10.6028/jres.061.035]; printed '6.0P2.8/10.2'	Kelly & Judd, NBS SP 440 (1976) [DOI:10.6028/NBS.SP.440] chart p. 29; Kelly 1958, J. Res. NBS 61(5):427 [DOI:10.6028/jres.061.035] Table 1 p. 430; abbreviation per SP 440 Fig. 11 and dictionary	FLOPO:0988028
FLOPO:0988233	FLOPO:0988233	ISCCNBS:L3_220	3	220	very deep purple	v.deep P	purple	purple	ISCCNBS:L2_023	220		H 3P-9P; V [0, 2]; C [7, 13]	1	6.0P 1.2/10.2	peripheral	Kelly & Judd, NBS SP 440 (1976) [DOI:10.6028/NBS.SP.440] hue-range charts p. 29 (PDF p. 65); boundary rule p. 15	Kelly 1958, J. Res. NBS 61(5), Table 1, p. 430 [DOI:10.6028/jres.061.035]; printed '6.0P1.2/10.2*'	Kelly & Judd, NBS SP 440 (1976) [DOI:10.6028/NBS.SP.440] chart p. 29; Kelly 1958, J. Res. NBS 61(5):427 [DOI:10.6028/jres.061.035] Table 1 p. 430; abbreviation per SP 440 Fig. 11 and dictionary	FLOPO:0988028
FLOPO:0988234	FLOPO:0988234	ISCCNBS:L3_221	3	221	very light purple	v.l.P	purple	purple	ISCCNBS:L2_023	221		H 3P-9P; V [7.5, 10]; C [5, 9]	1	6.0P 8.0/7.2	peripheral	Kelly & Judd, NBS SP 440 (1976) [DOI:10.6028/NBS.SP.440] hue-range charts p. 29 (PDF p. 65); boundary rule p. 15	Kelly 1958, J. Res. NBS 61(5), Table 1, p. 430 [DOI:10.6028/jres.061.035]; printed '6.0P8.0/7.2*'	Kelly & Judd, NBS SP 440 (1976) [DOI:10.6028/NBS.SP.440] chart p. 29; Kelly 1958, J. Res. NBS 61(5):427 [DOI:10.6028/jres.061.035] Table 1 p. 430; abbreviation per SP 440 Fig. 11 and dictionary	FLOPO:0988028
FLOPO:0988235	FLOPO:0988235	ISCCNBS:L3_222	3	222	light purple	l.P	purple	purple	ISCCNBS:L2_023	222		H 3P-9P; V [5.5, 7.5]; C [5, 9]	1	6.0P 6.5/7.2	interior	Kelly & Judd, NBS SP 440 (1976) [DOI:10.6028/NBS.SP.440] hue-range charts p. 29 (PDF p. 65); boundary rule p. 15	Kelly 1958, J. Res. NBS 61(5), Table 1, p. 430 [DOI:10.6028/jres.061.035]; printed '6.0P 6.5/7.2'	Kelly & Judd, NBS SP 440 (1976) [DOI:10.6028/NBS.SP.440] chart p. 29; Kelly 1958, J. Res. NBS 61(5):427 [DOI:10.6028/jres.061.035] Table 1 p. 430; abbreviation per SP 440 Fig. 11 and dictionary	FLOPO:0988028
FLOPO:0988236	FLOPO:0988236	ISCCNBS:L3_223	3	223	moderate purple	m.P	purple	purple	ISCCNBS:L2_023	223		H 3P-9P; V [3.5, 5.5]; C [5, 9]	1	6.0P 4.5/7.2	interior	Kelly & Judd, NBS SP 440 (1976) [DOI:10.6028/NBS.SP.440] hue-range charts p. 29 (PDF p. 65); boundary rule p. 15	Kelly 1958, J. Res. NBS 61(5), Table 1, p. 430 [DOI:10.6028/jres.061.035]; printed '6.0P4.5/7.2'	Kelly & Judd, NBS SP 440 (1976) [DOI:10.6028/NBS.SP.440] chart p. 29; Kelly 1958, J. Res. NBS 61(5):427 [DOI:10.6028/jres.061.035] Table 1 p. 430; abbreviation per SP 440 Fig. 11 and dictionary	FLOPO:0988028
FLOPO:0988237	FLOPO:0988237	ISCCNBS:L3_224	3	224	dark purple	d.P	purple	purple	ISCCNBS:L2_023	224		H 3P-9P; V [2, 2.5]; C [2, 7] || H 3P-9P; V [2.5, 3.5]; C [3, 7]	2	6.0P 2.7/5.1	interior	Kelly & Judd, NBS SP 440 (1976) [DOI:10.6028/NBS.SP.440] hue-range charts p. 29 (PDF p. 65); boundary rule p. 15	Kelly 1958, J. Res. NBS 61(5), Table 1, p. 430 [DOI:10.6028/jres.061.035]; printed '6.0P 2.7/5.1'	Kelly & Judd, NBS SP 440 (1976) [DOI:10.6028/NBS.SP.440] chart p. 29; Kelly 1958, J. Res. NBS 61(5):427 [DOI:10.6028/jres.061.035] Table 1 p. 430; abbreviation per SP 440 Fig. 11 and dictionary	FLOPO:0988028
FLOPO:0988238	FLOPO:0988238	ISCCNBS:L3_225	3	225	very dark purple	v.d.P	purple	purple	ISCCNBS:L2_023	225		H 3P-9P; V [0, 2]; C [2, 7]	1	6.0P 1.1/4.9	peripheral	Kelly & Judd, NBS SP 440 (1976) [DOI:10.6028/NBS.SP.440] hue-range charts p. 29 (PDF p. 65); boundary rule p. 15	Kelly 1958, J. Res. NBS 61(5), Table 1, p. 430 [DOI:10.6028/jres.061.035]; printed '6.0P1.1/4.9*'	Kelly & Judd, NBS SP 440 (1976) [DOI:10.6028/NBS.SP.440] chart p. 29; Kelly 1958, J. Res. NBS 61(5):427 [DOI:10.6028/jres.061.035] Table 1 p. 430; abbreviation per SP 440 Fig. 11 and dictionary	FLOPO:0988028
FLOPO:0988239	FLOPO:0988239	ISCCNBS:L3_226	3	226	very pale purple	v.p.P	purple	purple	ISCCNBS:L2_023	226		H 9PB-3P; V [7.5, 10]; C [1.5, 3] || H 3P-9P; V [7.5, 10]; C [1.5, 5]	2	5.4P 8.4/3.3	peripheral	Kelly & Judd, NBS SP 440 (1976) [DOI:10.6028/NBS.SP.440] hue-range charts p. 29 (PDF p. 65); boundary rule p. 15	Kelly 1958, J. Res. NBS 61(5), Table 1, p. 430 [DOI:10.6028/jres.061.035]; printed '5.4P8.4/3.3*'	Kelly & Judd, NBS SP 440 (1976) [DOI:10.6028/NBS.SP.440] chart p. 29; Kelly 1958, J. Res. NBS 61(5):427 [DOI:10.6028/jres.061.035] Table 1 p. 430; abbreviation per SP 440 Fig. 11 and dictionary	FLOPO:0988028
FLOPO:0988240	FLOPO:0988240	ISCCNBS:L3_227	3	227	pale purple	p.P	purple	purple	ISCCNBS:L2_023	227		H 9PB-3P; V [5.5, 7.5]; C [1.5, 3] || H 3P-9P; V [5.5, 7.5]; C [1.5, 5] || H 9P-1R; V [5.5, 6.5]; C [1.5, 3]	3	6.8P 6.4/3.0	interior	Kelly & Judd, NBS SP 440 (1976) [DOI:10.6028/NBS.SP.440] hue-range charts p. 29, 30, 31 (PDF p. 65, 66, 67); boundary rule p. 15	Kelly 1958, J. Res. NBS 61(5), Table 1, p. 430 [DOI:10.6028/jres.061.035]; printed '6.8P6.4/3.0'	Kelly & Judd, NBS SP 440 (1976) [DOI:10.6028/NBS.SP.440] chart p. 29; Kelly 1958, J. Res. NBS 61(5):427 [DOI:10.6028/jres.061.035] Table 1 p. 430; abbreviation per SP 440 Fig. 11 and dictionary	FLOPO:0988028
FLOPO:0988241	FLOPO:0988241	ISCCNBS:L3_228	3	228	grayish purple	gy.P	purple	purple	ISCCNBS:L2_023	228		H 9PB-3P; V [3.5, 5.5]; C [1.5, 3] || H 3P-9P; V [3.5, 5.5]; C [1.5, 5] || H 9P-1R; V [3.5, 5.5]; C [1.5, 3]	3	7.8P 4.5/2.9	interior	Kelly & Judd, NBS SP 440 (1976) [DOI:10.6028/NBS.SP.440] hue-range charts p. 29, 30, 31 (PDF p. 65, 66, 67); boundary rule p. 15	Kelly 1958, J. Res. NBS 61(5), Table 1, p. 430 [DOI:10.6028/jres.061.035]; printed '7.8P4.5/2.9'	Kelly & Judd, NBS SP 440 (1976) [DOI:10.6028/NBS.SP.440] chart p. 29; Kelly 1958, J. Res. NBS 61(5):427 [DOI:10.6028/jres.061.035] Table 1 p. 430; abbreviation per SP 440 Fig. 11 and dictionary	FLOPO:0988028
FLOPO:0988242	FLOPO:0988242	ISCCNBS:L3_229	3	229	dark grayish purple	d.gy.P	purple	purple	ISCCNBS:L2_023	229		H 9PB-1R; V [2, 2.5]; C [0.5, 2] || H 9PB-1R; V [2.5, 3.5]; C [1.5, 3]	2	10.0P 2.8/2.0	interior	Kelly & Judd, NBS SP 440 (1976) [DOI:10.6028/NBS.SP.440] hue-range charts p. 29, 30, 31 (PDF p. 65, 66, 67); boundary rule p. 15	Kelly 1958, J. Res. NBS 61(5), Table 1, p. 430 [DOI:10.6028/jres.061.035]; printed '10.0P2.8/2.0'	Kelly & Judd, NBS SP 440 (1976) [DOI:10.6028/NBS.SP.440] chart p. 29; Kelly 1958, J. Res. NBS 61(5):427 [DOI:10.6028/jres.061.035] Table 1 p. 430; abbreviation per SP 440 Fig. 11 and dictionary	FLOPO:0988028
FLOPO:0988243	FLOPO:0988243	ISCCNBS:L3_230	3	230	blackish purple	blackish P	purple	purple	ISCCNBS:L2_023	230		H 9PB-1R; V [0, 2]; C [1, 2]	1	10.0P 1.0/1.4	peripheral	Kelly & Judd, NBS SP 440 (1976) [DOI:10.6028/NBS.SP.440] hue-range charts p. 29, 30, 31 (PDF p. 65, 66, 67); boundary rule p. 15	Kelly 1958, J. Res. NBS 61(5), Table 1, p. 430 [DOI:10.6028/jres.061.035]; printed '10.0P1.0/1.4*'	Kelly & Judd, NBS SP 440 (1976) [DOI:10.6028/NBS.SP.440] chart p. 29; Kelly 1958, J. Res. NBS 61(5):427 [DOI:10.6028/jres.061.035] Table 1 p. 430; abbreviation per SP 440 Fig. 11 and dictionary	FLOPO:0988028
FLOPO:0988244	FLOPO:0988244	ISCCNBS:L3_231	3	231	purplish white	pWhite	purple	purple	ISCCNBS:L2_023	231		H 9PB-9RP; V [8.5, 10]; C [0.5, 1.5]	1	9.0P 9.1/1.0	peripheral	Kelly & Judd, NBS SP 440 (1976) [DOI:10.6028/NBS.SP.440] hue-range charts p. 29, 30 (PDF p. 65, 66); boundary rule p. 15	Kelly 1958, J. Res. NBS 61(5), Table 1, p. 430 [DOI:10.6028/jres.061.035]; printed '9.0P9.1/1.0*'	Kelly & Judd, NBS SP 440 (1976) [DOI:10.6028/NBS.SP.440] chart p. 29; Kelly 1958, J. Res. NBS 61(5):427 [DOI:10.6028/jres.061.035] Table 1 p. 430; abbreviation per SP 440 Fig. 11 and dictionary	FLOPO:0988028
FLOPO:0988245	FLOPO:0988245	ISCCNBS:L3_232	3	232	light purplish gray	l.pGy	purple	purple	ISCCNBS:L2_023	232		H 9PB-9RP; V [6.5, 8.5]; C [0.5, 1.5]	1	9.0P 7.5/1.0	interior	Kelly & Judd, NBS SP 440 (1976) [DOI:10.6028/NBS.SP.440] hue-range charts p. 29, 30 (PDF p. 65, 66); boundary rule p. 15	Kelly 1958, J. Res. NBS 61(5), Table 1, p. 430 [DOI:10.6028/jres.061.035]; printed '9.0P7.5/1.0'	Kelly & Judd, NBS SP 440 (1976) [DOI:10.6028/NBS.SP.440] chart p. 29; Kelly 1958, J. Res. NBS 61(5):427 [DOI:10.6028/jres.061.035] Table 1 p. 430; abbreviation per SP 440 Fig. 11 and dictionary	FLOPO:0988028
FLOPO:0988246	FLOPO:0988246	ISCCNBS:L3_233	3	233	purplish gray	pGy	purple	purple	ISCCNBS:L2_023	233		H 9PB-1R; V [4.5, 6.5]; C [0.5, 1.5]	1	10.0P 5.5/1.0	interior	Kelly & Judd, NBS SP 440 (1976) [DOI:10.6028/NBS.SP.440] hue-range charts p. 29, 30, 31 (PDF p. 65, 66, 67); boundary rule p. 15	Kelly 1958, J. Res. NBS 61(5), Table 1, p. 430 [DOI:10.6028/jres.061.035]; printed '10.0P5.5/1.0'	Kelly & Judd, NBS SP 440 (1976) [DOI:10.6028/NBS.SP.440] chart p. 29; Kelly 1958, J. Res. NBS 61(5):427 [DOI:10.6028/jres.061.035] Table 1 p. 430; abbreviation per SP 440 Fig. 11 and dictionary	FLOPO:0988028
FLOPO:0988247	FLOPO:0988247	ISCCNBS:L3_234	3	234	dark purplish gray	d.pGy	purple	purple	ISCCNBS:L2_023	234		H 9PB-1R; V [2.5, 4.5]; C [0.5, 1.5]	1	10.0P 3.5/1.0	interior	Kelly & Judd, NBS SP 440 (1976) [DOI:10.6028/NBS.SP.440] hue-range charts p. 29, 30, 31 (PDF p. 65, 66, 67); boundary rule p. 15	Kelly 1958, J. Res. NBS 61(5), Table 1, p. 430 [DOI:10.6028/jres.061.035]; printed '10.0P3.5/1.0'	Kelly & Judd, NBS SP 440 (1976) [DOI:10.6028/NBS.SP.440] chart p. 29; Kelly 1958, J. Res. NBS 61(5):427 [DOI:10.6028/jres.061.035] Table 1 p. 430; abbreviation per SP 440 Fig. 11 and dictionary	FLOPO:0988028
PATO:0104157	PATO:0104157	ISCCNBS:L3_235	3	235	purplish black	pBk	purple	purple	ISCCNBS:L2_023	235		H 9PB-1R; V [0, 2]; C [0.5, 1]	1	10.0P 1.0/0.7	peripheral	Kelly & Judd, NBS SP 440 (1976) [DOI:10.6028/NBS.SP.440] hue-range charts p. 29, 30, 31 (PDF p. 65, 66, 67); boundary rule p. 15	Kelly 1958, J. Res. NBS 61(5), Table 1, p. 430 [DOI:10.6028/jres.061.035]; printed '10.0P1.0/0.7*'	Kelly & Judd, NBS SP 440 (1976) [DOI:10.6028/NBS.SP.440] chart p. 29; Kelly 1958, J. Res. NBS 61(5):427 [DOI:10.6028/jres.061.035] Table 1 p. 430; abbreviation per SP 440 Fig. 11 and dictionary	FLOPO:0988028
FLOPO:0988248	FLOPO:0988248	ISCCNBS:L3_236	3	236	vivid reddish purple	v.rP	reddish purple	purple	ISCCNBS:L2_024	236		H 9P-3RP; V [0, 5.5]; C [13, MacAdam limit) || H 9P-3RP; V [5.5, 6.5]; C [15, MacAdam limit)	2	1.0RP 4.0/19.0	peripheral	Kelly & Judd, NBS SP 440 (1976) [DOI:10.6028/NBS.SP.440] hue-range charts p. 30 (PDF p. 66); boundary rule p. 15	Kelly 1958, J. Res. NBS 61(5), Table 1, p. 430 [DOI:10.6028/jres.061.035]; printed '1.0RP4+/19+*'	Kelly & Judd, NBS SP 440 (1976) [DOI:10.6028/NBS.SP.440] chart p. 30; Kelly 1958, J. Res. NBS 61(5):427 [DOI:10.6028/jres.061.035] Table 1 p. 430; abbreviation per SP 440 Fig. 11 and dictionary	PATO:0104079
FLOPO:0988249	FLOPO:0988249	ISCCNBS:L3_237	3	237	strong reddish purple	s.rP	reddish purple	purple	ISCCNBS:L2_024	237		H 9P-3RP; V [3.5, 5.5]; C [9, 13]	1	1.0RP 4.5/11.1	interior	Kelly & Judd, NBS SP 440 (1976) [DOI:10.6028/NBS.SP.440] hue-range charts p. 30 (PDF p. 66); boundary rule p. 15	Kelly 1958, J. Res. NBS 61(5), Table 1, p. 430 [DOI:10.6028/jres.061.035]; printed '1.0RP4.5/11.1'	Kelly & Judd, NBS SP 440 (1976) [DOI:10.6028/NBS.SP.440] chart p. 30; Kelly 1958, J. Res. NBS 61(5):427 [DOI:10.6028/jres.061.035] Table 1 p. 430; abbreviation per SP 440 Fig. 11 and dictionary	PATO:0104079
FLOPO:0988250	FLOPO:0988250	ISCCNBS:L3_238	3	238	deep reddish purple	deep rP	reddish purple	purple	ISCCNBS:L2_024	238		H 9P-3RP; V [2, 3.5]; C [7, 13]	1	1.0RP 2.8/10.3	interior	Kelly & Judd, NBS SP 440 (1976) [DOI:10.6028/NBS.SP.440] hue-range charts p. 30 (PDF p. 66); boundary rule p. 15	Kelly 1958, J. Res. NBS 61(5), Table 1, p. 430 [DOI:10.6028/jres.061.035]; printed '1.0RP 2.8/10.3'	Kelly & Judd, NBS SP 440 (1976) [DOI:10.6028/NBS.SP.440] chart p. 30; Kelly 1958, J. Res. NBS 61(5):427 [DOI:10.6028/jres.061.035] Table 1 p. 430; abbreviation per SP 440 Fig. 11 and dictionary	PATO:0104079
FLOPO:0988251	FLOPO:0988251	ISCCNBS:L3_239	3	239	very deep reddish purple	v.d.rP	reddish purple	purple	ISCCNBS:L2_024	239		H 9P-3RP; V [0, 2]; C [7, 13]	1	1.0RP 1.3/10.3	peripheral	Kelly & Judd, NBS SP 440 (1976) [DOI:10.6028/NBS.SP.440] hue-range charts p. 30 (PDF p. 66); boundary rule p. 15	Kelly 1958, J. Res. NBS 61(5), Table 1, p. 430 [DOI:10.6028/jres.061.035]; printed '1.0RP 1.3/10.3*'	Kelly & Judd, NBS SP 440 (1976) [DOI:10.6028/NBS.SP.440] chart p. 30; Kelly 1958, J. Res. NBS 61(5):427 [DOI:10.6028/jres.061.035] Table 1 p. 430; abbreviation per SP 440 Fig. 11 and dictionary	PATO:0104079
FLOPO:0988252	FLOPO:0988252	ISCCNBS:L3_240	3	240	light reddish purple	l.rP	reddish purple	purple	ISCCNBS:L2_024	240		H 9P-3RP; V [5.5, 6.5]; C [5, 9]	1	1.0RP 6.0/7.2	interior	Kelly & Judd, NBS SP 440 (1976) [DOI:10.6028/NBS.SP.440] hue-range charts p. 30 (PDF p. 66); boundary rule p. 15	Kelly 1958, J. Res. NBS 61(5), Table 1, p. 430 [DOI:10.6028/jres.061.035]; printed '1.0RP 6.0/7.2'	Kelly & Judd, NBS SP 440 (1976) [DOI:10.6028/NBS.SP.440] chart p. 30; Kelly 1958, J. Res. NBS 61(5):427 [DOI:10.6028/jres.061.035] Table 1 p. 430; abbreviation per SP 440 Fig. 11 and dictionary	PATO:0104079
FLOPO:0988253	FLOPO:0988253	ISCCNBS:L3_241	3	241	moderate reddish purple	m.rP	reddish purple	purple	ISCCNBS:L2_024	241		H 9P-3RP; V [3.5, 5.5]; C [5, 9]	1	1.0RP 4.5/7.2	interior	Kelly & Judd, NBS SP 440 (1976) [DOI:10.6028/NBS.SP.440] hue-range charts p. 30 (PDF p. 66); boundary rule p. 15	Kelly 1958, J. Res. NBS 61(5), Table 1, p. 430 [DOI:10.6028/jres.061.035]; printed '1.0RP4.5/7.2'	Kelly & Judd, NBS SP 440 (1976) [DOI:10.6028/NBS.SP.440] chart p. 30; Kelly 1958, J. Res. NBS 61(5):427 [DOI:10.6028/jres.061.035] Table 1 p. 430; abbreviation per SP 440 Fig. 11 and dictionary	PATO:0104079
FLOPO:0988254	FLOPO:0988254	ISCCNBS:L3_242	3	242	dark reddish purple	d.rP	reddish purple	purple	ISCCNBS:L2_024	242		H 9P-3RP; V [2, 2.5]; C [2, 7] || H 9P-3RP; V [2.5, 3.5]; C [3, 7]	2	1.0RP 2.7/5.1	interior	Kelly & Judd, NBS SP 440 (1976) [DOI:10.6028/NBS.SP.440] hue-range charts p. 30 (PDF p. 66); boundary rule p. 15	Kelly 1958, J. Res. NBS 61(5), Table 1, p. 430 [DOI:10.6028/jres.061.035]; printed '1.0RP2.7/5.1'	Kelly & Judd, NBS SP 440 (1976) [DOI:10.6028/NBS.SP.440] chart p. 30; Kelly 1958, J. Res. NBS 61(5):427 [DOI:10.6028/jres.061.035] Table 1 p. 430; abbreviation per SP 440 Fig. 11 and dictionary	PATO:0104079
FLOPO:0988255	FLOPO:0988255	ISCCNBS:L3_243	3	243	very dark reddish purple	v.d.rP	reddish purple	purple	ISCCNBS:L2_024	243		H 9P-3RP; V [0, 2]; C [2, 7]	1	1.0RP 1.1/5.0	peripheral	Kelly & Judd, NBS SP 440 (1976) [DOI:10.6028/NBS.SP.440] hue-range charts p. 30 (PDF p. 66); boundary rule p. 15	Kelly 1958, J. Res. NBS 61(5), Table 1, p. 430 [DOI:10.6028/jres.061.035]; printed '1.0RP1.1/5.0*'	Kelly & Judd, NBS SP 440 (1976) [DOI:10.6028/NBS.SP.440] chart p. 30; Kelly 1958, J. Res. NBS 61(5):427 [DOI:10.6028/jres.061.035] Table 1 p. 430; abbreviation per SP 440 Fig. 11 and dictionary	PATO:0104079
FLOPO:0988256	FLOPO:0988256	ISCCNBS:L3_244	3	244	pale reddish purple	p.rP	reddish purple	purple	ISCCNBS:L2_024	244		H 9P-3RP; V [5.5, 6.5]; C [3, 5]	1	1.0RP 6.0/4.1	interior	Kelly & Judd, NBS SP 440 (1976) [DOI:10.6028/NBS.SP.440] hue-range charts p. 30 (PDF p. 66); boundary rule p. 15	Kelly 1958, J. Res. NBS 61(5), Table 1, p. 430 [DOI:10.6028/jres.061.035]; printed '1.0RP6.0/4.1'	Kelly & Judd, NBS SP 440 (1976) [DOI:10.6028/NBS.SP.440] chart p. 30; Kelly 1958, J. Res. NBS 61(5):427 [DOI:10.6028/jres.061.035] Table 1 p. 430; abbreviation per SP 440 Fig. 11 and dictionary	PATO:0104079
FLOPO:0988257	FLOPO:0988257	ISCCNBS:L3_245	3	245	grayish reddish purple	gy.rP	reddish purple	purple	ISCCNBS:L2_024	245		H 9P-3RP; V [3.5, 5.5]; C [3, 5]	1	1.0RP 4.5/4.1	interior	Kelly & Judd, NBS SP 440 (1976) [DOI:10.6028/NBS.SP.440] hue-range charts p. 30 (PDF p. 66); boundary rule p. 15	Kelly 1958, J. Res. NBS 61(5), Table 1, p. 430 [DOI:10.6028/jres.061.035]; printed '1.0RP4.5/4.1'	Kelly & Judd, NBS SP 440 (1976) [DOI:10.6028/NBS.SP.440] chart p. 30; Kelly 1958, J. Res. NBS 61(5):427 [DOI:10.6028/jres.061.035] Table 1 p. 430; abbreviation per SP 440 Fig. 11 and dictionary	PATO:0104079
FLOPO:0988258	FLOPO:0988258	ISCCNBS:L3_246	3	246	brilliant purplish pink	brill.pPk	purplish pink	pink	ISCCNBS:L2_025	246		H 9P-9RP; V [7.5, 10]; C [9, MacAdam limit)	1	4.0RP 7.9/11.0	peripheral	Kelly & Judd, NBS SP 440 (1976) [DOI:10.6028/NBS.SP.440] hue-range charts p. 30 (PDF p. 66); boundary rule p. 15	Kelly 1958, J. Res. NBS 61(5), Table 1, p. 430 [DOI:10.6028/jres.061.035]; printed '4.0RP7.9+/11+*'	Kelly & Judd, NBS SP 440 (1976) [DOI:10.6028/NBS.SP.440] chart p. 30; Kelly 1958, J. Res. NBS 61(5):427 [DOI:10.6028/jres.061.035] Table 1 p. 430; abbreviation per SP 440 Fig. 11 and dictionary	FLOPO:0988029
FLOPO:0988259	FLOPO:0988259	ISCCNBS:L3_247	3	247	strong purplish pink	s.pPk	purplish pink	pink	ISCCNBS:L2_025	247		H 9P-9RP; V [6.5, 7.5]; C [9, MacAdam limit)	1	4.0RP 7.0/14.5	peripheral	Kelly & Judd, NBS SP 440 (1976) [DOI:10.6028/NBS.SP.440] hue-range charts p. 30 (PDF p. 66); boundary rule p. 15	Kelly 1958, J. Res. NBS 61(5), Table 1, p. 430 [DOI:10.6028/jres.061.035]; printed '4.0RP 7-/14.5*'	Kelly & Judd, NBS SP 440 (1976) [DOI:10.6028/NBS.SP.440] chart p. 30; Kelly 1958, J. Res. NBS 61(5):427 [DOI:10.6028/jres.061.035] Table 1 p. 430; abbreviation per SP 440 Fig. 11 and dictionary	FLOPO:0988029
FLOPO:0988260	FLOPO:0988260	ISCCNBS:L3_248	3	248	deep purplish pink	deep pPk	purplish pink	pink	ISCCNBS:L2_025	248		H 9P-9RP; V [5.5, 6.5]; C [9, 15]	1	4.0RP 6.0/12.0	interior	Kelly & Judd, NBS SP 440 (1976) [DOI:10.6028/NBS.SP.440] hue-range charts p. 30 (PDF p. 66); boundary rule p. 15	Kelly 1958, J. Res. NBS 61(5), Table 1, p. 430 [DOI:10.6028/jres.061.035]; printed '4.0RP6.0/12.0'	Kelly & Judd, NBS SP 440 (1976) [DOI:10.6028/NBS.SP.440] chart p. 30; Kelly 1958, J. Res. NBS 61(5):427 [DOI:10.6028/jres.061.035] Table 1 p. 430; abbreviation per SP 440 Fig. 11 and dictionary	FLOPO:0988029
FLOPO:0988261	FLOPO:0988261	ISCCNBS:L3_249	3	249	light purplish pink	l.pPk	purplish pink	pink	ISCCNBS:L2_025	249		H 9P-9RP; V [7.5, 10]; C [5, 9]	1	4.0RP 8.3/7.1	peripheral	Kelly & Judd, NBS SP 440 (1976) [DOI:10.6028/NBS.SP.440] hue-range charts p. 30 (PDF p. 66); boundary rule p. 15	Kelly 1958, J. Res. NBS 61(5), Table 1, p. 430 [DOI:10.6028/jres.061.035]; printed '4.0RP8.3/7.1*'	Kelly & Judd, NBS SP 440 (1976) [DOI:10.6028/NBS.SP.440] chart p. 30; Kelly 1958, J. Res. NBS 61(5):427 [DOI:10.6028/jres.061.035] Table 1 p. 430; abbreviation per SP 440 Fig. 11 and dictionary	FLOPO:0988029
FLOPO:0988262	FLOPO:0988262	ISCCNBS:L3_250	3	250	moderate purplish pink	m.pPk	purplish pink	pink	ISCCNBS:L2_025	250		H 9P-9RP; V [6.5, 7.5]; C [5, 9]	1	4.0RP 7.0/7.1	interior	Kelly & Judd, NBS SP 440 (1976) [DOI:10.6028/NBS.SP.440] hue-range charts p. 30 (PDF p. 66); boundary rule p. 15	Kelly 1958, J. Res. NBS 61(5), Table 1, p. 430 [DOI:10.6028/jres.061.035]; printed '4.0RP7.0/7.1'	Kelly & Judd, NBS SP 440 (1976) [DOI:10.6028/NBS.SP.440] chart p. 30; Kelly 1958, J. Res. NBS 61(5):427 [DOI:10.6028/jres.061.035] Table 1 p. 430; abbreviation per SP 440 Fig. 11 and dictionary	FLOPO:0988029
FLOPO:0988263	FLOPO:0988263	ISCCNBS:L3_251	3	251	dark purplish pink	d.pPk	purplish pink	pink	ISCCNBS:L2_025	251		H 3RP-9RP; V [5.5, 6.5]; C [5, 9]	1	6.0RP 6.0/7.2	interior	Kelly & Judd, NBS SP 440 (1976) [DOI:10.6028/NBS.SP.440] hue-range charts p. 30 (PDF p. 66); boundary rule p. 15	Kelly 1958, J. Res. NBS 61(5), Table 1, p. 430 [DOI:10.6028/jres.061.035]; printed '6.0RP6.0/7.2'	Kelly & Judd, NBS SP 440 (1976) [DOI:10.6028/NBS.SP.440] chart p. 30; Kelly 1958, J. Res. NBS 61(5):427 [DOI:10.6028/jres.061.035] Table 1 p. 430; abbreviation per SP 440 Fig. 11 and dictionary	FLOPO:0988029
FLOPO:0988264	FLOPO:0988264	ISCCNBS:L3_252	3	252	pale purplish pink	p.pPk	purplish pink	pink	ISCCNBS:L2_025	252		H 9P-9RP; V [7.5, 10]; C [1.5, 5]	1	4.0RP 8.5/3.5	peripheral	Kelly & Judd, NBS SP 440 (1976) [DOI:10.6028/NBS.SP.440] hue-range charts p. 30 (PDF p. 66); boundary rule p. 15	Kelly 1958, J. Res. NBS 61(5), Table 1, p. 430 [DOI:10.6028/jres.061.035]; printed '4.0RP8.5/3.5*'	Kelly & Judd, NBS SP 440 (1976) [DOI:10.6028/NBS.SP.440] chart p. 30; Kelly 1958, J. Res. NBS 61(5):427 [DOI:10.6028/jres.061.035] Table 1 p. 430; abbreviation per SP 440 Fig. 11 and dictionary	FLOPO:0988029
FLOPO:0988265	FLOPO:0988265	ISCCNBS:L3_253	3	253	grayish purplish pink	gy.pPk	purplish pink	pink	ISCCNBS:L2_025	253		H 9P-9RP; V [6.5, 7.5]; C [1.5, 5]	1	4.0RP 7.0/3.5	interior	Kelly & Judd, NBS SP 440 (1976) [DOI:10.6028/NBS.SP.440] hue-range charts p. 30 (PDF p. 66); boundary rule p. 15	Kelly 1958, J. Res. NBS 61(5), Table 1, p. 430 [DOI:10.6028/jres.061.035]; printed '4.0RP7.0/3.5'	Kelly & Judd, NBS SP 440 (1976) [DOI:10.6028/NBS.SP.440] chart p. 30; Kelly 1958, J. Res. NBS 61(5):427 [DOI:10.6028/jres.061.035] Table 1 p. 430; abbreviation per SP 440 Fig. 11 and dictionary	FLOPO:0988029
FLOPO:0988266	FLOPO:0988266	ISCCNBS:L3_254	3	254	vivid purplish red	v.pR	purplish red	red	ISCCNBS:L2_026	254		H 3RP-1R; V [0, 2]; C [11, MacAdam limit) || H 3RP-1R; V [2, 5.5]; C [13, MacAdam limit) || H 3RP-1R; V [5.5, 6.5]; C [15, MacAdam limit)	3	7.0RP 4.0/17.0	peripheral	Kelly & Judd, NBS SP 440 (1976) [DOI:10.6028/NBS.SP.440] hue-range charts p. 30, 31 (PDF p. 66, 67); boundary rule p. 15	Kelly 1958, J. Res. NBS 61(5), Table 1, p. 430 [DOI:10.6028/jres.061.035]; printed '7.0RP 4+/17+*'	Kelly & Judd, NBS SP 440 (1976) [DOI:10.6028/NBS.SP.440] chart p. 30; Kelly 1958, J. Res. NBS 61(5):427 [DOI:10.6028/jres.061.035] Table 1 p. 430; abbreviation per SP 440 Fig. 11 and dictionary	PATO:0104311
FLOPO:0988267	FLOPO:0988267	ISCCNBS:L3_255	3	255	strong purplish red	s.pR	purplish red	red	ISCCNBS:L2_026	255		H 3RP-1R; V [3.5, 5.5]; C [11, 13]	1	7.0RP 4.5/11.9	interior	Kelly & Judd, NBS SP 440 (1976) [DOI:10.6028/NBS.SP.440] hue-range charts p. 30, 31 (PDF p. 66, 67); boundary rule p. 15	Kelly 1958, J. Res. NBS 61(5), Table 1, p. 430 [DOI:10.6028/jres.061.035]; printed '7.0RP 4.5/11.9'	Kelly & Judd, NBS SP 440 (1976) [DOI:10.6028/NBS.SP.440] chart p. 30; Kelly 1958, J. Res. NBS 61(5):427 [DOI:10.6028/jres.061.035] Table 1 p. 430; abbreviation per SP 440 Fig. 11 and dictionary	PATO:0104311
PATO:0104087	PATO:0104087	ISCCNBS:L3_256	3	256	deep purplish red	deep pR	purplish red	red	ISCCNBS:L2_026	256		H 3RP-1R; V [2, 3.5]; C [9, 13]	1	7.0RP 2.8/11.0	interior	Kelly & Judd, NBS SP 440 (1976) [DOI:10.6028/NBS.SP.440] hue-range charts p. 30, 31 (PDF p. 66, 67); boundary rule p. 15	Kelly 1958, J. Res. NBS 61(5), Table 1, p. 430 [DOI:10.6028/jres.061.035]; printed '7.0RP2.8/11.0'	Kelly & Judd, NBS SP 440 (1976) [DOI:10.6028/NBS.SP.440] chart p. 30; Kelly 1958, J. Res. NBS 61(5):427 [DOI:10.6028/jres.061.035] Table 1 p. 430; abbreviation per SP 440 Fig. 11 and dictionary	PATO:0104311
FLOPO:0988268	FLOPO:0988268	ISCCNBS:L3_257	3	257	very deep purplish red	v.deep pR	purplish red	red	ISCCNBS:L2_026	257		H 3RP-1R; V [0, 2]; C [7, 11]	1	7.0RP 1.3/9.0	peripheral	Kelly & Judd, NBS SP 440 (1976) [DOI:10.6028/NBS.SP.440] hue-range charts p. 30, 31 (PDF p. 66, 67); boundary rule p. 15	Kelly 1958, J. Res. NBS 61(5), Table 1, p. 430 [DOI:10.6028/jres.061.035]; printed '7.0RP1.3/9.0*'	Kelly & Judd, NBS SP 440 (1976) [DOI:10.6028/NBS.SP.440] chart p. 30; Kelly 1958, J. Res. NBS 61(5):427 [DOI:10.6028/jres.061.035] Table 1 p. 430; abbreviation per SP 440 Fig. 11 and dictionary	PATO:0104311
FLOPO:0988269	FLOPO:0988269	ISCCNBS:L3_258	3	258	moderate purplish red	m.pR	purplish red	red	ISCCNBS:L2_026	258		H 3RP-1R; V [3.5, 5.5]; C [7, 11]	1	7.0RP 4.5/9.0	interior	Kelly & Judd, NBS SP 440 (1976) [DOI:10.6028/NBS.SP.440] hue-range charts p. 30, 31 (PDF p. 66, 67); boundary rule p. 15	Kelly 1958, J. Res. NBS 61(5), Table 1, p. 430 [DOI:10.6028/jres.061.035]; printed '7.0RP4.5/9.0'	Kelly & Judd, NBS SP 440 (1976) [DOI:10.6028/NBS.SP.440] chart p. 30; Kelly 1958, J. Res. NBS 61(5):427 [DOI:10.6028/jres.061.035] Table 1 p. 430; abbreviation per SP 440 Fig. 11 and dictionary	PATO:0104311
PATO:0104159	PATO:0104159	ISCCNBS:L3_259	3	259	dark purplish red	d.pR	purplish red	red	ISCCNBS:L2_026	259		H 3RP-1R; V [2, 2.5]; C [2, 9] || H 3RP-1R; V [2.5, 3.5]; C [3, 9]	2	7.0RP 2.7/6.3	interior	Kelly & Judd, NBS SP 440 (1976) [DOI:10.6028/NBS.SP.440] hue-range charts p. 30, 31 (PDF p. 66, 67); boundary rule p. 15	Kelly 1958, J. Res. NBS 61(5), Table 1, p. 430 [DOI:10.6028/jres.061.035]; printed '7.0RP 2.7/6.3'	Kelly & Judd, NBS SP 440 (1976) [DOI:10.6028/NBS.SP.440] chart p. 30; Kelly 1958, J. Res. NBS 61(5):427 [DOI:10.6028/jres.061.035] Table 1 p. 430; abbreviation per SP 440 Fig. 11 and dictionary	PATO:0104311
FLOPO:0988270	FLOPO:0988270	ISCCNBS:L3_260	3	260	very dark purplish red	v.d.pR	purplish red	red	ISCCNBS:L2_026	260		H 3RP-1R; V [0, 2]; C [2, 7]	1	7.0RP 1.2/4.9	peripheral	Kelly & Judd, NBS SP 440 (1976) [DOI:10.6028/NBS.SP.440] hue-range charts p. 30, 31 (PDF p. 66, 67); boundary rule p. 15	Kelly 1958, J. Res. NBS 61(5), Table 1, p. 430 [DOI:10.6028/jres.061.035]; printed '7.0RP1.2/4.9*'	Kelly & Judd, NBS SP 440 (1976) [DOI:10.6028/NBS.SP.440] chart p. 30; Kelly 1958, J. Res. NBS 61(5):427 [DOI:10.6028/jres.061.035] Table 1 p. 430; abbreviation per SP 440 Fig. 11 and dictionary	PATO:0104311
FLOPO:0988271	FLOPO:0988271	ISCCNBS:L3_261	3	261	light grayish purplish red	l.gy.pR	purplish red	red	ISCCNBS:L2_026	261		H 3RP-1R; V [5.5, 6.5]; C [3, 5]	1	7.0RP 6.0/4.0	interior	Kelly & Judd, NBS SP 440 (1976) [DOI:10.6028/NBS.SP.440] hue-range charts p. 30, 31 (PDF p. 66, 67); boundary rule p. 15	Kelly 1958, J. Res. NBS 61(5), Table 1, p. 430 [DOI:10.6028/jres.061.035]; printed '7.0RP6.0/4.0'	Kelly & Judd, NBS SP 440 (1976) [DOI:10.6028/NBS.SP.440] chart p. 30; Kelly 1958, J. Res. NBS 61(5):427 [DOI:10.6028/jres.061.035] Table 1 p. 430; abbreviation per SP 440 Fig. 11 and dictionary	PATO:0104311
FLOPO:0988272	FLOPO:0988272	ISCCNBS:L3_262	3	262	grayish purplish red	gy.pR	purplish red	red	ISCCNBS:L2_026	262		H 3RP-1R; V [3.5, 5.5]; C [3, 7]	1	7.0RP 4.5/5.2	interior	Kelly & Judd, NBS SP 440 (1976) [DOI:10.6028/NBS.SP.440] hue-range charts p. 30, 31 (PDF p. 66, 67); boundary rule p. 15	Kelly 1958, J. Res. NBS 61(5), Table 1, p. 430 [DOI:10.6028/jres.061.035]; printed '7.0RP4.5/5.2'	Kelly & Judd, NBS SP 440 (1976) [DOI:10.6028/NBS.SP.440] chart p. 30; Kelly 1958, J. Res. NBS 61(5):427 [DOI:10.6028/jres.061.035] Table 1 p. 430; abbreviation per SP 440 Fig. 11 and dictionary	PATO:0104311
FLOPO:0988009	FLOPO:0988009	ISCCNBS:L3_263	3	263	white	White	white	white	ISCCNBS:L2_027	263		H 7YR-9Y; V [8.5, 10]; C [0, 0.7] || H 9Y-7YR; V [8.5, 10]; C [0, 0.5]	2	3.0Y 9.25/0.06	interior	Kelly & Judd, NBS SP 440 (1976) [DOI:10.6028/NBS.SP.440] hue-range charts p. 16, 17, 18, 19, 20, 21, 22, 23, 24, 25, 26, 27, 28, 29, 30, 31 (PDF p. 52, 53, 54, 55, 56, 57, 58, 59, 60, 61, 62, 63, 64, 65, 66, 67); boundary rule p. 15	Kelly 1958, J. Res. NBS 61(5), Table 1, p. 430 [DOI:10.6028/jres.061.035]; printed '3.0Y9.25/0.06'	Kelly & Judd, NBS SP 440 (1976) [DOI:10.6028/NBS.SP.440] chart p. 16; Kelly 1958, J. Res. NBS 61(5):427 [DOI:10.6028/jres.061.035] Table 1 p. 430; abbreviation per SP 440 Fig. 11 and dictionary	FLOPO:0988009
FLOPO:0988273	FLOPO:0988273	ISCCNBS:L3_264	3	264	light gray	l.Gy	gray	gray	ISCCNBS:L2_028	264		H 7YR-9Y; V [6.5, 8.5]; C [0, 0.7] || H 9Y-7YR; V [6.5, 8.5]; C [0, 0.5]	2	3.0Y 7.5/0.06	interior	Kelly & Judd, NBS SP 440 (1976) [DOI:10.6028/NBS.SP.440] hue-range charts p. 16, 17, 18, 19, 20, 21, 22, 23, 24, 25, 26, 27, 28, 29, 30, 31 (PDF p. 52, 53, 54, 55, 56, 57, 58, 59, 60, 61, 62, 63, 64, 65, 66, 67); boundary rule p. 15	Kelly 1958, J. Res. NBS 61(5), Table 1, p. 430 [DOI:10.6028/jres.061.035]; printed '3.0Y7.5/0.06'	Kelly & Judd, NBS SP 440 (1976) [DOI:10.6028/NBS.SP.440] chart p. 16; Kelly 1958, J. Res. NBS 61(5):427 [DOI:10.6028/jres.061.035] Table 1 p. 430; abbreviation per SP 440 Fig. 11 and dictionary	FLOPO:0988010
FLOPO:0988274	FLOPO:0988274	ISCCNBS:L3_265	3	265	medium gray	m.Gy	gray	gray	ISCCNBS:L2_028	265		H 7YR-9Y; V [4.5, 6.5]; C [0, 0.7] || H 9Y-7YR; V [4.5, 6.5]; C [0, 0.5]	2	3.0Y 5.5/0.06	interior	Kelly & Judd, NBS SP 440 (1976) [DOI:10.6028/NBS.SP.440] hue-range charts p. 16, 17, 18, 19, 20, 21, 22, 23, 24, 25, 26, 27, 28, 29, 30, 31 (PDF p. 52, 53, 54, 55, 56, 57, 58, 59, 60, 61, 62, 63, 64, 65, 66, 67); boundary rule p. 15	Kelly 1958, J. Res. NBS 61(5), Table 1, p. 430 [DOI:10.6028/jres.061.035]; printed '3.0Y5.5/0.06'	Kelly & Judd, NBS SP 440 (1976) [DOI:10.6028/NBS.SP.440] chart p. 16; Kelly 1958, J. Res. NBS 61(5):427 [DOI:10.6028/jres.061.035] Table 1 p. 430; abbreviation per SP 440 Fig. 11 and dictionary	FLOPO:0988010
FLOPO:0988275	FLOPO:0988275	ISCCNBS:L3_266	3	266	dark gray	d.Gy	gray	gray	ISCCNBS:L2_028	266		H all hues; V [2.5, 4.5]; C [0, 0.5]	1	N3.5	interior	Kelly & Judd, NBS SP 440 (1976) [DOI:10.6028/NBS.SP.440] hue-range charts p. 16, 17, 18, 19, 20, 21, 22, 23, 24, 25, 26, 27, 28, 29, 30, 31 (PDF p. 52, 53, 54, 55, 56, 57, 58, 59, 60, 61, 62, 63, 64, 65, 66, 67); boundary rule p. 15	Kelly 1958, J. Res. NBS 61(5), Table 1, p. 430 [DOI:10.6028/jres.061.035]; printed 'N 3.5/'	Kelly & Judd, NBS SP 440 (1976) [DOI:10.6028/NBS.SP.440] chart p. 16; Kelly 1958, J. Res. NBS 61(5):427 [DOI:10.6028/jres.061.035] Table 1 p. 430; abbreviation per SP 440 Fig. 11 and dictionary	FLOPO:0988010
FLOPO:0988011	FLOPO:0988011	ISCCNBS:L3_267	3	267	black	Bk	black	black	ISCCNBS:L2_029	267		H all hues; V [0, 2.5]; C [0, 0.5]	1	N1.25	interior	Kelly & Judd, NBS SP 440 (1976) [DOI:10.6028/NBS.SP.440] hue-range charts p. 16, 17, 18, 19, 20, 21, 22, 23, 24, 25, 26, 27, 28, 29, 30, 31 (PDF p. 52, 53, 54, 55, 56, 57, 58, 59, 60, 61, 62, 63, 64, 65, 66, 67); boundary rule p. 15	Kelly 1958, J. Res. NBS 61(5), Table 1, p. 430 [DOI:10.6028/jres.061.035]; printed 'N 1.25/'	Kelly & Judd, NBS SP 440 (1976) [DOI:10.6028/NBS.SP.440] chart p. 16; Kelly 1958, J. Res. NBS 61(5):427 [DOI:10.6028/jres.061.035] Table 1 p. 430; abbreviation per SP 440 Fig. 11 and dictionary	FLOPO:0988011
