id	label	synonyms	namespace
PO_0000001	embryo proper	embri&#243foro (Spanish)|胚本体 (Japanese)	plant_anatomy
PO_0000002	anther wall	pared de la antera (Spanish)|Poaceae anther wall|pollen sac wall|Zea anther wall|葯壁 (Japanese)	plant_anatomy
PO_0000003	whole plant	bush|clonal colony|colony|frutex|frutices|gametophyte|genet|herb|liana|planta entera (Spanish)|prothalli|prothallium|prothallus|ramet|seedling|shrub|sporophyte|suffrutex|suffrutices|tree|vine|woody clump|植物体全体 (Japanese)	plant_anatomy
PO_0000004	in vitro plant structure	estructura vegetal in vito (Spanish)|培養下植物構造 (Japanese)	plant_anatomy
PO_0000005	cultured plant cell	c&#233lula cultivada (Spanish)|cell suspension|cultured cell|培養植物細胞 (Japanese)	plant_anatomy
PO_0000006	plant protoplast	protoplast|protoplasto cultivado (Spanish)|植物プロトプラスト (Japanese)	plant_anatomy
PO_0000007	leaf-derived cultured plant cell	c&#233lula cultivada de hoja (Spanish)|cultured plant cell|leaf-derived cultured cell|葉由来植物培養細胞 (Japanese)	plant_anatomy
PO_0000008	root-derived cultured plant cell	c&#233lula cultivada de ra&#237z (Spanish)|root-derived cultured cell|根由来植物培養細胞 (Japanese)	plant_anatomy
PO_0000009	cultured plant callus	callo cultivado (Spanish)|cultured callus|培養植物カルス (Japanese)	plant_anatomy
PO_0000010	cultured plant embryo	cultured embryo|embri&#243n cultivado (Spanish)|培養植物胚 (Japanese)	plant_anatomy
PO_0000011	cultured somatic plant embryo	cultured somatic embryo|embri&#243n som&#225tico cultivado (Spanish)|培養植物体細胞不定胚 (Japanese)	plant_anatomy
PO_0000012	apical hook	gancho apical (Spanish)|hypocotyl hook|頂端かぎ状屈曲構造 (Japanese)	plant_anatomy
PO_0000013	cauline leaf	hoja caulinar (Spanish)|茎生葉、茎葉 (Japanese)	plant_anatomy
PO_0000014	rosette leaf	hoja en roseta (Spanish)|ロゼット葉 (Japanese)	plant_anatomy
PO_0000015	cotyledon primordium	cotyledon primordia|portion of cotyledon primordium tissue|primordio de cotiled&#243n (Spanish)|子葉原基（可視的） (Japanese)	plant_anatomy
PO_0000016	lateral root primordium	portion of lateral root primordium tissue|primordio de ra&#237z lateral (Spanish)|側根原基 (Japanese)	plant_anatomy
PO_0000017	vascular leaf primordium	leaf primordium|portion of vascular leaf primordium tissue|primordio de hoja (Spanish)|vascular leaf primordia|葉原基 (Japanese)	plant_anatomy
PO_0000018	ovule primordium	portion of ovule primordium tissue|primordio de &#243vulo (Spanish)|胚珠原基（可視的） (Japanese)	plant_anatomy
PO_0000019	gynoecium primordium	pistil primordium|portion of gynoecium primordium tissue|primordio de gineceo (Spanish)|雌蕊原基(可視的）   (Japanese)	plant_anatomy
PO_0000021	petal primordium	petal primordia|portion of petal primordium tissue|primordio de p&#233talo (Spanish)|花弁原基（可視的） (Japanese)	plant_anatomy
PO_0000022	plant cuticle	cut&#237cula (Spanish)|cuticle|植物クチクラ (Japanese)	plant_anatomy
PO_0000025	root tip	punta de la ra&#237z (Spanish)|根端 (Japanese)	plant_anatomy
PO_0000026	primary root tip	punta de la ra&#237z primaria (Spanish)|一次根端 (Japanese)	plant_anatomy
PO_0000027	lateral root tip	punta de la ra&#237z lateral (Spanish)|側根端 (Japanese)	plant_anatomy
PO_0000030	septum	dissepiment|septa|septo (Spanish)|隔壁 (Japanese)	plant_anatomy
PO_0000031	lenticel	lenticela (Spanish)|皮目 (Japanese)	plant_anatomy
PO_0000032	tetrad of microspores	t&#233trada de las microsporas (Spanish)|小胞子の四分子   小胞子四分子 (Japanese)	plant_anatomy
PO_0000033	fruit valve	valva de fruto (Spanish)|果実の弁 (Japanese)	plant_anatomy
PO_0000034	vascular system	sistema vascular (Spanish)|vasculature|維管束系 (Japanese)	plant_anatomy
PO_0000035	cotyledon vascular system	sistema vascular del cotiled&#243n (Spanish)|子葉維管系 (Japanese)	plant_anatomy
PO_0000036	leaf vascular system	leaf venation|sistema vascular de la hoja (Spanish)|葉維管系 (Japanese)	plant_anatomy
PO_0000037	shoot apex	&#225pice del epiblasto (epiblastema) (Spanish)|シュート頂、茎頂 (Japanese)	plant_anatomy
PO_0000038	primary endosperm cell	c&#233lula primaria del endosperma (Spanish)|一次胚乳細胞 (Japanese)	plant_anatomy
PO_0000039	shoot axis vascular system	branch vascular system|sistema vascular del eje del epiblasto (epiblastema) (Spanish)|stem vascular system|シュート軸維管系 (Japanese)	plant_anatomy
PO_0000040	adventitious root nodule	n&#243dulo de la ra&#237z adventicia (Spanish)|stem primordium|不定根根粒 (Japanese)	plant_anatomy
PO_0000041	epidermal cork cell	c&#233lula de corcho epid&#233rmica (Spanish)|c&#233lula suber&#237 epid&#233rmica (Spanish)|表皮コルク細胞 (Japanese)	plant_anatomy
PO_0000042	shoot-borne root	adventitious root|aerial root|climbing root|epiblasto (epiblastema) que se origina en la ra&#237z (Spanish)|stilt root|シュート細胞由来の根  (Japanese)	plant_anatomy
PO_0000043	crown root	ra&#237z en corona (Spanish)|冠根 (Japanese)	plant_anatomy
PO_0000044	prop root	brace root|breathing root|ra&#237z de sost&#233n (Spanish)|支柱根、支持根、支柱気根 (Japanese)	plant_anatomy
PO_0000045	embryo root	embryonic root|ra&#237z embri&#243nica (Spanish)|初期の根、胚根 (Japanese)	plant_anatomy
PO_0000046	seminal root	lateral seminal root|ra&#237z seminal (Spanish)|scutellar nodal root|secondary root|種子根 (Japanese)	plant_anatomy
PO_0000047	leaf lamina epidermis	epidermis de la l&#225mina de la hoja (Spanish)|葉身表皮 (Japanese)	plant_anatomy
PO_0000048	leaf lamina vascular system	sistema vascular de la l&#225mina de la hoja (Spanish)|葉身維管系 (Japanese)	plant_anatomy
PO_0000049	leaf lamina abaxial epidermis	epidermis abaxial de la l&#225mina de la hoja (Spanish)|葉身背軸側表皮 (Japanese)	plant_anatomy
PO_0000050	leaf lamina adaxial epidermis	epidermis adaxial de la l&#225mina de la hoja (Spanish)|葉身向軸側表皮 (Japanese)	plant_anatomy
PO_0000051	petiole epidermis	epidermis del pec&#237olo (Spanish)|葉柄表皮 (Japanese)	plant_anatomy
PO_0000052	petiole vascular system	sistema vascular del pec&#237olo (Spanish)|葉柄維管系 (Japanese)	plant_anatomy
PO_0000053	petiole cortex	cortex (corteza) del pec&#237olo (Spanish)|portion of petiole corex tissue|葉柄皮層 (Japanese)	plant_anatomy
PO_0000054	petal vascular system	sistema vascular de p&#233talo (Spanish)|花弁維管系 (Japanese)	plant_anatomy
PO_0000055	bud	adventitious bud|yema (Spanish)|芽 (Japanese)	plant_anatomy
PO_0000056	flower bud	floral bud|yema floral (Spanish)|花芽 (Japanese)	plant_anatomy
PO_0000057	inflorescence bud	male bud|yema de inflorescencia (Spanish)|花序芽 (Japanese)	plant_anatomy
PO_0000058	vegetative bud	yema vegetativa (Spanish)|枝芽 (Japanese)	plant_anatomy
PO_0000059	root initial cell	c&#233lula inicial de la ra&#237z (Spanish)|root initial|root stem cell|根始原細胞 (Japanese)	plant_anatomy
PO_0000060	root cortex-endodermis initial cell	c&#233lula inicial del cortex/endodermis de la ra&#237z (Spanish)|root cortex-endodermis initial|root cortex-endodermis stem cell|根皮層内皮始原細胞 (Japanese)	plant_anatomy
PO_0000061	lateral root-cap epidermal initial cell	c&#233lula inicial del caliptra de la ra&#237z lateral (Spanish)|lateral root-cap epidermal initial|lateral root-cap-epidermal stem cell|側根冠表皮始原細胞 (Japanese)	plant_anatomy
PO_0000062	stomatal initial cell	inicial estom&#225tica (meristemoide inicial) (Spanish)|stomatal initial|stomatal meristemoid|気孔始原細胞 (Japanese)	plant_anatomy
PO_0000063	leaf procambial cell	c&#233lula procambial de la hoja (Spanish)|dispersed meristematic cell|DMC|leaf procambium cell|葉前形成層細胞 (Japanese)	plant_anatomy
PO_0000064	xylem pole pericycle cell	c&#233lula del polo xilem&#225tico del periciclo (Spanish)|木質部孔鞘細胞 (Japanese)	plant_anatomy
PO_0000065	phloem pole pericycle cell	c&#233lula del polo floem&#225tico del periciclo (Spanish)|師部極内鞘細胞 (Japanese)	plant_anatomy
PO_0000066	epithem cell	c&#233lular ??? (Spanish)|被覆組織細胞 (Japanese)	plant_anatomy
PO_0000071	companion cell	c&#233lula acompa&#241iante (Spanish)|minor vein companion cell|伴細胞 (Japanese)	plant_anatomy
PO_0000074	parenchyma cell	c&#233lula parenquim&#225tica (Spanish)|柔組織細胞 (Japanese)	plant_anatomy
PO_0000075	collenchyma cell	c&#233lula colenquim&#225tica (Spanish)|厚角組織 細胞 (Japanese)	plant_anatomy
PO_0000076	chlorenchyma cell	c&#233lula clorenquim&#225tica (Spanish)|同化組織、葉緑組織 細胞 (Japanese)	plant_anatomy
PO_0000077	sclerenchyma cell	c&#233lula esclerenquim&#225tica (Spanish)|厚膜組織 細胞 (Japanese)	plant_anatomy
PO_0000078	transfer cell	c&#233lula de transferencia (Spanish)|転送細胞 (Japanese)	plant_anatomy
PO_0000079	fusiform initial cell	c&#233lula inicial fusiforme (Spanish)|fusiform initial|xylem initial|xylem mother cell|紡錘形始原細胞 (Japanese)	plant_anatomy
PO_0000082	ray initial cell	c&#233lula inicial de rayo (Spanish)|ray initial|放射組織始原細胞 (Japanese)	plant_anatomy
PO_0000084	plant sperm cell	c&#233lula esperm&#225tica o esperma (Spanish)|male gamete|microgamete|sperm cell|sperm nucleus|植物精子細胞 (Japanese)	plant_anatomy
PO_0000112	shoot axis epidermis	branch epidermis|culm epidermis|epidermis del eje del tallo (Spanish)|stem epidermis|シュート軸表皮 (Japanese)	plant_anatomy
PO_0000115	socket cell	c&#233lula de encaje (Spanish)|cell located at the base of the trichome|trichome support cell|ソケット細胞 (Japanese)	plant_anatomy
PO_0000146	abscission zone	abscission layer|zona de absici&#243n (Spanish)|離層 (Japanese)	plant_anatomy
PO_0000191	synergid	sin&#233rgida (Spanish)|助細胞 (Japanese)	plant_anatomy
PO_0000198	free nuclear endosperm	cenocytic endosperm|coenocytic endosperm|endosperma con n&#250cleos libres (Spanish)|nuclear endosperm|遊離核型胚乳 (Japanese)	plant_anatomy
PO_0000199	cellular endosperm	endosperma c&#233lular (Spanish)|細胞性胚乳 (Japanese)	plant_anatomy
PO_0000200	micropylar endosperm	endosperma micr&#243pilar (Spanish)|micropylar region|portion of micropylar endosperm|珠孔内胚乳 (Japanese)	plant_anatomy
PO_0000201	chalazal cyst	chalazal endosperm cyst|ciste calazal (Spanish)|portion of chalazal cyst|カラザの嚢 (Japanese)	plant_anatomy
PO_0000207	nectary epidermis	epidermis del nectario (Spanish)|蜜腺表皮 (Japanese)	plant_anatomy
PO_0000223	shoot axis cortex	branch cortex|cortex del eje del epiblasto (epiblastema) del tallo (Spanish)|portion of shoot axis cortex tissue|stem cortex|シュート軸皮層 (Japanese)	plant_anatomy
PO_0000224	central zone	central initiation zone|zona central (Spanish)|中央帯 (Japanese)	plant_anatomy
PO_0000225	peripheral zone	peripheral meristem|zona perif&#233rica (Spanish)|周辺帯 (Japanese)	plant_anatomy
PO_0000226	rib zone	file meristem|zona de costilla (Spanish)|髄状帯 (Japanese)	plant_anatomy
PO_0000229	flower meristem	ear floret meristem|floral apical meristem|floral meristem|floret meristem|mersitema floral (Spanish)|Poaceae floret meristem|tassel floret meristem|花芽分裂組織 (Japanese)	plant_anatomy
PO_0000230	inflorescence meristem	meristema de la inflorescencia (Spanish)|花序分裂組織 (Japanese)	plant_anatomy
PO_0000232	axillary bud meristem	axillary meristem|meristema de yema axilar (Spanish)|腋芽分裂組織 (Japanese)	plant_anatomy
PO_0000244	functional megaspore	megaspora funcional (Spanish)|Poaceae functional megaspore|機能的大胞子 (Japanese)	plant_anatomy
PO_0000245	degenerate megaspore	megaspora degenerativa (Spanish)|Poaceae degenerate megaspore|退化大胞子、胞子形成に寄与しない大胞子 (Japanese)	plant_anatomy
PO_0000252	endodermis	endodermis (Spanish)|endodermoid|portion of endodermal tissue|portion of epidermis tissue|内皮 (Japanese)	plant_anatomy
PO_0000256	root hair cell	c&#233lula del pelo de la ra&#237z (Spanish)|根毛細胞 (Japanese)	plant_anatomy
PO_0000258	root cortex	cortex de la ra&#237z (Spanish)|portion of root cortex tissue|根皮層 (Japanese)	plant_anatomy
PO_0000262	trichoblast	hair cell|tricoblasto (Spanish)|根毛形成細胞、トリコブラスト (Japanese)	plant_anatomy
PO_0000263	non-hair root epidermal cell	atrichoblast|atricoblasto (Spanish)|non-hair cell|非毛根形成細胞、アトリコブラスト (Japanese)	plant_anatomy
PO_0000272	protoxylem	portion of protoxylem tissue|protoxilema (Spanish)|原生木（質）部 (Japanese)	plant_anatomy
PO_0000274	xylem fiber cell	fibra del xilema (Spanish)|木部繊維細胞 (Japanese)	plant_anatomy
PO_0000282	trichome	barb trichome|bristle|capilli|capillus|cilia|cilium|glochid|glochidia|glochidium|hair|lepides|lepis|non-secretory trichome|scale|seta|setae|squama|squamae|squamella|squamellae|squamule|tricoma (Spanish)|毛茸、糸状体、毛 (Japanese)	plant_anatomy
PO_0000283	idioblast	idioblasto (Spanish)|異形(型）細胞 (Japanese)	plant_anatomy
PO_0000284	subsidiary cell	accessory cell|c&#233lula subsididaria (Spanish)|助細胞,副細胞（気孔）(auxiliary cell, synergid) (Japanese)	plant_anatomy
PO_0000289	sieve tube element	miembro del tubo criboso (Spanish)|sieve tube member|sieve tube segment|sieve-tube element|師(篩）管要素 (Japanese)	plant_anatomy
PO_0000290	tracheary element	elemento de traqueida (Spanish)|管状要素 (Japanese)	plant_anatomy
PO_0000293	guard cell	c&#233lula guardiana (Spanish)|occlusive cell|孔辺細胞 (Japanese)	plant_anatomy
PO_0000295	cambial initial cell	c&#233lula inicial del cambium (Spanish)|cambial cell|cambial initial|形成層始原細胞 (Japanese)	plant_anatomy
PO_0000301	tracheid	traqueida (Spanish)|仮導管 (Japanese)	plant_anatomy
PO_0000309	nectary parenchyma	par&#233nquima nectarifero (Spanish)|蜜腺柔組織 (Japanese)	plant_anatomy
PO_0000332	epidermal pavement cell	c&#233lula del pavimento epidermal (Spanish)|表皮被蓋細胞 (Japanese)	plant_anatomy
PO_0000349	epidermal initial cell	c&#233lula inicial de la epidermis (Spanish)|epidermal initial|表皮始原細胞 (Japanese)	plant_anatomy
PO_0000351	guard mother cell	c&#233lula madre de la c&#233lula guardiana (Spanish)|孔辺母細胞 (Japanese)	plant_anatomy
PO_0000352	myrosin cell	c&#233lula de mirosina (Spanish)|ミロシン細胞 (Japanese)	plant_anatomy
PO_0000353	passage cell	c&#233lula de pasaje (Spanish)|通過細胞 (Japanese)	plant_anatomy
PO_0000355	fiber tracheid	fiber tracheid cell|fibrotraqueida (Spanish)|繊維仮導管 (Japanese)	plant_anatomy
PO_0000372	metaxylem	metaxilema (Spanish)|portion of metaxylem tissue|後生木部 (Japanese)	plant_anatomy
PO_0000400	phloem mother cell	c&#233lula madre del floema (Spanish)|師部母細胞 (Japanese)	plant_anatomy
PO_0000423	plant zygote	cigoto (Spanish)|zygote|植物接合子、接合体 (Japanese)	plant_anatomy
PO_0000431	megasporocyte	megaspore mother cell|megasporocito (Spanish)|MMC|Poaceae megasporocyte|Zea megasporocyte|大胞子母細胞 (Japanese)	plant_anatomy
PO_0001002	fruit development stage	stage 17 flower in Arabidopsis|stage 18 flower in Arabidopsis	plant_structure_development_stage
PO_0001003	formation of the leaf founder cells stage	P0 stage	plant_structure_development_stage
PO_0001004	anther development stage		plant_structure_development_stage
PO_0001005	A archesporial cells visible stage		plant_structure_development_stage
PO_0001006	B enlarged microsporocyte stage	pollen stage 2 in Arabidopsis	plant_structure_development_stage
PO_0001007	pollen development stage	pollen development in Arabidopsis	plant_structure_development_stage
PO_0001008	C callose wall formation in pollen mother cells stage	pollen mother cell stage|pollen stage 3 in Arabidopsis	plant_structure_development_stage
PO_0001009	D pollen mother cell meiosis stage	pollen stage 4 in Arabidopsis	plant_structure_development_stage
PO_0001010	F microspore release stage	pollen stage 5 in Arabidopsis	plant_structure_development_stage
PO_0001011	A microsporogenous mass stage	pollen stage 1 in Arabidopsis	plant_structure_development_stage
PO_0001012	G early unicellular microspore stage	pollen stage 6 in Arabidopsis	plant_structure_development_stage
PO_0001013	H late unicellular microspore stage	pollen stage 7 in Arabidopsis	plant_structure_development_stage
PO_0001014	I first mitotic division stage	pollen stage 8 in Arabidopsis	plant_structure_development_stage
PO_0001015	K second mitotic division stage	pollen stage 9 in Arabidopsis|tricellular pollen development stage|tricellular pollen stage	plant_structure_development_stage
PO_0001016	L mature pollen stage	pollen stage 10 in Arabidopsis	plant_structure_development_stage
PO_0001017	M germinated pollen stage	germinated pollen grain in Arabidopsis	plant_structure_development_stage
PO_0001018	B formation of primary parietal and sporogenous cells stage		plant_structure_development_stage
PO_0001019	formation of leaf primordium stage	P1 stage	plant_structure_development_stage
PO_0001020	hood-shaped primordium stage	P2 stage	plant_structure_development_stage
PO_0001021	formation of ligule primordium stage	P3 stage	plant_structure_development_stage
PO_0001023	rapid elongation of leaf blade stage	P4 stage	plant_structure_development_stage
PO_0001024	rapid elongation of leaf sheath stage	P5 stage	plant_structure_development_stage
PO_0001025	C four anther lobes formed stage		plant_structure_development_stage
PO_0001026	D locules established stage	stage 8 flower in Arabidopsis	plant_structure_development_stage
PO_0001029	E tetrad stage		plant_structure_development_stage
PO_0001031	4 root elongation stage	Benfey's stage 2 of root development	plant_structure_development_stage
PO_0001032	E anther wall tapetum degeneration initiated stage		plant_structure_development_stage
PO_0001034	F bilocular anther stage		plant_structure_development_stage
PO_0001035	G anther dehiscence stage		plant_structure_development_stage
PO_0001036	H anther senescence stage		plant_structure_development_stage
PO_0001040	dry seed stage	00 Dry Seed in soybean|1.01-dry seed in Triticeae|BBCH growth stage 00|dry seed in Arabidopsis	plant_structure_development_stage
PO_0001041	chalazal and micropylar domain establishment stage		plant_structure_development_stage
PO_0001042	functional specialization of the endosperm stage		plant_structure_development_stage
PO_0001044	sepal differentiation and expansion stage		plant_structure_development_stage
PO_0001045	fully expanded sepal stage		plant_structure_development_stage
PO_0001047	lemma development stage		plant_structure_development_stage
PO_0001048	palea development stage		plant_structure_development_stage
PO_0001049	lodicule development stage		plant_structure_development_stage
PO_0001050	leaf development stage	leaf development in Arabidopsis|leaf development stage	plant_structure_development_stage
PO_0001051	1 leaf initiation stage	leaf initiation in Arabidopsis	plant_structure_development_stage
PO_0001052	2 leaf expansion stage	leaf expansion stage in Arabidopsis	plant_structure_development_stage
PO_0001053	3 leaf fully expanded stage	fully expanded leaf stage in Arabidopsis	plant_structure_development_stage
PO_0001054	4 leaf senescence stage	leaf senescence stage in Arabidopsis	plant_structure_development_stage
PO_0001055	lemma primordia visible stage		plant_structure_development_stage
PO_0001056	lemma differentiation and expansion stage		plant_structure_development_stage
PO_0001057	fully expanded lemma stage		plant_structure_development_stage
PO_0001058	palea primordia visible stage		plant_structure_development_stage
PO_0001059	J bicellular pollen stage		plant_structure_development_stage
PO_0001070	palea differentiation and expansion stage		plant_structure_development_stage
PO_0001071	fully expanded palea stage		plant_structure_development_stage
PO_0001072	lodicule primordia visible stage		plant_structure_development_stage
PO_0001074	N second mitotic division stage in germinating pollen		plant_structure_development_stage
PO_0001077	lodicule differentiation and expansion stage		plant_structure_development_stage
PO_0001078	E expanded cotyledon stage	curled cotyledon stage in Arabidopsis|torpedo stage in Arabidopsis	plant_structure_development_stage
PO_0001079	fully expanded lodicule stage		plant_structure_development_stage
PO_0001081	F mature embryo stage	mature (stage) in Arabidopsis	plant_structure_development_stage
PO_0001083	inflorescence development stage		plant_structure_development_stage
PO_0001094	coleoptilar stage	SAM and radicle formation stage	plant_structure_development_stage
PO_0001095	true leaf formation stage		plant_structure_development_stage
PO_0001096	primary endosperm cell stage		plant_structure_development_stage
PO_0001097	plant zygote stage	one cell stage|zygote in Arabidopsis|zygote stage	plant_structure_development_stage
PO_0001099	formation of aleurone and starchy layers stage		plant_structure_development_stage
PO_0001170	seed development stage	seed development in Arabidopsis	plant_structure_development_stage
PO_0001180	B proembryo stage	eight-celled stage in Arabidopsis|two-celled stage in Arabidopsis	plant_structure_development_stage
PO_0001185	C globular stage	dermatogen stage in Arabidopsis|globular stage in Arabidopsis|late globular stage in Arabidopsis|mid-globular stage in Arabidopsis	plant_structure_development_stage
PO_0001378	sepals enclosing meristem stage	stage 4 flower in Arabidopsis 	plant_structure_development_stage
PO_0001380	sepals enclosing flower bud stage	sepals enclosing floral bud|stage 6 flower in Arabidopsis 	plant_structure_development_stage
PO_0002000	stomatal complex	complejo estom&#225tico (Spanish)|stoma|stomata|stomatal apparatus|stomate|気孔装置 (Japanese)	plant_anatomy
PO_0002002	embryo basal cell	c&#233lula basal (Spanish)|embryonic basal cell|胚基底細胞 (Japanese)	plant_anatomy
PO_0002003	xylem vessel member	miembro de vaso (Spanish)|vessel element|vessel member|vessel segment|木質部道管状要素 (Japanese)	plant_anatomy
PO_0002004	silk scar	cicatriz sedosa (Spanish)|シルクの痕跡 (Japanese)	plant_anatomy
PO_0003000	transition zone	zona de transici&#243n (Spanish)|移行領域、移行帯、移行域 (Japanese)	plant_anatomy
PO_0003005	nodal root	ra&#237z nodosa (Spanish)|節根 (Japanese)	plant_anatomy
PO_0003011	root vascular system	root vein|sistema vascular de la ra&#237z (Spanish)|根維管系 (Japanese)	plant_anatomy
PO_0003015	primary root differentiation zone	zona de diferenciaci&#243n de la ra&#237z primary (Spanish)|一次根分化帯（層） (Japanese)	plant_anatomy
PO_0003016	lateral root differentiation zone	zona de diferenciaci&#243n de la ra&#237z lateral (Spanish)|側根分裂帯（層）  (Japanese)	plant_anatomy
PO_0003017	root cap of primary root	caliptra de la ra&#237z primary (Spanish)|主根の根冠 (Japanese)	plant_anatomy
PO_0003018	root cap of lateral root	caliptra de la ra&#237z lateral (Spanish)|側根の根冠 (Japanese)	plant_anatomy
PO_0003019	central root cap of lateral root	caliptra de la ra&#237z central de la ra&#237z lateral (Spanish)|側根の中心根冠 (Japanese)	plant_anatomy
PO_0003020	lateral root cap of lateral root	caliptra de la ra&#237z lateral de la ra&#237z lateral (Spanish)|側根の側根冠 (Japanese)	plant_anatomy
PO_0003021	central root cap of primary root	caliptra de la ra&#237z central de la ra&#237z primaria (Spanish)|一次根の中心根冠 (Japanese)	plant_anatomy
PO_0003022	lateral root cap of primary root	caliptra de la ra&#237z lateral de la ra&#237z primaria (Spanish)|一次根の側根冠 (Japanese)	plant_anatomy
PO_0003023	root nodule	n&#243dulo de la ra&#237z (Spanish)|nodule|根粒 (Japanese)	plant_anatomy
PO_0003024	stolon	estol&#243n (Spanish)|runner|ストロン、ほふく茎 (Japanese)	plant_anatomy
PO_0004001	bulliform cell	c&#233lula bulliforme (Spanish)|motor cell|泡状細胞 (Japanese)	plant_anatomy
PO_0004003	phellem	cork|felema (Spanish)|portion of phellem tissue|コルク組織（＝cork tissue) (Japanese)	plant_anatomy
PO_0004006	mesophyll cell	c&#233lula del mes&#243filo (Spanish)|葉肉細胞 (Japanese)	plant_anatomy
PO_0004009	silica cell	c&#233lula sil&#237cica (Spanish)|ケイ酸細胞、珪酸細胞 (Japanese)	plant_anatomy
PO_0004010	meristematic cell	c&#233lula meristem&#225tica (Spanish)|分裂組織細胞 (Japanese)	plant_anatomy
PO_0004011	initial cell	c&#233lula inicial (Spanish)|initial|meristemoid|stem cell|始原細胞 (Japanese)	plant_anatomy
PO_0004013	epidermal cell	c&#233lula epid&#233rmica (Spanish)|表皮細胞 (Japanese)	plant_anatomy
PO_0004500	formation of leaflet primordia stage		plant_structure_development_stage
PO_0004501	gynoecium differentiation and expansion stage		plant_structure_development_stage
PO_0004502	closure of carpel(s) stage		plant_structure_development_stage
PO_0004503	stigma cell differentiation stage		plant_structure_development_stage
PO_0004504	ovule differentiation and expansion stage		plant_structure_development_stage
PO_0004505	fertilized ovule stage		plant_structure_development_stage
PO_0004506	developing seed stage		plant_structure_development_stage
PO_0004507	D bilateral stage	heart stage in Arabidopsis|heart-shape stage|transition stage in maize|triangle stage in Arabidopsis	plant_structure_development_stage
PO_0004509	glandular trichome	secretory trichome|tricoma gl&#225ndular (Spanish)|腺毛 (Japanese)	plant_anatomy
PO_0004511	seed trichome	pubescence|seed hair|tricoma de la semilla (Spanish)|種子毛（毛茸、糸状体、毛状突起体） (Japanese)	plant_anatomy
PO_0004512	heartwood	duramen (Spanish)|心材 (Japanese)	plant_anatomy
PO_0004513	sapwood	albura (Spanish)|液材、辺材 (Japanese)	plant_anatomy
PO_0004514	growth ring	anillo de crecimiento (Spanish)|annual ring|false annual ring|growth layer|年輪（＝annual ring) (Japanese)	plant_anatomy
PO_0004515	early wood	earlywood|madera temprana (Spanish)|spring wood|早材 (Japanese)	plant_anatomy
PO_0004516	late wood	latewood|madera tard&#237a (Spanish)|summer wood|晩材 (Japanese)	plant_anatomy
PO_0004517	growth ring boundary	l&#237mite del anillo de crecimiento (Spanish)|年輪境界線 (Japanese)	plant_anatomy
PO_0004518	bark	corteza (Spanish)|portion of bark tissue|樹皮 (Japanese)	plant_anatomy
PO_0004519	phloem fiber cell	fibra del floema (Spanish)|phloem fiber|師部繊維 (Japanese)	plant_anatomy
PO_0004520	libriform fiber cell	fibra libriforme (Spanish)|libriform fiber|真性木繊維 (Japanese)	plant_anatomy
PO_0004521	septate fiber cell	fibra septada (Spanish)|septate fiber|隔壁繊維細胞  (Japanese)	plant_anatomy
PO_0004522	outer vascular cambium	cambium vascular externo (Spanish)|外側維管 形成層 (Japanese)	plant_anatomy
PO_0004523	included vascular cambium	cambium vascular interno (Spanish)|材内維管形成層 (Japanese)	plant_anatomy
PO_0004524	included phloem	floema incluido (Spanish)|floema interno (Spanish)|材内師部 (Japanese)	plant_anatomy
PO_0004525	secondary xylem parenchyma cell	c&#233lula parenquim&#225tica de la madera (Spanish)|wood parenchyma cell|二次木部柔組織細胞 (Japanese)	plant_anatomy
PO_0004526	axial secondary xylem parenchyma cell	axial wood parenchyma cell|c&#233lula parenquim&#225tica axial de la madera (Spanish)|軸方向二次木部柔組織細胞 (Japanese)	plant_anatomy
PO_0004527	ray secondary xylem parenchyma cell	c&#233lula parenquim&#225tica de rayo de la madera (Spanish)|ray wood parenchyma cell|放射状二次木部柔組織細胞 (Japanese)	plant_anatomy
PO_0004528	upright ray secondary xylem parenchyma cell	rayo par&#233nquim&#225tico vertical de la madera (Spanish)|upright cell|upright ray wood parenchyma cell|直立放射状二次木部柔組織細胞 (Japanese)	plant_anatomy
PO_0004529	procumbent ray secondary xylem parenchyma cell	c&#233lula procumbente del rayo de la madera (Spanish)|procumbent cell|procumbent ray wood parenchyma cell|平伏放射二次木部柔組織細胞   (Japanese)	plant_anatomy
PO_0004530	tile cell	c&#233lula de baldoza B (Spanish)|タイル細胞 (Japanese)	plant_anatomy
PO_0004531	sheath cell	c&#233lula de la vaina (Spanish)|鞘細胞 (Japanese)	plant_anatomy
PO_0004532	secondary xylem parenchyma	par&#233nquima de la madera (Spanish)|wood parenchyma|二次木部柔組織 (Japanese)	plant_anatomy
PO_0004533	axial secondary xylem parenchyma	axial wood parenchyma|par&#233nquima axial de la madera (Spanish)|軸方向二次木部柔組織 (Japanese)	plant_anatomy
PO_0004534	ray secondary xylem parenchyma	par&#233nquima de rayo de la madera (Spanish)|ray|ray wood parenchyma|放射状二次木質部柔組織 (Japanese)	plant_anatomy
PO_0004535	fruit placenta	placenta del fruto (Spanish)|果実の胎座 (Japanese)	plant_anatomy
PO_0004536	fruit pedicel	pedicelo del fruto (Spanish)|果柄 (Japanese)	plant_anatomy
PO_0004537	nucellar plant embryo	adventitious embryo|embri&#243n adventicio (Spanish)|nucellar embryo|珠心由来の不定胚 (Japanese)	plant_anatomy
PO_0004538	indeterminate nodule	n&#243dulo indeterminable (Spanish)|無限型根粒 (Japanese)	plant_anatomy
PO_0004539	determinate nodule	n&#243dulo determinado (Spanish)|有限型根粒 (Japanese)	plant_anatomy
PO_0004540	fruit columella	columela del fruto (Spanish)|fruit carpophore|fruit columellae|fruit columellas|果実柱軸 (Japanese)	plant_anatomy
PO_0004542	rhizome	rizoma (Spanish)|rootstock|根茎=root stock (Japanese)	plant_anatomy
PO_0004543	shoot axis tuber	diaspore|shoot axis branch tuber|tub&#233rculo (Spanish)|tuber branch|シュート軸塊茎 (Japanese)	plant_anatomy
PO_0004544	root-borne shoot system	sistema de epiblasto (epiblastema) que nace en la ra&#237z (Spanish)|sucker|sucker shoot|turion|根由来苗条系 (Japanese)	plant_anatomy
PO_0004545	shoot-borne shoot system	branch|sistema de epiblasto (epiblastema) que nace en el epiblasto (epiblastema) (Spanish)|sucker|turion|シュート由来苗条系 (Japanese)	plant_anatomy
PO_0004546	epicormic shoot system	stem sucker|tallo epic&#243rmico (Spanish)|後生枝 (Japanese)	plant_anatomy
PO_0004547	subterranean tuber	tub&#233rculo subterr&#225neo (Spanish)|地下塊茎 (Japanese)	plant_anatomy
PO_0004548	aerial tuber	tub&#233rculo a&#233reo (Spanish)|むかご(珠芽）propagule (Japanese)	plant_anatomy
PO_0004700	anther wall middle layer	capa media (Spanish)|葯壁中間層 (Japanese)	plant_anatomy
PO_0004701	short shoot	brachyblast|bud spur|epiblasto (epiblastema) corto (Spanish)|short-shoot|spur|短枝 (Japanese)	plant_anatomy
PO_0004702	long shoot	epiblasto (epiblastema) largo (Spanish)|長枝 (Japanese)	plant_anatomy
PO_0004703	carpel primordium	carpel primordia|portion of carpel primordium tissue|primordio de carpelo (Spanish)|心皮原基(可視的） (Japanese)	plant_anatomy
PO_0004704	sepal primordium	portion of sepal primordium tissue|primordio de s&#233palo (Spanish)|sepal primordia|がく片原基（可視的）  (Japanese)	plant_anatomy
PO_0004705	stamen primordium	portion of stamen primordium tissue|primordio de estambre (Spanish)|stamen primordia|雄蕊原基（可視的） (Japanese)	plant_anatomy
PO_0004707	fruit dehiscence zone	zona de dehiscencia del fruto (Spanish)|裂開果帯 (Japanese)	plant_anatomy
PO_0004708	scutellar node	nodo escutelar (Spanish)|胚盤節 (Japanese)	plant_anatomy
PO_0004709	axillary bud	yema axilar (Spanish)|腋芽 (Japanese)	plant_anatomy
PO_0004710	axillary flower bud	axillary floral bud|yema de flor axilar (Spanish)|腋花芽 (Japanese)	plant_anatomy
PO_0004711	axillary inflorescence bud	yema de inflorescencia axilar (Spanish)|腋花序芽 (Japanese)	plant_anatomy
PO_0004712	axillary vegetative bud	yema vegetativa axilar (Spanish)|腋枝芽 (Japanese)	plant_anatomy
PO_0004713	terminal bud	yema terminal (Spanish)|頂芽 (Japanese)	plant_anatomy
PO_0004714	terminal flower bud	terminal floral bud|yema floral terminal (Spanish)|頂花芽 (Japanese)	plant_anatomy
PO_0004715	terminal inflorescence bud	yema de inflorescencia terminal (Spanish)|花序頂芽 (Japanese)	plant_anatomy
PO_0004716	terminal vegetative bud	yema vegetativa terminal (Spanish)|栄養成長型頂芽 (Japanese)	plant_anatomy
PO_0004717	long cell	c&#233lula larga (Spanish)|長細胞 (Japanese)	plant_anatomy
PO_0004718	short cell	c&#233lula corta (Spanish)|短細胞 (Japanese)	plant_anatomy
PO_0004719	hilum groove	faboid split|surco del hilium (Spanish)|へそ（種子）溝 (Japanese)	plant_anatomy
PO_0004721	paraclade cortex	cortex (corteza) del paraclado (Spanish)|portion of paraclade cortex tissue|側生分枝皮層 (Japanese)	plant_anatomy
PO_0004722	pedicel cortex	cortex (corteza) del pedicelo (Spanish)|portion of pedicel cortex tissue|小花柄皮層 (Japanese)	plant_anatomy
PO_0004723	sepal vascular system	sistema vascular del s&#233palo (Spanish)|がく片維管系 (Japanese)	plant_anatomy
PO_0004724	hypocotyl-root junction	embryo axis transition zone|Poaceae crown|union del hipoc&#243tile con la ra&#237z (Spanish)|胚軸-根合流点 (Japanese)	plant_anatomy
PO_0004725	abaxial side of leaf primordium	lado abaxial del primordio de hoja (Spanish)|葉原基の裏側、背軸側 (Japanese) 	plant_anatomy
PO_0004726	adaxial side of leaf primordium	lado adaxial del primordio de la hoja (Spanish)|葉原基(可視的）の表側、向軸側 (Japanese)	plant_anatomy
PO_0005001	basal axillary shoot system	basal axillary branch|epiblasto (epiblastema) axilar basal (Spanish)|ratoon|tiller|基底腋枝系 (Japanese) 	plant_anatomy
PO_0005002	cauline axillary shoot	cauline axillary branch|epiblasto (epiblastema) axilar caulinar (Spanish)|茎生腋枝 (Japanese)	plant_anatomy
PO_0005003	shoot axis trichome	branch trichome|eje de tricoma del epiblasto (epiblastema) (Spanish)|stem trichome|シュート軸毛（毛茸、糸状体） (Japanese)	plant_anatomy
PO_0005004	shoot node	nodo del epiblasto (epiblastema) (Spanish)|シュート 節 (Japanese)	plant_anatomy
PO_0005005	shoot internode	internodo del epiblasto (epiblastema) (Spanish)|シュート節間 (Japanese)	plant_anatomy
PO_0005006	articulated laticifer	latic&#237fero articulado (Spanish)|portion of articulated laticifer tissue|連合乳管（有節乳管） (Japanese)	plant_anatomy
PO_0005010	anther septum	anther dissepiment|septo de la antera (Spanish)|葯隔壁 (Japanese)	plant_anatomy
PO_0005011	anther dehiscence zone	zona de dehiscencia de la antera (Spanish)|開葯帯 (Japanese)	plant_anatomy
PO_0005012	pedicel vascular system	sistema vascular del pedicelo (Spanish)|小花柄維管系 (Japanese)	plant_anatomy
PO_0005013	hypocotyl epidermis	epidermis del hipoc&#243tile (Spanish)|胚軸 表皮 (Japanese)	plant_anatomy
PO_0005014	embryo cortex	cortex (corteza) del emrbion (Spanish)|胚皮層 (Japanese)	plant_anatomy
PO_0005015	embryo endodermis	endodermis del embri&#243n (Spanish)|胚内胚葉 (Japanese)	plant_anatomy
PO_0005017	flower vascular system	sistema vascular de la flor (Spanish)|花維管 系 (Japanese)	plant_anatomy
PO_0005018	stamen vascular system	sistema vascular del estambre (Spanish)|雄蕊維管系 (Japanese)	plant_anatomy
PO_0005019	carpel vascular system	sistema vascular del carpelo (Spanish)|心皮維管系 (Japanese)	plant_anatomy
PO_0005020	vascular bundle	haz vascular (Spanish)|vein|維管束 (Japanese)	plant_anatomy
PO_0005021	sepal margin	margen del s&#233palo (Spanish)|がく片縁 (Japanese)	plant_anatomy
PO_0005022	ovary wall	pared del ovario (Spanish)|子房壁 (Japanese)	plant_anatomy
PO_0005023	abaxial epidermis of ovary	epidermis abaxial del ovario (Spanish)|子房の裏側 背軸側の表皮 (Japanese) 	plant_anatomy
PO_0005024	adaxial epidermis of ovary	epidermis adaxial del ovario (Spanish)|子房の表側、向軸側の表皮 (Japanese) 	plant_anatomy
PO_0005025	middle layer of ovary wall	capa media de la pared del ovario (Spanish)|ovary wall middle layer|子房壁の中間層 (Japanese)	plant_anatomy
PO_0005026	root giant cell	c&#233lula gigante de la ra&#237z (Spanish)|根巨大細胞 (Japanese)	plant_anatomy
PO_0005027	root syncytium cell	c&#233lula ??? de la ra&#237z (Spanish)|根融合細胞 (Japanese)	plant_anatomy
PO_0005028	inflorescence vascular system	sistema vascular de inflorescencia (Spanish)|花序維管系 (Japanese)	plant_anatomy
PO_0005029	root primordium	portion of root primordium tissue|primordio de ra&#237z (Spanish)|root primordia|根原基（可視的）  (Japanese)	plant_anatomy
PO_0005039	primary thickening meristem	collar meristem|meristema de engrosamiento primario (Spanish)|meristematic cap|PTM|一次 肥厚（膜）分裂組織 (Japanese)	plant_anatomy
PO_0005040	root pith	m&#233dula de la ra&#237z (Spanish)|根髄 (Japanese)	plant_anatomy
PO_0005041	shoot axis pith	branch pith|m&#233dula del eje del epiblasto (epiblastema) (Spanish)|stem pith|シュート軸髄 (Japanese)	plant_anatomy
PO_0005043	secondary phloem	floema secundario (Spanish)|portion of secondary phloem tissue|二次師部 (Japanese)	plant_anatomy
PO_0005046	periderm	peridermis (Spanish)|portion of periderm tissue|portion of peridermal tissue|周皮 (Japanese)	plant_anatomy
PO_0005047	root periderm	peridermis de la ra&#237z (Spanish)|根周皮 (Japanese)	plant_anatomy
PO_0005048	shoot axis periderm	branch periderm|peridermis del eje del epiblasto (epiblastema) (Spanish)|stem periderm|シュート軸周皮 (Japanese)	plant_anatomy
PO_0005050	phelloderm	felodermis (Spanish)|portion of phelloderm tissue|コルク皮層 (Japanese)	plant_anatomy
PO_0005051	hypodermis	hipodermis (Spanish)|portion of hypodermal tissue|真皮 (Japanese)	plant_anatomy
PO_0005052	plant callus	callo (Spanish)|callus|portion of plant callus tissue|植物カルス (Japanese)	plant_anatomy
PO_0005057	shoot axis hypodermis	branch hypodermis|hipodermis del eje del epiblasto (epiblastema) (Spanish)|stem hypodermis|シュート軸真皮 (Japanese)	plant_anatomy
PO_0005058	shoot axis endodermis	branch endodermis|endodermis de eje del epiblasto (epiblastema) (Spanish)|stem endodermis|シュート軸内胚葉 (Japanese)	plant_anatomy
PO_0005059	root endodermis	endodermis de la ra&#237z (Spanish)|根内皮 (Japanese)	plant_anatomy
PO_0005060	leaf endodermis	endodermis de la hoja (Spanish)|葉内皮 (Japanese)	plant_anatomy
PO_0005352	xylem	portion of xylem tissue|xilema (Spanish)|木質部 (Japanese)	plant_anatomy
PO_0005360	aleurone layer	capa de aleurona (Spanish)|fruit aleurone layer|糊粉粒、アリューロン層 (Japanese)	plant_anatomy
PO_0005415	endosperm parenchyma	par&#233nquima endosp&#233rmico (Spanish)|内胚乳、胚乳柔組織 (Japanese)	plant_anatomy
PO_0005417	phloem	floema (Spanish)|portion of phloem tissue|師部、師管 (Japanese)	plant_anatomy
PO_0005421	parenchyma	par&#233nquima (Spanish)|portion of parenchyma tissue|portion of parenchymatous tissue|柔組織 (Japanese)	plant_anatomy
PO_0005423	collenchyma	col&#233nquima (Spanish)|portion of collenchyma tissue|supporting tissue|厚角組織 (Japanese)	plant_anatomy
PO_0005426	chlorenchyma	clor&#233nquima (Spanish)|portion of chlorenchyma tissue|同化組織、葉緑組織 (Japanese)	plant_anatomy
PO_0005427	sclerenchyma	escler&#233nquima (Spanish)|portion of sclerenchyma tissue|portion of sclerenchymatous tissue|厚膜組織 (Japanese)	plant_anatomy
PO_0005597	cambium	cambium (Spanish)|形成層 (Japanese)	plant_anatomy
PO_0005598	vascular cambium	cambium vascular (Spanish)|維管束形成層 (Japanese)	plant_anatomy
PO_0005599	cork cambium	cambium de corcho (Spanish)|phellogen|コルク形成層 (Japanese)	plant_anatomy
PO_0005645	leaf mesophyll	foliage leaf mesophyll|leaf parenchyma|mes&#243filo de la hoja (Spanish)|葉の葉肉 (Japanese) 	plant_anatomy
PO_0005647	spongy mesophyll	mes&#243filo esponjoso (Spanish)|spongy parenchyma|海綿状葉肉 (Japanese)	plant_anatomy
PO_0005648	palisade mesophyll	mes&#243filo en empalizada (Spanish)|palisade parenchyma|柵状葉肉 (Japanese)	plant_anatomy
PO_0005656	portion of secretory tissue	gland|porci&#243n del tejido secretor (Spanish)|分泌組織の一部 (Japanese)	plant_anatomy
PO_0005660	hydathode	hidatodo (Spanish)|排水組織 (Japanese)	plant_anatomy
PO_0005661	salt gland	gl&#225ndula de sal (Spanish)|塩腺 (Japanese)	plant_anatomy
PO_0005665	resin canal	canal de resina (Spanish)|resin duct|樹脂道 (Japanese)	plant_anatomy
PO_0005669	oil gland	gl&#225ndula aceitosa (Spanish)|oil cavity|油胞、油腺 (Japanese)	plant_anatomy
PO_0005679	epidermis	dermal tissue|epidermal layer|epidermides|epidermis (Spanish)|epidermises|multiseriate epidermis|portion of epidermal tissue|表皮 (Japanese)	plant_anatomy
PO_0005702	aerenchyma	aer&#233nquima (Spanish)|portion of aerenchyma tissue|通気組織 (Japanese)	plant_anatomy
PO_0005708	cortex	cortex (corteza) (Spanish)|portion of cortex tissue|皮層 (Japanese)	plant_anatomy
PO_0005772	exodermis	exodermis (Spanish)|root hypodermis|外皮 (Japanese)	plant_anatomy
PO_0005848	secondary xylem	portion of secondary xylem tissue|wood|xilema secundario (Spanish)|二次木部 (Japanese)	plant_anatomy
PO_0005849	primary xylem	portion of primary xylem tissue|xilema primario (Spanish)|一次木部 (Japanese)	plant_anatomy
PO_0006000	caryopsis hull	pl&#250mula de Poaceae (Spanish)|Poaceae hull|イネ科植物 籾殻、外皮 (Japanese)	plant_anatomy
PO_0006001	phyllome	filoma (Spanish)|フィロム、葉(的）器官 (Japanese)	plant_anatomy
PO_0006002	lower glume	first glume|gluma inferior (Spanish)|lower empty glume|lower rudimentary glume|outer empty glume|outer glume|outer rudimentary glume|第一苞頴(first glume) (Japanese)	plant_anatomy
PO_0006003	scale leaf	cat&#225fila en escama (Spanish)|cataphyll|鱗片葉 (Japanese)	plant_anatomy
PO_0006004	upper glume	gluma superior (Spanish)|inner empty glume|inner glume|inner rudimentary glume|second glume|upper empty glume|upper rudimentary glume|第二苞頴(second glume) (Japanese)	plant_anatomy
PO_0006005	carpel anlagen	esbozo de carpelo (Spanish)|心皮原基 (Japanese)	plant_anatomy
PO_0006006	anther wall primary parietal cell layer	capa primaria de c&#233lulas parietales (Spanish)|pollen sac primary parietal cell layer|葯壁一次側膜細胞層、壁細胞層 (Japanese)	plant_anatomy
PO_0006007	anther wall secondary parietal cell layer	capa secundaria de c&#233lulas parietales (Spanish)|pollen sac secondary parietal cell layer|葯壁二次側膜細胞層、壁細胞層 (Japanese)	plant_anatomy
PO_0006008	anther wall inner secondary parietal cell layer	capa interna secundaria de c&#233lulas parietales (Spanish)|pollen sac inner secondary parietal cell layer|葯壁内二次側膜細胞層 (Japanese)	plant_anatomy
PO_0006009	anther wall outer secondary parietal cell layer	capa externa secundaria de c&#233lulas parietales (Spanish)|pollen sac outer secondary parietal cell layer|葯壁外二次側膜細胞層、壁細胞層 (Japanese)	plant_anatomy
PO_0006010	primary parietal cell	c&#233lula primaria parietal (Spanish)|一次側膜細胞、壁細胞 (Japanese)	plant_anatomy
PO_0006011	lateral leaf vein	vena lateral (Spanish)|側脈 (Japanese)	plant_anatomy
PO_0006012	leaf collar	collar de la hoja (Spanish)|葉頚領（カラー） (Japanese)	plant_anatomy
PO_0006013	juice sac	juice vesicle|ves&#237cula contenedora de jugo (Spanish)|胞のう (Japanese)	plant_anatomy
PO_0006014	male archesporial cell	anther archesporial cell|c&#233lula masculina arquesporial (Spanish)|male archesporial initial|雄性胞原細胞 (Japanese)	plant_anatomy
PO_0006015	female archesporial cell	c&#233lula femenina arquesporial (Spanish)|female archesporial initial|ovule archesporial cell|雌胞原細胞 (Japanese)	plant_anatomy
PO_0006016	leaf epidermis	epidermis de la hoja (Spanish)|foliage leaf epidermis|phyllid epidermis|葉表皮 (Japanese)	plant_anatomy
PO_0006017	helobial endosperm	endosperma helobial (Spanish)|沼生目型胚乳 (Japanese)	plant_anatomy
PO_0006018	leaf adaxial epidermis	epidermis adaxial de la hoja (Spanish)|upper epidermis|葉向軸側表皮 (Japanese)	plant_anatomy
PO_0006019	leaf abaxial epidermis	epidermis abaxial de la hoja (Spanish)|lower epidermis|葉背軸側表皮 (Japanese)	plant_anatomy
PO_0006020	lateral root apical meristem	apical meristem of lateral root|lateral root meristem|meristema apical de la ra&#237z lateral (Spanish)|側根頂端分裂組織 (Japanese)	plant_anatomy
PO_0006021	adventitious root apical meristem	crown root meristem|meristema de la ra&#237z adventicia (Spanish)|seminal root meristem|不定根頂端分裂組織 (Japanese)	plant_anatomy
PO_0006022	bundle sheath extension	extensi&#243n de la vaina vascular (Spanish)|維管束鞘延長部 (Japanese)	plant_anatomy
PO_0006023	bundle sheath	vaina del haz (Spanish)|維管束鞘 (Japanese)	plant_anatomy
PO_0006024	parenchyma sheath	starch sheath|vaina parenquim&#225tica (Spanish)|柔組織 鞘 (Japanese)	plant_anatomy
PO_0006025	mestome sheath	vaina del mestoma (Spanish)|メストム鞘、維管束鞘の内側、維管束鞘延長部 (Japanese)	plant_anatomy
PO_0006032	lemma awn	arista de la lemma (Spanish)|外頴芒 (Japanese)	plant_anatomy
PO_0006033	paleal apiculus	ap&#237culo de la palea (Spanish)|apiculus|内頴頂端 (Japanese)	plant_anatomy
PO_0006034	leaflet margin	margen del fol&#237olo (Spanish)|小葉縁 (Japanese)	plant_anatomy
PO_0006035	shoot epidermis	epidermis del epiblasto (epiblastema) (Spanish)|シュート表皮 (Japanese)	plant_anatomy
PO_0006036	root epidermis	epiblem|epidermis de la ra&#237z (Spanish)|rhizodermis|根表皮 (Japanese)	plant_anatomy
PO_0006039	adventitious root epidermis	crown root epidermis|epidermis de la ra&#237z adventicia (Spanish)|不定根表皮 (Japanese)	plant_anatomy
PO_0006040	sepal epidermis	epidermis del s&#233palo (Spanish)|がく片表皮 (Japanese)	plant_anatomy
PO_0006041	petal epidermis	epidermis del p&#233talo (Spanish)|花弁表皮 (Japanese)	plant_anatomy
PO_0006042	velamen	velamen (Spanish)|velamen radicum|velamina|根被（套被） (Japanese)	plant_anatomy
PO_0006043	integument epidermis	epidermis del integumento (Spanish)|Poaceae integument epidermis|珠皮表皮 (Japanese)	plant_anatomy
PO_0006044	inner integument epidermis	epidermis del integumento interior (Spanish)|内珠皮表皮 (Japanese)	plant_anatomy
PO_0006045	outer integument epidermis	epidermis del integumento exterior (Spanish)|外珠皮表皮 (Japanese)	plant_anatomy
PO_0006048	seed coat epidermis	epidermis de la cubierta de la semilla (Spanish)|種子種皮表皮 (Japanese)	plant_anatomy
PO_0006049	scutellum epidermis	epidermis del escutelo (Spanish)|胚盤表皮 (Japanese)	plant_anatomy
PO_0006050	exotesta	exotesta/testa exterior (Spanish)|portion of exotesta tissue|seed coat outer epidermis|外珠皮の外側の表皮から発生する外種皮 (Japanese)	plant_anatomy
PO_0006051	endotesta	endotesta/testa interior (Spanish)|portion of endotesta tissue|seed coat inner epidermis|外珠皮の内側の表皮から発生する外種皮 (Japanese)	plant_anatomy
PO_0006052	petal abaxial epidermis	epidermis abaxial del p&#233talo (Spanish)|花弁背軸側 表皮 (Japanese)	plant_anatomy
PO_0006053	petal adaxial epidermis	epidermis adaxial del p&#233talo (Spanish)|花弁向軸側 表皮 (Japanese)	plant_anatomy
PO_0006054	sepal abaxial epidermis	epidermis abaxial del s&#233palo (Spanish)|がく片背軸側 表皮 (Japanese)	plant_anatomy
PO_0006055	sepal adaxial epidermis	epidermis adaxial del s&#233palo (Spanish)|がく片向軸側 表皮 (Japanese)	plant_anatomy
PO_0006056	cotyledon epidermis	epidermis del cotiled&#243n (Spanish)|子葉 表皮 (Japanese)	plant_anatomy
PO_0006057	cotyledon abaxial epidermis	epidermis abaxial de cotiled&#243n (Spanish)|子葉 背軸側 表皮 (Japanese)	plant_anatomy
PO_0006058	cotyledon adaxial epidermis	epidermis adaxial de cotiled&#243n (Spanish)|子葉 向軸側 表皮 (Japanese)	plant_anatomy
PO_0006060	filament epidermis	epidermis del filamento (Spanish)|花糸表皮 (Japanese)	plant_anatomy
PO_0006061	stigma epidermis	epidermis del estigma (Spanish)|Poaceae stigma epidermis|柱頭 表皮 (Japanese)	plant_anatomy
PO_0006062	style epidermis	epidermis del estilo (Spanish)|Poaceae style epidermis|transmitting tract epidermis|花柱表皮 (Japanese)	plant_anatomy
PO_0006063	ovary epidermis	epidermis del ovario (Spanish)|Poaceae ovary epidermis|子房表皮 (Japanese)	plant_anatomy
PO_0006065	hypocotyl endodermis	endodermis del hipoc&#243tile (Spanish)|胚軸内胚葉 (Japanese)	plant_anatomy
PO_0006066	petiole parenchyma	par&#233nquima del pec&#237olo (Spanish)|葉柄柔組織 (Japanese)	plant_anatomy
PO_0006068	sepal parenchyma	par&#233nquima del s&#233palo (Spanish)|がく片柔組織 (Japanese)	plant_anatomy
PO_0006069	petal parenchyma	par&#233nquima del p&#233talo (Spanish)|花弁柔組織 (Japanese)	plant_anatomy
PO_0006070	mesophyll	mes&#243filo (Spanish)|葉肉 (Japanese)	plant_anatomy
PO_0006071	petal mesophyll	mes&#243filo del p&#233talo (Spanish)|花弁葉肉 (Japanese)	plant_anatomy
PO_0006072	sepal mesophyll	mes&#243filo del s&#233palo (Spanish)|がく片葉肉 (Japanese)	plant_anatomy
PO_0006073	intercalary meristem	meristema intercalar (Spanish)|節間分裂組織、介在分裂組織 (Japanese)	plant_anatomy
PO_0006075	primary phloem	floema primario (Spanish)|portion of primary phloem tissue|一次師部 (Japanese)	plant_anatomy
PO_0006076	metaphloem	metafloema (Spanish)|portion of metaphloem tissue|後生師部 (Japanese)	plant_anatomy
PO_0006077	protophloem	portion of protophloem tissue|protofloema (Spanish)|原生師部 (Japanese)	plant_anatomy
PO_0006079	shoot meristem	meristema del epiblasto (epiblastema) (Spanish)|シュート分裂組織 (Japanese)	plant_anatomy
PO_0006081	primary root apical meristem	apical meristem of primary root|embryonic root meristem|meristema apical de la ra&#237z primaria (Spanish)|一次根頂端分裂組織 (Japanese)	plant_anatomy
PO_0006082	abaxial protoderm	protodermis abaxial (Spanish)|背軸側前表皮 (Japanese)	plant_anatomy
PO_0006083	adaxial protoderm	protodermis adaxial (Spanish)|向軸側前表皮 (Japanese)	plant_anatomy
PO_0006084	portion of transfusion tissue	porci&#243n del tejido de transfusi&#243n (Spanish)|移入組織の一部 (Japanese)	plant_anatomy
PO_0006085	root meristem	meristema de la ra&#237z (Spanish)|meristematic zone|根分裂組織 (Japanese)	plant_anatomy
PO_0006088	primary sporogenous cell	c&#233lula espor&#243gena primaria (Spanish)|一次胞子形成細胞 (Japanese)	plant_anatomy
PO_0006089	anther primordium	portion of anther primordium tissue|primordio de la antera (Spanish)|葯原基(可視的） (Japanese)	plant_anatomy
PO_0006090	organogenic callus	callo &#243rganog&#233nico (Spanish)|meristematic callus|器官形成カルス (Japanese)	plant_anatomy
PO_0006091	embryogenic callus	callo embriog&#233nico (Spanish)|胚状カルス (Japanese)	plant_anatomy
PO_0006109	pith	m&#233dula (Spanish)|medulla|髄 (Japanese)	plant_anatomy
PO_0006200	fascicular cambium	cambium fascicular (Spanish)|維管束内形成層 (Japanese)	plant_anatomy
PO_0006201	interfascicular cambium	cambium interfascicular (Spanish)|維管束間形成層 (Japanese)	plant_anatomy
PO_0006202	interfascicular region	medullary ray|pith ray|regi&#243n interfascicular (Spanish)|維管束間領域 (Japanese)	plant_anatomy
PO_0006203	pericycle	periciclo (Spanish)|portion of pericycle tissue|portion of pericyclic tissue|内鞘 (Japanese)	plant_anatomy
PO_0006204	sporocyte	esporocito (Spanish)|meiocyte|spore mother cell|胞子母細胞 (Japanese)	plant_anatomy
PO_0006205	spongy mesophyll cell	c&#233lula del mes&#243filo esponjoso (Spanish)|spongy parenchyma cell|海綿状葉肉細胞 (Japanese)	plant_anatomy
PO_0006206	palisade mesophyll cell	c&#233lula del mes&#243filo en empalizada (Spanish)|palisade parenchyma cell|柵状葉肉細胞 (Japanese)	plant_anatomy
PO_0006207	exodermal passage cell	c&#233lula de pasaje exod&#233rmica (Spanish)|外皮通過細胞 (Japanese)	plant_anatomy
PO_0006208	endodermal passage cell	c&#233lula de pasaje endod&#233rmica (Spanish)|内胚葉通過細胞 (Japanese)	plant_anatomy
PO_0006210	protoderm	dermatogen cell|protodermis (Spanish)|前表皮、原表皮 (Japanese)	plant_anatomy
PO_0006211	separation layer	capa de separaci&#243n (Spanish)|隔離層 (Japanese)	plant_anatomy
PO_0006212	protective layer	capa protectora (Spanish)|保護層 (Japanese)	plant_anatomy
PO_0006213	root aerenchyma	aer&#233nquima de la ra&#237z (Spanish)|根通気組織 (Japanese)	plant_anatomy
PO_0006214	stem aerenchyma	aer&#233nquima del tallo (Spanish)|茎通気組織 (Japanese)	plant_anatomy
PO_0006215	leaf aerenchyma	aer&#233nquima de la hoja (Spanish)|葉通気組織 (Japanese)	plant_anatomy
PO_0006216	internal phloem	floema intraxil&#233mico (Spanish)|intraxylary phloem|内部師部 (Japanese)	plant_anatomy
PO_0006218	exotegmen	tegmen exterior (Spanish)|内珠皮の外側の表皮から発生する内種皮 (Japanese)	plant_anatomy
PO_0006219	endotegmen	tegmen interior (Spanish)|内珠皮の内側の表皮から発生する内種皮 (Japanese)	plant_anatomy
PO_0006220	central endosperm	endosperma central (Spanish)|portion of central endosperm tissue|中心内胚乳、胚乳 (Japanese)	plant_anatomy
PO_0006221	articulated laticifer cell	c&#233lula del latic&#237fero articulado (Spanish)|compound laticifer cell|laticifer member|連合乳管（有節乳管）細胞 (Japanese)	plant_anatomy
PO_0006222	non-articulated laticifer cell	c&#233lula del latic&#237fero no articulado (Spanish)|simple laticifer|無節乳管細胞、単乳管細胞 (Japanese)	plant_anatomy
PO_0006307	root procambium	procambium de la ra&#237z (Spanish)|根前形成層 (Japanese)	plant_anatomy
PO_0006308	root lateral meristem	meristema lateral de la ra&#237z (Spanish)|root lateral growth meristem|根側部分裂組織 (Japanese)	plant_anatomy
PO_0006309	tassel spikelet	penacho (borla) de la espiguilla (Spanish)|雄穂（花）の小穂 (Japanese)	plant_anatomy
PO_0006310	tassel floret	 florete del penacho (borla) (Spanish)|雄穂小花 (Japanese)	plant_anatomy
PO_0006311	tassel sessile spikelet	penacho (borla) s&#233sil del florete (Spanish)|雄穂（花）の無柄小穂 (Japanese)	plant_anatomy
PO_0006312	tassel pedicellate spikelet	penacho (borla) pedicelada del florete (Spanish)|雄穂（花）の有柄小穂 (Japanese)	plant_anatomy
PO_0006313	lower floret of pedicellate spikelet of tassel	florete inferior de la espiguilla pedicelada (Spanish)|雄穂（花）の有柄小穂の下位小花 (Japanese)	plant_anatomy
PO_0006314	upper floret of pedicellate spikelet of tassel	florete superior de la espiguilla pedicelada (Spanish)|雄穂（花）の有柄小穂の上位小花 (Japanese)	plant_anatomy
PO_0006315	lower floret of sessile spikelet of tassel	florete inferior de la espiguilla s&#233sil (Spanish)|雄穂（花）の無柄小穂の下位小花 (Japanese)	plant_anatomy
PO_0006316	upper floret of sessile spikelet of tassel	florete superior de la espiguilla s&#233sil (Spanish)|雄穂（花）の無柄小穂の上位小花 (Japanese)	plant_anatomy
PO_0006319	spikelet pedicel	pedicelo de la espiguilla (Spanish)|小穂小花柄 (Japanese)	plant_anatomy
PO_0006320	ear spikelet	oreja de la espiguilla (Spanish)|雌穂（花）小穂 (Japanese)	plant_anatomy
PO_0006321	primary inflorescence branch	first order paraclade|rama de la inflorescencia principal (Spanish)|second order inflorescence axis|第一（主）花序分枝 (Japanese)	plant_anatomy
PO_0006322	second order inflorescence branch	rama de segundo orden de la inflorescencia  (Spanish)|second order paraclade|secondary inflorescence branch|third order inflorescence axis|第二花序分枝 (Japanese)	plant_anatomy
PO_0006323	tassel inflorescence branch	rama del penacho (borla) (Spanish)|雄穂枝 (Japanese)	plant_anatomy
PO_0006324	central spike of tassel inflorescence	espiga central del penacho (borla) de la inflorescencia (Spanish)|tassel rachis|雄穂(花）中央の穂 (Japanese)	plant_anatomy
PO_0006325	inflorescence node	nodo de la inflorescencia (Spanish)|花序節 (Japanese)	plant_anatomy
PO_0006326	inflorescence internode	internodo de la inflorescencia (Spanish)|花序節間 (Japanese)	plant_anatomy
PO_0006327	spikelet meristem	meristema de la espiguilla (Spanish)|小穂分裂組織 (Japanese)	plant_anatomy
PO_0006328	spikelet pair meristem	par de meristemas de la espiguilla (Spanish)|小穂対分裂組織 (Japanese)	plant_anatomy
PO_0006330	gynophore	carpophore|flower columella|flower columellae|flower columellas|gin&#243foro (Spanish)|hypogynia|hypogynium|花被間柱、子房柄、雌蕊柄 (Japanese)	plant_anatomy
PO_0006331	seed raphe	rafe de la semilla (Spanish)|種子背線、縫線 (Japanese)	plant_anatomy
PO_0006332	seed funicle	fun&#237culo de la semilla (Spanish)|種子種柄 (Japanese)	plant_anatomy
PO_0006333	seed chalaza	calaza de la semilla (Spanish)|portion of seed chalaza|種子 カラザ (Japanese)	plant_anatomy
PO_0006334	seed micropyle	micr&#243pila de la semilla (Spanish)|種子珠孔 (Japanese)	plant_anatomy
PO_0006336	seed obturator	obturador de la semilla (Spanish)|portion of seed obturator tissue|種子閉塞組織 (Japanese)	plant_anatomy
PO_0006338	embryo leaf	embryonic leaf|hoja embri&#243nica (Spanish)|初期の葉、胚葉 (Japanese)	plant_anatomy
PO_0006339	juvenile vascular leaf	hoja juvenil (Spanish)|維管束系幼葉 (Japanese)	plant_anatomy
PO_0006340	adult vascular leaf	hoja adulta (Spanish)|維管束系の成葉 (Japanese)	plant_anatomy
PO_0006341	primary shoot system	main stalk|sistema axilar primario (Spanish)|一次分げつ系 (Japanese)	plant_anatomy
PO_0006342	infructescence	banana bunch|fruit bunch|infructescencia (Spanish)|果序 (Japanese)	plant_anatomy
PO_0006343	axillary shoot system	axillary branch|Musa sucker|sistema axilar del epiblasto (epiblastema) (Spanish)|腋苗条系 (Japanese)	plant_anatomy
PO_0006344	shoot lateral meristem	meristema lateral del epiblasto (epiblastema) (Spanish)|shoot lateral growth meristem|茎側分裂組織 (Japanese)	plant_anatomy
PO_0006346	leaf intercalary meristem	meristema intercalar de la hoja (Spanish)|葉 介在 分裂組織 (Japanese)	plant_anatomy
PO_0006347	stem intercalary meristem	meristema intercalar del tallo (Spanish)|茎介在分裂組織 (Japanese)	plant_anatomy
PO_0006348	ear pedicellate spikelet	espiga pedicelada de la espiguilla (Spanish)|雌穂（花）の有柄小穂 (Japanese)	plant_anatomy
PO_0006349	ear sessile spikelet	espiga s&#233sil de la espiguilla (Spanish)|雌穂の無柄小穂 (Japanese)	plant_anatomy
PO_0006350	upper floret of pedicellate spikelet of ear	florete superior de la espiguilla pedicelada de la espiga (Spanish)|雌穂（花）の有柄小穂の上位小花 (Japanese)	plant_anatomy
PO_0006351	lower floret of sessile spikelet of ear	florete inferior de la espiguilla pedicelada de la espiga (Spanish)|雌穂（花）の無柄小穂の下位小花 (Japanese)	plant_anatomy
PO_0006352	upper floret of sessile spikelet of ear	florete superior de la espiguilla s&#233sil de la espiga (Spanish)|雌穂（花）の無柄小穂の上位小花 (Japanese)	plant_anatomy
PO_0006353	lower floret of pedicellate spikelet of ear	florete inferior de la espiguilla s&#233sil de la espiga (Spanish)|雌穂（花）の有柄小穂の下位小花 (Japanese)	plant_anatomy
PO_0006354	ear floret	florete de la espiga (Spanish)|雌穂小花 (Japanese)	plant_anatomy
PO_0006358	tassel spikelet pair meristem	par de meristemas del penacho (borla) de la espiguilla (Spanish)|雄穂（花）の小穂対分裂組織 (Japanese)	plant_anatomy
PO_0006360	ear spikelet pair meristem	par de meristemas de la espiga de la espiguilla (Spanish)|雌穂（花）小穂対分裂組織 (Japanese)	plant_anatomy
PO_0006362	embryo shoot apical meristem	embryonic shoot apical meristem|meristema embri&#243nico apical del epiblasto (epiblastema) (Spanish)|胚性シュート頂端分裂組織 (Japanese)	plant_anatomy
PO_0006367	glume of ear spikelet	gluma de la espiga de la espiguilla (Spanish)|雌穂小穂の苞頴 (Japanese)	plant_anatomy
PO_0006368	glume of tassel spikelet	gluma del penacho (borla) de la espiguilla (Spanish)|雄穂小穂の苞頴 (Japanese)	plant_anatomy
PO_0006369	lower glume of ear spikelet	gluma inferior la espiga de la espiguilla (Spanish)|雌穂（花）小穂の第一苞頴(first glume) (Japanese)	plant_anatomy
PO_0006370	upper glume of tassel spikelet	gluma superior del penacho (borla) de la espiguilla (Spanish)|雄穂（花）小穂の第二苞頴(second glume) (Japanese)	plant_anatomy
PO_0006371	upper glume of ear spikelet	gluma superior de la espiga de la espiguilla (Spanish)|雌穂（花）小穂の第二苞頴(second glume) (Japanese)	plant_anatomy
PO_0006372	lower glume of tassel spikelet	gluma inferior del penacho (borla) de la espiguilla (Spanish)|雄穂（花）小穂の第一苞頴(first glume) (Japanese)	plant_anatomy
PO_0006375	ear apical meristem	meristema apical de la espiga (Spanish)|雌穂頂分裂組織 (Japanese)	plant_anatomy
PO_0006376	tassel apical meristem	meristema apical del penacho (borla) (Spanish)|雄穂頂分裂組織 (Japanese)	plant_anatomy
PO_0006377	tassel spikelet meristem	meristema del penacho (borla) de la espiguilla (Spanish)|雄穂（花）の小穂分裂組織 (Japanese)	plant_anatomy
PO_0006378	ear spikelet meristem	meristema de la espiga de la espiguilla (Spanish)|雌穂（花）小穂分裂組織 (Japanese)	plant_anatomy
PO_0006379	tassel spikelet rachilla	raquilla del penacho (borla) de la espiguilla (Spanish)|雄穂（花）の小穂小軸 (Japanese)	plant_anatomy
PO_0006380	ear spikelet rachilla	raquilla de la espiga de la espiguilla (Spanish)|雌穂（花）小穂小軸 (Japanese)	plant_anatomy
PO_0006385	lower glume of pedicellate spikelet of tassel	gluma inferior de la espiguilla pedicelada del penacho (borla) (Spanish)|雄穂（花）の有柄小穂の第一苞頴(first glume) (Japanese)	plant_anatomy
PO_0006386	lower glume of sessile spikelet of tassel	gluma inferior de la espiguilla s&#233sil del penacho (borla) (Spanish)|雄穂（花）の無柄小穂の第一苞頴(first glume) (Japanese)	plant_anatomy
PO_0006387	upper glume of sessile spikelet of tassel	gluma superior de la espiguilla s&#233sil del penacho (borla) (Spanish)|雄穂（花）の無柄小穂の第二苞頴(second glume) (Japanese)	plant_anatomy
PO_0006388	upper glume of pedicellate spikelet of tassel	gluma superior de la espiguilla pedicelada del penacho (borla) (Spanish)|雄穂（花）の有柄小穂の第二苞頴(second glume) (Japanese)	plant_anatomy
PO_0006389	rachilla of sessile spikelet of tassel	raquilla de la espiguilla s&#233sil del penacho (borla) (Spanish)|雄穂（花）の無柄小穂の花序軸 (Japanese)	plant_anatomy
PO_0006390	rachilla of pedicellate spikelet of tassel	raquilla de la espiguilla pedicelada del penacho (borla) (Spanish)|雄穂（花）の有柄小穂の花序軸 (Japanese)	plant_anatomy
PO_0006415	pedicel of ear spikelet	pedicelo de la espiguilla de la espiga (Spanish)|雌穂（花）小穂の小花柄 (Japanese)	plant_anatomy
PO_0006416	pedicel of tassel spikelet	pedicelo de la espiguilla del penacho (borla) (Spanish)|雄穂（花）小穂の小花柄 (Japanese)	plant_anatomy
PO_0006417	tassel peduncle	ped&#250nculo del penacho (borla) (Spanish)|雄穂花梗 (Japanese)	plant_anatomy
PO_0006418	ear peduncle	ped&#250nculo de la espiga (Spanish)|shank|Zea lateral branch|雌穂花柄 (Japanese)	plant_anatomy
PO_0006435	rachilla of pedicellate spikelet of ear	raquilla de la espiguilla pedicelada de la espiga (Spanish)|雌穂（花）の有柄小穂の小軸 (Japanese)	plant_anatomy
PO_0006436	rachilla of sessile spikelet of ear	raquilla de la espiguilla s&#233sil de la espiga (Spanish)|雌穂（花）の無柄小穂の小軸 (Japanese)	plant_anatomy
PO_0006437	lower glume of pedicellate spikelet of ear	gluma inferior de la espiguilla pedicelada de la espiga (Spanish)|雌穂（花）の有柄小穂の第一苞頴(first glume) (Japanese)	plant_anatomy
PO_0006438	lower glume of sessile spikelet of ear	gluma inferior de la espiguilla s&#233sil de la espiga (Spanish)|雌穂（花）の無柄小穂の第一苞頴(first glume) (Japanese)	plant_anatomy
PO_0006439	upper glume of pedicellate spikelet of ear	gluma superior de la espiguilla pedicelada de la espiga (Spanish)|雌穂（花）の有柄小穂の第二苞頴(second glume) (Japanese)	plant_anatomy
PO_0006440	upper glume of sessile spikelet of ear	gluma superior de la espiguilla s&#233sil de la espiga (Spanish)|雌穂（花）の無柄小穂の第二苞頴(second glume) (Japanese)	plant_anatomy
PO_0006501	leaf abscission zone	zona de absici&#243n de la hoja (Spanish)|葉離層帯 (Japanese)	plant_anatomy
PO_0006502	flower abscission zone	zona de absici&#243n de la flor (Spanish)|落花帯（層） (Japanese)	plant_anatomy
PO_0006503	fruit abscission zone	zona de absici&#243n del fruto (Spanish)|落果実 (fruit shedding zone) (Japanese)	plant_anatomy
PO_0006504	leaf trichome	phyllid trichome|tricoma de hoja (Spanish)|葉毛（毛茸、糸状体） (Japanese)	plant_anatomy
PO_0006505	central spike of ear inflorescence	ear rachis|espiga central de la espiga de la inflorescencia (Spanish)|Zea cob|雌穂（花）中央の穂 (Japanese) 	plant_anatomy
PO_0007001	early whole plant fruit ripening stage	09-dough development|7 linear grain-filling in maize|7.03-early dough in maize|7.3 early dough stage/embryo 3 in maize|8.03 Early ripening in soybean|8.1-early dough stage in rice|9.01-early dough|9.01-early dough in barley|9.01-early dough in oat|9.01-early dough in wheat|BBCH principal growth stage 83|dough stage in maize|early dough stage in maize|early dough, kernel content soft, about 45% dry matter|embryo stage 3 in maize|FR.01 early stage of fruit ripening in Solanaceae|R4 in maize|rice growth stage-8.1|tomato turning stage	plant_structure_development_stage
PO_0007002	IE.03 3/4 of inflorescence emerged from flag leaf sheath stage	6.04-3/4 of inflorescence emerged in barley|6.04-3/4 of inflorescence emerged in oat|6.04-3/4 of inflorescence emerged in wheat|70% of panicle emerged in rice	plant_structure_development_stage
PO_0007003	IL.03 full inflorescence length reached stage	3.4 late vegetative (maize)|4.04 full inflorescence length reached in soybean|VT (maize)	plant_structure_development_stage
PO_0007005	IL.02 1/2 inflorescence length reached stage	4.03 1/2 of inflorescence length reached in soybean	plant_structure_development_stage
PO_0007006	IL.00 inflorescence just visible stage	4.01 Inflorescence just visible in soybean|visible flower buds in Arabidopsis	plant_structure_development_stage
PO_0007007	whole plant fruit formation stage 50 to 70%	7.07 Pod 70% of final length in soybean|8.02-early milk in barley|8.02-early milk in oat|8.02-early milk in wheat|early milk stage|early milk stage in maize|FF.03 fruit size 70% in Solanaceae|late milk|tomato immature green|Zadok scale-73, Haun scale-13	plant_structure_development_stage
PO_0007008	IE.02 1/2 of inflorescence emerged from flag leaf sheath stage	08-heading|6.03-1/2 of inflorescence emerged in barley|6.03-1/2 of inflorescence emerged in oat|6.03-1/2 of inflorescence emerged in wheat|first individual flowers visible|half bloom|middle of heading|middle of panicle emergence in rice|sorghum growth stage-7	plant_structure_development_stage
PO_0007009	whole plant fruit formation stage 10 to 30%	7.02 Pod 30% of final length in soybean|FF.01 fruit size 30% in Solanaceae|tomato immature green	plant_structure_development_stage
PO_0007010	whole plant fruit ripening stage	08-dough stage in rice|09-dough development in barley|09-dough development in oat|09-dough development in wheat|10-dough stage in sorghum|6 ripening in Solanaceae|8 Bean Development in soybean|BBCH principal growth stage 8|dough stage|dough stage in maize|dough stage kernels yellowish, about 55% dry matter|fruit maturity|fruit ripening|kernel ripening|maturity of fruit and seed|rice growth stage-8|silique ripening in Arabidopsis	plant_structure_development_stage
PO_0007013	BO.03 late boot stage	5.2-late booting stage in rice|flag leaf sheath swollen|rice growth stage-5.2	plant_structure_development_stage
PO_0007014	booting stage	05-booting in barley|05-booting in oat|05-booting in wheat|05-booting stage|07-boot stage in sorghum|BBCH growth stage 40|development of vegetatively propogated organs|rice growth stage-5|sorghum growth stage-6	plant_structure_development_stage
PO_0007015	radicle emergence stage	0.02-radicle emergence from seed in maize|0.2 radicle emergence from seed in maize|05 radicle emergence from seed coat in soybean|1.04-radicle emerged from seed in barley|1.04-radicle emerged from seed in oat|1.04-radicle emerged from seed in Triticeae|1.04-radicle emerged from seed in wheat|BBCH growth stage 05|maize growth stage-0.2|radicle emergence|radicle emergence in Arabidopsis|radicle emergence in Solanaceae|Zadok scale-5	plant_structure_development_stage
PO_0007016	whole plant flowering stage	07-anthesis in barley|07-anthesis in oat|07-anthesis in wheat|09-flowering in sorghum|4 flowering in Solanaceae|5 flowering in maize|5.01-anthesis in maize |5.02-silking in maize|5.1 anthesis in maize|5.2 silking in maize|6 Flowering in soybean|6.1-flowering stage in rice|anthesis in maize|anthesis stage|BBCH principal growth stage 6|flowering in maize|pollen shed in maize|R1 in maize|rice growth stage-6.1|silk emergence in maize|sorghum growth stage 8|VT in maize	plant_structure_development_stage
PO_0007017	sporophyte senescent stage	10.03-kernel loosening in daytime in barley|10.03-kernel loosening in daytime in oat|10.03-kernel loosening in daytime in Triticeae|10.03-kernel loosening in daytime in wheat|10.04-overripe, straw dead and collapsing in barley|10.04-overripe, straw dead and collapsing in oat|10.04-overripe, straw dead and collapsing in Triticeae|10.04-overripe, straw dead and collapsing in wheat|9 Senescence in soybean|BBCH principal growth stage 9|C senescence in Solanaceae|senescence in Arabidopsis|sporophyte senescence stage	plant_structure_development_stage
PO_0007018	BO.01 early boot stage	5.01-flag leaf sheath extending in barley|5.01-flag leaf sheath extending in oat|5.01-flag leaf sheath extending in wheat|5.1-early booting stage in rice|flag leaf sheath extending|rice growth stage-5.1	plant_structure_development_stage
PO_0007019	BO.05 flag leaf sheath opened stage	5.04-flag leaf sheath extending in barley|5.04-flag leaf sheath extending in oat|5.04-flag leaf sheath extending in wheat|first awns visible	plant_structure_development_stage
PO_0007022	seed imbibition stage	0.1 imbibition in maize|01 Beginning of seed imbibition in soybean|03 Seed imbibition complete in soybean|1.02-start of imbibition in barley|1.02-start of imbibition in oat|1.02-start of imbibition in Triticeae|1.02-start of imbibition in wheat|1.03-imbibition complete in barley|1.03-imbibition complete in oat|1.03-imbibition complete in Tricticeae|1.03-imbibition complete in wheat|BBCH growth stage 01|imbibition in Arabidopsis|imbibition in Solanaceae	plant_structure_development_stage
PO_0007023	IE.04 inflorescence fully emerged from flag leaf sheath stage	6.05-emergence of inflorescence completed in barley|6.05-emergence of inflorescence completed in oat|6.05-emergence of inflorescence completed in wheat|end of panicle emergence in rice	plant_structure_development_stage
PO_0007024	FL.04 end of flowering stage	6.09 End of flowering in soybean|7.03-anthesis completed in barley|7.03-anthesis completed in oat|7.03-anthesis completed in wheat|anthesis completed|FL.04 end of flowering in Solanaceae|flowering complete|fruit set visible|late reproductive|Zadok scale-69, Haun scale-11.6	plant_structure_development_stage
PO_0007025	IE.00 inflorescence tip just visible above flag leaf sheath stage	6.01-first spikelet of inflorescence visible in barley|6.01-first spikelet of inflorescence visible in oat|6.01-first spikelet of inflorescence visible in wheat|beginning of heading|beginning of panicle emergence in rice|beginning of tassel emergence in maize|first flower buds visible|first spikelet visible|visible flower buds|Zadok scale-50, Feekes scale-10.1, Haun scale-10.2	plant_structure_development_stage
PO_0007026	FL.00 first flower(s) open stage	6.00 1st flowers on main stem open in soybean|7.01-anthesis beginning in barley|7.01-anthesis beginning in oat|7.01-anthesis beginning in Triticeae|7.01-anthesis beginning in wheat|first open flower in Arabidopsis|FL.00 first flower(s) open in Solanaceae|Stage R1 Open flower at any node on the main stem	plant_structure_development_stage
PO_0007027	whole plant fruit formation stage 70% to final size	7.09 Pod full size in soybean|8.03-medium milk in barley|8.03-medium milk in oat|8.03-medium milk in wheat|8.04-late milk in barley|8.04-late milk in oat|BBCH principal growth stage 75|BBCH principal growth stage 79|FF.04 final fruit size in Solanaceae|kernel content milky, 40% dry matter|Kernels in middle of cob yellowish-white|nearly all kernels have reached final size|Stage R4 Full pod in soybean|tomato mature green	plant_structure_development_stage
PO_0007028	BO.04 flag leaf sheath opening stage	5.03-flag leaf sheath extending in barley|5.03-flag leaf sheath extending in oat|5.03-flag leaf sheath extending in wheat|Zadok scale-47	plant_structure_development_stage
PO_0007029	whole plant fruit formation stage 30 to 50%	7.01-blister stage in maize|7.03 Pod 50% of final length in soybean|8.01-kernel watery ripe in barley|8.01-kernel watery ripe in oat|8.01-kernel watery ripe in wheat|BBCH principal growth stage 71|beginning of grain development, kernels at blister stage, 16% dry matter|blister stage in maize|caryopsis watery ripe|FF.02 fruit size 50% in Solanaceae|kernel watery ripe|R2 in maize|Stage R4 Full pod in soybean|tomato immature green|watery ripe|Zadok scale-71, Feekes scale-10.54, Haun scale-12.1	plant_structure_development_stage
PO_0007030	seedling shoot emergence stage	07 shoot emergence in soybean|BBCH growth stage 09|shoot emergence in Solanaceae	plant_structure_development_stage
PO_0007031	mid whole plant fruit ripening stage	10.01-soft dough in sorghum|7.4 late dough stage/embryo 4 in maize|8.05 Mid ripening in soybean|9.02-soft dough in barley|9.02-soft dough in oat|9.02-soft dough in wheat|BBCH principal growth stage 85|DNA degradation (endosperm) in maize|dough stage in maize|embryo stage 4 in maize|FR.02 mid stage of fruit ripening in Solanaceae|R3 in maize|soft dough|Stage R6 Full seed in soybean|tomato orange fruit|Zadok scale-85, Feekes scale-11.2	plant_structure_development_stage
PO_0007032	whole plant fruit formation stage up to 10%	7.01 Pod 10% of final length in soybean|E-L 27|FF.00 fruit size 10% in Solanaceae|fruit setting|stage R3 in soybean|tomato immature green	plant_structure_development_stage
PO_0007033	whole plant development stage	cereal plant ontology |maize growth stage|plant growth stage ontology|plant growth stages in Arabidopsis|rice growth stage|Solanaceae whole plant growth stages|sorghum growth stage|wheat, barley and oat growth stage	plant_structure_development_stage
PO_0007034	FL.01 1/4 of flowers open stage	6.02 1/4 of flowers on the main stem open in soybean|FL.01 1/4 of flowers open in Solanaceae	plant_structure_development_stage
PO_0007036	beginning of whole plant fruit ripening stage	8.01 Beginning of bean ripening in soybean|beginning of fruit coloration|first silique shattered|FR.00 beginning of fruit ripening in Solanaceae	plant_structure_development_stage
PO_0007037	inflorescence bifurcation stage		plant_structure_development_stage
PO_0007038	whole plant fruit ripening complete stage	10-ripening in barley|10-ripening in oat|10-ripening in Triticeae|10-ripening in wheat|10.01-kernel medium hard|10.02-kernel hard|8.09 Final ripening in soybean|9.02 dry kernel in maize|9.2 dry kernel in maize|BBCH principal growth stage 89|dry kernel in maize|dry seed in maize|FR.04 fruit ripening complete in Solanaceae|fully ripe|fully ripe grain hard, difficult to divide by thumbnail in rice|fully ripe kernels hard and shiny about 65% dry matter in maize|tomato fully red ripe fruit	plant_structure_development_stage
PO_0007039	leaf trichome development stage		plant_structure_development_stage
PO_0007041	inflorescence emergence stage	06-heading stage in rice|06-inflorescence emergence in barley|06-inflorescence emergence in oat|06-inflorescence emergence in wheat|08-heading in sorghum|half bloom in sorghum|heading|rice growth stage-6|sorghum growth stage-7|tasseling	plant_structure_development_stage
PO_0007042	whole plant fruit formation stage	07-milk stage in rice|08-milk development in barley|08-milk development in oat|08-milk development in wheat|5 fruit formation in Solanaceae|6.01-dilatory in maize|6.02-exponential in maize|6.1 dilatory in maize|6.2 exponential in maize|dilatory in maize|exponential in maize|free nuclear in maize|milk grain|milk stage in rice|mitotic in maize|proembryo in maize|rice growth stage-7|transition stage in maize|Zadok scale-70	plant_structure_development_stage
PO_0007043	hypocotyl emergence stage	0.07.01 Cotyledons and hypocotyl emerge in soybean|0.07.02 Hypocotyl emerges above soil in soybean|BBCH growth stage 08|hypocotyl and cotyledon emergence in Arabidopsis|hypocotyl emergence in Solanaceae	plant_structure_development_stage
PO_0007044	BO.02 mid boot stage	5.02-flag leaf sheath extending in barley|5.02-flag leaf sheath extending in oat|5.02-flag leaf sheath extending in wheat|flag leaf sheath just visibly swollen|Zadok scale-45, Feekes scale-10, Haun scale-9.2	plant_structure_development_stage
PO_0007045	coleoptile emergence stage	0.3 coleoptile emergence from seed in maize|BBCH growth stage 09	plant_structure_development_stage
PO_0007046	IL.01 1/4 inflorescence length reached stage	4.02 1/4 of inflorescence length reached in soybean	plant_structure_development_stage
PO_0007047	whole plant inflorescence detectable stage	3 inflorescence visible|3 inflorescence visible in Solanaceae|4 Inflorescence Formation in soybean|BBCH principal growth stage 4|BBCH principal growth stage 5|Poaceae inflorescence visible	plant_structure_development_stage
PO_0007048	IE.01 1/4 of inflorescence emerged from flag leaf sheath stage	30% of panicle emerged in rice|6.02-1/4 of inflorescence emerged in barley|6.02-1/4 of inflorescence emerged in oat|6.02-1/4 of inflorescence emerged in wheat|Zadok scale-53, Feekes scale-10.2	plant_structure_development_stage
PO_0007049	cotyledon emergence stage	01-seedling emergence in sorghum|1.00 Cotyledon visible in soybean|1.00 imperfect leaf unrolled|1.01-seedling emergence in maize|1.1 seedling emergence in maize|2.01-first leaf through coleoptile in barley|2.01-first leaf through coleoptile in oat|2.01-first leaf through coleoptile in Triticeae|2.01-first leaf through coleoptile in wheat|BBCH growth stage 09|BBCH growth stage 10|cotyledon emergence in Solanaceae|cotyledons fully open in Arabidopsis|hypocotyl and cotyledon emergence in Arabidopsis|LP.00 cotyledon visible|maize growth stage-1.1|Oryza first leaf through coleoptile|sorghum growth stage-0|Sorghum seedling emergence|Triticeae first leaf through coleoptile|VE in maize|VE stage in soybean|Zadok scale-10, Feekes scale-1	plant_structure_development_stage
PO_0007050	late whole plant fruit ripening stage	09-maturity in maize|10.02-hard dough in sorghum|8 leveling off of grain-filling/embryo 5 in maize|8.07 Late ripening in soybean|8.2-hard dough stage in rice|9 maturity in maize|9.03-hard dough in barley|9.03-hard dough in oat|9.03-hard dough in wheat|9.1 physiological maturity/embryo 6 in maize|attenuative in maize|BBCH principal growth stage 87|black layer in maize|dent stage in maize|embryo stage 5 in maize|embryo stage 6 in maize|FR.03 late stage of fruit ripening in Solanaceae|hard dough|late dough grain in rice|late dough stage in rice|leveling off of dry matter accumulation|physiological maturity, black dot, about 60% dry matter in maize|R5 in maize|R6 in maize|rice growth stage-8.2|sorghum growth stage-10|Stage R7 Beginning maturity in soybean|storage maturity in maize|tomato red firm fruit|Zadok scale-87, Haun scale-15	plant_structure_development_stage
PO_0007051	BO.00 booting begins stage		plant_structure_development_stage
PO_0007052	FL.03 3/4 of flowers open stage	6.02 3/4 of flowers on main stem open in soybean|FL.03 3/4 of flowers open in Solanaceae|flowering finishing|Stage R2 Open flower at one of the two uppermost nodes on the main stem with fully developed leaf in soybean	plant_structure_development_stage
PO_0007053	FL.02 1/2 of flowers open stage	6.02 1/2 of flowers on main stem open in soybean|7.02-anthesis half-way in barley|7.02-anthesis half-way in oat|7.02-anthesis half-way in wheat|FL.02 1/2 of flowers open in Solanaceae|full flowering|Haun scale-11.5	plant_structure_development_stage
PO_0007054	epicotyl emergence stage		plant_structure_development_stage
PO_0007056	1 pattern formation stage		plant_structure_development_stage
PO_0007057	0 seed germination stage	0 germination in maize|0 germination in Solanaceae|0 Germination in soybean|00-germination in maize|01-germination in barley|01-germination in oat|01-germination in rice|01-germination in Triticeae|01-germination in wheat|BBCH principal growth stage 0|germination in Arabidopsis|maize growth stage-0|rice growth stage-1	plant_structure_development_stage
PO_0007058	2 endoreduplication stage		plant_structure_development_stage
PO_0007059	3 branch formation stage		plant_structure_development_stage
PO_0007062	SE.06 six nodes or internodes visible stage	3.06 6 nodes/internodes visible in soybean|4.07-sixth node detectable in barley|4.07-sixth node detectable in oat|4.07-sixth node detectable in wheat|BBCH growth stage 36|Zadok scale-36	plant_structure_development_stage
PO_0007063	LP.07 seven leaves visible stage	1.07 6th trifoliolate leaf unfolded in soybean|2.08-seven leaves unfolded in barley|2.08-seven leaves unfolded in oat|2.08-seven leaves unfolded in Triticeae|2.08-seven leaves unfolded in wheat|3.01-ear initiation|3.1 ear initiation/mid-whorl stage in maize|6-8 leaves in maize|7 leaves unfolded|7 rosette leaf in Arabidopsis|7-leaf in maize|BBCH growth stage 17|ear initiation in maize|LP.07 seven leaves visible in Solanaceae|maize growth stage-3.1|mid-whorl stage in maize|seven rosette leaves|seventh leaf unfolded|Stage V6 in soybean|Triticeae seven leaves unfolded|V7 in maize|Zadok scale-, Haun scale-6.+	plant_structure_development_stage
PO_0007064	LP.12 twelve leaves visible stage	1.12 11th trifoliolate leaf unfolded in soybean|12 rosette leaf in Arabidopsis|3.03-mid-vegetative|3.3 mid-vegetative|3.3 mid-vegetative stage of maize|maize growth stage-3.3|mid-vegetative in maize|mid-vegetative stage of maize|Stage V11 in soybean|twelve leaves unfolded|twelve rosette leaves|V12 in maize	plant_structure_development_stage
PO_0007065	LP.05 five leaves visible stage	02-tassel initiation in maize|04-five leaf stage in sorghum|1.05 4th trifoliolate leaf unfolded in soybean|2 tassel initiation/early whorl stage in maize|2.06-five leaves unfolded in barley|2.06-five leaves unfolded in oat|2.06-five leaves unfolded in Triticeae|2.06-five leaves unfolded in wheat|4-6 leaves in maize|5 leaves unfolded|5 rosette leaf in Arabidopsis|BBCH growth stage 15|early whorl stage in maize|fifth leaf unfolded|five rosette leaves|LP.05 five leaves visible in Solanaceae|maize growth stage-2|rice growth stage-3|Sorghum five leaf stage|sorghum growth stage-3|Stage V4 in soybean|tassel differentiation in maize|tassel initiation in maize|Triticeae five leaves unfolded|V5 in maize|Zadok scale-15, Haun scale-4.+	plant_structure_development_stage
PO_0007066	SE.09 nine nodes or internodes visible stage	3.09 9 nodes/internodes visible in soybean|BBCH growth stage 39	plant_structure_development_stage
PO_0007067	LP.17 seventeen leaves visible stage	1.17 16th trifoliate leaf unfolded in soybean|3.04-late vegetative|3.4 late vegetative in maize|3.4 late vegetative stage of maize|late vegetative in maize|late vegetative stage of maize|maize growth stage-3.4|maize V17 stage|Stage V16 in soybean|V17 in maize	plant_structure_development_stage
PO_0007068	mid rosette growth stage	mid rosette growth in Arabidopsis	plant_structure_development_stage
PO_0007070	SE.08 eight nodes or internodes visible stage	3.08 8 nodes/internodes visible in soybean|BBCH growth stage 38	plant_structure_development_stage
PO_0007071	2.02 main shoot and axillary shoots visible at two nodes stage	2.02 Main shoot and axillary shoots visible at 2 nodes in soybean|2.02 main shoot and axillary shoots visible at two nodes in Solanaceae|3.03-main shoot and two tillers|BBCH growth stage 22|main shoot and 2 tillers|main shoot and second tiller visible|main shoot and two tillers in barley|main shoot and two tillers in oat|main shoot and two tillers in wheat|second axillary shoot detectable|second tiller detectable|Zadok scale-22	plant_structure_development_stage
PO_0007072	LP.18 eighteen leaves visible stage	1.18 17th trifoliolate leaf unfolded in soybean|3.04-late vegetative|3.4 late vegetative in maize|3.4 late vegetative stage of maize|late vegetative in maize|late vegetative stage of maize|maize growth stage-3.4|maize V18 stage|Stage V17 in soybean|V18 in maize|VT vegetative tasseling in maize (US cornbelt)	plant_structure_development_stage
PO_0007073	2 formation of axillary shoot stage	03-tillering in barley|03-tillering in oat|03-tillering in wheat|03-tillering stage in rice|2 axillary Shoot Formation in soybean|2 formation of axillary shoot in Solanaceae|BBCH principal growth stage 2|formation of side shoot|rice growth stage-3|tillering	plant_structure_development_stage
PO_0007074	SE.15 fifteen nodes or internodes visible stage	3.15 15 nodes/internodes visible in soybean	plant_structure_development_stage
PO_0007076	late rosette growth stage	late rosette growth in Arabidopsis	plant_structure_development_stage
PO_0007077	2.08 main shoot and axillary shoots visible at eight nodes stage	2.08 Main shoot and axillary shoots visible at 8 nodes in soybean|2.08 main shoot and axillary shoots visible at eight nodes in Solanaceae|3.09-main shoot and eight tillers|BBCH growth stage 28|eighth axillary shoot detectable|eighth tiller detectable|main shoot and 8 tillers|main shoot and eight tillers in barley|main shoot and eight tillers in oat|main shoot and eight tillers in wheat|main shoot and eighth tiller visible|Zadok scale-28	plant_structure_development_stage
PO_0007078	rosette growth complete stage	complete rosette in Arabidopsis	plant_structure_development_stage
PO_0007079	SE.00 stem elongation begins stage	3.00 stem elongation begins in soybean|4.01-pseudo stem erection in barley|4.01-pseudo stem erection in oat|4.01-pseudo stem erection in wheat|4.1-panicle initiation stage|4.2-panicle differentiation stage|BBCH growth stage 30|pseudo stem and tillers erect|pseudo stem erection|rice green ring stage|rice panicle initiation	plant_structure_development_stage
PO_0007080	2.03 main shoot and axillary shoots visible at three nodes stage	2.03 Main shoot and axillary shoots visible at 3 nodes in soybean|2.03 main shoot and axillary shoots visible at three nodes in Solanaceae|3.04-main shoot and three tillers|BBCH growth stage 23|main shoot and 3 tillers|main shoot and third tiller visible|main shoot and three tillers in barley|main shoot and three tillers in oat|main shoot and three tillers in wheat|third axillary shoot detectable|third tiller detectable|Zadok scale-23	plant_structure_development_stage
PO_0007081	early rosette growth stage	early rosette growth in Arabidopsis	plant_structure_development_stage
PO_0007082	LP.20 twenty or more leaves whorls visible stage	1.20 19th trifoliolate leaf unfolded in soybean|1.21 20th trifoliolate leaf unfolded in soybean|1.22 21st trifoliolate leaf unfolded in soybean|1.23 22nd trifoliolate leaf unfolded in soybean|1.24 23rd trifoliolate leaf unfolded in soybean|1.25 25 or more trifoliolate leaves unfolded in soybean|3.04-late vegetative|3.4 late vegetative in maize|3.4 late vegetative stage of maize|late vegetative in maize|late vegetative stage of maize|maize growth stage-3.4|maize V20 stage|Stage V20 in soybean|Stage V21 in soybean|Stage V22 in soybean|Stage V23 in soybean|Stage V25 in soybean|V20 in maize	plant_structure_development_stage
PO_0007083	LP.13 thirteen leaves visible stage	1.13 12th trifoliolate leaf unfolded in soybean|13 rosette leaf in Arabidopsis|3.03-mid-vegetative|3.3 mid-vegetative|3.3 mid-vegetative stage of maize|maize growth stage-3.3|mid-vegetative in maize|mid-vegetative stage of maize|Stage V12 in soybean|thirteen leaves unfolded|thirteen rosette leaves|V13 in maize	plant_structure_development_stage
PO_0007084	SE.10 ten nodes or internodes visible stage	3.10 10 nodes/internodes visible in soybean	plant_structure_development_stage
PO_0007085	LP.14 fourteen leaves visible stage	1.14 13th trifoliolate leaf unfolded in soybean|14 rosette leaf in Arabidopsis|3.03-mid-vegetative|3.3 mid-vegetative|3.3 mid-vegetative stage of maize|fourteen leaves unfolded|fourteen rosette leaves|maize growth stage-3.3|Stage V13 in soybean|V14 in maize	plant_structure_development_stage
PO_0007086	SE.05 five nodes or internodes visible stage	3.05 5 nodes/internodes visible in soybean|4.06-fifth node detectable in barley|4.06-fifth node detectable in oat|4.06-fifth node detectable in wheat|BBCH growth stage 35|Zadok scale-35	plant_structure_development_stage
PO_0007087	2.01 main shoot and axillary shoots visible at one node stage	2.01 Main shoot and axillary shoot visible at one node in soybean|2.01 main shoot and axillary shoots visible at one node in Solanaceae|3.02-main shoot and one tiller|BBCH growth stage 21|first axillary shoot detectable|first tiller detectable|main shoot and 1 tiller|main shoot and first tiller visible|main shoot and one tiller in barley|main shoot and one tiller in oat|main shoot and one tiller in wheat|Zadok scale-21, Feekes scale-2	plant_structure_development_stage
PO_0007088	2.04 main shoot and axillary shoots visible at four nodes stage	2.04 Main shoot and axillary shoots visible at 4 nodes in soybean|2.04 main shoot and axillary shoots visible at four nodes in Solanaceae|3.05-main shoot and four tillers|BBCH growth stage 24|fourth axillary shoot detectable|fourth tiller detectable|main shoot and 4 tillers|main shoot and four tillers in barley|main shoot and four tillers in oat|main shoot and four tillers in wheat|main shoot and fourth tiller visible|Zadok scale-24	plant_structure_development_stage
PO_0007089	stem elongation stage	04-stem elongation in barley|04-stem elongation in oat|04-stem elongation in wheat|04-stem elongation stage in Triticeae|05-growing point differentiation|3 rapid stem elongation in maize|3 Stem Elongation in soybean|BBCH principal growth stage 3|crop cover in potato|internode elongation|jointing stage|rapid stem elongation|rice growth stage-4|shoot development|sorghum growth stage-4|stem elongation in Solanaceae	plant_structure_development_stage
PO_0007090	SE.13 thirteen nodes or internodes visible stage	3.13 13 nodes/internodes visible in soybean	plant_structure_development_stage
PO_0007091	SE.01 one node or internode visible stage	3.01 one node visible in soybean|4.02-first node detectable in barley|4.02-first node detectable in oat|4.02-first node detectable in wheat|BBCH growth stage 31|Zadok scale-31, Feekes scale-6	plant_structure_development_stage
PO_0007092	SE.04 four nodes or internodes visible stage	3.04 4 nodes/internodes visible in soybean|4.05-fourth node detectable in barley|4.05-fourth node detectable in oat|4.05-fourth node detectable in wheat|BBCH growth stage 34|Zadok scale-34	plant_structure_development_stage
PO_0007093	2.05 main shoot and axillary shoots visible at five nodes stage	2.05 Main shoot and axillary shoots visible at 5 nodes in soybean|2.05 main shoot and axillary shoots visible at five nodes in Solanaceae|3.06-main shoot and five tillers in barley|3.06-main shoot and five tillers in oat|3.06-main shoot and five tillers in Triticeae|3.06-main shoot and five tillers in wheat|BBCH growth stage 25|fifth axillary shoot detectable|fifth tiller detectable|main shoot and 5 tillers|main shoot and fifth tiller visible|main shoot and five tillers in barley|main shoot and five tillers in oat|main shoot and five tillers in wheat|Zadok scale-25	plant_structure_development_stage
PO_0007094	LP.01 one leaf visible stage	1-4 leaf stage in rice|1.01 Unifoliolate leaves unfolded in soybean|1.02-one to two leaves in maize|1.2 1-2 leaves in maize|2.02-first leaf unfolded in barley|2.02-first leaf unfolded in oat|2.02-first leaf unfolded in Triticeae|2.02-first leaf unfolded in wheat|BBCH growth stage 11|LP.01 one leaf visible in Solanaceae|maize growth stage-1.2|pre tillering|rice growth stage-2.1|V1 in maize |VC stage in soybean|Zadok scale-11, Haun scale-1.+|Zea V01 stage	plant_structure_development_stage
PO_0007095	LP.08 eight leaves visible stage	1.08 7th trifoliolate leaf unfolded in soybean|2.09-eight leaves unfolded in barley|2.09-eight leaves unfolded in oat|2.09-eight leaves unfolded in Triticeae|2.09-eight leaves unfolded in wheat|3.01-ear initiation in Maize|3.1 ear initiation/mid-whorl stage in maize|8 leaves unfolded|8 rosette leaves in Arabidopsis|8-leaf in maize|BBCH growth stage 18|ear initiation in maize|eight leaf unfolded|eight rosette leaves|LP.08 eight leaves visible in Solanaceae|maize growth stage-3.1|mid-whorl stage in maize|Stage V7 in soybean|Triticeae eight leaves unfolded|V8 in maize|Zadok scale-18, Haun scale-7.+	plant_structure_development_stage
PO_0007096	SE.03 three nodes or internodes visible stage	3.03 3 nodes/internodes visible in soybean|4.04-third node detectable in barley|4.04-third node detectable in oat|4.04-third node detectable in wheat|BBCH growth stage 33|Zadok scale-33	plant_structure_development_stage
PO_0007097	SE.14 fourteen nodes or internodes visible stage	3.14 14 nodes/internodes visible in soybean	plant_structure_development_stage
PO_0007098	LP.02 two leaves visible stage	1-4 leaf stage in rice|1.02 First trifoliolate leaf unfolded in soybean|1.02-one to two leaves in maize|1.2 1-2 leaves in maize|2 leaves unfolded|2 rosette leaves in Arabidopsis|2.03-two leaves unfolded in barley|2.03-two leaves unfolded in oat|2.03-two leaves unfolded in Triticeae|2.03-two leaves unfolded in wheat|BBCH growth stage 12|LP.02 two leaves visible in Solanaceae|maize growth stage-1.2|pre tillering|rice growth stage-2.1|Triticeae two leaves unfolded|two rosette leaves|V1 stage in soybean|V2 in maize|Zadok scale-12, Haun scale-1.+	plant_structure_development_stage
PO_0007099	SE.97 flag leaf visible stage	06-flag leaf visible in sorghum|4.08-flag leaf just visible in barley|4.08-flag leaf just visible in oat|4.08-flag leaf just visible in wheat|Zadok scale-37, Feekes scale-8	plant_structure_development_stage
PO_0007100	SE.16 sixteen or more nodes or internodes visible stage	3.16 16 or more nodes/internodes visible in soybean	plant_structure_development_stage
PO_0007101	LP.09 nine leaves visible stage	1.09 8th trifoliolate leaf unfolded in soybean|10-leaf in maize|2.10 nine or more leaves unfolded in barley|2.10 nine or more leaves unfolded in oat|2.10 nine or more leaves unfolded in Triticeae|2.10 nine or more leaves unfolded in wheat|3.02-late whorl stage|3.2 late whorl stage in maize|9 or more leaves unfolded|9 rosette leaf in Arabidopsis|9-11 leaves in maize|9-leaf in maize|BBCH growth stage 19|LP.09 nine or more leaves whorls visible|maize growth stage-3.2|nine rosette leaves|ninth leaf unfolded|Stage V8 in soybean|V9 in maize|Zadok scale-19	plant_structure_development_stage
PO_0007103	LP.10 ten leaves visible stage	10 rosette leaf in Arabidopsis|10-leaf in maize|3.02-late whorl stage|9-11 leaves in maize|maize growth stage-3.2|Stage V9 in soybean|ten rosette leaves|V10 in maize	plant_structure_development_stage
PO_0007104	LP.15 fifteen leaves visible stage	1.15 14th trifoliolate leaf unfolded in soybean|3.4 late vegetative in maize|3.4 late vegetative stage of maize|late vegetative in maize|maize growth stage-3.4|Stage V14 in soybean|V15 in maize	plant_structure_development_stage
PO_0007106	LP.03 three leaves visible stage	02-three leaf stage in sorghum|1-4 leaf stage in rice|1.03 2nd trifoliolate leaf unfolded in soybean|1.03-three to four leaves in maize|1.3 3-4 leaves in maize|2.04-three leaves unfolded|3 rosette leaf in Arabidopsis|3-leaf stage in maize|BBCH growth stage 13|LP.03 three leaves visible in Solanaceae|maize growth stage-1.3|pre tillering|rice growth stage-2.1|sorghum growth stage-1|V2 stage in soybean|V3 in maize|Zadok scale-13, Haun scale-2.+	plant_structure_development_stage
PO_0007108	SE.07 seven nodes or internodes visible stage	3.07 7 nodes/internodes visible in soybean|BBCH growth stage 37	plant_structure_development_stage
PO_0007109	SE.99 maximum stem length reached stage	3.99 Maximum stem length reached in soybean|4.09-flag leaf ligule/collar just visible in barley|4.09-flag leaf ligule/collar just visible in oat|4.09-flag leaf ligule/collar just visible in wheat|flag leaf fully unrolled|flag leaf stage|flag leaf stage in sorghum|ligule just visible|sorghum growth stage-5|Zadok scale-39, Feekes scale-9	plant_structure_development_stage
PO_0007110	2.09 main shoot and axillary shoots visible at nine or more nodes stage	2.09 Main shoot and axillary shoots visible at 9 or more nodes in soybean|2.09 main shoot and axillary shoots visible at nine or more nodes in Solanaceae|3.1-maximum tillering|3.10-main shoot and nine or more tillers in Triticeae|BBCH growth stage 29|main shoot and 9 or more tiller|main shoot and nine or more tillers in barley|main shoot and nine or more tillers in oat|main shoot and nine or more tillers in wheat|maximum number of tillers detectable in|maximum number of tillers visible|maximum number of tillers visible in rice|nine or more axillary shoots detectable|Zadok scale-29	plant_structure_development_stage
PO_0007111	SE.12 twelve nodes or internodes visible stage	3.12 12 nodes/internodes visible in soybean	plant_structure_development_stage
PO_0007112	1 main shoot growth stage	01-seedling stage of maize|02-seedling growth of barley|02-seedling growth of oat|02-seedling growth of wheat|02-seedling stage of rice|1 main shoot growth in Solanaceae|1 seedling in maize|BBCH principal growth stage 1|maize growth stage-1.1|sorghum principal growth stage 1	plant_structure_development_stage
PO_0007113	rosette growth stage	rosette growth in Arabidopsis	plant_structure_development_stage
PO_0007114	SE.11 eleven nodes or internodes visible stage	3.11 11 nodes/internodes visible in soybean	plant_structure_development_stage
PO_0007115	LP.04 four leaves visible stage	02-tassel initiation in maize|03-four leaf stage in sorghum|1-4 leaf stage in rice|1.03-three to four leaves in maize|1.04 3rd trifoliolate leaf unfolded in soybean|2 tassel initiation/early whorl stage in maize|2.05-four leaves unfolded in Triticeae|4 leaves unfolded|4 rosette leaf in Arabidopsis|4-6 leaves in maize|BBCH growth stage 14|early whorl stage in maize|four rosette leaves|fourth leaf unfolded|LP.04 four leaves visible in Solanaceae|maize growth stage-2|pre tillering|rice growth stage-2.1|sorghum growth stage-2|Stage V3 in soybean|tassel differentiation in maize|tassel initiation in maize|V4 in maize|Zadok scale-14, Haun scale-3.+	plant_structure_development_stage
PO_0007116	LP.11 eleven leaves visible stage	1.11 10th trifoliolate leaf unfolded in soybean|11 rosette leaves in Arabidopsis|3.02-late whorl stage in maize|3.2 late whorl stage of maize|9-11 leaves in maize|eleven rosette leaves|late whorl stage of maize|maize growth stage-3.2|Stage V10 in soybean|V11 in maize	plant_structure_development_stage
PO_0007117	SE.02 two nodes or internodes visible stage	3.02 2 nodes/internode visible in soybean|4.03-second node detectable in barley|4.03-second node detectable in oat|4.03-second node detectable in wheat|BBCH growth stage 32|maize growth stage-3.1|Zadok scale-32, Feekes scale-7	plant_structure_development_stage
PO_0007118	2.06 main shoot and axillary shoots visible at six nodes stage	2.06 Main shoot and axillary shoots visible at 6 nodes in soybean|2.06 main shoot and axillary shoots visible at six nodes in Solanaceae|3.07-main shoot and six tillers|BBCH growth stage 26|main shoot and 6 tillers|main shoot and six tillers in barley|main shoot and six tillers in oat|main shoot and six tillers in wheat|sixth axillary shoot detectable|sixth tiller detectable|Zadok scale-26, Feekes scale-3	plant_structure_development_stage
PO_0007119	LP.16 sixteen leaves visible stage	1.16 15th trifoliolate leaf unfolded in soybean|16 rosette leaf in Arabidopsis|3.04-late vegetative|3.4 late vegetative in maize|3.4 late vegetative stage of maize|late vegetative in maize|late vegetative stage of maize|maize growth stage-3.4|Stage V15 in soybean|V16 in maize	plant_structure_development_stage
PO_0007120	LP.19 nineteen leaves visible stage	1.19 18th trifoliolate leaf unfolded in soybean|3.04-late vegetative|3.4 late vegetative in maize|3.4 late vegetative stage of maize|late vegetative in maize|late vegetative stage of maize|maize growth stage-3.4|Stage V18 in soybean|V19 in maize	plant_structure_development_stage
PO_0007122	2.07 main shoot and axillary shoots visible at seven nodes stage	2.07 Main shoot and axillary shoots visible at 7 nodes in soybean|2.07 main shoot and axillary shoots visible at seven nodes in Solanaceae|3.08-main shoot and seven tillers|BBCH growth stage 27|main shoot and 7 tillers|main shoot and seven tillers in barley|main shoot and seven tillers in oat|main shoot and seven tillers in wheat|main shoot and seventh tiller visible|seventh axillary shoot detectable|seventh tiller detectable|Zadok scale-27	plant_structure_development_stage
PO_0007123	LP.06 six leaves visible stage	03-tillering stage in rice|1.06 5th trifoliolate leaf unfolded in soybean|2 tassel initiation/early whorl stage in maize|2.07-six leaves unfolded in Triticeae|3.01-ear initiation in maize|3.1 ear initiation/mid-whorl stage in maize|6 leaves unfolded|6 rosette leaf in Arabidopsis|6-8 leaves in maize|6-leaf in maize|BBCH growth stage 16|ear initiation in maize|early whorl stage in maize|LP.06 six leaves visible in Solanaceae|maize growth stage-3.1|mid-whorl stage in maize|rice growth stage-3|six rosette leaves|sixth leaf unfolded|Stage V5 in soybean|Triticeae six leaves unfolded|V6 in maize|Zadok scale-16, Haun scale-5.+	plant_structure_development_stage
PO_0007130	sporophyte reproductive stage	B reproductive growth in Solanaceae|B-reproductive stage in rice|reproductive in Arabidopsis|sporophyte reproductively competent stage|sporophytic reproductive stage	plant_structure_development_stage
PO_0007131	seedling development stage	seedling growth in Solanaceae|seedling in Arabidopsis	plant_structure_development_stage
PO_0007132	sporophyte dormant stage	D dormancy in Solanaceae|sporophyte dormancy stage|sporophytic dormant stage	plant_structure_development_stage
PO_0007133	leaf production stage	leaf production in Solanaceae	plant_structure_development_stage
PO_0007134	sporophyte vegetative stage	A vegetative growth in Solanaceae|A-vegetative stage in rice|vegetative in Arabidopsis	plant_structure_development_stage
PO_0007135	4 growth directionality stage		plant_structure_development_stage
PO_0007501	root cap formation stage	root cap formation in crown root.|root cap formation in lateral root.|root cap formation in primary root.	plant_structure_development_stage
PO_0007504	crown root primordium formation stage		plant_structure_development_stage
PO_0007505	1 root primordium formation stage		plant_structure_development_stage
PO_0007506	primary root primordium formation stage		plant_structure_development_stage
PO_0007509	root vascular cylinder differentiation stage		plant_structure_development_stage
PO_0007510	root emergence stage		plant_structure_development_stage
PO_0007511	lateral root primordium formation stage		plant_structure_development_stage
PO_0007513	root cortex differentiation stage	cortex differentiation of crown root.|cortex differentiation of lateral root|cortex differentiation of primary root.	plant_structure_development_stage
PO_0007516	root epidermal differentiation stage	epidermal differentiation of lateral root.|epidermal differentiation of primary root|epidermial differentiation of crown root.	plant_structure_development_stage
PO_0007517	lateral root emergence stage		plant_structure_development_stage
PO_0007518	crown root emergence stage		plant_structure_development_stage
PO_0007519	5 root hair formation stage	Benfey's stage 3 of root development	plant_structure_development_stage
PO_0007520	root development stage	root development stage	plant_structure_development_stage
PO_0007525	3 establishment of tissue systems stage	Benfey's stage 1 of root development|cell differentiation stage of root development|establishment of fundamental organization in adventitious root|establishment of fundamental organization in primary root.|establishment of fundamental organization lateral root.	plant_structure_development_stage
PO_0007527	2 root meristem formation stage		plant_structure_development_stage
PO_0007600	floral organ differentiation stage	3 floral organ development stages	plant_structure_development_stage
PO_0007601	floral organ meristem development stage	1 floral meristem visible|stage 1 flower in Arabidopsis	plant_structure_development_stage
PO_0007602	floral organ primordium development stage	2 floral meristem notched|stage 2 flower in Arabidopsis	plant_structure_development_stage
PO_0007603	calyx development stage		plant_structure_development_stage
PO_0007604	corolla development stage		plant_structure_development_stage
PO_0007605	androecium development stage		plant_structure_development_stage
PO_0007606	gynoecium development stage		plant_structure_development_stage
PO_0007607	sepal primordium visible stage	stage 3 flower in Arabidopsis	plant_structure_development_stage
PO_0007608	petal primordium visible stage	stage 5 flower in Arabidopsis	plant_structure_development_stage
PO_0007611	petal differentiation and expansion stage	stage 10 flower in Arabidopsis|stage 12 flower in Arabidopsis|stage 9 flower in Arabidopsis	plant_structure_development_stage
PO_0007612	fully expanded petal stage		plant_structure_development_stage
PO_0007613	stamen primordium visible stage	stage 7 flower in Arabidopsis	plant_structure_development_stage
PO_0007615	flower development stage	flower development in Arabidopsis	plant_structure_development_stage
PO_0007616	flowering stage	anthesis stage|post anthesis stage|stage 13 flower in Arabidopsis|stage 14 flower in Arabidopsis|stage 15 flower in Arabidopsis|stage 16 flower in Arabidopsis	plant_structure_development_stage
PO_0007618	carpel primordium visible stage		plant_structure_development_stage
PO_0007619	ovule development stage	ovule development in Arabidopsis	plant_structure_development_stage
PO_0007620	ovule primordium visible stage	ovule stage 1-I in Arabidopsis	plant_structure_development_stage
PO_0007621	megagametophyte development stage		plant_structure_development_stage
PO_0007622	integument initiation stage	ovule stage 2-II in Arabidopsis|ovule stage 2-III in Arabidopsis	plant_structure_development_stage
PO_0007623	A megaspore mother cell enlarges stage	ovule stage 2-I in Arabidopsis	plant_structure_development_stage
PO_0007624	B meiosis of megaspore mother cell stage	ovule stage 2-IV in Arabidopsis	plant_structure_development_stage
PO_0007625	C tetrad of megaspores stage	ovule stage 2-V in Arabidopsis	plant_structure_development_stage
PO_0007626	D megaspore degeneration stage	ovule stage 3-I in Arabidopsis	plant_structure_development_stage
PO_0007627	E two nucleate megagametophyte stage	ovule stage 3-II in Arabidopsis	plant_structure_development_stage
PO_0007628	F four nucleate megagametophyte stage	ovule stage 3-IV in Arabidopsis	plant_structure_development_stage
PO_0007629	G eight nucleate megagametophyte stage	ovule stage 3-V in Arabidopsis	plant_structure_development_stage
PO_0007631	plant embryo stage	embryo development stage|embryo stage|embryonic in Arabidopsis	plant_structure_development_stage
PO_0007632	seed maturation stage	seed maturation in Arabidopsis	plant_structure_development_stage
PO_0007633	endosperm development stage		plant_structure_development_stage
PO_0008001	fruit distal end	blossom end|porci&#243n distal del fruto (Spanish)|果実 遠位端 (Japanese)	plant_anatomy
PO_0008002	fruit proximal end	fruit shoulders|porci&#243n proximal del fruto (Spanish)|果実 近位端 (Japanese)	plant_anatomy
PO_0008003	fruit vascular system	sistema vascular del fruto (Spanish)|果実維管 系 (Japanese)	plant_anatomy
PO_0008005	fruit nucellus	nucelo del fruto (Spanish)|果実珠心 (Japanese)	plant_anatomy
PO_0008006	nucellar epidermis	epidermis nucelar (Spanish)|portion of nucellar epidermis|珠心 表皮 (Japanese)	plant_anatomy
PO_0008007	nucellar projection	<new synonym>|proyecci&#243n nucelar (Spanish)|珠心突起 (Japanese)	plant_anatomy
PO_0008008	modified aleurone	aleurona modificada (Spanish)|特殊化した糊粉、修飾アリューロン (Japanese)	plant_anatomy
PO_0008009	abaxial nucellar projection	proyecci&#243n nucelar abaxial (Spanish)|背軸側珠心突起 (Japanese)	plant_anatomy
PO_0008010	adaxial nucellar projection	proyecci&#243n nucelar adaxial (Spanish)|向軸側珠心突起 (Japanese)	plant_anatomy
PO_0008011	embryo vascular system	sistema vascular del embri&#243n (Spanish)|胚維管系 (Japanese)	plant_anatomy
PO_0008012	stigma vascular system	sistema vascular del estigma (Spanish)|stigma vein|柱頭維管系 (Japanese)	plant_anatomy
PO_0008013	anther vascular system	sistema vascular de la antera (Spanish)|葯維管系 (Japanese)	plant_anatomy
PO_0008014	filament vascular system	filament vein|sistema vascular del filamento (Spanish)|花糸維管 系 (Japanese)	plant_anatomy
PO_0008015	hypocotyl vascular system	sistema vascular del hipoc&#243tile (Spanish)|胚軸維管系 (Japanese)	plant_anatomy
PO_0008016	vegetative shoot apical meristem	meristema vegetativo apical del epiblasto (epiblastema) (Spanish)|vegetative meristem|栄養シュート頂端分裂組織 (Japanese)	plant_anatomy
PO_0008017	leaf sheath pulvinus	vaina del pulv&#237nulo de la hoja (Spanish)|葉鞘葉枕 (Japanese)	plant_anatomy
PO_0008018	transition vascular leaf	hoja de transici&#243n (Spanish)|維管束植物の幼葉と成熟葉の移行期の葉 (Japanese)	plant_anatomy
PO_0008019	leaf lamina base	base de la l&#225mina de la hoja (Spanish)|葉身基部 (Japanese)	plant_anatomy
PO_0008020	central zone of the leaf lamina	zona central de la l&#225mina de la hoja (Spanish)|葉身(葉片)の中央帯 (Japanese)	plant_anatomy
PO_0008021	tertiary leaf vein	cross-vein|third order leaf vein|veinlet|vena terciaria (Spanish)|三次葉脈 (Japanese)	plant_anatomy
PO_0008022	quaternary leaf vein	cross-vein|fourth order leaf vein|veinlet|vena cuaternaria (Spanish)|四次葉脈 (Japanese)	plant_anatomy
PO_0008023	higher order leaf vein	cross-vein|fifth and higher order leaf vein|veinlet|vena de alto orden (Spanish)|高次葉脈 (Japanese)	plant_anatomy
PO_0008024	petiole proximal end	extremo proximal del pec&#237olo (Spanish)|petiole base|葉柄 近位端 (Japanese)	plant_anatomy
PO_0008025	central zone of the petiole	zona central del pec&#237olo (Spanish)|葉柄の中央帯 (Japanese)	plant_anatomy
PO_0008026	petiole distal end	extremo distal del pec&#237olo (Spanish)|petiole apex|葉柄遠位端 (Japanese)	plant_anatomy
PO_0008027	petiole adaxial epidermis	epidermis adaxial del pec&#237olo (Spanish)|葉柄向軸側 表皮 (Japanese)	plant_anatomy
PO_0008028	reproductive shoot apical meristem	meristema apical reproductivo del epiblasto (epiblastema) (Spanish)|生殖シュート頂端 分裂組織 (Japanese)	plant_anatomy
PO_0008029	petiole abaxial epidermis	epidermis abaxial del pec&#237olo (Spanish)|葉柄背軸側 表皮 (Japanese)	plant_anatomy
PO_0008030	trichome cell	c&#233lula del tricoma (Spanish)|毛（毛茸、糸状体）細胞 (Japanese)	plant_anatomy
PO_0008032	stomatal pore	poro estom&#225tico (Spanish)|stoma|stomata|stomatal aperture|気孔開口部 (Japanese)	plant_anatomy
PO_0008035	plerome	pleroma (Spanish)|原中心柱 (Japanese)	plant_anatomy
PO_0008036	periblem	periblema (Spanish)|原皮層 (Japanese)	plant_anatomy
PO_0008039	stem base	base del tallo (Spanish)|gametophore stem base|茎基部 (Japanese)	plant_anatomy
PO_0008040	lodicule primordium	lodicule primordia|portion of lodicule primordium tissue|primordio del lod&#237culo (Spanish)|鱗被原基（可視的）   (Japanese)	plant_anatomy
PO_0008041	stem internode elongation zone	zona de elongaci&#243n del internodo del tallo (Spanish)|茎節間伸長帯（層） (Japanese)	plant_anatomy
PO_0008042	stem internode differentiation zone	zona de diferenciaci&#243n del internodo del tallo (Spanish)|茎節間分化帯（層）  (Japanese)	plant_anatomy
PO_0008047	scutellar vascular system	scutellum vascular system|sistema vascular de escutelo (Spanish)|胚盤維管系 (Japanese)	plant_anatomy
PO_0008048	scutellar epithelium	epitelio escutelar (Spanish)|portion of scutellar epithelium|scutellum epithelium|胚盤上皮細胞 (Japanese)	plant_anatomy
PO_0009000	pulvinus	pulv&#237nulo (Spanish)|pulvini|葉枕 (Japanese)	plant_anatomy
PO_0009001	fruit	accessory fruit|achene|acorn|aggregate fruit|akene|anthocarp|berry|capsule|caryopsides|caryopsis|circumcissile capsule|citrus fruit|coenocarp|cypsela|diaspore|diclesia|diclesium|diplotegia|diplotegium|drupe|folliceta|follicetum|follicle|fruit|fruto (Spanish)|glandes|glans|grain|hesperidia|hesperidium|hip|kernel|legume|loculicidal capsule|loment|lomentum|multiple fruit|nut|nutlet|pepo|pod|pome|poricidal capsule|pyxides|pyxis|samara|schizocarp|septicidal capsule|septifragal capsule|silicle|silicula|siliqua|silique|stone fruit|syconia|syconium|syncarp|utricle|果実 (Japanese)	plant_anatomy
PO_0009002	plant cell	c&#233lula vegetal (Spanish)|cell|植物細胞 (Japanese)	plant_anatomy
PO_0009005	root	aerial root|climbing root|ra&#237z (Spanish)|radices|radix|根 (Japanese)	plant_anatomy
PO_0009006	shoot system	Poaceae crown|shoot|sistema de epiblasto (epiblastema) (Spanish)|thalli|thallus|tree crown|シュート系、苗条系 (Japanese)	plant_anatomy
PO_0009007	portion of plant tissue	plant tissue|porci&#243n de un tejido vegetal (Spanish)|portion of tissue|tissue|植物組織の一部 (Japanese)	plant_anatomy
PO_0009008	plant organ	&#243rgano vegetal (Spanish)|compound plant organ|organ|simple plant organ|植物 器官 (Japanese)	plant_anatomy
PO_0009009	plant embryo	embri&#243n (Spanish)|embryo|germ|植物胚 (Japanese)	plant_anatomy
PO_0009010	seed	diaspore|pyrene|semilla (Spanish)|種子 (Japanese)	plant_anatomy
PO_0009011	plant structure	estructura vegetal (Spanish)|植物 構造 (Japanese)	plant_anatomy
PO_0009012	plant structure development stage	Arabidopsis growth|etapa de desarrollo de estructura vegetal (Spanish)|plant growth and development stage	plant_structure_development_stage
PO_0009013	portion of meristem tissue	meristem|meristema (Spanish)|meristematic tissue|分裂組織 (Japanese)	plant_anatomy
PO_0009015	portion of vascular tissue	porci&#243n de tejido vascular (Spanish)|vascular system|vascular tissue|維管束細胞の一部 (Japanese)	plant_anatomy
PO_0009017	inflorescence branch pulvinus	pulv&#237nulo ramificado de una inflorescencia (Spanish)|花序枝葉枕 (Japanese)	plant_anatomy
PO_0009018	basal endosperm transfer cell	c&#233lula de transferencia del endosperma basal (Spanish)|基底胚乳転送細胞 (Japanese)	plant_anatomy
PO_0009020	meristem L1	meristema L1 (Spanish)|分裂組織 L1 (Japanese)	plant_anatomy
PO_0009021	meristem L2	meristema L2 (Spanish)|分裂組織 L2 (Japanese)	plant_anatomy
PO_0009022	meristem L3	meristema L3 (Spanish)|分裂組織 L3 (Japanese)	plant_anatomy
PO_0009023	leaf axil	hoja axilar (Spanish)|葉軸 (Japanese)	plant_anatomy
PO_0009025	vascular leaf	ascidia|ascidium|crozier|fiddlehead|foliage leaf|frond|hoja vascular (Spanish)|leaf, vascular|macrophyll|megaphyll|needle-like leaf|pitcher|pitcher blade|pitcher-blade|scale-like leaf|sterile frond|trophophyll|vascular leaves|維管束のある葉, または維管束植物の葉 (Japanese)	plant_anatomy
PO_0009026	sporophyll	esporofilo (Spanish)|spore leaf|胞子葉 (Japanese)	plant_anatomy
PO_0009027	megasporophyll	cone scale|macrosporophyll|megasporofilo (Spanish)|ovuliferous scale|大胞子葉 (Japanese)	plant_anatomy
PO_0009028	microsporophyll	microsporofilo (Spanish)|小胞子葉 (Japanese)	plant_anatomy
PO_0009029	stamen	estambre (Spanish)|Poaceae stamen|Zea stamen|雄蕊 (Japanese)	plant_anatomy
PO_0009030	carpel	carpelo (Spanish)|pistil|Poaceae carpel|Zea carpel|心皮 (Japanese)	plant_anatomy
PO_0009031	sepal	s&#233palo (Spanish)|がく片 (Japanese)	plant_anatomy
PO_0009032	petal	p&#233talo (Spanish)|花弁 (Japanese)	plant_anatomy
PO_0009033	tepal	t&#233palo (Spanish)|花被片 (Japanese)	plant_anatomy
PO_0009034	flower bract	br&#225ctea floral (Spanish)|chaff|floral bract|花苞（葉） (Japanese)	plant_anatomy
PO_0009035	nectary	nectario (Spanish)|蜜腺 (Japanese)	plant_anatomy
PO_0009036	lodicule	lod&#237culo (Spanish)|lodicule of ear floret|lodicule of tassel floret|lodiculus|squamella|squamellae|squamule|鱗被 (Japanese)	plant_anatomy
PO_0009037	lemma	lemma (Spanish)|lemma del florete del penacho (borla) o de la espiga (Spanish)|lemma of ear floret|lemma of lower floret of pedicellate spikelet of ear|lemma of lower floret of pedicellate spikelet of tassel|lemma of lower floret of sessile spikelet of ear|lemma of lower floret of sessile spikelet of tassel|lemma of tassel floret|lemma of upper floret of pedicellate spikelet of ear|lemma of upper floret of pedicellate spikelet of tassel|lemma of upper floret of sessile spikelet of ear|lemma of upper floret of sessile spikelet of tassel|lemmas|lemmata|外頴 (Japanese)	plant_anatomy
PO_0009038	palea	pale|palea (Spanish)|palea of ear floret|palea of lower floret of pedicellate spikelet of ear|palea of lower floret of pedicellate spikelet of tassel|palea of lower floret of sessile spikelet of ear|palea of lower floret of sessile spikelet of tassel|palea of tassel floret|palea of upper floret of pedicellate spikelet of ear|palea of upper floret of pedicellate spikelet of tassel|palea of upper floret of sessile spikelet of ear|palea of upper floret of sessile spikelet of tassel|paleae|paleas|palet|内頴 (Japanese)	plant_anatomy
PO_0009039	glume	gluma (Spanish)|rudimentary glume|苞頴 (Japanese)	plant_anatomy
PO_0009040	sterile lemma	empty glume|lemma est&#233ril (Spanish)|不稔外頴 (Japanese)	plant_anatomy
PO_0009041	fertile lemma	lemma f&#233rtil (Spanish)|稔性外頴 (Japanese)	plant_anatomy
PO_0009042	prophyll	profilo (Spanish)|prophylla|prophylls|prophyllum|前葉、前出葉   (Japanese)	plant_anatomy
PO_0009043	bracteole	bracteola (Spanish)|bractlet|小苞 (Japanese)	plant_anatomy
PO_0009044	perigynium	perigeneo (Spanish)|perigynia|ペリギニウム、果胞、造卵器群やそれから発生した胞子体の周辺の組織が発達し肉厚で筒状となった構造 (Japanese)	plant_anatomy
PO_0009045	involucral bract	br&#225ctea involucral (Spanish)|perigynia|perigynium|phyllary|総苞片 (Japanese)	plant_anatomy
PO_0009046	flower	basal flower|diclinous flower|double flower|female flower|flor (Spanish)|floret|hermaphrodite flower|imperfect flower|male flower|monoclinous flower|perfect flower|pistillate flower|staminate flower|花 (Japanese)	plant_anatomy
PO_0009047	stem	bole|ca&#241a (Spanish)|cane|caudex|caudices|culm|eje primario (Spanish)|primary axis|primary stem|primocane|scape|stalk|tallo (Spanish)|tronco (Spanish)|trunk|茎 (Japanese)	plant_anatomy
PO_0009049	inflorescence	ament|anthela|anthelae|Asteraceae floret|bostryches|bostryx|capitula|capitulum|catkin|cincinni|cincinnus|corymb|cyathia|cyathium|cyme|cymule|dichasium|drepanium|glome|glomerule|head|helicoid cyme|inflorescencia (Spanish)|monochasium|panicle|raceme|rhipidia|rhipidium|scorpioid cyme|Sorghum cob|spadices|spadix|spike|thyrse|Triticeae spike|umbel|verticillaster|花序 (Japanese)	plant_anatomy
PO_0009051	spikelet	espiguilla (Spanish)|小穂 (Japanese)	plant_anatomy
PO_0009052	pedicel	pedicelo (Spanish)|小花柄 (Japanese)	plant_anatomy
PO_0009053	peduncle	inflorescence stem |ped&#250nculo (Spanish)|花梗（総梗） (Japanese)	plant_anatomy
PO_0009054	inflorescence bract	br&#225ctea de la inflorescencia (Spanish)|corn husk|husk|husk leaf|inflorescence bract of ear|pale|palea|paleae|paleas|palet |spathe|squamella|squamellae|squamule|花序苞 (Japanese)	plant_anatomy
PO_0009055	bract	br&#225ctea (Spanish)|bracteole|bractlet|hypsophyll|scale|苞葉 (Japanese)	plant_anatomy
PO_0009056	flower nectary	floral nectary|nectario floral (Spanish)|花蜜腺 (Japanese)	plant_anatomy
PO_0009057	extrafloral nectary	nectario extrafloral (Spanish)|花外蜜腺 (Japanese)	plant_anatomy
PO_0009058	perianth	adnate perianth |calyptra perianth|connate perianth |perianto (Spanish)|花蓋、花被 (Japanese)	plant_anatomy
PO_0009059	corolla	corola (Spanish)|corollae|corollas|花冠 (Japanese)	plant_anatomy
PO_0009060	calyx	c&#225lix (Spanish)|calyces|がく (Japanese)	plant_anatomy
PO_0009061	androecium	androecia|androecio (Spanish)|androecium column|androecium of ear floret|androecium of lower floret of pedicellate spikelet of ear|androecium of lower floret of sessile spikelet of ear|androecium of lower floret of sessile spikelet of tassel|androecium of tassel floret|androecium of upper floret of pedicellate spikelet of ear|androecium of upper floret of pedicellate spikelet of tassel|androecium of upper floret of sessile spikelet of ear|androecium of upper floret of sessile spikelet of tassel|Poaceae androecium|Zea androecium|雄蕊群 (Japanese)	plant_anatomy
PO_0009062	gynoecium	apocarpous gynoecium|ginoecio (Spanish)|gynaecium|gynoecia|gynoecium of ear floret|gynoecium of lower floret of pedicellate spikelet of ear|gynoecium of lower floret of pedicellate spikelet of tassel|gynoecium of lower floret of sessile spikelet of ear|gynoecium of lower floret of sessile spikelet of tassel|gynoecium of tassel floret|gynoecium of upper floret of pedicellate spikelet of ear|gynoecium of upper floret of pedicellate spikelet of tassel|gynoecium of upper floret of sessile spikelet of ear|gynoecium of upper floret of sessile spikelet of tassel|pistil|Poaceae gynoecium|syncarpous gynoecium|Zea gynoecium|雌蕊群 (Japanese)	plant_anatomy
PO_0009063	epicalyx	calyculi|calyculus|epic&#225lix (Spanish)|epicalyces|がく状総苞 (Japanese)	plant_anatomy
PO_0009064	receptacle	flower receptacle|recept&#225culo (Spanish)|tori|torus|花床（花托） (Japanese)	plant_anatomy
PO_0009065	hypanthium	floral cup|hipantio (Spanish)|hypanthia|花床筒 、いちじく状花序（＝hypanthodium (Japanese)	plant_anatomy
PO_0009066	anther	antera (Spanish)|Poaceae anther|Zea anther|半葯,花粉のう (Japanese)	plant_anatomy
PO_0009067	filament	filamento (Spanish)|Poaceae filament|Zea filament|花糸 (Japanese)	plant_anatomy
PO_0009068	connective	conectivo (Spanish)|Poaceae connective|Zea connective|葯隔、結合組織 (Japanese)	plant_anatomy
PO_0009069	anther theca	anther thecae|Poaceae theca|teca (Spanish)|Zea theca|葯 (Japanese)	plant_anatomy
PO_0009071	anther wall tapetum	Poaceae tapetum|pollen sac tapetum|portion of anther wall tapetal tissue|tapete (Spanish)|Zea tapetum|葯壁タペート組織 (Japanese)	plant_anatomy
PO_0009072	plant ovary	ovario vegetal (Spanish)|Poaceae ovary|Zea ovary|子房 (Japanese)	plant_anatomy
PO_0009073	stigma	estigma (Spanish)|Poaceae stigma|stigmas|stigmata|Zea stigma|柱頭 (Japanese)	plant_anatomy
PO_0009074	style	estilo (Spanish)|Poaceae style|silk|Zea style|花柱 (Japanese)	plant_anatomy
PO_0009077	staminode	estaminodio (Spanish)|staminodia|staminodium|仮雄蕊 (Japanese)	plant_anatomy
PO_0009078	pistillode	pistillodia|pistillodium|pistilodio (Spanish)|不稔の雌蕊、退化雌蕊 (Japanese)	plant_anatomy
PO_0009080	spikelet rachilla	raquilla de la espiguilla (Spanish)|spikelet rhachilla|小穂小軸 (Japanese)	plant_anatomy
PO_0009081	inflorescence branch	coflorescence|conflorescencia (Spanish)|paraclade|paraclado (Spanish)|側生分枝（=lateral branch） (Japanese)|花序枝 (Japanese)	plant_anatomy
PO_0009082	spikelet floret	florete de la espiguilla (Spanish)|grass floret|Poaceae floret|spikelet flower|小穂小花 (Japanese)	plant_anatomy
PO_0009084	pericarp	fruit peel|fruit rind|pericarpo (Spanish)|portion of pericarp tissue|果皮 (Japanese)	plant_anatomy
PO_0009085	exocarp	ectocarp|epicarp|exocarpo (Spanish)|flavedo|fruit epidermis|outer epidermis of pericarp|pericarp epidermis|portion of exocarp tissue|外果皮 (Japanese)	plant_anatomy
PO_0009086	endocarp	citrus flesh|citrus pulp|endocarpo (Spanish)|inner epidermis of pericarp|portion of endocarp tissue|内果皮 (Japanese)	plant_anatomy
PO_0009087	mesocarp	albedo|mesocarpo (Spanish)|portion of mesocarp tissue|中果皮 (Japanese)	plant_anatomy
PO_0009088	seed coat	cubierta de la semilla (Spanish)|portion of seed coat tissue|種子種皮 (Japanese)	plant_anatomy
PO_0009089	endosperm	albumen|endosperma (Spanish)|内胚乳、胚乳 (Japanese)	plant_anatomy
PO_0009090	aril	arilo (Spanish)|仮種皮 (Japanese)	plant_anatomy
PO_0009100	involucre	involucro (Spanish)|総苞 (Japanese)	plant_anatomy
PO_0009101	long lateral tassel branch	ramificaci&#243n lateral larga del penacho (borla) (Spanish)|second order tassel branch|雄穂の長側枝 (Japanese)	plant_anatomy
PO_0009102	short tassel branch	ramificaci&#243n corta del penacho (borla) (Spanish)|third order tassel branch|雄穂短枝 (Japanese)	plant_anatomy
PO_0009103	short tassel branch meristem	meristema de la ramificaci&#243n corta del penacho (borla) (Spanish)|short branch meristem|third order tassel branch meristem|雄穂短枝分裂組織 (Japanese)	plant_anatomy
PO_0009104	long lateral tassel branch meristem	long lateral branch meristem|meristema de la ramificaci&#243n larga del penacho (borla) (Spanish)|second order tassel branch meristem|雄穂の長側枝の分裂組織 (Japanese)	plant_anatomy
PO_0009105	inflorescence branch meristem	meristema lateral de la inflorescencia (Spanish)|花序側部（側方）分裂組織 (Japanese)	plant_anatomy
PO_0009106	tassel meristem	meristema del penacho (borla) (Spanish)|雄穂分裂組織 (Japanese)	plant_anatomy
PO_0009107	tassel inflorescence branch meristem	meristema lateral del penacho (borla) (Spanish)|雄穂側分裂組織 (Japanese)	plant_anatomy
PO_0009108	inflorescence apical meristem	meristema apical de la inflorescencia (Spanish)|花序頂端分裂組織 (Japanese)	plant_anatomy
PO_0009109	ear meristem	meristema de la espiga (Spanish)|雌穂分裂組織 (Japanese)	plant_anatomy
PO_0009110	ear inflorescence branch meristem	meristema de la espiga lateral (Spanish)|雌穂側分裂組織 (Japanese)	plant_anatomy
PO_0009111	petiole pulvinus	pulv&#237nulo del pec&#237olo (Spanish)|葉柄葉枕 (Japanese)	plant_anatomy
PO_0019018	plant embryo axis	eje del embri&#243n (Spanish)|embryo axis|hypocotyl-root axis|zygotic plant embryo axis|植物胚軸 (Japanese)	plant_anatomy
PO_0019022	arilloid	arilli|arillode|arillus|arilodio (Spanish)|種皮附属物,　アリロイド (Japanese)	plant_anatomy
PO_0019023	strophiole	estrofiolo (Spanish)|ストロフィオール (Japanese)	plant_anatomy
PO_0019024	seed operculum	op&#233rculo de la semilla (Spanish)|portion of seed operculum tissue|seed lid|seed opercula|種子蘚蓋   (Japanese)	plant_anatomy
PO_0019026	tracheid bar	barra de la traqueida (Spanish)|仮導管の筋、縞 (Japanese)	plant_anatomy
PO_0020001	ovary placenta	placenta de ovario (Spanish)|Poaceae ovary placenta|Zea ovary placenta|子房胎座 (Japanese)	plant_anatomy
PO_0020002	anther wall endothecium	anther sac hypodermis|endotecio de la pared the la antera (Spanish)|Poaceae endothecium|pollen sac endothecium|Zea endothecium|葯壁内皮 (Japanese)	plant_anatomy
PO_0020003	plant ovule	&#243vulo vegetal (Spanish)|Poaceae ovule|Zea ovule|胚珠 (Japanese)	plant_anatomy
PO_0020004	anther wall exothecium	anther epidermis|anther sac epidermis|exotecio de la pared de la antera (Spanish)|Poaceae exothecium|pollen sac exothecium|Zea exothecium|葯壁外皮 (Japanese)	plant_anatomy
PO_0020005	placentoid	plancentoide (Spanish)|Poaceae placentoid|Zea placentoid|胎座様 (Japanese)	plant_anatomy
PO_0020006	funicle	fun&#237culo (Spanish)|funiculi|funiculus|Poaceae funicle|Zea funicle|珠柄 (Japanese)	plant_anatomy
PO_0020019	megaspore	macrospore|megaspora (Spanish)|Poaceae megaspore|Zea megaspore|大胞子 (Japanese)	plant_anatomy
PO_0020020	nucellus	megasporangium|nucelli|nucelo (Spanish)|Poaceae nucellus|Zea nucellus|珠心 (Japanese)	plant_anatomy
PO_0020021	integument	integumento (Spanish)|Poaceae integument|portion of integument tissue|Zea integument|珠皮 (Japanese)	plant_anatomy
PO_0020022	inner integument	integumento interno (Spanish)|Poaceae inner integument|内珠皮 (Japanese)	plant_anatomy
PO_0020023	outer integument	integumento externo (Spanish)|Poaceae outer integument|外珠皮 (Japanese)	plant_anatomy
PO_0020024	endothelium	endotelio (Spanish)|portion of endothelium|内皮（？）  endothecium?  (Japanese)	plant_anatomy
PO_0020025	micropyle	micr&#243pila (Spanish)|ovular micropyle|Poaceae micropyle|孔 (Japanese)	plant_anatomy
PO_0020026	chalaza	calaza (Spanish)|chalazae|chalazas|ovular chlaza|Poaceae chalaza|portion of chalaza tissue|Zea chalaza|カラザ（合点）=珠心と珠皮が珠柄につながるところ、珠孔の反対側 (Japanese)	plant_anatomy
PO_0020027	raphe	rafe (Spanish)|背線、縫線 (Japanese)	plant_anatomy
PO_0020028	antiraphe	anterafe (Spanish)|胚珠の縫線と反対側にある組織 (Japanese)	plant_anatomy
PO_0020029	obturator	obturador (Spanish)|portion of obturator tissue|閉塞組織 (Japanese)	plant_anatomy
PO_0020030	cotyledon	cotiled&#243n (Spanish)|seed leaf|子葉 (Japanese)	plant_anatomy
PO_0020031	radicle	rad&#237cula (Spanish)|幼根 (Japanese)	plant_anatomy
PO_0020032	plumule	embryonic shoot|pl&#250mula (Spanish)|幼芽 (Japanese)	plant_anatomy
PO_0020033	coleoptile	cole&#243ptile (Spanish)|子葉鞘、鞘葉 (Japanese)	plant_anatomy
PO_0020034	coleorhiza	coleorriza (Spanish)|根鞘 (Japanese)	plant_anatomy
PO_0020035	epicotyl	epic&#243tile (Spanish)|上胚軸 (Japanese)	plant_anatomy
PO_0020036	epiblast	epiblasto (Spanish)|外胚葉 (Japanese)	plant_anatomy
PO_0020037	mesocotyl	mesoc&#243tile (Spanish)|中胚軸 (Japanese)	plant_anatomy
PO_0020038	petiole	pec&#237olo (Spanish)|葉柄 (Japanese)	plant_anatomy
PO_0020039	leaf lamina	l&#225mina de la hoja (Spanish)|leaf blade|葉身（葉片） (Japanese)	plant_anatomy
PO_0020040	leaf base	base de la hoja (Spanish)|leaf sheath base|phyllid base|葉脚、葉底、葉身基部 (Japanese)	plant_anatomy
PO_0020041	stipule	est&#237pula (Spanish)|托葉 (Japanese)	plant_anatomy
PO_0020042	simple leaf	hoja simple (Spanish)|単葉 (Japanese)	plant_anatomy
PO_0020043	compound leaf	hoja compuesta (Spanish)|複葉 (Japanese)	plant_anatomy
PO_0020044	hyperphyll	hiperfilo (Spanish)|単子葉の単面円柱形先端 (Japanese)	plant_anatomy
PO_0020045	pinnate leaf	hoja pinnada (Spanish)|羽状葉 (Japanese)	plant_anatomy
PO_0020046	palmate leaf	hoja palmada (Spanish)|掌状葉 (Japanese)	plant_anatomy
PO_0020047	microsporocyte	microspore mother cell|microsporocito (Spanish)|PMC|Poaceae microsporocyte|pollen mother cell|Zea microsporocyte|小胞子母細胞 (Japanese)	plant_anatomy
PO_0020048	microspore	microspora (Spanish)|Poaceae microspore|Zea microspore|小胞子 (Japanese)	plant_anatomy
PO_0020049	leaflet	fol&#237olo (Spanish)|pinna|pinnae|pinnule|小葉 (Japanese)	plant_anatomy
PO_0020050	petiolule	peciolulo (Spanish)|小葉柄 (Japanese)	plant_anatomy
PO_0020051	stipel	estipelo (Spanish)|小托葉 (Japanese)	plant_anatomy
PO_0020054	bud scale leaf	bud scale|escama de la yema (Spanish)|芽鱗片葉 (Japanese)	plant_anatomy
PO_0020055	leaf rachis	leaf rhachis|raquis de la hoja (Spanish)|葉軸  (Japanese)	plant_anatomy
PO_0020056	tegmen	portion of tegmen tissue|tegmen (Spanish)|内種子(internal seed coat, inner seed coat, secundine) (Japanese)	plant_anatomy
PO_0020057	testa	portion of testa tissue|testa (Spanish)|testae|外種皮 (Japanese)	plant_anatomy
PO_0020058	perisperm	perisperma (Spanish)|portion of perisperm tissue|seed nucellus|外胚乳 (Japanese)	plant_anatomy
PO_0020060	caruncle	car&#250ncula (Spanish)|種枕（種阜） (Japanese)	plant_anatomy
PO_0020061	coma	brush|coma (Spanish)|comae|comas|tuft|種髪 (Japanese)	plant_anatomy
PO_0020062	elaiosome	elaiosoma (Spanish)|油脂体 (Japanese)	plant_anatomy
PO_0020063	hilum	hila|hilo (Spanish)|核（デンプン粒）、へそ（種子） (Japanese)	plant_anatomy
PO_0020090	embryo sac central cell	c&#233lula central (Spanish)|中央細胞 (Japanese)	plant_anatomy
PO_0020093	antipodal cell	c&#233lula antipodal (Spanish)|反足細胞 (Japanese)	plant_anatomy
PO_0020094	plant egg cell	egg cell|female gamete|megagamete|non-mobile gamete|ooc&#233lula (Spanish)|植物卵細胞 (Japanese)	plant_anatomy
PO_0020096	egg apparatus	aparato de la ooc&#233lula (Spanish)|卵装置 (Japanese)	plant_anatomy
PO_0020097	generative cell	c&#233lula generativa (Spanish)|雄原細胞、生殖系列細胞 (Japanese)	plant_anatomy
PO_0020099	vegetative cell	c&#233lula vegetativa (Spanish)|tube cell|栄養細胞 (Japanese)	plant_anatomy
PO_0020100	hypocotyl	hipoc&#243tile (Spanish)|胚軸 (Japanese)	plant_anatomy
PO_0020101	stomium	estomio (Spanish)|Poaceae stomium|stomia|Zea stomium|口辺細胞 (Japanese)	plant_anatomy
PO_0020102	portion of transmitting tissue	Poaceae transmitting tissue|porci&#243n del tejido de transmisi&#243n (Spanish)|transmitting tract|伝達組織の一部 (Japanese)	plant_anatomy
PO_0020103	flag leaf	hoja en bandera (Spanish)|止葉（boot leaf) (Japanese)	plant_anatomy
PO_0020104	leaf sheath	vaina de la hoja (Spanish)|葉鞘 (Japanese)	plant_anatomy
PO_0020105	ligule	l&#237gula (Spanish)|葉舌 (Japanese)	plant_anatomy
PO_0020106	leaf sheath auricle	aur&#237cula de la vaina de la hoja (Spanish)|leaf sheath ear|葉鞘葉耳 (Japanese)	plant_anatomy
PO_0020108	suspensor	suspensor (Spanish)|胚柄 (Japanese)	plant_anatomy
PO_0020109	embryo hypophysis	embryonic hypophysis|hip&#243fisis (Spanish)|胚原根層 (Japanese)	plant_anatomy
PO_0020110	scutellum	escutelo (Spanish)|haustorial cotyledon|胚盤 (Japanese)	plant_anatomy
PO_0020121	lateral root	ra&#237z lateral (Spanish)|側根 (Japanese)	plant_anatomy
PO_0020122	inflorescence axis	eje de la inflorescencia (Spanish)|first order inflorescence branch|inflorescence rachis|花序軸 (Japanese)	plant_anatomy
PO_0020123	root cap	caliptra de la ra&#237z (Spanish)|rootcap|根冠（＝kalyptra) (Japanese)	plant_anatomy
PO_0020124	root stele	estela de la ra&#237z (Spanish)|root vascular cylinder|根中心柱 (Japanese)	plant_anatomy
PO_0020126	tassel inflorescence	penacho de la inflorescencia (Spanish)|雄穂（花） (Japanese)	plant_anatomy
PO_0020127	primary root	ra&#237z primaria (Spanish)|tap root|一次根 (Japanese)	plant_anatomy
PO_0020128	leaf margin	margen de la hoja (Spanish)|葉縁 (Japanese)	plant_anatomy
PO_0020130	central root cap	caliptra de la ra&#237z central (Spanish)|columella cells|columella rootcap|中心根冠 (Japanese)	plant_anatomy
PO_0020131	lateral root cap	caliptra lateral de la ra&#237z (Spanish)|peripheral cells|側根冠 (Japanese)	plant_anatomy
PO_0020132	columella root cap cell	c&#233lula de la columela del caliptra de la ra&#237z (Spanish)|柱軸根冠細胞 (Japanese)	plant_anatomy
PO_0020133	columella root cap initial cell	c&#233lula inicial de la columela del caliptra de la ra&#237z (Spanish)|columella root cap initial|columella root cap stem cell|columella stem cell|柱軸根冠始原細胞 (Japanese)	plant_anatomy
PO_0020135	root differentiation zone	region of root maturation|root maturation zone|root specialization zone|zona de diferenciaci&#243n de la ra&#237z (Spanish)|根分化帯（層）  (Japanese)	plant_anatomy
PO_0020136	ear inflorescence	cob|oreja de la inflorescencia (Spanish)|雌穂（花） (Japanese)	plant_anatomy
PO_0020137	leaf apex	&#225pice de la hoja (Spanish)|leaf lamina apex|phyllid apex|葉先 (Japanese)	plant_anatomy
PO_0020138	leaf lamina vein	leaf lamina vascular bundle|vena de la hoja (Spanish)|葉身葉脈 ？   (Japanese)	plant_anatomy
PO_0020139	leaf midvein	mid rib|mid-rib|midrib|vascular leaf costa|vascular leaf costae|vascular leaf midvein|vena media (Spanish)|葉主脈、中央脈、中脈 (Japanese)	plant_anatomy
PO_0020140	secondary leaf vein	cross-vein|veinlet|vena secundaria (Spanish)|二次葉脈 (Japanese)	plant_anatomy
PO_0020141	stem node	nodo del tallo (Spanish)|茎節 (Japanese)	plant_anatomy
PO_0020142	stem internode	internodo del tallo (Spanish)|茎節間 (Japanese)	plant_anatomy
PO_0020144	apical meristem	AM|meristema apical (Spanish)|primary meristem|promeristem|頂端分裂組織 (Japanese)	plant_anatomy
PO_0020145	lateral meristem	lateral growth meristem|meristema lateral (Spanish)|secondary meristem|側 分裂組織 (Japanese)	plant_anatomy
PO_0020147	root apical meristem	meristema apical de la ra&#237z (Spanish)|promeristem|RAM|根端分裂組織 (Japanese)	plant_anatomy
PO_0020148	shoot apical meristem	meristema apical del epiblasto (epiblastema) (Spanish)|primary shoot meristem|promeristem|SAM|茎頂分裂組織 (Japanese)	plant_anatomy
PO_0020149	quiescent center	centro de division de c&#233lulas del meristema (Spanish)|静止中心 (Japanese)	plant_anatomy
PO_0021004	inflorescence initiation stage	花序の開始期 (Japanese)	plant_structure_development_stage
PO_0025001	cardinal organ part	cardinal part of plant organ|parte de un &#243rgano cardinal (Spanish)|基本的な（主要な）器官部 (Japanese)	plant_anatomy
PO_0025002	basal root	adventitious root|ra&#237z basal (Spanish)|下胚軸由来の根、不定根 (Japanese)	plant_anatomy
PO_0025003	tuber axillary shoot	epiblasto (epiblastema) lateral de tub&#233rculo (Spanish)|塊茎腋 分げつ (Japanese)	plant_anatomy
PO_0025004	plant axis	eje de la planta (Spanish)|plant axes|植物軸（軸柱） (Japanese)	plant_anatomy
PO_0025005	organ margin	margen de un &#243rgano (Spanish)|器官縁 (Japanese)	plant_anatomy
PO_0025006	gamete	gameta (Spanish)|配偶子 (Japanese)	plant_anatomy
PO_0025007	collective plant organ structure	estructura vegetal colectiva de &#243rgano (Spanish)|集合植物器官構造 (Japanese)	plant_anatomy
PO_0025008	petal margin	margen del p&#233talo (Spanish)|花弁周縁 (Japanese)	plant_anatomy
PO_0025009	leaf lamina margin	margen de la l&#225mina de la hoja (Spanish)|葉身縁 (Japanese)	plant_anatomy
PO_0025010	petiole margin	margen del pec&#237olo (Spanish)|葉柄縁 (Japanese)	plant_anatomy
PO_0025011	bract margin	margen de la br&#225ctea (Spanish)|苞縁 (Japanese)	plant_anatomy
PO_0025012	cotyledon margin	margen del cotiled&#243n (Spanish)|子葉縁 (Japanese)	plant_anatomy
PO_0025013	prophyll margin	margen del profilo (Spanish)|前葉縁、前出葉縁 (Japanese)	plant_anatomy
PO_0025014	scale leaf margin	margen de la hoja escamosa (Spanish)|鱗片葉縁 (Japanese)	plant_anatomy
PO_0025015	tepal margin	margen del t&#233palo (Spanish)|花被片縁 (Japanese)	plant_anatomy
PO_0025016	sporophyll margin	margen del esporofilo (Spanish)|芽胞葉、実葉、胞子葉　縁 (Japanese)	plant_anatomy
PO_0025017	plant spore	diaspore|espora (Spanish)|spore|植物胞子 (Japanese)	plant_anatomy
PO_0025018	phyllome margin	margen del filoma (Spanish)|フィロム縁 (Japanese)	plant_anatomy
PO_0025019	carpel margin	margen del carpelo (Spanish)|心皮縁 (Japanese)	plant_anatomy
PO_0025020	stamen margin	margen del estambre (Spanish)|雄蕊縁 (Japanese)	plant_anatomy
PO_0025021	collective tepal structure	estructura colectiva del t&#233palo (Spanish)|集合花被片構造 (Japanese)	plant_anatomy
PO_0025022	collective leaf structure	cycle|estructura colectiva de hoja (Spanish)|leaf series|leaf whorl|rosette|verticil|葉が集まった構造   (Japanese)	plant_anatomy
PO_0025023	collective phyllome structure	cycle|estructura colectiva del filoma (Spanish)|floral whorl|phyllome whorl|verticil|whorl|葉的器官が集まった構造 (Japanese)	plant_anatomy
PO_0025024	branch node	nodo ramificado (Spanish)|枝節 (Japanese)	plant_anatomy
PO_0025025	root system	root|sistema de ra&#237z (Spanish)|根系 (Japanese)	plant_anatomy
PO_0025026	embryo sac cell	 胚嚢細胞 (Japanese)|c&#233lula megagametof&#237tica (Spanish)|embryo sac cell|megagametophytic cell	plant_anatomy
PO_0025028	embryo plant cell	c&#233lula embri&#243nica vegetal (Spanish)|embryo cell|embryonic cell|embryonic plant cell|胚性植物細胞 (Japanese)	plant_anatomy
PO_0025029	shoot axis	caullome|eje del epiblasto (epiblastema) (Spanish)|shoot|シュート軸 (Japanese)	plant_anatomy
PO_0025030	ground tissue cell	c&#233lula del tejido fundamental (Spanish)|fundamental tissue cell|基本組織細胞 (Japanese)	plant_anatomy
PO_0025031	laticifer cell	c&#233lula latic&#237fera (Spanish)|乳管細胞 (Japanese)	plant_anatomy
PO_0025032	hydroid	hidroide (Spanish)|hydroid cell|ハイドロイド、仮導管状細胞 (Japanese)	plant_anatomy
PO_0025033	leptoid	leptoid cell|leptoide (Spanish)|レプトイド、師管組織に相当する細胞群 (Japanese)	plant_anatomy
PO_0025034	leaf	hoja (Spanish)|葉 (Japanese)	plant_anatomy
PO_0025035	storage parenchyma	flesh|fleshy tissue|par&#233nquima de reserva (Spanish)|portion of storage parenchyma|貯蔵柔組織 (Japanese)	plant_anatomy
PO_0025036	tuber storage parenchyma	par&#233nquima de reserva de tub&#233rculo (Spanish)|tuber flesh|塊茎貯蔵柔組織 (Japanese)	plant_anatomy
PO_0025037	fruit storage parenchyma	fruit flesh|par&#233nquima de reserva de fruto (Spanish)|果実貯蔵柔組織 (Japanese)	plant_anatomy
PO_0025038	subterranean tuber storage parenchyma	par&#233nquima de reserva de tub&#233rculo subterr&#225neo (Spanish)|potato tuber flesh|地下塊茎 貯蔵柔組織 (Japanese)	plant_anatomy
PO_0025039	aerial tuber storage parenchyma	par&#233nquima de reserva de tub&#233rculo a&#233reo (Spanish)|むかご（珠芽）貯蔵柔組織 (Japanese)	plant_anatomy
PO_0025040	shoot axis tuber axillary vegetative bud	tuber bud|tuber eye|yema vegetativa axilar de tub&#233rculo (Spanish)|塊茎腋栄養芽 (Japanese)	plant_anatomy
PO_0025041	aerial tuber axillary vegetative bud	yema vegetativa axilar de tub&#233rculo a&#233reo (Spanish)|むかご（珠芽）腋枝芽 (Japanese)	plant_anatomy
PO_0025042	subterranean tuber axillary vegetative bud	eye|potato eye|swollen eye|tuber eye|yema vegetativa axilar de tub&#233rculo subterr&#225neo (Spanish)|地下塊茎腋栄養芽 (Japanese)	plant_anatomy
PO_0025043	shoot axis tuber periderm	peridermis de tub&#233rculo (Spanish)|塊茎周皮 (Japanese)	plant_anatomy
PO_0025044	aerial tuber periderm	peridermis de tub&#233rculo a&#233reo (Spanish)|むかご（珠芽）周皮 (Japanese)	plant_anatomy
PO_0025045	subterranean tuber periderm	mature potato tuber skin|peridermis de tub&#233rculo subterr&#225neo (Spanish)|地下塊茎 周皮 (Japanese)	plant_anatomy
PO_0025046	shoot axis tuber epidermis	epidermis de tub&#233rculo (Spanish)|塊茎 表皮 (Japanese)	plant_anatomy
PO_0025047	aerial tuber epidermis	epidermis de tub&#233rculo a&#233reo (Spanish)|むかご（珠芽）表皮 (Japanese)	plant_anatomy
PO_0025048	subterranean tuber epidermis	epidermis de tub&#233rculo subterr&#225neo (Spanish)|young potato tuber skin|地下塊茎 表皮 (Japanese)	plant_anatomy
PO_0025049	subterranean tuber interfascicular region	regi&#243n interfascicular de tub&#233rculo subterr&#225neo (Spanish)|地下塊茎維管束間領域 (Japanese)	plant_anatomy
PO_0025050	tuber interfascicular region	regi&#243n interfascicular de tub&#233rculo (Spanish)|tuber flesh|塊茎維管束間領域 (Japanese)	plant_anatomy
PO_0025051	aerial tuber interfascicular region	regi&#243n interfascicular de tub&#233rculo a&#233reo (Spanish)|むかご（珠芽）維管束間領域 (Japanese)	plant_anatomy
PO_0025052	tuber pith	m&#233dula del tub&#233rculo (Spanish)|tuber flesh|塊茎髄 (Japanese)	plant_anatomy
PO_0025053	subterranean tuber pith	m&#233dula del tub&#233rculo subterr&#225neo (Spanish)|water core|地下塊茎 髄 (Japanese)	plant_anatomy
PO_0025054	aerial tuber pith	m&#233dula del tub&#233rculo a&#233reo (Spanish)|むかご（珠芽）髄 (Japanese)	plant_anatomy
PO_0025055	tuber cortex	corteza del tub&#233rculo (Spanish)|塊茎皮層 (Japanese)	plant_anatomy
PO_0025056	aerial tuber cortex	corteza del tub&#233rculo a&#233reo (Spanish)|むかご（珠芽）皮層 (Japanese)	plant_anatomy
PO_0025057	subterranean tuber cortex	corteza del tub&#233rculo subterr&#225neo (Spanish)|Outer storage tissue|地下塊茎 皮層 (Japanese)	plant_anatomy
PO_0025058	perimedullary zone	zona perimedular (Spanish)|髄冠 (Japanese)	plant_anatomy
PO_0025059	portion of ground tissue	fundamental tissue|porci&#243n del tejido fundamental (Spanish)|基本組織の一部 (Japanese)	plant_anatomy
PO_0025060	lamina	blade|l&#225mina (Spanish)|laminae|葉身、葉片 (Japanese)	plant_anatomy
PO_0025061	tuber perimedullary zone	tuber flesh|zona perimedular del tub&#233rculo (Spanish)|塊茎髄冠 (Japanese)	plant_anatomy
PO_0025062	aerial tuber perimedullary zone	zona perimedular del tub&#233rculo a&#233reo (Spanish)|むかご（珠芽）髄冠 (Japanese)	plant_anatomy
PO_0025063	subterranean tuber perimedullary zone	zona perimedular del tub&#233rculo subterr&#225neo (Spanish)|地下塊茎 髄冠 (Japanese)	plant_anatomy
PO_0025064	shoot axis perimedullary zone	branch perimedullary zone|stem perimedullary zone|zona perimedular de eje del epiblasto (epiblastema) (Spanish)|シュート軸髄冠 (Japanese)	plant_anatomy
PO_0025065	root perimedullary zone	zona perimedular de la ra&#237z (Spanish)|根髄冠 (Japanese)	plant_anatomy
PO_0025066	stalk	stipe|tallo de alto orden (secundario, terciario, etc) (Spanish)|柄 (Japanese)	plant_anatomy
PO_0025067	seed storage parenchyma	par&#233nquima de reserva de la semilla (Spanish)|種子貯蔵柔組織 (Japanese)	plant_anatomy
PO_0025068	shoot axis tuber axillary bud meristem	meristema axilar de yema de tub&#233rculo (Spanish)|塊茎腋芽 分裂組織 (Japanese)	plant_anatomy
PO_0025069	aerial tuber axillary bud meristem	meristema axilar de yema de tub&#233rculo a&#233reo (Spanish)|むかご（珠芽）腋芽分裂組織 (Japanese)	plant_anatomy
PO_0025070	subterranean tuber axillary bud meristem	meristema axilar de yema de tub&#233rculo subterr&#225neo (Spanish)|地下塊茎腋芽 分裂組織 (Japanese)	plant_anatomy
PO_0025071	terminal reproductive bud	yema terminal reproductiva (Spanish)|生殖型頂芽 (Japanese)	plant_anatomy
PO_0025072	axillary reproductive bud	yema axilar reproductiva (Spanish)|腋生殖芽 (Japanese)	plant_anatomy
PO_0025073	branch	<new synonym>|branchlet|higher order axis|ramificaci&#243n (Spanish)|secondary axis|shoot axis branch|tertiary axis|twig|枝 (Japanese)	plant_anatomy
PO_0025074	embryo sac	saco embrionario (Spanish)|胚嚢 (Japanese)	plant_anatomy
PO_0025075	non-vascular leaf	gametophyll|gametophyte leaf|gametophytic leaf|hoja no vascular (Spanish)|non-vascular leaflet|phyllid|phyllidium|非維管束系葉 (Japanese)	plant_anatomy
PO_0025076	axillary strobilus bud	yema de estr&#243bilo axilar (Spanish)|腋珠果（ストロビル）芽 (Japanese)	plant_anatomy
PO_0025077	terminal strobilus bud	yema de estr&#243bilo terminal (Spanish)|頂果芽 (Japanese)	plant_anatomy
PO_0025078	placenta	placenta (Spanish)|placentae|placentas|portion of placenta tissue|胎座 (Japanese)	plant_anatomy
PO_0025079	aerial tuber axillary shoot	epiblasto (epiblastema) axilar de tub&#233rculo a&#233reo (Spanish)|むかご（珠芽）腋枝 (Japanese)	plant_anatomy
PO_0025080	branch internode	internodo de una ramificaci&#243n (Spanish)|枝節間 (Japanese)	plant_anatomy
PO_0025081	subterranean tuber axillary shoot	epiblasto (epiblastema) axilar de tub&#233rculo subterr&#225neo (Spanish)|tuber sprout|地下塊茎腋 分げつ (Japanese)	plant_anatomy
PO_0025082	reproductive shoot system	sistema de brote reproductivo (Spanish)|生殖シュート 系、苗条系 (Japanese)	plant_anatomy
PO_0025083	strobilus	compound strobilus|cone|cono (Spanish)|estr&#243bilo (Spanish)|female cone|macrostrobili|macrostrobilus|male cone|megastrobili|megastrobilus|microstrobilus|ovulate cone|pollen cone|simple strobilus|strobili|胞子嚢穂,　球花 (Japanese)	plant_anatomy
PO_0025084	reproductive bud	yema reproductiva (Spanish)|生殖芽 (Japanese)	plant_anatomy
PO_0025085	strobilus bud	cone bud|yema estrobilar (Spanish)|珠果芽 (Japanese)	plant_anatomy
PO_0025088	gynoecium ridge	gynoecial ridge|gynoecium ridge of lower floret of pedicellate spikelet of ear|gynoecium ridge of lower floret of sessile spikelet of ear|gynoecium ridge of upper floret of pedicellate spikelet of ear|gynoecium ridge of upper floret of sessile spikelet of ear|Poaceae gynoecium ridge|stylar ridge|surco del ginoecio (Spanish)|Zea gynoecium ridge|雌蕊縁 (Japanese)	plant_anatomy
PO_0025092	dehiscence zone	zona de dehiscencia (Spanish)|裂開帯 (Japanese)	plant_anatomy
PO_0025093	spore capsule annulus	anillo de la c&#225psula de musgos (Spanish)|capsule dehiscence zone|spore capusule annuli|胞子蒴（さく）環帯 (Japanese)	plant_anatomy
PO_0025094	sporangium	esporangio (Spanish)|moss capsule|sporangia|spore capsule|spore case|胞子嚢 (Japanese)	plant_anatomy
PO_0025095	root parenchyma	par&#233nquima de la ra&#237z (Spanish)|根柔組織 (Japanese)	plant_anatomy
PO_0025096	carpel epidermis	epidermis del carpelo (Spanish)|心皮 表皮 (Japanese)	plant_anatomy
PO_0025097	stamen epidermis	epidermis del estambre (Spanish)|雄蕊表皮 (Japanese)	plant_anatomy
PO_0025098	bract trichome	tricoma de br&#225ctea (Spanish)|苞毛（毛茸、糸状体） (Japanese)	plant_anatomy
PO_0025099	embryo plant structure	embryonic plant structure|estructura vegetal embri&#243nica (Spanish)|胚性植物構造 (Japanese)	plant_anatomy
PO_0025100	shoot internode elongation zone	zona de elongaci&#243n del internodo de epiblasto (epiblastema) (Spanish)|シュート節間伸長帯（層） (Japanese)	plant_anatomy
PO_0025101	branch internode elongation zone	zona de elongaci&#243n de la ramificaci&#243n del internodo (Spanish)|枝節間伸長帯（層） (Japanese)	plant_anatomy
PO_0025102	shoot internode differentiation zone	zona de diferenciaci&#243n del internodo del epiblasto (epiblastema) (Spanish)|シュート節間分化帯(層） (Japanese)	plant_anatomy
PO_0025103	branch internode differentiation zone	zona de diferenciaci&#243n de la ramificaci&#243n del internodo (Spanish)|枝節間分化帯(層） (Japanese)	plant_anatomy
PO_0025104	first order inflorescence axis	inflorescence rachis|inflorescence rhachis|primary inflorescence axis|primer orden del eje de la inflorescencia (Spanish)|ray|第一花序軸 (Japanese)	plant_anatomy
PO_0025105	third order inflorescence branch	fourth order inflorescence axis|rama de tercer orden de la inflorescencia (Spanish)|tertiary inflorescence branch|third order paraclade|第三花序分枝 (Japanese)	plant_anatomy
PO_0025106	fourth order inflorescence branch	fifth order inflorescence axis|rama de cuarto orden de la inflorescencia (Spanish)|第四花序分枝 (Japanese)	plant_anatomy
PO_0025107	fifth order inflorescence branch	rama de quinto orden de la inflorescencia (Spanish)|sixth order inflorescence axis|第五花序分枝 (Japanese)	plant_anatomy
PO_0025108	sixth order inflorescence branch	rama de sexto orden de la inflorescencia (Spanish)|seventh order inflorescence axis |第六花序分枝 (Japanese)	plant_anatomy
PO_0025109	seventh order inflorescence branch	eighth order inflorescence axis  |rama de s&#233ptimo orden de la inflorescencia (Spanish)|第七花序分枝 (Japanese)	plant_anatomy
PO_0025110	eighth order inflorescence branch	ninth order inflorescence axis|rama de octavo orden de la inflorescencia (Spanish)|第八花序分枝  (Japanese)	plant_anatomy
PO_0025111	ninth or higher order inflorescence branch	noveno orden o superior rama de la inflorescencia (Spanish)|tenth or higher order inflorescence axis|第九花序分枝  (Japanese)	plant_anatomy
PO_0025112	primary infructescence branch	ramificacion primaria de la infructescencia (Spanish)|second order infructescence axis |第一果序分枝 (Japanese)	plant_anatomy
PO_0025113	second order infructescence branch	ramificacion de segundo orden de la infructescencia (Spanish)|secondary infructescence branch|第二果序分枝 (Japanese)	plant_anatomy
PO_0025114	third order infructescence branch	ramificacion de tercer orden de la infructescencia (Spanish)|第三果序分枝 (Japanese)	plant_anatomy
PO_0025115	fourth order infructescence branch	ramificacion de cuarto orden de la infructescencia (Spanish)|第四果序分枝 (Japanese)	plant_anatomy
PO_0025116	fifth order infructescence branch	ramificacion de quinto orden de la infructescencia (Spanish)|第五果序分枝 (Japanese)	plant_anatomy
PO_0025117	plant anatomical space	espacio anat&#243mico vegetal (Spanish)|lacuna|lacunae|lumen|lumina|植物 解剖学（形態）的空間 (Japanese)	plant_anatomy
PO_0025118	anther pore	poro de la antera (Spanish)|葯頂の孔 (Japanese)	plant_anatomy
PO_0025119	plant axis differentiation zone	zona de diferenciaci&#243n de eje vegetal (Spanish)|植物軸分化帯 (Japanese)	plant_anatomy
PO_0025120	antheridium sperm cell	antheridial sperm cell|antherozoid|c&#233lula esperm&#225tica del anteridio (Spanish)|spermatozoid|造精器精子細胞 (Japanese)	plant_anatomy
PO_0025121	pollen sperm cell	c&#233lula esperm&#225tica pol&#237nica (Spanish)|花粉精子細胞 (Japanese)	plant_anatomy
PO_0025122	archegonium egg cell	archegonial egg cell|ooc&#233lula del arquegonio (Spanish)|造卵器卵細胞 (Japanese)	plant_anatomy
PO_0025123	embryo sac egg cell	ooc&#233lula del saco embrionario (Spanish)|胚嚢卵細胞 (Japanese)	plant_anatomy
PO_0025124	multicellular plant gametangium	gametangio (Spanish)|gametangium|多細胞植物配偶子嚢  (Japanese)	plant_anatomy
PO_0025125	antheridium	anteridio (Spanish)|antheridia|造精器 (Japanese)	plant_anatomy
PO_0025126	archegonium	archegonia|arquegonio (Spanish)|造卵器 (Japanese)	plant_anatomy
PO_0025127	primordium	portion of primordial tissue|portion of primordium tissue|primordia|primordio (Spanish)|原基（可視的）  (Japanese)	plant_anatomy
PO_0025128	phyllome primordium	phyllome primordia|portion of phyllome primordium tissue|primordio del filoma (Spanish)|フィロム原基（可視的）  (Japanese)	plant_anatomy
PO_0025129	petiole lamina	l&#225mina (ala) del pec&#237olo (Spanish)|petiole wing|葉柄葉身、葉片 (Japanese)	plant_anatomy
PO_0025130	cigar leaf	hoja en cigarro (Spanish)|葉巻状葉  (Japanese)	plant_anatomy
PO_0025131	plant anatomical entity	entidad anat&#243mica vegetal (Spanish)|植物 解剖学（形態）的実体 (Japanese)	plant_anatomy
PO_0025132	canal	canal (Spanish)|channel|colpi|colpus|fossula|fossulae|furrow|groove|sulci|sulcus|vallecula|valleculae|溝   (Japanese)	plant_anatomy
PO_0025133	petiole canal	canal de pec&#237olo (Spanish)|葉柄の溝 (Japanese)	plant_anatomy
PO_0025134	inflorescence branch crown	banana crown|corona de la ramificaci&#243n de la inflorescencia (Spanish)|Musa crown|花序枝 冠 (Japanese)	plant_anatomy
PO_0025135	cigar leaf lamina abaxial epidermis	cigar leaf dorsal surface|epidermis abaxial de la l&#225mina de la hoja en cigarro (Spanish)|葉巻状葉の葉身背軸側表皮 (Japanese)	plant_anatomy
PO_0025136	free tepal	t&#233palo libre (Spanish)|遊離花被片 (Japanese)	plant_anatomy
PO_0025137	fused tepal	t&#233palo fusionado (Spanish)|融合花被片 (Japanese)	plant_anatomy
PO_0025138	fused collective tepal structure	 connate tepal structure|compound tepal|estrutura colectiva de t&#233palo fusionado (Spanish)|syntepalous perianth|複数の融合花被片構造 (Japanese)	plant_anatomy
PO_0025139	phyllome apex	&#225pice del filoma (Spanish)|フィロム頂端 (Japanese)	plant_anatomy
PO_0025140	phyllome base	base del filoma (Spanish)|フィロム基部   (Japanese)	plant_anatomy
PO_0025141	phyllome tip	punta del filoma (Spanish)|フィロム 先端 (Japanese)	plant_anatomy
PO_0025142	leaf tip	leaf lamina tip|punta de la hoja (Spanish)|葉端 (Japanese)	plant_anatomy
PO_0025143	tepal apex	&#225pice del t&#233palo (Spanish)|compound tepal lobe|free tepal apex|花被片頂 (Japanese)	plant_anatomy
PO_0025144	petal apex	&#225pice del p&#233talo (Spanish)|花弁頂 (Japanese)	plant_anatomy
PO_0025145	sepal apex	&#225pice del s&#233palo (Spanish)|がく片頂端 (Japanese)	plant_anatomy
PO_0025146	petal base	base del p&#233talo (Spanish)|花弁基部 (Japanese)	plant_anatomy
PO_0025147	sepal base	base del s&#233palo (Spanish)|がく片基部 (Japanese)	plant_anatomy
PO_0025148	tepal base	base del t&#233palo (Spanish)|花被片基部 (Japanese)	plant_anatomy
PO_0025149	petal tip	punta del p&#233talo (Spanish)|花弁先端 (Japanese)	plant_anatomy
PO_0025150	sepal tip	punta del s&#233palo (Spanish)|がく片先端 (Japanese)	plant_anatomy
PO_0025151	tepal tip	punta del t&#233palo (Spanish)|花被片先端 (Japanese)	plant_anatomy
PO_0025152	peduncle epidermis	epidermis del ped&#250nculo (Spanish)|peduncle surface|花梗表皮 (Japanese)	plant_anatomy
PO_0025153	peduncle trichome	peduncle hair|tricoma del ped&#250nculo (Spanish)|花梗毛（毛茸、糸状体） (Japanese)	plant_anatomy
PO_0025154	bract apex	&#225pice de la br&#225ctea (Spanish)|苞頂端 (Japanese)	plant_anatomy
PO_0025155	bract base	base de la br&#225ctea (Spanish)|苞基部 (Japanese)	plant_anatomy
PO_0025156	bract tip	punta de la br&#225ctea (Spanish)|苞端 (Japanese)	plant_anatomy
PO_0025157	phyllome epidermis	epidermis del filoma (Spanish)|フィロム表皮 (Japanese)	plant_anatomy
PO_0025158	bract epidermis	epidermis de la br&#225ctea (Spanish)|苞表皮 (Japanese)	plant_anatomy
PO_0025159	bract abaxial epidermis	bract external face|epidermis abaxial de la br&#225ctea (Spanish)|苞背軸側 表皮 (Japanese)	plant_anatomy
PO_0025160	bract adaxial epidermis	bract internal face|epidermis adaxail de la br&#225ctea (Spanish)|苞向軸側 表皮 (Japanese)	plant_anatomy
PO_0025161	portion of plant substance	porci&#243n de sustancia vegetal (Spanish)|植物を構成する物質の一部 (Japanese)	plant_anatomy
PO_0025162	multicellular trichome	non-glandular multicelluar trichome|non-secretory multicellular trichome|tricoma multicelular (Spanish)|多細胞毛（毛茸、糸状体） (Japanese)	plant_anatomy
PO_0025163	multicellular trichome branch cell	c&#233lula ramificada de tricoma multicelular (Spanish)|多細胞毛（毛茸、糸状体）分枝細胞 (Japanese)	plant_anatomy
PO_0025164	root epidermal cell	c&#233lula epid&#233rmica de la ra&#237z (Spanish)|根表皮細胞 (Japanese)	plant_anatomy
PO_0025165	shoot epidermal cell	c&#233lula epid&#233rmica del epiblasto (epiblastema) (Spanish)|シュート表皮 細胞 (Japanese)	plant_anatomy
PO_0025166	papilla cell	c&#233lula papilosa (Spanish)|乳頭細胞 (Japanese)	plant_anatomy
PO_0025167	leaf papilla cell	c&#233lula papilosa de la epidermis (Spanish)|葉乳頭毛細胞（パピラ） (Japanese)	plant_anatomy
PO_0025168	stigma papilla cell	c&#233lula papilosa del estigma (Spanish)|柱頭乳頭細胞 (Japanese)	plant_anatomy
PO_0025169	prickle	barb|barbel|barbella|barbellae|barbellula|barbellulae|barbellule|espinilla (Spanish)|いが、刺状突起 (Japanese)	plant_anatomy
PO_0025170	root prickle	espinilla de la ra&#237z (Spanish)|根刺状突起 (Japanese)	plant_anatomy
PO_0025171	shoot axis prickle	espinilla del eje del epiblasto (epiblastema) (Spanish)|シュート軸表皮のとげ (Japanese)	plant_anatomy
PO_0025172	thorn	barb|barbel|barbella|barbellae|barbellula|barbellulae|barbellule|espina (Spanish)|とげ（spine, prickle) (Japanese)	plant_anatomy
PO_0025173	spine leaf	barb|barbel|barbella|barbellae|barbellula|barbellulae|barbellule|espina de hoja (Spanish)|leaf spine|葉針(spine leaf?) (Japanese)	plant_anatomy
PO_0025174	spine stipule	barb|barbel|barbella|barbellae|barbellula|barbellulae|barbellule|espina de est&#237pula (Spanish)|stipule spine|托葉とげ (Japanese)	plant_anatomy
PO_0025175	leaf prickle	espinilla de la hoja (Spanish)|葉刺状突起 (Japanese)	plant_anatomy
PO_0025176	stem trichome	stem hair|tricoma del tallo (Spanish)|茎の毛 (Japanese)	plant_anatomy
PO_0025177	branch trichome	branch hair|tricoma de una ramificaci&#243n (Spanish)|枝の毛 (Japanese)	plant_anatomy
PO_0025178	stem epidermis	epidermis del tallo (Spanish)|茎表皮 (Japanese)	plant_anatomy
PO_0025179	branch epidermis	epidermis de la ramificaci&#243n (Spanish)|枝 表皮 (Japanese)	plant_anatomy
PO_0025180	plant axis elongation zone	zona de elongaci&#243n del eje de la planta (Spanish)|植物軸伸長帯 (Japanese)	plant_anatomy
PO_0025181	root elongation zone	zona de elongaci&#243n de la ra&#237z (Spanish)|根伸長帯（層）  (Japanese)	plant_anatomy
PO_0025182	sepal trichome	tricoma de la epidermis del s&#233palo (Spanish)|がく片毛（毛茸、糸状体） (Japanese)	plant_anatomy
PO_0025183	leaf stomatal complex	complejo estom&#225tico de la hoja (Spanish)|leaf epidermal stomatal complex|leaf epidermis stomatal complex|葉気孔装置 (Japanese)	plant_anatomy
PO_0025184	tepal epidermis	epidermis del t&#233palo (Spanish)|花被片表皮 (Japanese)	plant_anatomy
PO_0025185	leaf lamina stomatal complex	complejo estom&#225tico de la l&#225mina de la hoja (Spanish)|leaf lamina epidermal stomatal complex|leaf lamina epidermis stomatal complex|葉身気孔装置 (Japanese)	plant_anatomy
PO_0025186	phyllome trichome	tricoma del filoma (Spanish)|フィロム毛（毛茸、糸状体） (Japanese)	plant_anatomy
PO_0025187	petal trichome	tricoma del p&#233talo (Spanish)|花弁毛（毛茸、糸状体） (Japanese)	plant_anatomy
PO_0025188	tepal trichome	tricoma de la epidermis del t&#233palo (Spanish)|花被片毛（毛茸、糸状体） (Japanese)	plant_anatomy
PO_0025189	petiole stomatal complex	complejo estom&#225tico del pec&#237olo (Spanish)|petiole epidermal stomatal complex|petiole epidermis stomatal complex|葉柄 気孔装置 (Japanese)	plant_anatomy
PO_0025190	leaf abaxial stomatal complex	complejo estom&#225tico de la superficie abaxial de la hoja (Spanish)|leaf abaxial epidermal stomatal complex|leaf abaxial epidermis stomatal complex|葉背軸側気孔装置 (Japanese)	plant_anatomy
PO_0025191	leaf adaxial stomatal complex	complejo estom&#225tico de la superficie adaxial de la hoja (Spanish)|leaf adaxial epidermal stomatal complex|leaf adaxial epidermis stomatal complex|葉向軸側気孔装置 (Japanese)	plant_anatomy
PO_0025192	tepal abaxial epidermis	epidermis abaxial del t&#233palo (Spanish)|花被片背軸側 表皮 (Japanese)	plant_anatomy
PO_0025193	tepal adaxial epidermis	epidermis adaxail del t&#233palo (Spanish)|花被片向軸側 表皮 (Japanese)	plant_anatomy
PO_0025194	root nodule meristem	meristema del n&#243dulo de la ra&#237z (Spanish)|根粒分裂組織 (Japanese)	plant_anatomy
PO_0025195	pollen tube cell	c&#233lula del tubo pol&#237nico (Spanish)|花粉管細胞 (Japanese)	plant_anatomy
PO_0025196	basal endosperm transfer layer	capa de transferencia del endosperma basal (Spanish)|基底胚乳転送層 (Japanese)	plant_anatomy
PO_0025197	stele	estela (Spanish)|中心柱, central cylinder (Japanese)	plant_anatomy
PO_0025198	shoot axis stele	estela del eje del epiblasto (epiblastema) (Spanish)|シュート軸中心柱 (Japanese)	plant_anatomy
PO_0025199	branch stele	estela de la ramificaci&#243n (Spanish)|枝中心柱 (Japanese)	plant_anatomy
PO_0025200	stem stele	estela del tallo (Spanish)|茎中心柱 (Japanese)	plant_anatomy
PO_0025201	megasporangium	megasporangio (Spanish)|大胞子嚢 (Japanese)	plant_anatomy
PO_0025202	microsporangium	macrosporangia|macrosporangium|megasporangia|microsporangia|microsporangio (Spanish)|小胞子嚢 (Japanese)	plant_anatomy
PO_0025203	pericarp vascular bundle	haz vascular del pericarpo (Spanish)|果皮維管束 (Japanese)	plant_anatomy
PO_0025204	rhizome internode	internodo del rizoma (Spanish)|根茎節間 (Japanese)	plant_anatomy
PO_0025205	shoot system vascular system	sistema vascular del sistema del epiblasto (epiblastema) (Spanish)|シュート系維管系 (Japanese)	plant_anatomy
PO_0025206	phyllome vascular system	sistema vascular del filoma (Spanish)|フィロム維管系 (Japanese)	plant_anatomy
PO_0025207	tepal vascular system	sistema vascular del t&#233palo (Spanish)|花被片維管系 (Japanese)	plant_anatomy
PO_0025208	carpel trichome	tricoma del carpelo (Spanish)|心皮毛（毛茸、糸状体） (Japanese)	plant_anatomy
PO_0025209	stamen trichome	tricoma vascular del estambre (Spanish)|雄蕊毛（毛茸、糸状体） (Japanese)	plant_anatomy
PO_0025210	leaf abaxial trichome	tricoma de la superficie abaxial de la hoja (Spanish)|葉背軸側毛（毛茸、糸状体） (Japanese)	plant_anatomy
PO_0025211	leaf adaxial trichome	tricoma de la superficie adaxial de la hoja (Spanish)|葉向軸側毛（毛茸、糸状体） (Japanese)	plant_anatomy
PO_0025212	leaf pavement cell	c&#233lula de pavimento de la hoja (Spanish)|葉被蓋細胞 (Japanese)	plant_anatomy
PO_0025213	leaf abaxial pavement cell	c&#233lula de pavimento de la superficie abaxial de la hoja (Spanish)|葉背軸側被蓋細胞 (Japanese)	plant_anatomy
PO_0025214	leaf adaxial pavement cell	c&#233lula de pavimento de la superficie adaxial de la hoja (Spanish)|葉向軸側被蓋細胞 (Japanese)	plant_anatomy
PO_0025215	phyllome stomatal complex	complejo estom&#225tico del filoma (Spanish)|phyllome epidermal stomatal complex|phyllome epidermis stomatal complex|フィロム 気孔装置  (Japanese)	plant_anatomy
PO_0025216	bract stomatal complex	bract epidermal stomatal complex|bract epidermis stomatal complex|complejo estom&#225tico de la br&#225ctea (Spanish)|苞気孔装置 (Japanese)	plant_anatomy
PO_0025217	carpel stomatal complex	carpel epidermal stomatal complex|carpel epidermis stomatal complex|complejo estom&#225tico del carpelo (Spanish)|心皮気孔装置 (Japanese)	plant_anatomy
PO_0025218	petal stomatal complex	complejo estom&#225tico del p&#233talo (Spanish)|petal epidermal stomatal complex|petal epidermis stomatal complex|花弁気孔装置 (Japanese)	plant_anatomy
PO_0025219	sepal stomatal complex	complejo estom&#225tico del s&#233palo (Spanish)|sepal epidermal stomatal complex|sepal epidermis stomatal complex|がく片気孔装置 (Japanese)	plant_anatomy
PO_0025220	stamen stomatal complex	complejo estom&#225tico del estambre (Spanish)|stamen epidermal stomatal complex|stamen epidermis stomatal complex|雄蕊気孔装置 (Japanese)	plant_anatomy
PO_0025221	tepal stomatal complex	complejo estom&#225tico del t&#233palo (Spanish)|tepal epidermal stomatal complex|tepal epidermis stomatal complex|花被片気孔装置 (Japanese)	plant_anatomy
PO_0025222	reproductive shoot apex	&#225pice reproductivo del epiblasto (epiblastema) (Spanish)|生殖シュート頂、茎頂 (Japanese)	plant_anatomy
PO_0025223	vegetative shoot apex	&#225pice vegetativo del epiblasto (epiblastema) (Spanish)|栄養シュート頂、栄養枝頂 (Japanese)	plant_anatomy
PO_0025224	axil	axila (Spanish)|腋、軸 (Japanese)	plant_anatomy
PO_0025225	bract axil	axila de la br&#225ctea (Spanish)|苞腋 (Japanese)	plant_anatomy
PO_0025226	branch axil	axila de la ramificaci&#243n (Spanish)|枝腋 (Japanese)	plant_anatomy
PO_0025227	tetrad of megaspores	t&#233trada de megasporas (Spanish)|大胞子の四分子 (Japanese)	plant_anatomy
PO_0025228	valve	valva (Spanish)|弁 (Japanese)	plant_anatomy
PO_0025229	spore capsule valve	valva de la c&#225psula de musgo (Spanish)|コケ類　蒴（さく）弁 (Japanese)	plant_anatomy
PO_0025230	columella	columela (Spanish)|portion of columella tissue|軸柱、柱軸 (Japanese)	plant_anatomy
PO_0025231	spore capsule columella	columela de la c&#225psula de musgo (Spanish)|コケ類　蒴（さく）軸柱 (Japanese)	plant_anatomy
PO_0025233	portion of embryo plant tissue	portion of embryo tissue|portion of embryonic plant tissue|tejido embri&#243nico vegetal (Spanish)|植物胚性組織 の一部   (Japanese)	plant_anatomy
PO_0025234	phyllome stomatal pore	poro estom&#225tico del filoma (Spanish)|フィロム 気孔開口部 (Japanese)	plant_anatomy
PO_0025235	leaf stomatal pore	poro estom&#225tico de la hoja (Spanish)|葉気孔開口部 (Japanese)	plant_anatomy
PO_0025236	phyllome guard cell	c&#233lula guardiana del filoma (Spanish)|フィロム孔辺細胞 (Japanese)	plant_anatomy
PO_0025237	leaf guard cell	c&#233lula guardiana de la hoja (Spanish)|葉孔辺細胞 (Japanese)	plant_anatomy
PO_0025238	abaxial petiole canal	canal abaxial del pec&#237olo (Spanish)|背軸側葉柄管 (Japanese)	plant_anatomy
PO_0025239	adaxial petiole canal	canal adaxial del pec&#237olo (Spanish)|向軸葉柄管 (Japanese)	plant_anatomy
PO_0025240	second order inflorescence	inflorescencia de segundo orden (Spanish)|secondary inflorescence|第二花序 (Japanese)	plant_anatomy
PO_0025241	second order infructescence	hand of bananas|hand of fruit|infructescencia de segundo orden (Spanish)|secondary infructescence|第二果序 (Japanese)	plant_anatomy
PO_0025242	infructescence axis	eje de la infructescencia (Spanish)|果序軸 (Japanese)	plant_anatomy
PO_0025243	infructescence branch	ramificaci&#243n de la infructescencia (Spanish)|果序枝 (Japanese)	plant_anatomy
PO_0025244	first order infructescence axis	eje de la infructescencia de primer orden (Spanish)|infructescence rachis|第一果序軸 (Japanese)	plant_anatomy
PO_0025245	persistent sepal	flower relict|s&#233palo persistente (Spanish)|宿存がく片 (Japanese)	plant_anatomy
PO_0025246	persistent tepal	flower relict|t&#233palo persistente (Spanish)|宿存花被片 (Japanese)	plant_anatomy
PO_0025247	persistent stamen	estambre persistente (Spanish)|flower relict|宿存雄蕊 (Japanese)	plant_anatomy
PO_0025248	pseudostem	pseudotallo (Spanish)|偽茎 (Japanese)	plant_anatomy
PO_0025249	leaf sheath epidermis	epidermis de la vaina de la hoja (Spanish)|葉鞘表皮 (Japanese)	plant_anatomy
PO_0025250	leaf sheath abaxial epidermis	epidermis abaxial de la vaina de la hoja (Spanish)|pseudostem underlayers|葉鞘背軸側表皮 (Japanese)	plant_anatomy
PO_0025251	leaf sheath adaxial epidermis	epidermis adaxial de la vaina de la hoja (Spanish)|葉鞘向軸側表皮 (Japanese)	plant_anatomy
PO_0025252	sixth order infructescence branch	ramificacion de sexto orden de la infructescencia (Spanish)|第六果序分枝 (Japanese)	plant_anatomy
PO_0025253	seventh order infructescence branch	ramificacion de s&#233ptimo orden de la infructescencia (Spanish)|第七果序分枝 (Japanese)	plant_anatomy
PO_0025254	eighth order infructescence branch	ramificacion de octava orden de la infructescencia (Spanish)|第八果序分枝 (Japanese)	plant_anatomy
PO_0025255	ninth or higher order infructescence branch	ramificacion de noveno o superior orden de la infructescencia (Spanish)|第十以上の果序軸 (Japanese)	plant_anatomy
PO_0025256	lateral root elongation zone	zona de elongaci&#243n de la ra&#237z lateral (Spanish)|側根伸長帯（層）   (Japanese)	plant_anatomy
PO_0025257	primary root elongation zone	zona de elongaci&#243n de la ra&#237z primaria (Spanish)|一次根伸長帯（層） (Japanese)	plant_anatomy
PO_0025258	procambial cell	c&#233lula del procambio (Spanish)|procambium cell|前形成層細胞 (Japanese)	plant_anatomy
PO_0025259	leaf procambium	procambio de la hoja (Spanish)|葉前形成層 (Japanese)	plant_anatomy
PO_0025260	shoot axis procambium	procambio del eje del epiblasto (Spanish)|シュート軸前形成層 (Japanese)	plant_anatomy
PO_0025261	pericycle cell	c&#233lula del periciclo (Spanish)|内鞘細胞 (Japanese)	plant_anatomy
PO_0025262	ovary septum	carpel synonym|ovary dissepiment|ovary septa|septo del ovario (Spanish)|子房隔壁   (Japanese)	plant_anatomy
PO_0025263	locule	l&#243culo (Spanish)|loculus|室 (Japanese)	plant_anatomy
PO_0025264	anther locule	l&#243culo del esporangio (Spanish)|pollen sac locule|sporophyll locule|葯室 (Japanese)	plant_anatomy
PO_0025265	sporangium locule	l&#243culo de la antera (Spanish)|spore capsule locule|胞子嚢室 (Japanese)	plant_anatomy
PO_0025266	ovary locule	l&#243culo del ovario (Spanish)|sporophyll locule|子房室 (Japanese)	plant_anatomy
PO_0025267	fruit replum	fruit dissepiment|replum del fruto (Spanish)|果実隔膜 (Japanese)	plant_anatomy
PO_0025268	fruit septum	fruit dissepiment|septo del fruto (Spanish)|果実隔壁 (Japanese)	plant_anatomy
PO_0025269	collective organ part structure	&#243rgano colectivo de una parte de la estructura (Spanish)|集合的器官の部分構造 (Japanese)	plant_anatomy
PO_0025270	fruit locule	l&#243culo del fruto (Spanish)|果実室 (Japanese)	plant_anatomy
PO_0025272	ovary replum	false ovary septum|ovary dissepiment|placental septum|replo (replum) del ovario (Spanish)|子房隔膜  (Japanese)	plant_anatomy
PO_0025273	stem procambium	procambio del tallo (Spanish)|茎前形成層 (Japanese)	plant_anatomy
PO_0025274	branch procambium	procambio de la ramificaci&#243n (Spanish)|枝前形成層 (Japanese)	plant_anatomy
PO_0025275	procambium	procambio (Spanish)|前形成層 (Japanese)	plant_anatomy
PO_0025276	shoot procambium	procambio del epiblasto (Spanish)|シュート前形成層 (Japanese)	plant_anatomy
PO_0025277	pollen sac	anther lobe|Poaceae microsporangium|saco pol&#237nico (Spanish)|Zea microsporangium|花粉のう (Japanese)	plant_anatomy
PO_0025278	rhizome scale leaf	hoja escamosa del rizoma (Spanish)|根茎鱗片葉 (Japanese)	plant_anatomy
PO_0025279	megagametophyte	female gametophyte|megagametofito (Spanish)|大配偶体 (Japanese)	plant_anatomy
PO_0025280	microgametophyte	male gametophyte|microgametofito (Spanish)|小配偶体 (Japanese)	plant_anatomy
PO_0025281	pollen	polen (Spanish)|pollen grain|花粉 (Japanese)	plant_anatomy
PO_0025282	archegonium megagametophyte	archegonial megagametophyte|arquegonio del megagametofito (Spanish)|造卵器大配偶体 (Japanese)	plant_anatomy
PO_0025283	antheridium microgametophyte	anteridio del microgametofito (Spanish)|antheridial microgametophyte|造精器小胞子体（小配偶体） (Japanese)	plant_anatomy
PO_0025284	embryo apical cell	c&#233lula apical del embri&#243n (Spanish)|embryonic meristematic apical cell|胚頂端細胞 (Japanese)	plant_anatomy
PO_0025285	callus parenchyma cell	c&#233lula parenquim&#225tica del callo (Spanish)|カルス柔組織細胞 (Japanese)	plant_anatomy
PO_0025286	embryo coleoptile	cole&#243ptile del embri&#243n (Spanish)|embryonic coleoptile|胚子葉鞘、胚鞘葉 (Japanese)	plant_anatomy
PO_0025287	seedling coleoptile	cole&#243ptile de la pl&#225ntula (Spanish)|実生幼葉鞘 (Japanese)	plant_anatomy
PO_0025288	embryo coleorhiza	coleorriza del embri&#243n (Spanish)|embryonic coleorhiza|胚根鞘 (Japanese)	plant_anatomy
PO_0025289	seedling coleorhiza	coleorriza de la pl&#225ntula (Spanish)|実生根鞘 (Japanese)	plant_anatomy
PO_0025290	embryo hypocotyl	embryonic hypocotyl|hipoc&#243tile del embri&#243n (Spanish)|胚下胚軸 (Japanese)	plant_anatomy
PO_0025291	seedling hypocotyl	hipoc&#243tile de la pl&#225ntula (Spanish)|実生胚軸 (Japanese)	plant_anatomy
PO_0025292	embryo epicotyl	embryonic epicotyl|epic&#243tile del embri&#243n (Spanish)|胚上胚軸 (Japanese)	plant_anatomy
PO_0025293	seedling epicotyl	epic&#243tile de la pl&#225ntula (Spanish)|実生上胚軸 (Japanese)	plant_anatomy
PO_0025294	embryo mesocotyl	embryonic mesocotyl|mesoc&#243tile del embri&#243n (Spanish)|胚中茎、胚中胚軸 (Japanese)	plant_anatomy
PO_0025295	seedling mesocotyl	mesoc&#243tile de la plantual (Spanish)|実生中胚軸 (Japanese)	plant_anatomy
PO_0025296	embryo radicle	embryonic radicle|rad&#237cula del embri&#243n (Spanish)|胚幼根 (Japanese)	plant_anatomy
PO_0025297	seedling radicle	rad&#237cula de la pl&#225ntula (Spanish)|実生幼根 (Japanese)	plant_anatomy
PO_0025298	fruit operculum	fruit lid|fruit opercula|op&#233rculo del fruto (Spanish)|果蓋 (Japanese)	plant_anatomy
PO_0025300	embryo hypocotyl-root junction	conjunci&#243n del hipoc&#243tile-ra&#237z en el embri&#243n (Spanish)|embryonic hypocotyl-root junction|胚下胚軸-根合流点 (Japanese)	plant_anatomy
PO_0025301	seedling hypocotyl-root junction	conjunci&#243n del hipoc&#243tile-ra&#237z en la pl&#225ntula (Spanish)|実生胚軸-根合流点 (Japanese)	plant_anatomy
PO_0025302	somatic plant embryo	apomictic plant embryo|embri&#243n som&#225tico vegetal (Spanish)|somatic embryo|体細胞plant胚 (Japanese)	plant_anatomy
PO_0025303	zygotic plant embryo	embri&#243n som&#225tico cigotico (del cigote) (Spanish)|zygotic embryo|接合体植物胚 (Japanese)	plant_anatomy
PO_0025304	cultured zygote-derived plant embryo	cultured zygote-derived embryo|cultured zygotic embryo|embri&#243n cultivado derivado del cigoto vegetal (Spanish)|培養接合子由来植物胚 (Japanese)	plant_anatomy
PO_0025305	microspore-derived cultured plant embryo	embri&#243n cultivado derivado de la microspora vegetal (Spanish)|microspore-derived cultured embryo|microspore-derived haploid embryo|小胞子由来培養植物胚 (Japanese)	plant_anatomy
PO_0025306	sporangium wall	pared del esporangio (Spanish)|sporangium jacket layer|sporangium jacket layers|胞子嚢壁 (Japanese)	plant_anatomy
PO_0025307	microsporangium wall	pared del microsporangio (Spanish)|小胞子嚢壁 (Japanese)	plant_anatomy
PO_0025308	megasporangium wall	pared del megasporangio (Spanish)|大胞子嚢壁 (Japanese)	plant_anatomy
PO_0025309	microsporangium endothecium	endotecio del microsporangio (Spanish)|小胞子嚢内皮 (Japanese)	plant_anatomy
PO_0025310	megasporangium endothecium	endotecio del megasporangio (Spanish)|大胞子嚢内皮 (Japanese)	plant_anatomy
PO_0025311	microsporangium exothecium	exotecio del microsporangio (Spanish)|microsporangial exothecium|microsporangium epidermis|小胞子嚢外皮 (Japanese)	plant_anatomy
PO_0025312	megasporangium exothecium	exotecio del megasporangio (Spanish)|megapsorangial exothecium|megasporangium epidermis|大胞子嚢外皮 (Japanese)	plant_anatomy
PO_0025313	tapetum	tapeto (Spanish)|絨毯組織、タペート組織 (Japanese)	plant_anatomy
PO_0025314	microsporangium tapetum	tapeto del microsporangio (Spanish)|小胞子嚢絨毯組織（タペート組織） (Japanese)	plant_anatomy
PO_0025315	megasporangium tapetum	tapeto del megasporangio (Spanish)|大胞子嚢嚢絨毯組織（タペート組織） (Japanese)	plant_anatomy
PO_0025316	axillary hair	pelo axilar (Spanish)|腋毛 (Japanese)	plant_anatomy
PO_0025317	axillary hair terminal cell	c&#233lula terminal del pelo axilar (Spanish)|腋毛終端細胞 (Japanese)	plant_anatomy
PO_0025318	axillary hair base	base del pelo axilar (Spanish)|腋毛基底 (Japanese)	plant_anatomy
PO_0025319	axillary hair basal cell	axillary hair base cell|c&#233lula basal del pelo axilar (Spanish)|腋毛基底細胞 (Japanese)	plant_anatomy
PO_0025320	cotyledonary node rhizoid	collar rhizoid|rizoide del nodo del cotiled&#243n (Spanish)|wurtzelhalsrhizoid|子葉節仮根 (Japanese)	plant_anatomy
PO_0025321	cotyledonary node	nodo del cotiled&#243n (Spanish)|子葉節 (Japanese)	plant_anatomy
PO_0025322	hydathode pore	poro del hidatodo (Spanish)|排水組織孔 (Japanese)	plant_anatomy
PO_0025323	flower fascicle	bundle|fasc&#237culo floral (Spanish)|floral fascicle|花束 (Japanese)	plant_anatomy
PO_0025324	banner petal	banner|p&#233talo estandarte (Spanish)|standard|vexilla|vexillum|旗弁 (Japanese)	plant_anatomy
PO_0025325	wing petal	ala|alae|p&#233talo ala (Spanish)|翼弁 (Japanese)	plant_anatomy
PO_0025326	keel petal	carina|carinae|p&#233talo quilla (Spanish)|杯状花弁、竜骨弁 (Japanese)	plant_anatomy
PO_0025327	keel	quilla (Spanish)|竜骨（イネ科）、舟弁（マメ科） (Japanese)	plant_anatomy
PO_0025328	unifacial vascular leaf	hoja unifacial|hoja unifacial EXACT Spanish [POC:Maria_Alejandra_Gandolfo] (Spanish)|unifacial leaf|単面維管束系葉 (Japanese)	plant_anatomy
PO_0025329	calyptra calyx	caliptra c&#225liz (Spanish)|calycine operculum|calyx calyptrae|operculum calyx|outer operculum|蘚帽がく (Japanese)	plant_anatomy
PO_0025330	calyptra corolla	caliptra corola (Spanish)|corolla calyptrae|corolline operculum|inner operculum|operculum corolla|蘚帽花冠 (Japanese)	plant_anatomy
PO_0025331	ray flower	flor del rayo (Spanish)|ray floret|舌状花 (Japanese)	plant_anatomy
PO_0025332	disk flower	disc floret|disk floret|flor del disco (Spanish)|中心花 (Japanese)	plant_anatomy
PO_0025333	ensiform vascular leaf	ensiform leaf|hoja ensiforme|hoja ensiforme EXACT Spanish [POC:Maria_Alejandra_Gandolfo] (Spanish)|維管束系剣状葉 (Japanese)	plant_anatomy
PO_0025334	terete vascular leaf	hoja cilíndrica|hoja cilíndrica EXACT Spanish [POC:Maria_Alejandra_Gandolfo] (Spanish)|terete leaf|維管束系円柱形葉 (Japanese)	plant_anatomy
PO_0025335	phyllode leaf	adult phyllode leaf|filodio|filodio EXACT Spanish [POC:Maria_Alejandra_Gandolfo] (Spanish)|phyllode|phyllodia|phyllodium|葉化葉？ (Japanese)	plant_anatomy
PO_0025336	transition phyllode leaf	filodio transicional|filodio transicional EXACT Spanish [POC:Maria_Alejandra_Gandolfo] (Spanish)|transition phyllode|移行期の葉化葉 (Japanese)	plant_anatomy
PO_0025337	life of whole plant stage	vida de la planta entera (Spanish)|植物体の一生 (Japanese)	plant_structure_development_stage
PO_0025338	collective plant organ structure development stage	etapa de desarrollo de una estructura colectiva de la planta (Spanish)|集合的植物構造の発生過程 (Japanese)	plant_structure_development_stage
PO_0025339	plant organ development stage	etapa de desarrollo de un &#243rgano (Spanish)|organ development stage|植物器官発生過程 (Japanese)	plant_structure_development_stage
PO_0025340	gametophyte vegetative stage	etapa vegetativa del gemetofito (Spanish)|配偶体栄養期 (Japanese)	plant_structure_development_stage
PO_0025341	gametophyte reproductive stage	etapa reproductiva del gametofito (Spanish)|gametophyte reproductively competent stage|gametophytic reproductive stage|配偶体生殖段階 (Japanese)	plant_structure_development_stage
PO_0025342	gametophyte dormant stage	etapa latente del gametofito (Spanish)|gametophyte dormancy stage|gametophytic dormant stage|配偶体休眠期 (Japanese)	plant_structure_development_stage
PO_0025343	gametophyte senescent stage	etapa de senescencia del gametofito (Spanish)|配偶体老化過程 (Japanese)	plant_structure_development_stage
PO_0025344	gametophore reproductive whole plant development stage	etapa de desarrollo del gamet&#243foro reproductivo de la planta entera (Spanish)|茎葉体生殖生長 (Japanese)	plant_structure_development_stage
PO_0025345	gametophore vegetative whole plant development stage	etapa de desarrollo del gamet&#243foro vegetativo de la planta entera (Spanish)|茎葉体栄養生長 (Japanese)	plant_structure_development_stage
PO_0025346	thallus reproductive whole plant development stage	etapa de desarrollo del talo reproductivo de la planta entera (Spanish)|葉状体生殖生長期 (Japanese)	plant_structure_development_stage
PO_0025347	thallus vegetative whole plant development stage	etapa de desarrollo del talo vegetativo de la plant entera (Spanish)|葉状体栄養生長期 (Japanese)	plant_structure_development_stage
PO_0025348	phyllome lamina vein	vena del filoma laminar (Spanish)|フィロム葉身脈 (Japanese)	plant_anatomy
PO_0025349	awn	arista|arista|arista (Spanish)|bristle|seta|setae|芒 (Japanese)	plant_anatomy
PO_0025350	palea awn	arista de la palea (Spanish)|内頴芒 (Japanese)	plant_anatomy
PO_0025351	glume awn	arista de la gluma (Spanish)|苞頴芒 (Japanese)	plant_anatomy
PO_0025352	tubercle	podaria|podarium|小塊茎、塊根 (Japanese)	plant_anatomy
PO_0025353	areole bud	areola de la yema (Spanish)|刺座、アレオール (Japanese)	plant_anatomy
PO_0025354	cladode	cladodio (Spanish)|cladophyll|phylloclade|扁茎、仮葉枝、葉状茎 (Japanese)	plant_anatomy
PO_0025355	corm	cormel|cormlet|cormo (Spanish)|diaspore|pseudobulb|球茎 (Japanese)	plant_anatomy
PO_0025356	bulb	bulbet|bulbo (Spanish)|diaspore|球根、鱗茎 (Japanese)	plant_anatomy
PO_0025357	pneumatophore	breathing root|knee root|通気根、呼吸根 (Japanese)	plant_anatomy
PO_0025358	pneumatorhiza	pneumatorhizae|支持根から出る側根 (Japanese)	plant_anatomy
PO_0025359	sorus	sori|生殖器群、造精器群、胞子嚢群 (Japanese)	plant_anatomy
PO_0025360	ceonosorus	ceonosoro (Spanish)|coenosori|融合胞子嚢を有する維管束葉表面の集合構造 (Japanese)	plant_anatomy
PO_0025361	leaf tendril	hoja en zarzillo (Spanish)|tendril|葉巻きひげ (Japanese)	plant_anatomy
PO_0025362	leaflet tendril	fol#237olo en zarzillo (Spanish)|tendril|小葉巻きひげ、若葉巻きひげ (Japanese)	plant_anatomy
PO_0025363	leaf apex tendril	&#225pice en zarzillo de la hoja   (Spanish)|tendril|葉先巻きひげ (Japanese)	plant_anatomy
PO_0025364	branch tendril	rama en zarzillo (Spanish)|tendril|枝巻きひげ (Japanese)	plant_anatomy
PO_0025365	stem apex tendril	&#225pice en zarzillo del tallo (Spanish)|tendril|茎頂端巻きひげ (Japanese)	plant_anatomy
PO_0025366	leaf rachis tendril	raquis en zarzillo de la hoja (Spanish)|tendril|葉軸巻きひげ (Japanese)	plant_anatomy
PO_0025367	prophyll tendril	profilo en zarzillo (Spanish)|tendril|前葉巻きひげ、前出葉巻きひげ (Japanese)	plant_anatomy
PO_0025368	trichome development stage	etapa de desarrollo del tricoma (Spanish)|毛発生過程 (Japanese)	plant_structure_development_stage
PO_0025369	seed trichome development stage	etapa de desarrollo del tricoma de la semilla (Spanish)|seed hair development stage|種子毛発生過程 (Japanese)	plant_structure_development_stage
PO_0025370	seed trichome initiation stage	etapa de iniciaci&#243n del tricoma de la semilla (Spanish)|seed hair initiation stage|種子毛形成過程 (Japanese)	plant_structure_development_stage
PO_0025371	seed trichome elongation stage	etapa de elongaci&#243n del tricoma de la semilla (Spanish)|seed hair elongation stage|種子毛伸長過程 (Japanese)	plant_structure_development_stage
PO_0025372	seed trichome secondary wall biosynthesis stage	etapa de bios&#237ntesis de la pared secundaria del tricoma de la semilla (Spanish)|seed hair secondary wall biosynthesis stage|種子毛二次壁生合成段階 (Japanese)	plant_structure_development_stage
PO_0025373	seed trichome maturation stage	etapa de maduraci&#n del tricoma de la semilla (Spanish)|seed hair maturation stage|種子毛成熟段階 (Japanese)	plant_structure_development_stage
PO_0025374	seed dormant stage	etapa latente de la semilla (Spanish)|種子休眠期 (Japanese)	plant_structure_development_stage
PO_0025375	plant spore stage	etapa esporof&#237tica de la planta (Spanish)|spore stage|胞子期 (Japanese)	plant_structure_development_stage
PO_0025376	plant spore dormant stage	etapa latente esporof&#237tica de la planta (Spanish)|spore dormant stage|胞子休眠期 (Japanese)	plant_structure_development_stage
PO_0025377	plant embryo dormant stage	embryo dormant stage|植物胚休眠期 (Japanese)	plant_structure_development_stage
PO_0025378	arillode	ariloide (Spanish)|偽種衣　偽仮種皮　アリロード (Japanese)	plant_anatomy
PO_0025379	intercellular space	espacio intercelular (Spanish)|細胞間間隙 (Japanese)	plant_anatomy
PO_0025380	leaf mesophyll intercellular space	espacio intercelular en el mes&#243filo de la hoja (Spanish)|葉肉細胞内空間（間隙） (Japanese)	plant_anatomy
PO_0025381	spongy mesophyll intercellular space	espacio intercelular en el mes&#243filo esponjoso de la hoja (Spanish)|海綿状葉肉細胞間間隙 (Japanese)	plant_anatomy
PO_0025382	substomatal cavity	cavidad subestom&#225tica (Spanish)|気孔下腔、呼吸腔 (Japanese)	plant_anatomy
PO_0025383	phyllome sinus	seno del filoma (Spanish)|フィロム洞 (Japanese)	plant_anatomy
PO_0025384	leaf sinus	seno de la hoja (Spanish)|葉洞、溝？ (Japanese)	plant_anatomy
PO_0025385	cutin	cutin matrix|クチン (Japanese)	plant_anatomy
PO_0025386	cuticular wax	cera cuticular (Spanish)|クチクラワックス (Japanese)	plant_anatomy
PO_0025387	plant cuticle proper	cut&#237cula propia de la planta (Spanish)|cuticle proper|cutin matrix|植物クチクラproper (Japanese)	plant_anatomy
PO_0025388	epicuticular wax	cera epicuticular (Spanish)|エピクチクラワックス (Japanese)	plant_anatomy
PO_0025389	intercuticular wax	cera intercuticular (Spanish)|クチクラ層間ワックス (Japanese)	plant_anatomy
PO_0025390	free ending veinlet	free ending vein|freely ending vein|自由端細脈 (Japanese)	plant_anatomy
PO_0025391	phyllome lamina areole	areola de la l&#225mina (Spanish)|フィロム葉身網目隙 (Japanese)	plant_anatomy
PO_0025392	leaf lamina areole	areola de la l&#225mina foliar (Spanish)|葉身網目隙 (Japanese)	plant_anatomy
PO_0025393	pappus	pappi|冠毛 (Japanese)	plant_anatomy
PO_0025394	pappus element	elemento del papu (Spanish)|pappus awn|pappus bristle|pappus scale|冠毛の要素 (Japanese)	plant_anatomy
PO_0025395	floral organ	&#243rgano floral (Spanish)|flower organ|花器官 (Japanese)	plant_anatomy
PO_0025396	phyllome lamina	filoma laminar (Spanish)|フィロム葉身 (Japanese)	plant_anatomy
PO_0025397	palisade mesophyll intercellular space	espacio intercelular del mes&#243filo en palisada (Spanish)|柵状葉肉細胞間間隙 (Japanese)	plant_anatomy
PO_0025398	phyllome substomatal cavity	cavidad subestom&#225tica del filoma (Spanish)|フィロム気孔下腔、フィロム呼吸腔 (Japanese)	plant_anatomy
PO_0025399	leaf substomatal cavity	cavidad subestom&#225tica de la hoja (Spanish)|葉気孔下腔, 呼吸腔 (Japanese)	plant_anatomy
PO_0025400	phyllome adaxial meristem	meristema adaxial del filoma (Spanish)|phyllome adaxial rounding meristem |phyllome adaxial unifacial meristem|フィロム向軸側分裂組織 (Japanese)	plant_anatomy
PO_0025401	leaf adaxial meristem	leaf adaxial rounding meristem|leaf adaxial unifacial meristem|leaf ventral meristem|葉向軸側分裂組織 (Japanese)	plant_anatomy
PO_0025402	phyllome abaxial meristem	meristema abaxial del filoma (Spanish)|phyllome abaxial rounding meristem |phyllome abaxial unifacial meristem|フィロム背軸側分裂組織 (Japanese)	plant_anatomy
PO_0025403	leaf abaxial meristem	leaf abaxial rounding meristem|leaf abaxial unifacial meristem|葉背軸側分裂組織 (Japanese)	plant_anatomy
PO_0025404	phyllome marginal meristem	meristema marginal del filoma (Spanish)|phyllome margin meristem|フィロム縁分裂細胞 (Japanese)	plant_anatomy
PO_0025405	leaf marginal meristem	leaf margin blastozone |leaf margin meristem|葉縁分裂組織 (Japanese)	plant_anatomy
PO_0025406	sieve element	elemento criboso (Spanish)|師(篩）要素 (Japanese)	plant_anatomy
PO_0025407	plant fiber cell	c&#233lula fibrosa vegetal (Spanish)|fiber|fiber cell|plant fiber|植物繊維細胞 (Japanese)	plant_anatomy
PO_0025408	primary vascular tissue	tejido vascular primario (Spanish)|一次維管組織 (Japanese)	plant_anatomy
PO_0025409	secondary vascular tissue	tejido vascular secundario (Spanish)|二次維管組織 (Japanese)	plant_anatomy
PO_0025410	axial system	longitudinal system|sistema axial (Spanish)|vertical system|軸系 (Japanese)	plant_anatomy
PO_0025411	ray system	horizontal system|radial system|ray|放射状組織 (Japanese)	plant_anatomy
PO_0025412	albuminous cell	c&#233lula albuminosa (Spanish)|有胚乳細胞 (Japanese)	plant_anatomy
PO_0025413	primary leaf vein	vena primaria de la hoja (Spanish)|一次葉脈 (Japanese)	plant_anatomy
PO_0025414	secondary thickening meristem	meristema de engrosamiento secundario (Spanish)|STM|二次 肥厚分裂組織 (Japanese)	plant_anatomy
PO_0025415	sieve cell	c&#233lula cribosa (Spanish)|師（篩）細胞 (Japanese)	plant_anatomy
PO_0025416	sieve tube	tubo criboso (Spanish)|師(篩）管 (Japanese)	plant_anatomy
PO_0025417	xylem vessel	vaso xilem&$225tico (Spanish)|vessel|木質部導管 (Japanese)	plant_anatomy
PO_0025418	sclerid cell	esclereida (Spanish)|sclereid|sclerid|厚膜細胞(scleroid?) (Japanese)	plant_anatomy
PO_0025419	septate fiber tracheid	fibro-traqueida septada (Spanish)|隔壁繊維仮導管 (Japanese)	plant_anatomy
PO_0025420	septate libriform fiber cell	fibra libriforme septada (Spanish)|隔壁靭皮繊維細胞 (Japanese)	plant_anatomy
PO_0025421	septate phloem fiber cell	fibra del floema septada (Spanish)|隔壁師部 fiber cell (Japanese)	plant_anatomy
PO_0025422	gelatinous fiber cell	fibra gelatinosa (Spanish)|gelatinous fiber|mucilaginous fiber cell|膠質繊維細胞 (Japanese)	plant_anatomy
PO_0025423	plant tissue development stage	etapa de desarrollo de tejido vegetal (Spanish)|tissue development stage|植物細胞発生過程 (Japanese)	plant_structure_development_stage
PO_0025424	vascular tissue development stage	etapa de desarrollo del tejido vascular (Spanish)|維管束細胞発生過程 (Japanese)	plant_structure_development_stage
PO_0025425	xylem development stage	etapa de desarrollo del xilema (Spanish)|木質部発生過程 (Japanese)	plant_structure_development_stage
PO_0025426	phloem development stage	etapa de desarrollo del floema (Spanish)|師部発生過程 (Japanese)	plant_structure_development_stage
PO_0025427	secondary xylem development stage	etapa de desarrollo del xilema secundario (Spanish)|sapwood development stage|wood development stage|二次木質部発生過程 (Japanese)	plant_structure_development_stage
PO_0025428	phyllome plate meristem	meristema en placa del filoma (Spanish)|フィロムplate分裂細胞 (Japanese)	plant_anatomy
PO_0025429	leaf plate meristem	meristema en placa de la hoja (Spanish)|葉の板状分裂組織 (Japanese)	plant_anatomy
PO_0025430	phyllome anlagen	phyllome meristem|フィロム原基 (Japanese)	plant_anatomy
PO_0025431	vascular leaf anlagen	leaf meristem|維管束系葉原基 (Japanese)	plant_anatomy
PO_0025432	cotyledon anlagen	precursor de cotiled&#243n (Spanish)|子葉原基 (Japanese)	plant_anatomy
PO_0025433	root anlagen	precursor de ra&#237 (Spanish)|根原基 (Japanese)	plant_anatomy
PO_0025434	petiole vascular bundle	haz vascular del pec&#237olo (Spanish)|葉柄維管束 (Japanese)	plant_anatomy
PO_0025435	shoot axis cork cambium	cambium suber&#237geno del &#225pice del epiblasto (Spanish)|シュート軸コルク形成層 (Japanese)	plant_anatomy
PO_0025436	root cork cambium	cambium suber&#237geno de la ra&#237z (Spanish)|根コルク形成層 (Japanese)	plant_anatomy
PO_0025437	shoot axis vascular cambium	cambium vascular del eje del epiblasto (Spanish)|シュート軸維管束形成層 (Japanese)	plant_anatomy
PO_0025438	root vascular cambium	cambium vascular de la ra&#237z (Spanish)|根維管系形成層 (Japanese)	plant_anatomy
PO_0025439	cambial zone	zona cambial (Spanish)|形成層帯 (Japanese)	plant_anatomy
PO_0025440	shoot axis cambial zone	zona cambial del eje del epiblasto (Spanish)|シュート軸形成層 (Japanese)	plant_anatomy
PO_0025441	root cambial zone	zona cambial de la ra&#237z (Spanish)|根形成層 (Japanese)	plant_anatomy
PO_0025442	stem secondary thickening meristem	meristema de engrosamiento secundario del tallo (Spanish)|茎二次肥厚分裂細胞 (Japanese)	plant_anatomy
PO_0025443	root secondary thickening meristem	meristema de engrosamiento secundario de la ra&#237z (Spanish)|根二次肥厚分裂組織 (Japanese)	plant_anatomy
PO_0025444	primary xylem tracheary element	elemento de tr&#225quea del xilema primario (Spanish)|一次木質部導管要素 (Japanese)	plant_anatomy
PO_0025445	secondary xylem tracheary element	elemento de tr&#225quea del xilema secundario (Spanish)|二次木質部仮導管要素 (Japanese)	plant_anatomy
PO_0025446	primary xylem tracheid	traqueida del xilema primario (Spanish)|一次木質部仮導管 (Japanese)	plant_anatomy
PO_0025447	secondary xylem tracheid	traqueida del xilema secundario (Spanish)|二次木質部仮導管 (Japanese)	plant_anatomy
PO_0025448	primary xylem vessel member	elemento vaso del xilema primario (Spanish)|一次木質部導管状要素 (Japanese)	plant_anatomy
PO_0025449	secondary xylem vessel member	elemento vaso del xilema secundario (Spanish)|二次木質部導管要素 (Japanese)	plant_anatomy
PO_0025450	primary xylem vessel	vaso del xilema primario (Spanish)|一次木質部導管 (Japanese)	plant_anatomy
PO_0025451	secondary xylem vessel	vaso del xilema secundario (Spanish)|二次木質部導管 (Japanese)	plant_anatomy
PO_0025452	primary phloem sieve element	elemento criboso del floema primario (Spanish)|一次師部 師（篩）要素 (Japanese)	plant_anatomy
PO_0025453	secondary phloem sieve element	elemento criboso del floema secundario (Spanish)|二次師部（師管部） 篩要素 (Japanese)	plant_anatomy
PO_0025454	primary phloem sieve cell	c&#233lula cribosa del floema primario (Spanish)|一次師部 師（篩）細胞 (Japanese)	plant_anatomy
PO_0025455	primary phloem sieve tube element	elemento de tubo criboso del floema primario (Spanish)|primary phloem sieve tube member|primary phloem sieve-tube element|一次師部 師（篩）管 (Japanese)	plant_anatomy
PO_0025456	secondary phloem sieve cell	c&#233lula cribosa del floema secundario (Spanish)|二次師部（師管部）篩細胞 (Japanese)	plant_anatomy
PO_0025457	secondary phloem sieve tube element	elemento de tubo criboso del floema secundario (Spanish)|secondary phloem sieve tube member|secondary phloem sieve-tube element|二次師部（師管部） 篩管要素 (Japanese)	plant_anatomy
PO_0025458	transfer companion cell	c&#233lula de trasnferencia acompa&#241ante (Spanish)|transfer cell|転送伴細胞  (Japanese)	plant_anatomy
PO_0025459	ordinary companion cell	c&#233lula ordinaria acompa&#241ante (Spanish)|regular companion cell|standard companion cell|通常の？伴細胞  (Japanese)	plant_anatomy
PO_0025460	intermediary companion cell	c&#233lula intermediaria acompa&#241ante (Spanish)|intermediary cell|中間伴細胞  (Japanese)	plant_anatomy
PO_0025461	early wood tracheary element	earlywood tracheary element|早材管状要素 (Japanese)	plant_anatomy
PO_0025462	late wood tracheary element	elemento de tr&#225quea de madera temprana (Spanish)|latewood tracheary element|晩材管状要素 (Japanese)	plant_anatomy
PO_0025463	cell division stage of secondary xylem	elemento de tr&#225quea de madera tard&#237a (Spanish)|二次木部の細胞分裂期 (Japanese)	plant_structure_development_stage
PO_0025464	cell expansion stage of secondary xylem	etapa de expansi&#243n celular del xilema secundario (Spanish)|二次木部の細胞伸長期 (Japanese)	plant_structure_development_stage
PO_0025465	secondary cell wall formation stage of secondary xylem	estapa de formaci&#243n de la pared secundaria celular del xilema secundario (Spanish)|二次木部の細胞壁二次壁形成段階 (Japanese)	plant_structure_development_stage
PO_0025466	cell death stage of secondary xylem	etapa de muerte celular del xilema secundario (Spanish)|transition to heartwood stage|二次木部の細胞死段階 (Japanese)	plant_structure_development_stage
PO_0025467	tracheary element death stage of secondary xylem	etapa de muerte del elemento de tr&#225a del xilema secundario (Spanish)|二次木部管状要素枯死期 (Japanese)	plant_structure_development_stage
PO_0025468	secondary xylem parenchyma cell death stage of secondary xylem	etapa de muerte de las c&#233lulas parenquim&#225ticas del xilema secundario (Spanish)|二次木部柔組織細胞死期 (Japanese)	plant_structure_development_stage
PO_0025469	cell differentiation stage of secondary xylem	etapa de diferenciaci&#243 celular del xilema secundario (Spanish)|二次木部の細胞分化期 (Japanese)	plant_structure_development_stage
PO_0025470	embryo cotyledon		plant_anatomy
PO_0025471	seedling cotyledon		plant_anatomy
PO_0025472	reaction wood		plant_anatomy
PO_0025473	compression wood		plant_anatomy
PO_0025474	tension wood		plant_anatomy
PO_0025475	coleorhiza emergence stage		plant_structure_development_stage
PO_0025476	tuberous root tuber	ra&#237z tubercular (Spanish)|root tuber|storage root|tuber root|塊茎根の塊茎(Japanese)	plant_anatomy
PO_0025477	floral organ primordium	floral structure primordia|portion of floral structure primordium tissue|primordio de organo floral (Spanish)|花器官原基 (Japanese)	plant_anatomy
PO_0025478	androecium primordium	portion of androecium primordium tissue|primordium del androecio (Spanish)|雄蕊群原基(可視的） (Japanese)	plant_anatomy
PO_0025479	basal root primordium	adventitious root primordium|portion of basal root primordium tissue|primordio basal de la ra&#237z (Spanish)|下胚軸由来の根の原基(可視的）、不定根原基(可視的）  (Japanese)	plant_anatomy
PO_0025480	shoot-borne root primordium	adventitious root primordium|portion of shoot-borne root primordium tissue|primordio del eje  del epiblasto de la ra&#237z (Spanish)|シュート細胞由来の根原基（可視的） (Japanese)	plant_anatomy
PO_0025481	leaflet primordium	leaflet primordia|portion of leaflet primordium tissue|primordio del fol&#237olo (Spanish)|小葉原基（可視的） (Japanese)	plant_anatomy
PO_0025482	bract anlagen	anlagen de br&#225ctea (Spanish)|苞原基 (Japanese)	plant_anatomy
PO_0025483	lodicule anlagen	anlagen del lod&#237culo (Spanish)|鱗被原基 (Japanese)	plant_anatomy
PO_0025484	petal anlagen	anlagen del p&#233talo (Spanish)|花弁原基 (Japanese)	plant_anatomy
PO_0025485	sepal anlagen	anlagen del s&#233palo (Spanish)|がく片原基  (Japanese)	plant_anatomy
PO_0025486	stamen anlagen	anlagen del estambre (Spanish)|雄蕊原基 (Japanese)	plant_anatomy
PO_0025487	bract primordium	bract primordia|portion of bract primordium tissue|primordio de la br&#225ctea (Spanish)|苞原基（可視的） (Japanese)	plant_anatomy
PO_0025488	flower bract primordium	flower bract primordia|portion of flower bract primordium tissue|primordio de la br&#225ctea floral (Spanish)|花苞（葉）原基（可視的） (Japanese)	plant_anatomy
PO_0025489	inflorescence bract primordium	inflorescence bract primordia|portion of inflorescence bract primordium tissue|primordio de la br&#225ctea de la inflorescencia (Spanish)|花序苞原基 (Japanese)	plant_anatomy
PO_0025490	plant ovary ovule	&#243vulo del ovario (Spanish)|子房胚珠 (Japanese)	plant_anatomy
PO_0025491	ovuliferous scale ovule	&#243vulo de la escama ovul&#237fera (Spanish)|種鱗胚珠 (Japanese)	plant_anatomy
PO_0025492	pericyclic lateral root primordium	primordio de ra&#237z lateral peric�clica (Spanish)|内鞘由来分枝根始原体 (Japanese)	plant_anatomy
PO_0025493	non-pericyclic lateral root primordium	primordio de ra&#237z lateral no peric�clica (Spanish)|内鞘以外の組織から発生する分枝根始原体 (Japanese)	plant_anatomy
PO_0025494	pericyclic lateral root	ra&#237z lateral peric&#237clica (Spanish)|内鞘由来分枝根 (Japanese)	plant_anatomy
PO_0025495	non-pericyclic lateral root	adventitious root sensu strictu|ra&#237z lateral no peric�clica (Spanish)|内鞘以外の組織から発生する分枝根 (Japanese)	plant_anatomy
PO_0025496	multi-tissue plant structure	estructura vegetal con m&#250ltiples tejidos (Spanish)|複数の組織からなる植物構造 (Japanese)	plant_anatomy
PO_0025497	collective plant structure	estructura vegetal colectiva (Spanish)|集合的植物構造 (Japanese)	plant_anatomy
PO_0025498	cardinal part of multi-tissue plant structure	parte cardinal de estructura vegetal con m&#250ltiples tejidos (Spanish)|複数の組織からなる植物構造の基本（主要）部分 (Japanese)	plant_anatomy
PO_0025499	sepal epidermis giant cell	giant cell|がく片表皮巨大細胞 (Japanese)	plant_anatomy
PO_0025500	whole plant fruit development stage		plant_structure_development_stage
PO_0025501	fruit formation stage		plant_structure_development_stage
PO_0025502	fruit ripening stage		plant_structure_development_stage
PO_0025503	fruit initiation stage		plant_structure_development_stage
PO_0025504	fruit size up to 10% stage		plant_structure_development_stage
PO_0025505	fruit size 10 to 30% stage		plant_structure_development_stage
PO_0025506	fruit size 30 to 50% stage		plant_structure_development_stage
PO_0025507	fruit size 50 to 70% stage		plant_structure_development_stage
PO_0025508	fruit size 70% to final size stage		plant_structure_development_stage
PO_0025509	archegonium central cell	 造卵器中央細胞 (Japanese)	plant_anatomy
PO_0025510	archegonium initial cell	archegonium initial|造卵器始原細胞 (Japanese)	plant_anatomy
PO_0025511	petal spur		plant_anatomy
PO_0025512	corolla spur	花冠距	plant_anatomy
PO_0025513	organ lamina		plant_anatomy
PO_0025514	phyllome lamina lobe	フィロム葉身裂片 (Japanese)	plant_anatomy
PO_0025515	phyllome lamina tooth	phyllome lamina teeth|フィロム葉身tooth (Japanese)	plant_anatomy
PO_0025516	phyllome lamina crena	phyllome lamina crenae|フィロム葉身鈍鋸歯状 (Japanese)	plant_anatomy
PO_0025517	leaf lamina lobe		plant_anatomy
PO_0025518	leaf lamina tooth	leaf lamina teeth	plant_anatomy
PO_0025519	leaf lamina crena	leaf lamina crenae|leaf lamina crenule|leaf lamina scallop	plant_anatomy
PO_0025520	leaf lamina intramarginal vein	intramarginal vein	plant_anatomy
PO_0025521	unicellular plant gametangium	gametangium|単細胞植物配偶子嚢 (Japanese)	plant_anatomy
PO_0025522	tuber	塊茎 (Japanese)	plant_anatomy
PO_0025523	tuberous root		plant_anatomy
PO_0025524	ventral canal cell		plant_anatomy
PO_0025525	spermatogenous cell		plant_anatomy
PO_0025526	body cell	gymnosperm generative cell 	plant_anatomy
PO_0025527	shoot system development stage		plant_structure_development_stage
PO_0025528	bud development stage		plant_structure_development_stage
PO_0025529	bud dormancy stage	E-L 1	plant_structure_development_stage
PO_0025530	reproductive shoot system development stage		plant_structure_development_stage
PO_0025531	bud swell stage	E-L 2	plant_structure_development_stage
PO_0025532	bud burst stage	E-L 4	plant_structure_development_stage
PO_0025533	prothallial cell		plant_anatomy
PO_0025534	adventitious shoot axis	eje adventicio del epiblasto (Spanish)|不定シュート軸 (Japanese)	plant_anatomy
PO_0025535	multicellular trichome tip	punta multicelular del tricoma (Spanish)|tip of a multicellular trichome|多細胞トリコーム（毛茸、糸状体）先端 (Japanese)	plant_ontology
PO_0025536	plant cuticle ridge	cresta de la cuticula vegetal (Spanish)|植物クチクラ縁 (Japanese)	plant_anatomy
PO_0025537	unicellular trichome	non-glandular unicellular trichome |non-secretory unicellular trichome|simple trichome|tricoma unicelular (Spanish)|単細胞トリコーム（毛茸、糸状体) (Japanese)	plant_anatomy
PO_0025538	plant sap	savia de la planta (Spanish)|植物液 (Japanese)	plant_anatomy
PO_0025539	xylem sap	savia del xilema (Spanish)|木質部樹液 (Japanese)	plant_anatomy
PO_0025540	phloem sap	savia del floema (Spanish)|師管液 (Japanese)	plant_anatomy
PO_0025541	bundle sheath cell	celula de la vaina del haz vascular (Spanish)|維管束鞘細胞 (Japanese)	plant_anatomy
PO_0025542	bundle sheath chlorenchyma cell	celula clorenquimatica de la vaina del haz vascular (Spanish) |維管束鞘同化組織、葉緑組織細胞 (Japanese)	plant_anatomy
PO_0025543	tapetum cell	c&#233lula del tapete (Spanish)|tapetal cell|タペート細胞 (Japanese)	plant_anatomy
PO_0025544	microsporangium tapetum cell	c&#233lula del tapete del microsporangio (Spanish)|microsporangium tapetal cell|小胞子嚢タペート細胞 (Japanese)	plant_anatomy
PO_0025545	anther wall tapetum cell	anther wall tapetal cell	plant_anatomy
PO_0025546	accessory paraclade	accessory second order inflorescence axis|paraclado accesorio (Spanish)|副（補助）側生分枝 (Japanese)	plant_anatomy
PO_0025547	cauline paraclade	paraclado caulinar (Spanish)|茎側生分枝 (Japanese)	plant_anatomy
PO_0025548	rosette paraclade	paraclado en roseta (Spanish) |ロゼット側生分枝 (Japanese)	plant_anatomy
PO_0025549	trichome tip	punta del tricoma (Spanish)|トリコーム（毛茸、糸状体）先端 (Japanese)	plant_anatomy
PO_0025550	trichome apex	apice del tricoma (Spanish)|トリコーム（毛茸、糸状体）頂端 (Japanese)	plant_anatomy
PO_0025551	multicellular trichome apex	apex of a multicellular trichome	plant_ontology
PO_0025552	centarch protoxylem	protoxilema centrarco (Spanish)|心原型原生木部 (Japanese)	plant_anatomy
PO_0025553	mesarch protoxylem	 protoxilema mesarco (Spanish)| 中原型原生木部 (Japanese)	plant_anatomy
PO_0025554	exarch protoxylem	 外原型原生木部 (Japanese)|protoxilema exarco (Spanish)	plant_anatomy
PO_0025555	root system exarch protoxylem	protoxilema exarco de la raiz (Spanish) |根外原型原生木部 (Japanese)	plant_anatomy
PO_0025556	shoot system exarch protoxylem	 シュート組織外原型原生木部 (Japanese)|protoxilema exarco del sistema del epiblasto (Spanish)	plant_anatomy
PO_0025557	endarch protoxylem	protoxilema endarch (Spanish)	plant_anatomy
PO_0025558	monarch protoxylem	protoxilema monarco (Spanish)|単原型原生木部 (Japanese)	plant_anatomy
PO_0025559	diarch protoxylem	 二原型原生木部 (Japanese)|protoxilema diarco (Spanish)	plant_anatomy
PO_0025560	triarch protoxylem	protoxilema triarco (Spanish)|三原型原生木部 (Japanese)	plant_anatomy
PO_0025561	tetrarch protoxylem	protoxilema tetrarco (Spanish)|四原型原生木部 (Japanese)	plant_anatomy
PO_0025562	pentarch protoxylem	protoxilema pentarco (Spanish)|五原型原生木部 (Japanese)	plant_anatomy
PO_0025563	polyarch protoxylem	protoxilema poliarco (Spanish)|多原型原生木部 (Japanese)	plant_anatomy
PO_0025564	megasporangium tapetum cell	c&#233lula del tapete de megasporangio (Spanish)|大胞子嚢絨毯組織（タペート組織）細胞 (Japanese)	plant_anatomy
PO_0025565	shoot system xylem sap	savia del floema del epiblasto (Spanish) |シュート組織木部樹液 (Japanese) 	plant_anatomy
PO_0025566	shoot system phloem sap	savia del floema del sistema del epiblasto (Spanish)|シュート組織師管液 (Japanese)	plant_anatomy
PO_0025567	root system phloem sap	savia del floema del sistema de la raiz (Spanish)|根組織師管液 (Japanese)	plant_anatomy
PO_0025568	root system xylem sap	savia del xilema del sistema de la raiz (Spanish)|根組織木部樹液 (Japanese)	plant_anatomy
PO_0025569	free petal	petalo libre (Spanish)|遊離花弁 (Japanese)	plant_anatomy
PO_0025575	protoxylem tracheary element	elemento de traqueida del protoxilema (Spanish)|原生木部仮導管要素 (Japanese)	plant_anatomy
PO_0025576	metaxylem tracheary element	elemento de traqueida del metaxilema (Spanish)|後生木部仮導管要素 (Japanese)	plant_anatomy
PO_0025577	epicalyx bract	bractea del epicalix (Spanish)|がく状総苞 苞葉 (Japanese)	plant_anatomy
PO_0025578	collective phyllome structure development stage	estado de desarrollo de la estructura colectiva del filoma (Spanish)	plant_structure_development_stage
PO_0025579	phyllome development stage	estado de desarrollo del filoma (Spanish)	plant_structure_development_stage
PO_0025580	fused perianth	perianto fusionado (Spanish)|融合花蓋、花被 (Japanese)	plant_anatomy
PO_0025581	fused corolla	connate petal structure|corola fusionada (Spanish)|融合花冠 (Japanese)	plant_anatomy
PO_0025582	fused calyx	融合がく(Japanese)	plant_anatomy
PO_0025583	fused petal		plant_anatomy
PO_0025584	fused sepal		plant_anatomy
PO_0025585	floral organ formation stage	flower morphogenesis stage 	plant_structure_development_stage
PO_0025587	free sepal	sepalo libre (Spanish)|遊離がく片(Japanese)	plant_anatomy
PO_0025588	flower meristem transition stage		plant_structure_development_stage
PO_0028002	sporophyte development stage	fase esporof&#237tica (Spanish)|sporophytic development stage|sporophytic phase|sporphyte phase|胞子体発生過程 (Japanese)	plant_structure_development_stage
PO_0028003	gametophyte development stage	fase gametof&#237tica (Spanish)|gametophyte phase|gametophytic development stage|gametophytic phase|配偶体発生過程 (Japanese)	plant_structure_development_stage
PO_0030001	chloronema cell	c&#233lula del cloronema (Spanish)|クロロネマ細胞 (Japanese)	plant_anatomy
PO_0030002	caulonema cell	c&#233lula del caulonema (Spanish)|カウロネマ細胞 (Japanese)	plant_anatomy
PO_0030003	protonema	portion of protonema tissue|protonema (Spanish)|protonemata|原糸体 (Japanese)	plant_anatomy
PO_0030004	chloronema	chloronemata|cloronema (Spanish)|portion of chloronema tissue|クロロネマ (Japanese)	plant_anatomy
PO_0030005	caulonema	caulonema (Spanish)|caulonemata|portion of caulonema tissue|カウロネマ (Japanese)	plant_anatomy
PO_0030006	protonema whole plant development stage	fase protonemica (Spanish)|protonema phase|protonemal phase|原糸体を形成する植物発生段階 (Japanese)	plant_structure_development_stage
PO_0030007	meristematic apical cell	apical cell|apical initial|c&#233lula apical (Spanish)|分裂組織の頂端細胞 (Japanese)	plant_anatomy
PO_0030008	root meristematic apical cell	c&#233lula apical de la ra&#237z (Spanish)|root apical cell|root apical initial|根分裂組織の頂端細胞 (Japanese)	plant_anatomy
PO_0030009	shoot meristematic apical cell	c&#233lula apical del epiblasto (Spanish)|shoot apical cell|shoot apical initial|シュート分裂組織の頂端細胞 (Japanese)	plant_anatomy
PO_0030010	shoot axis meristematic apical cell	c&#233lula apical del eje del epiblasto (Spanish)|shoot axis apical cell|shoot axis apical initial|シュート軸分裂組織の頂端細胞 (Japanese)	plant_anatomy
PO_0030011	leaf meristematic apical cell	c&#233lula apical de la hoja (Spanish)|leaf apical cell|leaf apical initial|葉分裂組織の頂端細胞 (Japanese)	plant_anatomy
PO_0030012	vascular leaf meristematic apical cell	c&#233lula apical de la hoja vascular (Spanish)|vascular leaf apical cell|vascular leaf apical initial|維管束を持つ葉の分裂組織の頂端細胞 (Japanese)	plant_anatomy
PO_0030013	non-vascular leaf meristematic apical cell	c&#233lula apical de la hoja no vascular (Spanish)|non-vascular leaf apical cell|non-vascular leaf apical initial|phyllid apical cell|phyllid apical initial|維管束を持たない葉の分裂組織の頂端細胞 (Japanese)	plant_anatomy
PO_0030014	gametophyte meristematic apical cell	c&#233lula apical gametof&#237tica (Spanish)|gametophyte apical cell|gametophyte apical initial|gametophytic meristematic apical cell|配偶体分裂組織の頂端細胞 (Japanese)	plant_anatomy
PO_0030015	sporophyte meristematic apical cell	c&#233lula apical esporof&#237tica (Spanish)|sporophyte apical cell|sporophyte apical initial|sporophytic meristematic apical cell|胞子体分裂組織の頂端細胞 (Japanese)	plant_anatomy
PO_0030016	seta meristematic apical cell	c&#233lula apical de la seta (Spanish)|seta apical cell|seta apical initial|柄分裂組織の頂端細胞 (Japanese)	plant_anatomy
PO_0030017	spore capsule mouth	boca de la c&#225psula productora de esporas (Spanish)|sporangium mouth|胞子嚢口 (Japanese)	plant_anatomy
PO_0030018	gametophore	gamet&#243foro (Spanish)|ramet|茎葉体, 蘚苔類の配偶体 (Japanese)	plant_anatomy
PO_0030019	gametophore meristematic apical cell	c&#233lula apical del gamet&#243foro (Spanish)|gametophore apical cell|gametophore apical initial|茎葉体分裂組織の頂端細胞 (Japanese)	plant_anatomy
PO_0030020	gametophore axis	caulid|cauloid|eje del gamet&#243foro (Spanish)|non-vascular shoot axis|茎葉体軸 (Japanese)	plant_anatomy
PO_0030021	gametophore branch	caulid branch|cauloid branch|non-vascular branch|rama del gamet&#243foro (Spanish)|茎葉体枝 (Japanese)	plant_anatomy
PO_0030022	gametophore stem	caulid stem|cauloid stem|non-vascular stem|tallo del gamet&#243foro (Spanish)|茎葉体の茎 (Japanese)	plant_anatomy
PO_0030023	gametophore axis meristematic apical cell	c&#233lula apical del eje del gamet&#243foro (Spanish)|cauloid apical cell|gametophore axis apical cell|gametophore axis apical initial|non-vascular shoot axis apical cell|茎葉体軸分裂組織の頂端細胞 (Japanese)	plant_anatomy
PO_0030024	vascular shoot axis meristematic apical cell	c&#233lula apical del eje del epiblasto vascualr (Spanish)|fern shoot axis apical cell|vascular shoot axis apical cell|vascular shoot axis apical initial|維管束を持つシュート軸分裂組織の頂端細胞 (Japanese)	plant_anatomy
PO_0030025	thallus meristematic apical cell	c&#233lula apical del talo (Spanish)|thallus apical cell|thallus apical initial|葉状体分裂組織の頂端細胞 (Japanese)	plant_anatomy
PO_0030026	gametophore bud	brown bud|yema del gamet&#243foro (Spanish)|茎葉体芽 (Japanese)	plant_anatomy
PO_0030027	thallus	prothallium|talo (Spanish)|thalli|葉状体 (Japanese)	plant_anatomy
PO_0030028	perigonial bract	br&#225ctea del perigonio (Spanish)|perigonium bract|花蓋苞葉 (Japanese)	plant_anatomy
PO_0030029	sporophyte foot	pie del esporofito (Spanish)|胞子体あし (Japanese)	plant_anatomy
PO_0030030	perichaetal bract	br&#225ctea pericaetal (Spanish)|perichaetum bract|雌花苞葉 (Japanese)	plant_anatomy
PO_0030031	gametophyte perianth	gametophytic perianth|perianto del grametofito (Spanish)|配偶体花蓋、花被  (Japanese)	plant_anatomy
PO_0030032	seta	seta (Spanish)|setae|とげ、剛毛、コケの柄 (Japanese)	plant_anatomy
PO_0030033	antheridiophore	anteridi&#243foro (Spanish)|雄器床柄 (Japanese)	plant_anatomy
PO_0030034	archegoniophore	arquegoni&#243foro (Spanish)|雌器床柄、雌器托 (Japanese)	plant_anatomy
PO_0030035	antheridium stalk	antheridial stalk|ped&#250nculo del anteridio (Spanish)|造精器柄 (Japanese)	plant_anatomy
PO_0030036	archegonium stalk	archegonial stalk|ped&#250nculo del arquegonio (Spanish)|造卵器柄 (Japanese)	plant_anatomy
PO_0030037	spore capsule calyptra	caliptra de la c&#225psula productora de esporas (Spanish)|spore capsule calyptrae|コケ類　蘚帽 (Japanese)	plant_anatomy
PO_0030038	venter	vientre (Spanish)|造卵器腹部 (Japanese)	plant_anatomy
PO_0030039	archegonium neck	archegonial neck|cuello del arquegonio (Spanish)|造卵器頸部 (Japanese)	plant_anatomy
PO_0030040	sporangium base	apophysis|base del esporangio (Spanish)|hypophysis|sporangium neck|胞子嚢基部 (Japanese)	plant_anatomy
PO_0030041	sporangium theca	sporangium urn|teca del esporangio (Spanish)|胞子嚢殻 (Japanese)	plant_anatomy
PO_0030042	peristome	peristoma (Spanish)|蒴歯、縁歯 (Japanese)	plant_anatomy
PO_0030043	peristome tooth	dientes del peristoma (Spanish)|蒴歯歯片、縁歯歯片,　歯環を構成する個々の歯(Japanese)	plant_anatomy
PO_0030044	spore capsule operculum	op&#233rculo de la c&#225psula productora de esporas (Spanish)|sporangium lid|spore capsule lid|spore capsule opercula|胞子嚢蓋 (Japanese)	plant_anatomy
PO_0030045	stereid	estereida (Spanish)|stereid cell|補強細胞 (Japanese)	plant_anatomy
PO_0030046	protonema meristematic apical cell	c&#233lula meristem&#225tica apical del protonema (Spanish)|protonema apical cell|protonema apical initial|原糸体、糸状体の分裂組織の頂端細胞 (Japanese)	plant_anatomy
PO_0030047	hydrome	hidromo (Spanish)|hydrom|leptoxylem|導水組織 (Japanese)	plant_anatomy
PO_0030048	leptome	leptom|leptomo (Spanish)|leptophloem|師部、レプトーム (Japanese)	plant_anatomy
PO_0030049	sporangium wall endothecium	endotecio de la pared del esporangio (Spanish)|endothecium of sporangium wall|胞子嚢壁内皮 (Japanese)	plant_anatomy
PO_0030050	stereome	estereomo (Spanish)|機械組織 (Japanese)	plant_anatomy
PO_0030051	central strand	conducting cylinder|conducting strand|hebra (hilo) central (Spanish)|中心束 (Japanese)	plant_anatomy
PO_0030052	antheridium jacket layer cell	antheridium wall cell|capa c&#233lular de la cubierta del anteridio (Spanish)|jacket cell|sterile jacket cell|造精器被覆層細胞 (Japanese)	plant_anatomy
PO_0030053	antheridium jacket layer	antheridial jacket layer|antheridium wall|capa de la cubierta del anteridio (Spanish)|sterile jacket layer|造精器被覆層 (Japanese)	plant_anatomy
PO_0030054	epiphragm	epifragma (Spanish)|epiphram|tympanum|冬蓋 (Japanese)	plant_anatomy
PO_0030055	pseudopodium	pseudopodia|pseudopodio (Spanish)|擬子柄 (Japanese)	plant_anatomy
PO_0030056	archesporial cell	archesporial initial|c&#233lula arquesporial (Spanish)|sporogenous cell|胞原細胞 (Japanese)	plant_anatomy
PO_0030057	alar cell	c&#233lula alar (Spanish)|翼細胞 (Japanese)	plant_anatomy
PO_0030058	brachycyte	braquicito (Spanish)|brood cell|原糸体細胞の細胞壁を厚くした細胞、耐性細胞(brood cell?) (Japanese)	plant_anatomy
PO_0030059	tmema cell	brachytmema cell|c&#233lula del tmema (Spanish)|dlichotmema cell|tmema細胞 (Japanese)	plant_anatomy
PO_0030060	gametophore axillary hair	club hair|pelo axilar del gamet&#243foro (Spanish)|茎葉体腋毛 (Japanese)	plant_anatomy
PO_0030061	tmema	tmema (Japanese)|tmema (Spanish)	plant_anatomy
PO_0030062	gametophore axillary hair terminal cell	c&#233lula terminal de pelo axilar del gamet&#243foro (Spanish)|茎葉体腋毛終端細胞 (Japanese)	plant_anatomy
PO_0030063	gametophore axillary hair base	base del pelo axilar del gamet&#243foro (Spanish)|茎葉体腋毛基底 (Japanese)	plant_anatomy
PO_0030064	gametophore axillary hair basal cell	c&#233lula basal del pelo axilar del gamet&#243foro (Spanish)|gametophore axillary hair base cell|茎葉体腋毛基底細胞 (Japanese)	plant_anatomy
PO_0030065	archegonium neck canal cell	archegonial neck canal cell|c&#233lula del canal del cuello del arquegonio (Spanish)|造卵器頚溝細胞 (Japanese)	plant_anatomy
PO_0030066	archegonium neck canal	archegonial neck canal|canal del cuello del arquegonio (Spanish)|造卵器頚溝 (Japanese)	plant_anatomy
PO_0030067	protonema side branch initial cell	protonema side branch initial|protonemal side branch initial cell|rama lateral inicial del protonema (Spanish)|原糸体側枝始原細胞 (Japanese)	plant_anatomy
PO_0030068	epidermal rhizoid initial cell	epidermal rhizoid initial|rizoide inicial epid&#233rmico (Spanish)|表皮仮根始原細胞 (Japanese)	plant_anatomy
PO_0030069	paraphyllium	parafilium (Spanish)|paraphyllia|毛葉 (Japanese)	plant_anatomy
PO_0030070	paraphysis	par&#225fisis (Spanish)|paraphyses|側糸 (Japanese)	plant_anatomy
PO_0030071	epidermal rhizoid	rizoide epid&#233rmico (Spanish)|表皮仮根 (Japanese)	plant_anatomy
PO_0030072	costa	costa (Spanish)|costae|mid rib|midrib|non-vascular leaf midrib|non-vascular leaf midvein|non-vascular leaflet midrib|phyllid costa|phyllid midrib|phyllid midvein|中肋 (Japanese)	plant_anatomy
PO_0030073	exothecium	epithecium|exotecio (Spanish)|sporangium epidermis|sporangium wall exothecium|葯の表皮（外膜) (Japanese)	plant_anatomy
PO_0030074	archesporium	arquesporio (Spanish)|sporogenous tissue|胞原組織 (Japanese)	plant_anatomy
PO_0030075	antheridium head	antheridial head|cabeza del anteridio (Spanish)|造精器頭部 (Japanese)	plant_anatomy
PO_0030076	archegonium head	archegonial head|cabeza del arquegonio (Spanish)|造卵器頭部 (Japanese)	plant_anatomy
PO_0030077	protonemal side branch rhizoid initial cell	protonema side branch rhizoid initial|protonemal side branch rhizoid initial|rama lateral inicial del rizoide proton&#233mico (Spanish)|原糸体側枝仮根始原細胞 (Japanese)	plant_anatomy
PO_0030078	rhizoid	rizoide (Spanish)|仮根 (Japanese)	plant_anatomy
PO_0030079	protonemal rhizoid	rizoide proton&#233mico (Spanish)|原糸体仮根 (Japanese)	plant_anatomy
PO_0030080	rhizoid meristematic apical cell	c&#233lula apical meristem&#225tica del rizoide (Spanish)|rhizoid apical cell|rhizoid apical initial|仮根分裂頂端細胞 (Japanese)	plant_anatomy
PO_0030081	caulonema meristematic apical cell	c&#233lula apical meristem&#225tica del caulonema (Spanish)|caulonema apical cell|caulonema apical initial|カウロネマ分裂頂端細胞 (Japanese)	plant_anatomy
PO_0030082	chloronema meristematic apical cell	c&#233lula apical meristem&#225tica del cloronema (Spanish)|chloronema apical cell|chloronema apical initial|クロロネマ分裂頂端細胞 (Japanese)	plant_anatomy
PO_0030083	gametophore bud initial cell	gametophore bud initial|茎葉体芽始原細胞 (Japanese)	plant_anatomy
PO_0030084	amphithecium	anfitecio (Spanish)|アンフィテシウム細胞 (Japanese)	plant_anatomy
PO_0030085	protosporangium endothecium	endotecio del protoesporangio (Spanish)|endothecium of protosporangium|原生胞子嚢内皮 (Japanese)	plant_anatomy
PO_0030086	protonema sub-apical initial cell	c&#233lula subapical inicial del protonema (Spanish)|protonema sub-apical initial|protonemal sub-apical initial cell|原糸体次頂端始原細胞 (Japanese)	plant_anatomy
PO_0030087	preceded_by	c&#233lula inicial de la hoja no vascular (Spanish)|non-vascular leaf initial|非維管束葉の始原細胞 (Japanese)	plant_ontology
