flopo_id	flopo_iri	label	definition	parent_pato_ids	parent_pato_labels	frequency	quality_contexts	examples	candidate_id	axiom_type	logical_target_ids	sources
FLOPO_0980085	http://purl.obolibrary.org/obo/FLOPO_0980085	greenish	A botanical color in which green is the predominant color and an unspecified other color is present as a minor component.	PATO_0000014	color	24	flower color (22)|stem color (1)|petal color (1)	Alternanthera pungens: tiny greenish flowers || Amaranthus graecizans: greenish or pinkish flowers || Amaranthus spinosus: tiny greenish flowers || An erect slender narrow-leaved branching: tiny greenish flowers 2 mm wide	FLOPO_VALUE_greenish	subclass		https://www.upov.int/documents/d/upov/tgp-documents-en-tgp_14.pdf
FLOPO_0980086	http://purl.obolibrary.org/obo/FLOPO_0980086	reddish	A botanical color in which red is the predominant color and an unspecified other color is present as a minor component.	PATO_0000014	color	21	flower color (5)|stem color (4)|leaf color (2)|fruit color (2)|calyx color (2)	Allophylus rubifolius: some of them reddish coloured || Ammannia baccifera: tiny round reddish fruits || Asphodelus refractus: a reddish line down the centre of each tepal || Asphodelus refractus: stems are reddish	FLOPO_VALUE_reddish	subclass		https://www.upov.int/documents/d/upov/tgp-documents-en-tgp_14.pdf
FLOPO_0980087	http://purl.obolibrary.org/obo/FLOPO_0980087	pale lilac	A botanical phenotype value denoting pale lilac, used in flora descriptions. This FLOPO extension value is classified under the PATO value class(es): lilac.	PATO_0001943	lilac	18	flower color (18)	An erect bushy leafy shrublet: pale lilac flowers || An erect woody shrublet: pale lilac flowers || Aptosimum pumilum: pale lilac flowers || Astragalus tribuloides var. minutus: pale lilac flowers	FLOPO_VALUE_pale_lilac	subclass	PATO_0001943	""
FLOPO_0980089	http://purl.obolibrary.org/obo/FLOPO_0980089	greyish	A botanical color in which grey is the predominant color and an unspecified other color is present as a minor component.	PATO_0000014	color	13	leaf color (9)|stem color (4)	An erect many-stemmed: downy greyish leaves || Bassia eriophora: small greyish leaves || Bupieriiy glosierifers: greyish leaves || Euphorbia schimperi: greyish stems	FLOPO_VALUE_greyish	subclass		https://www.upov.int/documents/d/upov/tgp-documents-en-tgp_14.pdf
FLOPO_0980091	http://purl.obolibrary.org/obo/FLOPO_0980091	rosy-lilac	A composite botanical phenotype value denoting rosy-lilac, used in flora descriptions; its component qualities are rosy, pink, red, lilac.	PATO_0000001	quality	12	flower color (12)	An erect herb branching from the base with: deep rosy-lilac flowers || Astragalus abyssinicus ssp. abyssinicus: rosy-lilac || Commicarpus grandiflorus: rosy-lilac flowers || Dolichos trilobus: rosy-lilac flowers	FLOPO_VALUE_rosy_lilac	components	PATO_0001425|PATO_0000954|PATO_0000322|PATO_0001943	""
FLOPO_0980092	http://purl.obolibrary.org/obo/FLOPO_0980092	silvery	A botanical phenotype value denoting silvery, used in flora descriptions. This FLOPO extension value is classified under the PATO value class(es): grey.	PATO_0000950	grey	11	leaf color (10)|stem color (1)	Argyrolobium confertum: silvery leaves || Astragalus schimperi: leaves are sometimes narrow and silvery || Astragalus trachoniticus: silvery leaves || Crotalaria quartiniana: silvery stems	FLOPO_VALUE_silvery	subclass	PATO_0000950	""
FLOPO_0980094	http://purl.obolibrary.org/obo/FLOPO_0980094	yellowish	A botanical color in which yellow is the predominant color and an unspecified other color is present as a minor component.	PATO_0000014	color	10	flower color (6)|bark color (1)|fruit color (1)|stem color (1)|leaf color (1)	Acacia seyal: yellowish peeling bark || Alyssum linifolium: tiny yellowish ovate flat fruits || Euphorbia hirta: yellowish flowers || Heliotropium rariflorum: very brittle yellowish stems	FLOPO_VALUE_yellowish	subclass		https://www.upov.int/documents/d/upov/tgp-documents-en-tgp_14.pdf
FLOPO_0980095	http://purl.obolibrary.org/obo/FLOPO_0980095	long narrow	A composite botanical phenotype value denoting long narrow, used in flora descriptions; its component qualities are elongated, decreased width.	PATO_0000001	quality	10	fruit shape (4)|leaf shape (4)|leaflet shape (1)|calyx shape (1)	Acacia seyal: long narrow pods || Ammannia baccifera: usually alternate long narrow leaves || Cyamopsis senegalensis: long narrow leaflets || Erucastrum arabicum: long narrow fruits	FLOPO_VALUE_long_narrow	components	PATO_0001154|PATO_0000599	""
FLOPO_0980097	http://purl.obolibrary.org/obo/FLOPO_0980097	pinkish	A botanical color in which pink is the predominant color and an unspecified other color is present as a minor component.	PATO_0000014	color	9	flower color (6)|bud color (1)|stamen color (1)|stem color (1)	Amaranthus graecizans: greenish or pinkish flowers || Dracaena serrulata: many tiny pinkish buds || Morettia canescens: pinkish flowers 2 cm wide || Phagnalon sp. aff. scalarum: pinkish flowers	FLOPO_VALUE_pinkish	subclass		https://www.upov.int/documents/d/upov/tgp-documents-en-tgp_14.pdf
FLOPO_0980098	http://purl.obolibrary.org/obo/FLOPO_0980098	creamy-white	A composite botanical phenotype value denoting creamy-white, used in flora descriptions; its component qualities are white, yellow.	PATO_0000001	quality	9	flower color (9)	Asystasia gangetica: creamy-white flowers 1.2 cm wide || Cordia sinensis: creamy-white flowers || Hippocrepis sp. aff. ciliata: creamy-white flowers || Hochstettera schimperi: creamy-white flowers	FLOPO_VALUE_creamy_white	components	PATO_0000323|PATO_0000324	""
FLOPO_0980100	http://purl.obolibrary.org/obo/FLOPO_0980100	purplish	A botanical color in which purple is the predominant color and an unspecified other color is present as a minor component.	PATO_0000014	color	7	flower color (3)|fruit color (3)|stem color (1)	Allium pseudocalyptratum: small purplish flowers || Bupleurum gerardii: purplish fleshy flowers || Dodonaea viscosa: green and purplish flowers || Euphorbia inarticulata: small purplish erect fruits	FLOPO_VALUE_purplish	subclass		https://www.upov.int/documents/d/upov/tgp-documents-en-tgp_14.pdf
FLOPO_0980101	http://purl.obolibrary.org/obo/FLOPO_0980101	pale greenish	A botanical phenotype value denoting pale greenish, used in flora descriptions. This FLOPO extension value is classified under the PATO value class(es): green.	PATO_0000320	green	7	flower color (7)	An erect slender-stemmed branching leafy: pale greenish flowers || Cissus rotundifolius: pale greenish flowers || Dichrocephala chrysanthemifolia: pale greenish flowers || Pentatropis spiralis: pale greenish flowers	FLOPO_VALUE_pale_greenish	subclass	PATO_0000320	""
FLOPO_0980104	http://purl.obolibrary.org/obo/FLOPO_0980104	pure white	A botanical phenotype value denoting pure white, used in flora descriptions. This FLOPO extension value is classified under the PATO value class(es): white.	PATO_0000323	white	6	flower color (6)	Acacia abyssinica: pure white flowers || Barleria sp. aff. parviflora: pure white flowers || Crossandra wissmannii: opening pure white || Iris albicans: pure white flowers	FLOPO_VALUE_pure_white	subclass	PATO_0000323	""
FLOPO_0980105	http://purl.obolibrary.org/obo/FLOPO_0980105	scarlet	A botanical phenotype value denoting scarlet, used in flora descriptions. This FLOPO extension value is classified under the PATO value class(es): red.	PATO_0000322	red	6	flower color (4)|anther color (1)|leaf color (1)	Indigofera hochstetteri: scarlet flowers || Indigofera sp. aff. trita: scarlet flowers || Lotus corniculatus: flushed with scarlet || Papaver dubium sensu lato: scarlet flowers 4 cm wide	FLOPO_VALUE_scarlet	subclass	PATO_0000322	""
FLOPO_0980106	http://purl.obolibrary.org/obo/FLOPO_0980106	crimson	A botanical phenotype value denoting crimson, used in flora descriptions. This FLOPO extension value is classified under the PATO value class(es): red.	PATO_0000322	red	6	flower color (2)|leaf color (1)|anther color (1)|petal color (1)|filament color (1)	Kalanchoe sp. aff. glaucescens: green leaves edged with crimson || Myrsine africana: tiny crowded crimson bud-like flowers 1 mm wide || Salsola volkensii: flowers reduced to crimson anthers || Tapinanthus globiferus: aging crimson	FLOPO_VALUE_crimson	subclass	PATO_0000322	""
FLOPO_0980107	http://purl.obolibrary.org/obo/FLOPO_0980107	palmate	A botanical phenotype value denoting palmate, used in flora descriptions. This FLOPO extension value is classified under the PATO value class(es): shape.	PATO_0000052	shape	5	leaf shape (5)	Althaea ludwigii: deeply lobed palmate leaves || Cienfuegosia welshii: dark green palmate leaves || Corallocarpus epigeus: deeply lobed palmate leaves || Croton lobatus: large deeply lobed palmate leaves	FLOPO_VALUE_palmate	subclass	PATO_0000052	""
FLOPO_0980108	http://purl.obolibrary.org/obo/FLOPO_0980108	deep rosy-lilac	A composite botanical phenotype value denoting deep rosy-lilac, used in flora descriptions; its component qualities are lilac, rosy, pink, red.	PATO_0000001	quality	5	flower color (5)	An erect herb branching from the base with: deep rosy-lilac flowers || Endostemon gracile: deep rosy-lilac flowers || Endostemon tenuiflorus: deep rosy-lilac flowers || Fagonia glutinosa: deep rosy-lilac flowers	FLOPO_VALUE_deep_rosy_lilac	components	PATO_0001943|PATO_0001425|PATO_0000954|PATO_0000322	""
FLOPO_0980109	http://purl.obolibrary.org/obo/FLOPO_0980109	bright scarlet	A botanical phenotype value denoting bright scarlet, used in flora descriptions. This FLOPO extension value is classified under the PATO value class(es): red.	PATO_0000322	red	5	flower color (3)|fruit color (2)	An erect woody shrublet: bright scarlet fruits || Euphorbia sp. aff. ammak: bright scarlet fruits || Indigofera arabica: bright scarlet flowers || Plicosepalus acaciae: aging bright scarlet	FLOPO_VALUE_bright_scarlet	subclass	PATO_0000322	""
FLOPO_0980110	http://purl.obolibrary.org/obo/FLOPO_0980110	flushed with pink	A botanical phenotype value denoting flushed with pink, used in flora descriptions. This FLOPO extension value is classified under the PATO value class(es): pink.	PATO_0000954	pink	5	flower color (4)|petal color (1)	Astragalus spinosus: occasionally flushed with pink || Convolvulus arvensis: flushed with pink || Jasminum grandiflorum var. floribundum: flushed with pink behind the petals || Lonicera etrusca: flushed with pink	FLOPO_VALUE_flushed_with_pink	subclass	PATO_0000954	""
FLOPO_0980111	http://purl.obolibrary.org/obo/FLOPO_0980111	deep lilac	A botanical phenotype value denoting deep lilac, used in flora descriptions. This FLOPO extension value is classified under the PATO value class(es): lilac.	PATO_0001943	lilac	5	flower color (4)|bract color (1)	Astragalus vogelii: deep lilac flowers || Cakile arabica: deep lilac flowers || Horwoodia dicksoniae: deep lilac flowers wide || Lavandula dentata: deep lilac bracts	FLOPO_VALUE_deep_lilac	subclass	PATO_0001943	""
FLOPO_0980112	http://purl.obolibrary.org/obo/FLOPO_0980112	bluish	A botanical color in which blue is the predominant color and an unspecified other color is present as a minor component.	PATO_0000014	color	5	leaf color (3)|stamen color (1)|banner petal color (1)	Chrozophora tinctoria: bluish leaves || Hochstettera schimperi: prominent bluish stamens || Macrotyloma axillare var. axillare: standard with a bluish blotch || Nitraria retusa: leathery bluish leaves	FLOPO_VALUE_bluish	subclass		https://www.upov.int/documents/d/upov/tgp-documents-en-tgp_14.pdf
FLOPO_0980113	http://purl.obolibrary.org/obo/FLOPO_0980113	lilac-blue	A composite botanical phenotype value denoting lilac-blue, used in flora descriptions; its component qualities are lilac, blue.	PATO_0000001	quality	5	flower color (5)	Echium longifolium: age lilac-blue || Ixiolirion tataricum: tubular lilac-blue flowers || Nepeta deflersiana: lilac-blue flowers || Plectranthus tenuiflorus: lilac-blue flowers	FLOPO_VALUE_lilac_blue	components	PATO_0001943|PATO_0000318	""
FLOPO_0980116	http://purl.obolibrary.org/obo/FLOPO_0980116	deep crimson	A botanical phenotype value denoting deep crimson, used in flora descriptions. This FLOPO extension value is classified under the PATO value class(es): red.	PATO_0000322	red	4	flower color (4)	Caralluma shadhbana var. barhana: deep crimson glabrous flowers || Paracaryum cf. rugulosum: deep crimson flowers || Scrophularia hypericifolia: deep crimson and white flowers || Teucrium yemense: deep crimson flowers	FLOPO_VALUE_deep_crimson	subclass	PATO_0000322	""
FLOPO_0980117	http://purl.obolibrary.org/obo/FLOPO_0980117	pale cream	A cream color whose lightness is described as pale relative to the cream prototype.	PATO_0104031	cream	4	flower color (3)|corm color (1)	Ceropegia sp. aff. arabica: pale cream flowers || Commiphora sp. aff. erythraea: pale cream flowers || Eulophia petersii: Large pale cream crowded pseudobulbs || Heliotropium arbainense: pale cream flowers 5 mm wide	FLOPO_VALUE_pale_cream	subclass	PATO_0104031	https://github.com/pato-ontology/pato/pull/615
FLOPO_0980119	http://purl.obolibrary.org/obo/FLOPO_0980119	pale scarlet	A botanical phenotype value denoting pale scarlet, used in flora descriptions. This FLOPO extension value is classified under the PATO value class(es): red.	PATO_0000322	red	4	flower color (4)	Indigofera articulata: pale scarlet flowers || Indigofera spinosa: pale scarlet flowers || Indigofera tritoides: pale scarlet flowers || Papaver dubium: pale scarlet flowers	FLOPO_VALUE_pale_scarlet	subclass	PATO_0000322	""
FLOPO_0980120	http://purl.obolibrary.org/obo/FLOPO_0980120	soft-spiny	A composite botanical phenotype value denoting soft-spiny, used in flora descriptions; its component qualities are soft, spiny.	PATO_0000001	quality	4	fruit texture (1)|involucre texture (1)|stipule texture (1)|flower texture (1)	Medicago minima: soft-spiny fruits || Rhanterium eppaposum: soft-spiny involucre || Sida spinosa: small soft-spiny stipules || Tarchonanthus camphoratus: soft-spiny pale yellow flowers	FLOPO_VALUE_soft_spiny	components	PATO_0000387|PATO_0001365	""
FLOPO_0980121	http://purl.obolibrary.org/obo/FLOPO_0980121	pale bluish lilac	A composite botanical phenotype value denoting pale bluish lilac, used in flora descriptions; its component qualities are blue, lilac.	PATO_0000001	quality	3	flower color (3)	Achillea biebersteinii: pale bluish lilac flowers || Convolvulus hystrix: pale bluish lilac flowers || Orobanche ramosa: pale bluish lilac flowers	FLOPO_VALUE_pale_bluish_lilac	components	PATO_0000318|PATO_0001943	""
FLOPO_0980122	http://purl.obolibrary.org/obo/FLOPO_0980122	feathery	A botanical phenotype value denoting feathery, used in flora descriptions. This FLOPO extension value is classified under the PATO value class(es): texture.	PATO_0000150	texture	3	leaf texture (2)|leaf shape (1)	Achillea biebersteinii: feathery grey-green leaves || Artemisia abyssinica: with feathery leaves || Asemi-prostrate densely leafy herb with stems: very feathery	FLOPO_VALUE_feathery	subclass	PATO_0000150	""
FLOPO_0980123	http://purl.obolibrary.org/obo/FLOPO_0980123	deeply lobed palmate	A composite botanical phenotype value denoting deeply lobed palmate, used in flora descriptions; its component qualities are lobed, shape.	PATO_0000001	quality	3	leaf shape (3)	Althaea ludwigii: deeply lobed palmate leaves || Corallocarpus epigeus: deeply lobed palmate leaves || Croton lobatus: large deeply lobed palmate leaves	FLOPO_VALUE_deeply_lobed_palmate	components	PATO_0001979|PATO_0000052	""
FLOPO_0980125	http://purl.obolibrary.org/obo/FLOPO_0980125	pale pinkish lilac	A composite botanical phenotype value denoting pale pinkish lilac, used in flora descriptions; its component qualities are pink, lilac.	PATO_0000001	quality	3	flower color (3)	Androsace maxima: large pale pinkish lilac flowers || Valerianella dufresnia: pale pinkish lilac flowers || Valerianella szovitsiana: pale pinkish lilac flowers	FLOPO_VALUE_pale_pinkish_lilac	components	PATO_0000954|PATO_0001943	""
FLOPO_0980126	http://purl.obolibrary.org/obo/FLOPO_0980126	very slender	A botanical phenotype value denoting very slender, used in flora descriptions. This FLOPO extension value is classified under the PATO value class(es): decreased thickness.	PATO_0000592	decreased thickness	3	stem decreased thickness (2)|leaf decreased thickness (1)	Argyrolobium sp. aff. arabicum: very slender-stemmed || Juncus bufonius: very slender leaves || Silene linearis: very slender-stemmed	FLOPO_VALUE_very_slender	subclass	PATO_0000592	""
FLOPO_0980127	http://purl.obolibrary.org/obo/FLOPO_0980127	blackish	A botanical color in which black is the predominant color and an unspecified other color is present as a minor component.	PATO_0000014	color	3	calyx color (1)|flower color (1)|anther color (1)	Astragalus trachoniticus: hairy blackish calyx || Pycreus sanguinolentus: blackish flowers || Trachyspermum ammi: blackish anthers	FLOPO_VALUE_blackish	subclass		https://www.upov.int/documents/d/upov/tgp-documents-en-tgp_14.pdf
FLOPO_0980128	http://purl.obolibrary.org/obo/FLOPO_0980128	deep magenta	A botanical phenotype value denoting deep magenta, used in flora descriptions. This FLOPO extension value is classified under the PATO value class(es): magenta.	PATO_0000321	magenta	3	flower color (3)	Boerhavia coccinea: deep magenta flowers || Digera muricata: deep magenta flowers || Erodium glaucophyllum: deep magenta flowers	FLOPO_VALUE_deep_magenta	subclass	PATO_0000321	""
FLOPO_0980129	http://purl.obolibrary.org/obo/FLOPO_0980129	deeply lobed	A botanical phenotype value denoting deeply lobed, used in flora descriptions. This FLOPO extension value is classified under the PATO value class(es): lobed.	PATO_0001979	lobed	3	leaf lobed (2)|leaf shape (1)	Cakile arabica: deeply lobed leaves || Conyza stricta: deeply lobed leaves || Senecio glaucus: slender deeply lobed leaves	FLOPO_VALUE_deeply_lobed	subclass	PATO_0001979	""
FLOPO_0980130	http://purl.obolibrary.org/obo/FLOPO_0980130	brownish	A botanical color in which brown is the predominant color and an unspecified other color is present as a minor component.	PATO_0000014	color	3	leaf color (2)|flower color (1)	Dichrostachys cinerea: brownish female flowers || Potamogeton pectinatus: narrow brownish wavy-edged leaves || Potamogeton pusillus: narrow brownish leaves	FLOPO_VALUE_brownish	subclass		https://www.upov.int/documents/d/upov/tgp-documents-en-tgp_14.pdf
FLOPO_0980131	http://purl.obolibrary.org/obo/FLOPO_0980131	rose-pink	A composite botanical phenotype value denoting rose-pink, used in flora descriptions; its component qualities are pink, red.	PATO_0000001	quality	3	flower color (3)	Dichrostachys cinerea: rose-pink male flowers || Erodium crassifolium: rose-pink flowers || Lotus lanuginosus: rose-pink flowers	FLOPO_VALUE_rose_pink	components	PATO_0000954|PATO_0000322	""
FLOPO_0980132	http://purl.obolibrary.org/obo/FLOPO_0980132	pale pinkish	A botanical phenotype value denoting pale pinkish, used in flora descriptions. This FLOPO extension value is classified under the PATO value class(es): pink.	PATO_0000954	pink	3	flower color (3)	Endostemon gracile: pale pinkish flowers || Malva verticillata: pale pinkish flowers || Pavonia arabica: pale pinkish flowers	FLOPO_VALUE_pale_pinkish	subclass	PATO_0000954	""
FLOPO_0980133	http://purl.obolibrary.org/obo/FLOPO_0980133	deep lilac-blue	A composite botanical phenotype value denoting deep lilac-blue, used in flora descriptions; its component qualities are blue, lilac.	PATO_0000001	quality	3	flower color (3)	Globularia arabica: deep lilac-blue scabious-like flowers || Gynandiris sisyrinchium: deep lilac-blue flowers 5.5 cm wide || Teucrium oliverianum: deep lilac-blue flowers	FLOPO_VALUE_deep_lilac_blue	components	PATO_0000318|PATO_0001943	""
FLOPO_0980135	http://purl.obolibrary.org/obo/FLOPO_0980135	narrow cylindrical	A composite botanical phenotype value denoting narrow cylindrical, used in flora descriptions; its component qualities are decreased width, cylindrical.	PATO_0000001	quality	3	fruit shape (3)	Indigofera phillipsiae: narrow cylindrical fruits || Indigofera sessiliflora: narrow cylindrical pods || Moricandia sinaica: narrow cylindrical fruits	FLOPO_VALUE_narrow_cylindrical	components	PATO_0000599|PATO_0001873	""
FLOPO_0980136	http://purl.obolibrary.org/obo/FLOPO_0980136	pinkish lilac	A composite botanical phenotype value denoting pinkish lilac, used in flora descriptions; its component qualities are pink, lilac.	PATO_0000001	quality	3	flower color (3)	Ipomoea sinensis ssp. blepharosepala: pinkish lilac flowers || Moricandia sinaica: pinkish lilac flowers || Pisum sativum: pinkish lilac flowers	FLOPO_VALUE_pinkish_lilac	components	PATO_0000954|PATO_0001943	""
FLOPO_0980138	http://purl.obolibrary.org/obo/FLOPO_0980138	purplish-brown	A composite botanical phenotype value denoting purplish-brown, used in flora descriptions; its component qualities are purple, brown.	PATO_0000001	quality	2	fruit color (1)|flower color (1)	Acacia asak: Flat purplish-brown pods || Holothrix arachnoidea: many purplish-brown flowers	FLOPO_VALUE_purplish_brown	components	PATO_0000951|PATO_0000952	""
FLOPO_0980139	http://purl.obolibrary.org/obo/FLOPO_0980139	creamy-yellow	A composite botanical phenotype value denoting creamy-yellow, used in flora descriptions; its component qualities are white, yellow.	PATO_0000001	quality	2	flower color (2)	Acacia etbaica ssp. uncinata: creamy-yellow flowers || Hippocrepis constricta: creamy-yellow flowers	FLOPO_VALUE_creamy_yellow	components	PATO_0000323|PATO_0000324	""
FLOPO_0980140	http://purl.obolibrary.org/obo/FLOPO_0980140	very wide	A botanical phenotype value denoting very wide, used in flora descriptions. This FLOPO extension value is classified under the PATO value class(es): increased width.	PATO_0000600	increased width	2	fruit width (2)	Acacia hamulosa: pods very wide and slightly twisted || Dalechampia scandens var. cordofana: fruits cupped in 8 mm very wide	FLOPO_VALUE_very_wide	subclass	PATO_0000600	""
FLOPO_0980141	http://purl.obolibrary.org/obo/FLOPO_0980141	white flushed pink	A composite botanical phenotype value denoting white flushed pink, used in flora descriptions; its component qualities are white, pink.	PATO_0000001	quality	2	flower color (2)	Acacia mellifera: white flowers flushed pink || Euphorbia granulata var. glabrata: white flowers flushed pink	FLOPO_VALUE_white_flushed_pink	components	PATO_0000323|PATO_0000954	""
FLOPO_0980143	http://purl.obolibrary.org/obo/FLOPO_0980143	almost circular	A botanical phenotype value denoting almost circular, used in flora descriptions. This FLOPO extension value is classified under the PATO value class(es): circular.	PATO_0000411	circular	2	leaf shape (1)|fruit shape (1)	Aerva lanata: almost circular leaves || Farsetia aegyptia: flat, almost re circular, soft-hairy fruits	FLOPO_VALUE_almost_circular	subclass	PATO_0000411	""
FLOPO_0980144	http://purl.obolibrary.org/obo/FLOPO_0980144	pinkish fawn	A composite botanical phenotype value denoting pinkish fawn, used in flora descriptions; its component qualities are pink, brown, yellow.	PATO_0000001	quality	2	flower color (2)	Allium sindjarense: pinkish fawn flowers || Allium stamineum: pinkish fawn flowers	FLOPO_VALUE_pinkish_fawn	components	PATO_0000954|PATO_0000952|PATO_0000324	""
FLOPO_0980145	http://purl.obolibrary.org/obo/FLOPO_0980145	white flushed with pink	A composite botanical phenotype value denoting white flushed with pink, used in flora descriptions; its component qualities are white, pink.	PATO_0000001	quality	2	flower color (2)	Amygdalus arabica: white flowers flushed with pink || Biserrula pelecinus: white flowers flushed with pink	FLOPO_VALUE_white_flushed_with_pink	components	PATO_0000323|PATO_0000954	""
FLOPO_0980146	http://purl.obolibrary.org/obo/FLOPO_0980146	narrow dentate	A composite botanical phenotype value denoting narrow dentate, used in flora descriptions; its component qualities are decreased width, dentated.	PATO_0000001	quality	2	leaf shape (2)	Amygdalus arabica: narrow dentate leaves || Sida spinosa: narrow dentate leaves	FLOPO_VALUE_narrow_dentate	components	PATO_0000599|PATO_0001205	""
FLOPO_0980148	http://purl.obolibrary.org/obo/FLOPO_0980148	relatively large	A botanical phenotype value denoting relatively large, used in flora descriptions. This FLOPO extension value is classified under the PATO value class(es): increased size.	PATO_0000586	increased size	2	leaf size (1)|fruit size (1)	Astragalus schimperi: relatively large coarse leaves || Duvalia velutina: relatively large soft-spiny fruits	FLOPO_VALUE_relatively_large	subclass	PATO_0000586	""
FLOPO_0980149	http://purl.obolibrary.org/obo/FLOPO_0980149	flat-sided	A botanical phenotype value denoting flat-sided, used in flora descriptions. This FLOPO extension value is classified under the PATO value class(es): flat.	PATO_0000407	flat	2	fruit shape (2)	Avicennia marina: flat-sided mangoshaped fruits || Rhus tripartita: bright red, shiny, flat-sided fruits	FLOPO_VALUE_flat_sided	subclass	PATO_0000407	""
FLOPO_0980151	http://purl.obolibrary.org/obo/FLOPO_0980151	deep violet-blue	A composite botanical phenotype value denoting deep violet-blue, used in flora descriptions; its component qualities are blue, violet.	PATO_0000001	quality	2	flower color (2)	Campanula dulcis: deep violet-blue flowers || Campanula edulis: deep violet-blue flowers	FLOPO_VALUE_deep_violet_blue	components	PATO_0000318|PATO_0001424	""
FLOPO_0980152	http://purl.obolibrary.org/obo/FLOPO_0980152	pale blue-lilac	A composite botanical phenotype value denoting pale blue-lilac, used in flora descriptions; its component qualities are desaturated blue, lilac, blue.	PATO_0000001	quality	2	flower color (2)	Campanula dulcis: pale blue-lilac flowers || Lavandula dentata: pale blue-lilac flowers	FLOPO_VALUE_pale_blue_lilac	components	PATO_0001266|PATO_0001943|PATO_0000318	""
FLOPO_0980153	http://purl.obolibrary.org/obo/FLOPO_0980153	light scarlet	A botanical phenotype value denoting light scarlet, used in flora descriptions. This FLOPO extension value is classified under the PATO value class(es): red.	PATO_0000322	red	2	flower color (2)	Capparis decidua: light scarlet flowers 3 cm wide || Indigofera oblongifolia: light scarlet flowers	FLOPO_VALUE_light_scarlet	subclass	PATO_0000322	""
FLOPO_0980154	http://purl.obolibrary.org/obo/FLOPO_0980154	mahogany-red	A botanical phenotype value denoting mahogany-red, used in flora descriptions. This FLOPO extension value is classified under the PATO value class(es): red.	PATO_0000322	red	2	flower color (2)	Caralluma commutata: flat shallow mahogany-red flowers || Caralluma sp. aff. commutata: mahogany-red flowers	FLOPO_VALUE_mahogany_red	subclass	PATO_0000322	""
FLOPO_0980155	http://purl.obolibrary.org/obo/FLOPO_0980155	green and grey mottled	A composite botanical phenotype value denoting green and grey mottled, used in flora descriptions; its component qualities are green, grey, mottled.	PATO_0000001	quality	2	stem color (2)	Caralluma commutata: green and grey mottled stems || Caralluma sp. aff. commutata: green and grey mottled stems	FLOPO_VALUE_green_and_grey_mottled	components	PATO_0000320|PATO_0000950|PATO_0002274	""
FLOPO_0980157	http://purl.obolibrary.org/obo/FLOPO_0980157	narrow lobed	A composite botanical phenotype value denoting narrow lobed, used in flora descriptions; its component qualities are decreased width, lobed.	PATO_0000001	quality	2	leaf shape (2)	Centaurea ammocyanus: narrow lobed grey leaves || Hyoscyamus pusillus: with narrow lobed leaves	FLOPO_VALUE_narrow_lobed	components	PATO_0000599|PATO_0001979	""
FLOPO_0980158	http://purl.obolibrary.org/obo/FLOPO_0980158	spotted with crimson	A composite botanical phenotype value denoting spotted with crimson, used in flora descriptions; its component qualities are spotted, red.	PATO_0000001	quality	2	fruit color (1)|petal color (1)	Cienfuegosia welshii: also spotted with crimson || Cienfuegosia welshii: the petals spotted with crimson	FLOPO_VALUE_spotted_with_crimson	components	PATO_0000333|PATO_0000322	""
FLOPO_0980159	http://purl.obolibrary.org/obo/FLOPO_0980159	lemon-yellow	A botanical phenotype value denoting lemon-yellow, used in flora descriptions. This FLOPO extension value is classified under the PATO value class(es): yellow.	PATO_0000324	yellow	2	flower color (1)|bud color (1)	Cleome brachycarpa: lemon-yellow flowers || Echinops glaberrimus: leaves and buds are lemon-yellow	FLOPO_VALUE_lemon_yellow	subclass	PATO_0000324	""
FLOPO_0980161	http://purl.obolibrary.org/obo/FLOPO_0980161	bright magenta-pink	A composite botanical phenotype value denoting bright magenta-pink, used in flora descriptions; its component qualities are saturated magenta, pink, magenta.	PATO_0000001	quality	2	flower color (2)	Corbichonia decumbens: bright magenta-pink flowers || Tephrosia purpurea ssp. leptostachya var. leptostachya: bright magenta-pink flowers	FLOPO_VALUE_bright_magenta_pink	components	PATO_0001275|PATO_0000954|PATO_0000321	""
FLOPO_0980163	http://purl.obolibrary.org/obo/FLOPO_0980163	three-angled	A botanical phenotype value denoting three-angled, used in flora descriptions. This FLOPO extension value is classified under the PATO value class(es): bent.	PATO_0000617	bent	2	fruit shape (2)	Drimia maritima: the three-angled fruits || Euphorbia heterophylla: three-angled fruits	FLOPO_VALUE_three_angled	subclass	PATO_0000617	""
FLOPO_0980164	http://purl.obolibrary.org/obo/FLOPO_0980164	deep rosy-pink	A composite botanical phenotype value denoting deep rosy-pink, used in flora descriptions; its component qualities are pink, rosy, red.	PATO_0000001	quality	2	flower color (2)	Epilobium hirsutum: deep rosy-pink flowers || Tamarix aucheriana: deep rosy-pink flowers	FLOPO_VALUE_deep_rosy_pink	components	PATO_0000954|PATO_0001425|PATO_0000322	""
FLOPO_0980165	http://purl.obolibrary.org/obo/FLOPO_0980165	green and brown	A composite botanical phenotype value denoting green and brown, used in flora descriptions; its component qualities are green, brown.	PATO_0000001	quality	2	sepal color (1)|petal color (1)	Eulophia petersii: sepals and petals geen and brown || Eulophia petersii: sepals and petals geen and brown	FLOPO_VALUE_green_and_brown	components	PATO_0000320|PATO_0000952	""
FLOPO_0980166	http://purl.obolibrary.org/obo/FLOPO_0980166	rolled back at the tip	A botanical phenotype value denoting rolled back at the tip, used in flora descriptions. This FLOPO extension value is classified under the PATO value class(es): back.	PATO_0001901	back	2	sepal shape (1)|petal shape (1)	Eulophia petersii: rolled back at the tip || Eulophia petersii: rolled back at the tip	FLOPO_VALUE_rolled_back_at_the_tip	subclass	PATO_0001901	""
FLOPO_0980167	http://purl.obolibrary.org/obo/FLOPO_0980167	apricot-yellow	A botanical phenotype value denoting apricot-yellow, used in flora descriptions. This FLOPO extension value is classified under the PATO value class(es): yellow.	PATO_0000324	yellow	2	flower color (2)	Euphorbia schimperi: apricot-yellow flowers || Rhynchosia malacophylla vergensad R. minima: apricot-yellow flowers	FLOPO_VALUE_apricot_yellow	subclass	PATO_0000324	""
FLOPO_0980169	http://purl.obolibrary.org/obo/FLOPO_0980169	fairly large	A botanical phenotype value denoting fairly large, used in flora descriptions. This FLOPO extension value is classified under the PATO value class(es): increased size.	PATO_0000586	increased size	2	leaf size (2)	Ficus carica: fairly large dentate leaves || Hibiscus sp. aff. aponeurus: fairly large downy leaves	FLOPO_VALUE_fairly_large	subclass	PATO_0000586	""
FLOPO_0980171	http://purl.obolibrary.org/obo/FLOPO_0980171	slightly curved	A botanical phenotype value denoting slightly curved, used in flora descriptions. This FLOPO extension value is classified under the PATO value class(es): curved.	PATO_0000406	curved	2	fruit shape (1)|fruit curvature (1)	Hippocrepis constricta: slightly curved pods || Hippocrepis sp. aff. ciliata: slightly curved pods	FLOPO_VALUE_slightly_curved	subclass	PATO_0000406	""
FLOPO_0980172	http://purl.obolibrary.org/obo/FLOPO_0980172	very large	A botanical phenotype value denoting very large, used in flora descriptions. This FLOPO extension value is classified under the PATO value class(es): increased size.	PATO_0000586	increased size	2	calyx size (1)|leaf size (1)	Hyoscyamus pusillus: cupped in a very large calyx || Senecio hadiensis: very large glabrous leaves	FLOPO_VALUE_very_large	subclass	PATO_0000586	""
FLOPO_0980173	http://purl.obolibrary.org/obo/FLOPO_0980173	narrow flat	A composite botanical phenotype value denoting narrow flat, used in flora descriptions; its component qualities are decreased width, flat.	PATO_0000001	quality	2	leaf shape (2)	Linaria haelava: narrow flat leaves || Linaria simplex: narrow flat leaves	FLOPO_VALUE_narrow_flat	components	PATO_0000599|PATO_0000407	""
FLOPO_0980174	http://purl.obolibrary.org/obo/FLOPO_0980174	golden	A botanical phenotype value denoting golden, used in flora descriptions. This FLOPO extension value is classified under the PATO value class(es): yellow.	PATO_0000324	yellow	2	flower color (1)|leaf color (1)	Lonicera etrusca: turning golden || Plectranthus arabicus: that dry a golden colour	FLOPO_VALUE_golden	subclass	PATO_0000324	""
FLOPO_0980175	http://purl.obolibrary.org/obo/FLOPO_0980175	pale lilac and white	A composite botanical phenotype value denoting pale lilac and white, used in flora descriptions; its component qualities are lilac, white.	PATO_0000001	quality	2	flower color (2)	Malcolmia chia: pale lilac and white flowers || Scutellaria arabica: pale lilac and white flowers	FLOPO_VALUE_pale_lilac_and_white	components	PATO_0001943|PATO_0000323	""
FLOPO_0980176	http://purl.obolibrary.org/obo/FLOPO_0980176	almost round	A botanical phenotype value denoting almost round, used in flora descriptions. This FLOPO extension value is classified under the PATO value class(es): circular.	PATO_0000411	circular	2	leaf shape (2)	Mesembryanthemum nodiflorum: small almost round leaves || Senecio flavus: almost round dentate leaves	FLOPO_VALUE_almost_round	subclass	PATO_0000411	""
FLOPO_0980177	http://purl.obolibrary.org/obo/FLOPO_0980177	white flushed with lilac	A composite botanical phenotype value denoting white flushed with lilac, used in flora descriptions; its component qualities are white, lilac.	PATO_0000001	quality	2	flower color (2)	Misopates orontium: white flowers flushed with lilac || Silene sp. aff. burchellii: white flowers flushed with lilac	FLOPO_VALUE_white_flushed_with_lilac	components	PATO_0000323|PATO_0001943	""
FLOPO_0980179	http://purl.obolibrary.org/obo/FLOPO_0980179	pink and red	A composite botanical phenotype value denoting pink and red, used in flora descriptions; its component qualities are pink, red.	PATO_0000001	quality	2	sepal color (1)|fruit color (1)	Rumex vesicarius: pink and red sepals || Salvadora persica: juicy pink and red edible berries	FLOPO_VALUE_pink_and_red	components	PATO_0000954|PATO_0000322	""
FLOPO_0980180	http://purl.obolibrary.org/obo/FLOPO_0980180	banded and tessellated yellow and blue-green	A composite botanical phenotype value in which the bearer has banded and tessellated patterning and displays yellow and blue-green colors.	PATO_0000019	color pattern	2	leaf color (1)|leaf color pattern (1)	Sansevieria abyssinica: banded and tessellated yellow and blue-green || Sansevieria abyssinica: banded and tessellated yellow and blue-green	FLOPO_VALUE_banded_and_tessellated_yellow_and_blue_green	components	PATO_0001946|PATO_0104307|PATO_0000324|PATO_0104020	https://github.com/pato-ontology/pato/pull/615
FLOPO_0980181	http://purl.obolibrary.org/obo/FLOPO_0980181	flat oval	A composite botanical phenotype value denoting flat oval, used in flora descriptions; its component qualities are flat, elliptic.	PATO_0000001	quality	2	fruit shape (2)	Savignya parviflora: flat oval fruits || Taverniera lappacea: flat oval stiff-hairy pods	FLOPO_VALUE_flat_oval	components	PATO_0000407|PATO_0000947	""
FLOPO_0980182	http://purl.obolibrary.org/obo/FLOPO_0980182	glaucous blue-green	A composite botanical phenotype value in which a glaucous surface bloom produces or accompanies a blue-green appearance.	PATO_0000001	quality	2	leaf color (2)	Silene macrosolen: glaucous blue-green leaves || Silene schimperiana: glaucous blue-green leaves	FLOPO_VALUE_glaucous_blue_green	components	PATO_0104277|PATO_0104020	https://github.com/pato-ontology/pato/pull/615
FLOPO_0980183	http://purl.obolibrary.org/obo/FLOPO_0980183	slender cylindrical	A composite botanical phenotype value denoting slender cylindrical, used in flora descriptions; its component qualities are decreased thickness, cylindrical.	PATO_0000001	quality	2	fruit shape (2)	Torularia torulosa: slender cylindrical fruits || Torularia torulosa: slender cylindrical fruits which corkscrew	FLOPO_VALUE_slender_cylindrical	components	PATO_0000592|PATO_0001873	""
FLOPO_0980184	http://purl.obolibrary.org/obo/FLOPO_0980184	long straight	A composite botanical phenotype value denoting long straight, used in flora descriptions; its component qualities are elongated, straight.	PATO_0000001	quality	1	fruit shape (1)	Acacia abyssinica: long straight pods	FLOPO_VALUE_long_straight	components	PATO_0001154|PATO_0002180	""
FLOPO_0980185	http://purl.obolibrary.org/obo/FLOPO_0980185	golden-yellow	A botanical phenotype value denoting golden-yellow, used in flora descriptions. This FLOPO extension value is classified under the PATO value class(es): yellow.	PATO_0000324	yellow	1	fruit color (1)	Acacia asak: fleshy golden-yellow pods	FLOPO_VALUE_golden_yellow	subclass	PATO_0000324	""
FLOPO_0980186	http://purl.obolibrary.org/obo/FLOPO_0980186	slightly twisted	A botanical phenotype value denoting slightly twisted, used in flora descriptions. This FLOPO extension value is classified under the PATO value class(es): kinked.	PATO_0001798	kinked	1	fruit shape (1)	Acacia asak: slightly twisted	FLOPO_VALUE_slightly_twisted	subclass	PATO_0001798	""
FLOPO_0980187	http://purl.obolibrary.org/obo/FLOPO_0980187	white, cream, or yellow	A botanical color that is white, cream, or yellow.	PATO_0000014	color	1	flower color (1)	Acacia asak: white, cream, or yellow flowers	FLOPO_VALUE_white_cream_or_yellow	union	PATO_0000323|PATO_0104031|PATO_0000324	https://github.com/pato-ontology/pato/pull/615
FLOPO_0980188	http://purl.obolibrary.org/obo/FLOPO_0980188	peeling papery	A papyraceous texture in which the paper-like material peels from the bearer.	PATO_0104010	papyraceous	1	bark texture (1)	Acacia ehrenbergiana: peeling papery bark	FLOPO_VALUE_peeling_papery	subclass	PATO_0104010	https://github.com/pato-ontology/pato/pull/615
FLOPO_0980189	http://purl.obolibrary.org/obo/FLOPO_0980189	slightly blue-green	A botanical color that is a slightly expressed variant of blue green.	PATO_0104020	blue green	1	leaf color (1)	Acacia nubica: slightly blue-green leaves	FLOPO_VALUE_slightly_blue_green	subclass	PATO_0104020	https://github.com/pato-ontology/pato/pull/615
FLOPO_0980190	http://purl.obolibrary.org/obo/FLOPO_0980190	fawn	A composite botanical phenotype value denoting fawn, used in flora descriptions; its component qualities are brown, yellow.	PATO_0000001	quality	1	flower color (1)	Acantholepis orientalis: fawn bud-like flowers	FLOPO_VALUE_fawn	components	PATO_0000952|PATO_0000324	""
FLOPO_0980191	http://purl.obolibrary.org/obo/FLOPO_0980191	glossy orange	A composite botanical phenotype value denoting glossy orange, used in flora descriptions; its component qualities are glistening, orange.	PATO_0000001	quality	1	flower color (1)	Adonis dentata: glossy orange flowers	FLOPO_VALUE_glossy_orange	components	PATO_0001373|PATO_0000953	""
FLOPO_0980192	http://purl.obolibrary.org/obo/FLOPO_0980192	dying fawn	A composite botanical phenotype value denoting dying fawn, used in flora descriptions; its component qualities are brown, yellow.	PATO_0000001	quality	1	flower color (1)	Ajuga chamaepitys ssp. tridactylites: dying fawn flowers 6 mm long	FLOPO_VALUE_dying_fawn	components	PATO_0000952|PATO_0000324	""
FLOPO_0980193	http://purl.obolibrary.org/obo/FLOPO_0980193	green and white	A composite botanical phenotype value denoting green and white, used in flora descriptions; its component qualities are green, white.	PATO_0000001	quality	1	flower color (1)	Allium sinaiticum: small green and white flowers	FLOPO_VALUE_green_and_white	components	PATO_0000320|PATO_0000323	""
FLOPO_0980194	http://purl.obolibrary.org/obo/FLOPO_0980194	deep pinkish red	A composite botanical phenotype value denoting deep pinkish red, used in flora descriptions; its component qualities are pink, red.	PATO_0000001	quality	1	flower color (1)	Aloe sheilae: deep pinkish red flowers	FLOPO_VALUE_deep_pinkish_red	components	PATO_0000954|PATO_0000322	""
FLOPO_0980196	http://purl.obolibrary.org/obo/FLOPO_0980196	red or yellow	A botanical color that is red or yellow.	PATO_0000014	color	1	flower color (1)	Aloe vera: red or yellow flowers	FLOPO_VALUE_red_or_yellow	union	PATO_0000322|PATO_0000324	https://github.com/pato-ontology/pato/pull/615
FLOPO_0980198	http://purl.obolibrary.org/obo/FLOPO_0980198	greenish cream	A composite botanical phenotype value denoting greenish cream, used in flora descriptions; its component qualities are green, white, yellow.	PATO_0000001	quality	1	flower color (1)	Although not many species of this family: greenish cream flowers	FLOPO_VALUE_greenish_cream	components	PATO_0000320|PATO_0000323|PATO_0000324	""
FLOPO_0980199	http://purl.obolibrary.org/obo/FLOPO_0980199	greenish or pinkish	A botanical color that is greenish or pinkish.	PATO_0000014	color	1	flower color (1)	Amaranthus graecizans: greenish or pinkish flowers	FLOPO_VALUE_greenish_or_pinkish	union	FLOPO_0980085|FLOPO_0980097	https://github.com/pato-ontology/pato/pull/615
FLOPO_0980201	http://purl.obolibrary.org/obo/FLOPO_0980201	pale yellowish	A botanical phenotype value denoting pale yellowish, used in flora descriptions. This FLOPO extension value is classified under the PATO value class(es): yellow.	PATO_0000324	yellow	1	flower color (1)	Ambrosia maritima: pale yellowish flowers	FLOPO_VALUE_pale_yellowish	subclass	PATO_0000324	""
FLOPO_0980202	http://purl.obolibrary.org/obo/FLOPO_0980202	very red	A botanical phenotype value denoting very red, used in flora descriptions. This FLOPO extension value is classified under the PATO value class(es): red.	PATO_0000322	red	1	root color (1)	An erect bushy herb: Very red root	FLOPO_VALUE_very_red	subclass	PATO_0000322	""
FLOPO_0980203	http://purl.obolibrary.org/obo/FLOPO_0980203	apricot-yellow with deep crimson centre	A composite botanical phenotype value denoting apricot-yellow with deep crimson centre, used in flora descriptions; its component qualities are red, yellow.	PATO_0000001	quality	1	flower color (1)	An erect many-stemmed: apricot-yellow with deep crimson centre	FLOPO_VALUE_apricot_yellow_with_deep_crimson_centre	components	PATO_0000322|PATO_0000324	""
FLOPO_0980204	http://purl.obolibrary.org/obo/FLOPO_0980204	brilliant deep blue	A botanical phenotype value denoting brilliant deep blue, used in flora descriptions. This FLOPO extension value is classified under the PATO value class(es): blue.	PATO_0000318	blue	1	flower color (1)	Anchusa affinis: brilliant deep blue flowers	FLOPO_VALUE_brilliant_deep_blue	subclass	PATO_0000318	""
FLOPO_0980205	http://purl.obolibrary.org/obo/FLOPO_0980205	pale rose-pink	A composite botanical phenotype value denoting pale rose-pink, used in flora descriptions; its component qualities are pink, red.	PATO_0000001	quality	1	flower color (1)	Anchusa milleri: pale rose-pink flowers 5 mm wide	FLOPO_VALUE_pale_rose_pink	components	PATO_0000954|PATO_0000322	""
FLOPO_0980207	http://purl.obolibrary.org/obo/FLOPO_0980207	lilac or deep blue	A botanical color that is lilac or deep blue.	PATO_0000014	color	1	flower color (1)	Anticharis glandulosa: lilac or deep blue flowers	FLOPO_VALUE_lilac_or_deep_blue	union	PATO_0001943|PATO_0104064	https://github.com/pato-ontology/pato/pull/615
FLOPO_0980208	http://purl.obolibrary.org/obo/FLOPO_0980208	deep lilac purple	A composite botanical phenotype value denoting deep lilac purple, used in flora descriptions; its component qualities are lilac, purple.	PATO_0000001	quality	1	flower color (1)	Anticharis linearis: tubular deep lilac purple flowers	FLOPO_VALUE_deep_lilac_purple	components	PATO_0001943|PATO_0000951	""
FLOPO_0980209	http://purl.obolibrary.org/obo/FLOPO_0980209	greenish golden	A composite botanical phenotype value denoting greenish golden, used in flora descriptions; its component qualities are green, yellow.	PATO_0000001	quality	1	flower color (1)	Argyrolobium sp. aff. arabicum: greenish golden flowers	FLOPO_VALUE_greenish_golden	components	PATO_0000320|PATO_0000324	""
FLOPO_0980210	http://purl.obolibrary.org/obo/FLOPO_0980210	upper ones tiny	A botanical phenotype value denoting upper ones tiny, used in flora descriptions. This FLOPO extension value is classified under the PATO value class(es): decreased size.	PATO_0000587	decreased size	1	leaf size (1)	Artemisia abyssinica: the upper ones tiny	FLOPO_VALUE_upper_ones_tiny	subclass	PATO_0000587	""
FLOPO_0980211	http://purl.obolibrary.org/obo/FLOPO_0980211	bright dark green	A botanical phenotype value denoting bright dark green, used in flora descriptions. This FLOPO extension value is classified under the PATO value class(es): green.	PATO_0000320	green	1	leaf color (1)	Asemi-prostrate densely leafy herb with stems: bright dark green	FLOPO_VALUE_bright_dark_green	subclass	PATO_0000320	""
FLOPO_0980212	http://purl.obolibrary.org/obo/FLOPO_0980212	very feathery	A botanical phenotype value denoting very feathery, used in flora descriptions. This FLOPO extension value is classified under the PATO value class(es): texture.	PATO_0000150	texture	1	leaf texture (1)	Asemi-prostrate densely leafy herb with stems: very feathery	FLOPO_VALUE_very_feathery	subclass	PATO_0000150	""
FLOPO_0980213	http://purl.obolibrary.org/obo/FLOPO_0980213	reddish line	A botanical phenotype value denoting reddish line, used in flora descriptions. This FLOPO extension value is classified under the PATO value class(es): red.	PATO_0000322	red	1	tepal color (1)	Asphodelus refractus: a reddish line down the centre of each tepal	FLOPO_VALUE_reddish_line	subclass	PATO_0000322	""
FLOPO_0980214	http://purl.obolibrary.org/obo/FLOPO_0980214	flat-sided curved	A composite botanical phenotype value denoting flat-sided curved, used in flora descriptions; its component qualities are flat, curved.	PATO_0000001	quality	1	fruit shape (1)	Astragalus annularis: flat-sided curved pods	FLOPO_VALUE_flat_sided_curved	components	PATO_0000407|PATO_0000406	""
FLOPO_0980215	http://purl.obolibrary.org/obo/FLOPO_0980215	lilac flushed	A botanical phenotype value denoting lilac flushed, used in flora descriptions. This FLOPO extension value is classified under the PATO value class(es): lilac.	PATO_0001943	lilac	1	flower color (1)	Astragalus atropilosus: white, lilac flushed flowers	FLOPO_VALUE_lilac_flushed	subclass	PATO_0001943	""
FLOPO_0980216	http://purl.obolibrary.org/obo/FLOPO_0980216	white, lilac flushed	A composite botanical phenotype value denoting white, lilac flushed, used in flora descriptions; its component qualities are white, lilac.	PATO_0000001	quality	1	flower color (1)	Astragalus atropilosus: white, lilac flushed flowers	FLOPO_VALUE_white_lilac_flushed	components	PATO_0000323|PATO_0001943	""
FLOPO_0980217	http://purl.obolibrary.org/obo/FLOPO_0980217	pink (occasionally flushed)	A botanical phenotype value denoting pink (occasionally flushed), used in flora descriptions. This FLOPO extension value is classified under the PATO value class(es): pink.	PATO_0000954	pink	1	flower color (1)	Astragalus spinosus: occasionally flushed with pink	FLOPO_VALUE_pink_occasionally_flushed	subclass	PATO_0000954	""
FLOPO_0980218	http://purl.obolibrary.org/obo/FLOPO_0980218	short plump erect	A composite botanical phenotype value denoting short plump erect, used in flora descriptions; its component qualities are decreased height, erect.	PATO_0000001	quality	1	fruit shape (1)	Astragalus tribuloides var. minutus: short plump erect hairy pods	FLOPO_VALUE_short_plump_erect	components	PATO_0000569|PATO_0000622	""
FLOPO_0980219	http://purl.obolibrary.org/obo/FLOPO_0980219	fat spherical	A botanical phenotype value denoting fat spherical, used in flora descriptions. This FLOPO extension value is classified under the PATO value class(es): spherical.	PATO_0001499	spherical	1	flower shape (1)	Atractylis cancellata: fat spherical flowers	FLOPO_VALUE_fat_spherical	subclass	PATO_0001499	""
FLOPO_0980220	http://purl.obolibrary.org/obo/FLOPO_0980220	slender curved spiny	A composite botanical phenotype value denoting slender curved spiny, used in flora descriptions; its component qualities are decreased thickness, curved, spiny.	PATO_0000001	quality	1	bract shape (1)	Atractylis cancellata: slender curved spiny bracts	FLOPO_VALUE_slender_curved_spiny	components	PATO_0000592|PATO_0000406|PATO_0001365	""
FLOPO_0980221	http://purl.obolibrary.org/obo/FLOPO_0980221	slender curved	A composite botanical phenotype value denoting slender curved, used in flora descriptions; its component qualities are decreased thickness, curved.	PATO_0000001	quality	1	bract shape (1)	Atractylis cancellata: slender curved spiny bracts	FLOPO_VALUE_slender_curved	components	PATO_0000592|PATO_0000406	""
FLOPO_0980222	http://purl.obolibrary.org/obo/FLOPO_0980222	lobed dentate	A composite botanical phenotype value denoting lobed dentate, used in flora descriptions; its component qualities are lobed, dentated.	PATO_0000001	quality	1	leaf shape (1)	Atractylis carduus: lobed dentate leaves	FLOPO_VALUE_lobed_dentate	components	PATO_0001979|PATO_0001205	""
FLOPO_0980223	http://purl.obolibrary.org/obo/FLOPO_0980223	flat-sided mangoshaped	A botanical phenotype value denoting flat-sided mangoshaped, used in flora descriptions. This FLOPO extension value is classified under the PATO value class(es): flat.	PATO_0000407	flat	1	fruit shape (1)	Avicennia marina: flat-sided mangoshaped fruits	FLOPO_VALUE_flat_sided_mangoshaped	subclass	PATO_0000407	""
FLOPO_0980224	http://purl.obolibrary.org/obo/FLOPO_0980224	oval pear-shaped	A botanical phenotype value denoting oval pear-shaped, used in flora descriptions. This FLOPO extension value is classified under the PATO value class(es): elliptic.	PATO_0000947	elliptic	1	fruit shape (1)	Balanites aegyptiaca: oval pear-shaped	FLOPO_VALUE_oval_pear_shaped	subclass	PATO_0000947	""
FLOPO_0980225	http://purl.obolibrary.org/obo/FLOPO_0980225	slender tubular	A composite botanical phenotype value denoting slender tubular, used in flora descriptions; its component qualities are decreased thickness, tubular.	PATO_0000001	quality	1	corolla shape (1)	Barleria acanthoides: slender tubular corolla	FLOPO_VALUE_slender_tubular	components	PATO_0000592|PATO_0002299	""
FLOPO_0980226	http://purl.obolibrary.org/obo/FLOPO_0980226	pale lilac-blue	A composite botanical phenotype value denoting pale lilac-blue, used in flora descriptions; its component qualities are blue, lilac.	PATO_0000001	quality	1	flower color (1)	Barleria hochstetteri: pale lilac-blue flowers	FLOPO_VALUE_pale_lilac_blue	components	PATO_0000318|PATO_0001943	""
FLOPO_0980227	http://purl.obolibrary.org/obo/FLOPO_0980227	deep glowing orange	A deep orange botanical color described as having a glowing appearance.	PATO_0104073	deep orange	1	flower color (1)	Barleria proxima: deep glowing orange flowers	FLOPO_VALUE_deep_glowing_orange	subclass	PATO_0104073	https://github.com/pato-ontology/pato/pull/615
FLOPO_0980228	http://purl.obolibrary.org/obo/FLOPO_0980228	deep maroon-purple	A botanical phenotype value denoting deep maroon-purple, used in flora descriptions. This FLOPO extension value is classified under the PATO value class(es): purple.	PATO_0000951	purple	1	flower color (1)	Barleria sp. aff. parviflora: deep maroon-purple flowers	FLOPO_VALUE_deep_maroon_purple	subclass	PATO_0000951	""
FLOPO_0980229	http://purl.obolibrary.org/obo/FLOPO_0980229	deep bright blue to almost white	A composite botanical phenotype value denoting deep bright blue to almost white, used in flora descriptions; its component qualities are blue, white.	PATO_0000001	quality	1	flower color (1)	Blepharis ciliaris: vary in colour from deep bright blue to almost white	FLOPO_VALUE_deep_bright_blue_to_almost_white	components	PATO_0000318|PATO_0000323	""
FLOPO_0980230	http://purl.obolibrary.org/obo/FLOPO_0980230	long exserted	A composite botanical phenotype value denoting long exserted, used in flora descriptions; its component qualities are elongated, exserted.	PATO_0000001	quality	1	stamen length (1)	Buddleja polystachya: long exserted stamens	FLOPO_VALUE_long_exserted	components	PATO_0001154|PATO_0000623	""
FLOPO_0980231	http://purl.obolibrary.org/obo/FLOPO_0980231	cordate wavy-edged	A botanical phenotype value denoting cordate wavy-edged, used in flora descriptions. This FLOPO extension value is classified under the PATO value class(es): heart shaped.	PATO_0000948	heart shaped	1	leaf shape (1)	Bupleurum gerardii: cordate wavy-edged leaves	FLOPO_VALUE_cordate_wavy_edged	subclass	PATO_0000948	""
FLOPO_0980232	http://purl.obolibrary.org/obo/FLOPO_0980232	simple grass-like	A botanical phenotype value denoting simple grass-like, used in flora descriptions. This FLOPO extension value is classified under the PATO value class(es): simple.	PATO_0001503	simple	1	leaf shape (1)	Bupleurum gerardii: simple grass-like leaves	FLOPO_VALUE_simple_grass_like	subclass	PATO_0001503	""
FLOPO_0980233	http://purl.obolibrary.org/obo/FLOPO_0980233	brilliant deep red	A botanical phenotype value denoting brilliant deep red, used in flora descriptions. This FLOPO extension value is classified under the PATO value class(es): red.	PATO_0000322	red	1	fruit color (1)	Cadaba glandulosa: brilliant deep red inside	FLOPO_VALUE_brilliant_deep_red	subclass	PATO_0000322	""
FLOPO_0980235	http://purl.obolibrary.org/obo/FLOPO_0980235	hard curved	A composite botanical phenotype value denoting hard curved, used in flora descriptions; its component qualities are hard, curved.	PATO_0000001	quality	1	fruit shape (1)	Calendula arvensis: hard curved fruits	FLOPO_VALUE_hard_curved	components	PATO_0000386|PATO_0000406	""
FLOPO_0980236	http://purl.obolibrary.org/obo/FLOPO_0980236	more rounded	A botanical phenotype value denoting more rounded, used in flora descriptions. This FLOPO extension value is classified under the PATO value class(es): circular.	PATO_0000411	circular	1	bracteole shape (1)	Callipeltis aperta: the bracteoles are more rounded	FLOPO_VALUE_more_rounded	subclass	PATO_0000411	""
FLOPO_0980237	http://purl.obolibrary.org/obo/FLOPO_0980237	fading white	A botanical phenotype value denoting fading white, used in flora descriptions. This FLOPO extension value is classified under the PATO value class(es): white.	PATO_0000323	white	1	flower color (1)	Campanula dulcis: fading white	FLOPO_VALUE_fading_white	subclass	PATO_0000323	""
FLOPO_0980238	http://purl.obolibrary.org/obo/FLOPO_0980238	flat shallow mahogany-red	A composite botanical phenotype value denoting flat shallow mahogany-red, used in flora descriptions; its component qualities are red, flat, decreased depth.	PATO_0000001	quality	1	flower color (1)	Caralluma commutata: flat shallow mahogany-red flowers	FLOPO_VALUE_flat_shallow_mahogany_red	components	PATO_0000322|PATO_0000407|PATO_0001472	""
FLOPO_0980239	http://purl.obolibrary.org/obo/FLOPO_0980239	very deep purplish-black	A botanical color that is a very deep variant of purplish black.	PATO_0104157	purplish black	1	flower color (1)	Caralluma deflersiana: very deep purplish-black flowers	FLOPO_VALUE_very_deep_purplish_black	subclass	PATO_0104157	https://github.com/pato-ontology/pato/pull/615
FLOPO_0980241	http://purl.obolibrary.org/obo/FLOPO_0980241	pale greenish-fawn	A composite botanical phenotype value denoting pale greenish-fawn, used in flora descriptions; its component qualities are brown, yellow, green.	PATO_0000001	quality	1	flower color (1)	Caralluma edulis: pale greenish-fawn cup-shaped flowers	FLOPO_VALUE_pale_greenish_fawn	components	PATO_0000952|PATO_0000324|PATO_0000320	""
FLOPO_0980243	http://purl.obolibrary.org/obo/FLOPO_0980243	green-backed with red freckles	A composite botanical phenotype value denoting green-backed with red freckles, used in flora descriptions; its component qualities are green, red.	PATO_0000001	quality	1	flower color (1)	Caralluma shadhbana: the flowers are green-backed with red freckles	FLOPO_VALUE_green_backed_with_red_freckles	components	PATO_0000320|PATO_0000322	""
FLOPO_0980244	http://purl.obolibrary.org/obo/FLOPO_0980244	green-backed	A botanical phenotype value denoting green-backed, used in flora descriptions. This FLOPO extension value is classified under the PATO value class(es): green.	PATO_0000320	green	1	flower color (1)	Caralluma shadhbana: the flowers are green-backed with red freckles	FLOPO_VALUE_green_backed	subclass	PATO_0000320	""
FLOPO_0980245	http://purl.obolibrary.org/obo/FLOPO_0980245	wide flat curved	A composite botanical phenotype value denoting wide flat curved, used in flora descriptions; its component qualities are increased width, flat, curved.	PATO_0000001	quality	1	fruit shape (1)	Cassia holosericea: wide flat curved pods	FLOPO_VALUE_wide_flat_curved	components	PATO_0000600|PATO_0000407|PATO_0000406	""
FLOPO_0980246	http://purl.obolibrary.org/obo/FLOPO_0980246	pink and white	A composite botanical phenotype value denoting pink and white, used in flora descriptions; its component qualities are pink, white.	PATO_0000001	quality	1	flower color (1)	Celosia trigyna: pink and white flowers	FLOPO_VALUE_pink_and_white	components	PATO_0000954|PATO_0000323	""
FLOPO_0980247	http://purl.obolibrary.org/obo/FLOPO_0980247	reddish green	A composite botanical phenotype value denoting reddish green, used in flora descriptions; its component qualities are red, green.	PATO_0000001	quality	1	flower color (1)	Celtis africana: reddish green flowers	FLOPO_VALUE_reddish_green	components	PATO_0000322|PATO_0000320	""
FLOPO_0980248	http://purl.obolibrary.org/obo/FLOPO_0980248	pale creamy	"A cream color expressed by the adjectival flora descriptor ""pale creamy"", indicating a pale appearance relative to the cream prototype."	PATO_0104031	cream	1	flower color (1)	Centaurea sinaica: pale creamy flowers	FLOPO_VALUE_pale_creamy	subclass	PATO_0104031	https://github.com/pato-ontology/pato/pull/615
FLOPO_0980249	http://purl.obolibrary.org/obo/FLOPO_0980249	cream freckled with crimson spots	A composite botanical phenotype value denoting cream freckled with crimson spots, used in flora descriptions; its component qualities are white, yellow, red.	PATO_0000001	quality	1	corolla color (1)	Ceropegia sp. aff. devecchii var. adelaidae: the corolla cream freckled with crimson spots	FLOPO_VALUE_cream_freckled_with_crimson_spots	components	PATO_0000323|PATO_0000324|PATO_0000322	""
FLOPO_0980250	http://purl.obolibrary.org/obo/FLOPO_0980250	creamy with palegreen longitudinal lines	A composite botanical phenotype value denoting creamy with palegreen longitudinal lines, used in flora descriptions; its component qualities are white, yellow.	PATO_0000001	quality	1	corolla color (1)	Ceropegia sp. aff. variegata: the corolla creamy with palegreen longitudinal lines	FLOPO_VALUE_creamy_with_palegreen_longitudinal_lines	components	PATO_0000323|PATO_0000324	""
FLOPO_0980251	http://purl.obolibrary.org/obo/FLOPO_0980251	pale greygreen with red streaks and freckles	A botanical phenotype value denoting pale greygreen with red streaks and freckles, used in flora descriptions. This FLOPO extension value is classified under the PATO value class(es): red.	PATO_0000322	red	1	corolla color (1)	Ceropegia sp. aff. variegata: corolla pale greygreen with red streaks and freckles	FLOPO_VALUE_pale_greygreen_with_red_streaks_and_freckles	subclass	PATO_0000322	""
FLOPO_0980252	http://purl.obolibrary.org/obo/FLOPO_0980252	flat, round	A composite botanical phenotype value denoting flat, round, used in flora descriptions; its component qualities are flat, circular.	PATO_0000001	quality	1	fruit shape (1)	Chorispora purpurascens: crowded flat, round fruits	FLOPO_VALUE_flat_round	components	PATO_0000407|PATO_0000411	""
FLOPO_0980253	http://purl.obolibrary.org/obo/FLOPO_0980253	rough cylindrical	A composite botanical phenotype value denoting rough cylindrical, used in flora descriptions; its component qualities are rough, cylindrical.	PATO_0000001	quality	1	fruit shape (1)	Chorispora purpurascens: rough cylindrical fruits	FLOPO_VALUE_rough_cylindrical	components	PATO_0000700|PATO_0001873	""
FLOPO_0980254	http://purl.obolibrary.org/obo/FLOPO_0980254	blue-lilac	A composite botanical phenotype value denoting blue-lilac, used in flora descriptions; its component qualities are blue, lilac.	PATO_0000001	quality	1	flower color (1)	Cicer cuneatum: blue-lilac flowers	FLOPO_VALUE_blue_lilac	components	PATO_0000318|PATO_0001943	""
FLOPO_0980255	http://purl.obolibrary.org/obo/FLOPO_0980255	bright rich blue	A botanical phenotype value denoting bright rich blue, used in flora descriptions. This FLOPO extension value is classified under the PATO value class(es): blue.	PATO_0000318	blue	1	flower color (1)	Cicer cuneatum: bright rich blue flowers	FLOPO_VALUE_bright_rich_blue	subclass	PATO_0000318	""
FLOPO_0980256	http://purl.obolibrary.org/obo/FLOPO_0980256	sky-blue	A botanical phenotype value denoting sky-blue, used in flora descriptions. This FLOPO extension value is classified under the PATO value class(es): blue.	PATO_0000318	blue	1	flower color (1)	Cichorium bottae: sky-blue flowers	FLOPO_VALUE_sky_blue	subclass	PATO_0000318	""
FLOPO_0980257	http://purl.obolibrary.org/obo/FLOPO_0980257	sky blue	A botanical phenotype value denoting sky blue, used in flora descriptions. This FLOPO extension value is classified under the PATO value class(es): blue.	PATO_0000318	blue	1	flower color (1)	Cichorium intybus: sky blue flowers	FLOPO_VALUE_sky_blue	subclass	PATO_0000318	""
FLOPO_0980258	http://purl.obolibrary.org/obo/FLOPO_0980258	almost orbicular	A botanical phenotype value denoting almost orbicular, used in flora descriptions. This FLOPO extension value is classified under the PATO value class(es): orbicular.	PATO_0001934	orbicular	1	leaf shape (1)	Cineraria abyssinica: almost orbicular	FLOPO_VALUE_almost_orbicular	subclass	PATO_0001934	""
FLOPO_0980259	http://purl.obolibrary.org/obo/FLOPO_0980259	smooth round	A composite botanical phenotype value denoting smooth round, used in flora descriptions; its component qualities are smooth, circular.	PATO_0000001	quality	1	fruit shape (1)	Citrullus colocynthis: smooth round bitter fruits	FLOPO_VALUE_smooth_round	components	PATO_0000701|PATO_0000411	""
FLOPO_0980260	http://purl.obolibrary.org/obo/FLOPO_0980260	brown and white	A composite botanical phenotype value denoting brown and white, used in flora descriptions; its component qualities are brown, white.	PATO_0000001	quality	1	flower color (1)	Cleome amblyocarpa: small brown and white flowers	FLOPO_VALUE_brown_and_white	components	PATO_0000952|PATO_0000323	""
FLOPO_0980261	http://purl.obolibrary.org/obo/FLOPO_0980261	sandy-yellow	A botanical phenotype value denoting sandy-yellow, used in flora descriptions. This FLOPO extension value is classified under the PATO value class(es): yellow.	PATO_0000324	yellow	1	petal color (1)	Cleome schweinfurthii: striped with sandy-yellow	FLOPO_VALUE_sandy_yellow	subclass	PATO_0000324	""
FLOPO_0980262	http://purl.obolibrary.org/obo/FLOPO_0980262	chestnut-brown	A botanical phenotype value denoting chestnut-brown, used in flora descriptions. This FLOPO extension value is classified under the PATO value class(es): brown.	PATO_0000952	brown	1	flower color (1)	Cleome trinervia: chestnut-brown flowers	FLOPO_VALUE_chestnut_brown	subclass	PATO_0000952	""
FLOPO_0980263	http://purl.obolibrary.org/obo/FLOPO_0980263	cream flushed with red	A composite botanical phenotype value denoting cream flushed with red, used in flora descriptions; its component qualities are white, yellow, red.	PATO_0000001	quality	1	fruit color (1)	Colutea istria: ripe pods cream flushed with red	FLOPO_VALUE_cream_flushed_with_red	components	PATO_0000323|PATO_0000324|PATO_0000322	""
FLOPO_0980264	http://purl.obolibrary.org/obo/FLOPO_0980264	dark-green	A botanical phenotype value denoting dark-green, used in flora descriptions. This FLOPO extension value is classified under the PATO value class(es): green.	PATO_0000320	green	1	leaf color (1)	Combretum molle: dark-green-leaved	FLOPO_VALUE_dark_green	subclass	PATO_0000320	""
FLOPO_0980265	http://purl.obolibrary.org/obo/FLOPO_0980265	pale bluish-lilac	A composite botanical phenotype value denoting pale bluish-lilac, used in flora descriptions; its component qualities are lilac, blue.	PATO_0000001	quality	1	flower color (1)	Commelina sp. aff. albescens: pale bluish-lilac flowers	FLOPO_VALUE_pale_bluish_lilac	components	PATO_0001943|PATO_0000318	""
FLOPO_0980266	http://purl.obolibrary.org/obo/FLOPO_0980266	pale rose-lilac	A composite botanical phenotype value denoting pale rose-lilac, used in flora descriptions; its component qualities are lilac, pink, red.	PATO_0000001	quality	1	flower color (1)	Commicarpus helenae: pale rose-lilac flowers	FLOPO_VALUE_pale_rose_lilac	components	PATO_0001943|PATO_0000954|PATO_0000322	""
FLOPO_0980267	http://purl.obolibrary.org/obo/FLOPO_0980267	pink-flushed	A botanical phenotype value denoting pink-flushed, used in flora descriptions. This FLOPO extension value is classified under the PATO value class(es): pink.	PATO_0000954	pink	1	fruit color (1)	Commiphora kataf: oval pink-flushed fruits	FLOPO_VALUE_pink_flushed	subclass	PATO_0000954	""
FLOPO_0980268	http://purl.obolibrary.org/obo/FLOPO_0980268	almost globular	A botanical phenotype value denoting almost globular, used in flora descriptions. This FLOPO extension value is classified under the PATO value class(es): spherical.	PATO_0001499	spherical	1	fruit shape (1)	Commiphora kataf: almost globular green fruits	FLOPO_VALUE_almost_globular	subclass	PATO_0001499	""
FLOPO_0980269	http://purl.obolibrary.org/obo/FLOPO_0980269	creamy-pink	A composite botanical phenotype value denoting creamy-pink, used in flora descriptions; its component qualities are white, yellow, pink.	PATO_0000001	quality	1	flower color (1)	Commiphora kataf: creamy-pink flowers	FLOPO_VALUE_creamy_pink	components	PATO_0000323|PATO_0000324|PATO_0000954	""
FLOPO_0980270	http://purl.obolibrary.org/obo/FLOPO_0980270	red flushed green	A composite botanical phenotype value denoting red flushed green, used in flora descriptions; its component qualities are red, green.	PATO_0000001	quality	1	leaf color (1)	Commiphora madagascariensis: red flushed green pate	FLOPO_VALUE_red_flushed_green	components	PATO_0000322|PATO_0000320	""
FLOPO_0980271	http://purl.obolibrary.org/obo/FLOPO_0980271	oval mango-shaped	A botanical phenotype value denoting oval mango-shaped, used in flora descriptions. This FLOPO extension value is classified under the PATO value class(es): elliptic.	PATO_0000947	elliptic	1	fruit shape (1)	Commiphora myrrha: oval mango-shaped fruits	FLOPO_VALUE_oval_mango_shaped	subclass	PATO_0000947	""
FLOPO_0980273	http://purl.obolibrary.org/obo/FLOPO_0980273	almost spherical	A botanical phenotype value denoting almost spherical, used in flora descriptions. This FLOPO extension value is classified under the PATO value class(es): spherical.	PATO_0001499	spherical	1	fruit shape (1)	Commiphora sp. aff. erythraea: almost spherical fruits	FLOPO_VALUE_almost_spherical	subclass	PATO_0001499	""
FLOPO_0980274	http://purl.obolibrary.org/obo/FLOPO_0980274	greenish yellow inside	A greenish-yellow color localized to an inner surface or region of the bearer.	PATO_0104013	greenish yellow	1	flower color (1)	Commiphora sp. nov. aff. myrrha: greenish yellow inside	FLOPO_VALUE_greenish_yellow_inside	subclass	PATO_0104013	https://github.com/pato-ontology/pato/pull/615
FLOPO_0980275	http://purl.obolibrary.org/obo/FLOPO_0980275	pink streaked	A botanical phenotype value denoting pink streaked, used in flora descriptions. This FLOPO extension value is classified under the PATO value class(es): pink.	PATO_0000954	pink	1	flower color pattern (1)	Convolvulus deserti: streaked with pink behind	FLOPO_VALUE_pink_streaked	subclass	PATO_0000954	""
FLOPO_0980276	http://purl.obolibrary.org/obo/FLOPO_0980276	streaked with pink behind	A botanical phenotype value denoting streaked with pink behind, used in flora descriptions. This FLOPO extension value is classified under the PATO value class(es): pink.	PATO_0000954	pink	1	flower color pattern (1)	Convolvulus deserti: streaked with pink behind	FLOPO_VALUE_streaked_with_pink_behind	subclass	PATO_0000954	""
FLOPO_0980277	http://purl.obolibrary.org/obo/FLOPO_0980277	inflated oval	A composite botanical phenotype value denoting inflated oval, used in flora descriptions; its component qualities are inflated, elliptic.	PATO_0000001	quality	1	fruit shape (1)	Crotalaria leptocarpa: inflated oval pods	FLOPO_VALUE_inflated_oval	components	PATO_0002376|PATO_0000947	""
FLOPO_0980278	http://purl.obolibrary.org/obo/FLOPO_0980278	slightly rounded	A botanical phenotype value denoting slightly rounded, used in flora descriptions. This FLOPO extension value is classified under the PATO value class(es): circular.	PATO_0000411	circular	1	leaf shape (1)	Crotalaria quartiniana: slightly rounded	FLOPO_VALUE_slightly_rounded	subclass	PATO_0000411	""
FLOPO_0980279	http://purl.obolibrary.org/obo/FLOPO_0980279	clustered along the apical portion	A botanical phenotype value denoting clustered along the apical portion, used in flora descriptions. This FLOPO extension value is classified under the PATO value class(es): aggregated.	PATO_0001629	aggregated	1	flower position (1)	Croton lobatus: male flowers clustered along the apical portion	FLOPO_VALUE_clustered_along_the_apical_portion	subclass	PATO_0001629	""
FLOPO_0980280	http://purl.obolibrary.org/obo/FLOPO_0980280	smooth oval	A composite botanical phenotype value denoting smooth oval, used in flora descriptions; its component qualities are smooth, elliptic.	PATO_0000001	quality	1	fruit shape (1)	Cucumis melo: smooth oval fruits	FLOPO_VALUE_smooth_oval	components	PATO_0000701|PATO_0000947	""
FLOPO_0980281	http://purl.obolibrary.org/obo/FLOPO_0980281	white-hairy	A composite botanical phenotype value denoting white-hairy, used in flora descriptions; its component qualities are white, hairy.	PATO_0000001	quality	1	stem hairy (1)	Cucumis melo: coarse white-hairy stems	FLOPO_VALUE_white_hairy	components	PATO_0000323|PATO_0000454	""
FLOPO_0980282	http://purl.obolibrary.org/obo/FLOPO_0980282	green-striped	A composite botanical phenotype value denoting green-striped, used in flora descriptions; its component qualities are green, banded.	PATO_0000001	quality	1	fruit color pattern (1)	Cucumis prophetarum: green-striped fruit	FLOPO_VALUE_green_striped	components	PATO_0000320|PATO_0001946	""
FLOPO_0980283	http://purl.obolibrary.org/obo/FLOPO_0980283	yellow green-veined	A composite botanical phenotype value denoting yellow green-veined, used in flora descriptions; its component qualities are yellow green, yellow, green.	PATO_0000001	quality	1	flower color (1)	Cucumis prophetarum: yellow green-veined flowers	FLOPO_VALUE_yellow_green_veined	components	PATO_0001941|PATO_0000324|PATO_0000320	""
FLOPO_0980284	http://purl.obolibrary.org/obo/FLOPO_0980284	bluish-lilac	A composite botanical phenotype value denoting bluish-lilac, used in flora descriptions; its component qualities are blue, lilac.	PATO_0000001	quality	1	flower color (1)	Cyanotis nyctitropa: bluish-lilac flowers	FLOPO_VALUE_bluish_lilac	components	PATO_0000318|PATO_0001943	""
FLOPO_0980285	http://purl.obolibrary.org/obo/FLOPO_0980285	chestnut-red	A botanical phenotype value denoting chestnut-red, used in flora descriptions. This FLOPO extension value is classified under the PATO value class(es): red.	PATO_0000322	red	1	glume color (1)	Cyperus rigidifolius: chestnut-red glumes	FLOPO_VALUE_chestnut_red	subclass	PATO_0000322	""
FLOPO_0980286	http://purl.obolibrary.org/obo/FLOPO_0980286	cream or white	A botanical color that is cream or white.	PATO_0000014	color	1	flower color (1)	Daphne linearifolia: cream or white flowers	FLOPO_VALUE_cream_or_white	union	PATO_0104031|PATO_0000323	https://github.com/pato-ontology/pato/pull/615
FLOPO_0980287	http://purl.obolibrary.org/obo/FLOPO_0980287	pointed black	A composite botanical phenotype value denoting pointed black, used in flora descriptions; its component qualities are pointed, black.	PATO_0000001	quality	1	seed color (1)	Daphne mucronata: pointed black seed	FLOPO_VALUE_pointed_black	components	PATO_0002258|PATO_0000317	""
FLOPO_0980288	http://purl.obolibrary.org/obo/FLOPO_0980288	four-petalled bulbous	A botanical phenotype value denoting four-petalled bulbous, used in flora descriptions. This FLOPO extension value is classified under the PATO value class(es): bulbous.	PATO_0002210	bulbous	1	calyx shape (1)	Daphne mucronata: cupped in a four-petalled bulbous calyx	FLOPO_VALUE_four_petalled_bulbous	subclass	PATO_0002210	""
FLOPO_0980289	http://purl.obolibrary.org/obo/FLOPO_0980289	unevenly lobed	A botanical phenotype value denoting unevenly lobed, used in flora descriptions. This FLOPO extension value is classified under the PATO value class(es): lobed.	PATO_0001979	lobed	1	leaf shape (1)	Datura stramonium: bright green unevenly lobed leaves	FLOPO_VALUE_unevenly_lobed	subclass	PATO_0001979	""
FLOPO_0980290	http://purl.obolibrary.org/obo/FLOPO_0980290	pale blue flushed with purple	A composite botanical phenotype value denoting pale blue flushed with purple, used in flora descriptions; its component qualities are blue, purple.	PATO_0000001	quality	1	flower color (1)	Delphinium sheilae: pale blue flowers flushed with purple	FLOPO_VALUE_pale_blue_flushed_with_purple	components	PATO_0000318|PATO_0000951	""
FLOPO_0980291	http://purl.obolibrary.org/obo/FLOPO_0980291	flushed with purple	A botanical phenotype value denoting flushed with purple, used in flora descriptions. This FLOPO extension value is classified under the PATO value class(es): purple.	PATO_0000951	purple	1	flower color (1)	Delphinium sheilae: pale blue flowers flushed with purple	FLOPO_VALUE_flushed_with_purple	subclass	PATO_0000951	""
FLOPO_0980292	http://purl.obolibrary.org/obo/FLOPO_0980292	segmented pod-like	A botanical phenotype value denoting segmented pod-like, used in flora descriptions. This FLOPO extension value is classified under the PATO value class(es): segmented.	PATO_0002312	segmented	1	fruit shape (1)	Desmodium gangeticum: segmented pod-like fruits	FLOPO_VALUE_segmented_pod_like	subclass	PATO_0002312	""
FLOPO_0980293	http://purl.obolibrary.org/obo/FLOPO_0980293	tangled spirally curved	A composite botanical phenotype value denoting tangled spirally curved, used in flora descriptions; its component qualities are tangled, curved.	PATO_0000001	quality	1	fruit shape (1)	Dichrostachys cinerea: very tangled spirally curved fruits	FLOPO_VALUE_tangled_spirally_curved	components	PATO_0001846|PATO_0000406	""
FLOPO_0980294	http://purl.obolibrary.org/obo/FLOPO_0980294	spirally curved	A botanical phenotype value denoting spirally curved, used in flora descriptions. This FLOPO extension value is classified under the PATO value class(es): curved.	PATO_0000406	curved	1	fruit shape (1)	Dichrostachys cinerea: very tangled spirally curved fruits	FLOPO_VALUE_spirally_curved	subclass	PATO_0000406	""
FLOPO_0980295	http://purl.obolibrary.org/obo/FLOPO_0980295	greenish brown	A composite botanical phenotype value denoting greenish brown, used in flora descriptions; its component qualities are green, brown.	PATO_0000001	quality	1	flower color (1)	Dipcadi serotinum: narrow greenish brown flowers	FLOPO_VALUE_greenish_brown	components	PATO_0000320|PATO_0000952	""
FLOPO_0980296	http://purl.obolibrary.org/obo/FLOPO_0980296	scarlet-flushed	A botanical phenotype value denoting scarlet-flushed, used in flora descriptions. This FLOPO extension value is classified under the PATO value class(es): red.	PATO_0000322	red	1	fruit color (1)	Dodonaea viscosa: large scarlet-flushed winged fruits	FLOPO_VALUE_scarlet_flushed	subclass	PATO_0000322	""
FLOPO_0980297	http://purl.obolibrary.org/obo/FLOPO_0980297	green and purplish	A composite botanical phenotype value denoting green and purplish, used in flora descriptions; its component qualities are green, purple.	PATO_0000001	quality	1	flower color (1)	Dodonaea viscosa: green and purplish flowers	FLOPO_VALUE_green_and_purplish	components	PATO_0000320|PATO_0000951	""
FLOPO_0980298	http://purl.obolibrary.org/obo/FLOPO_0980298	pale greenish red	A composite botanical phenotype value denoting pale greenish red, used in flora descriptions; its component qualities are green, red.	PATO_0000001	quality	1	flower color (1)	Duvalia velutina: pale greenish red flowers	FLOPO_VALUE_pale_greenish_red	components	PATO_0000320|PATO_0000322	""
FLOPO_0980299	http://purl.obolibrary.org/obo/FLOPO_0980299	pale brownish	A botanical phenotype value denoting pale brownish, used in flora descriptions. This FLOPO extension value is classified under the PATO value class(es): brown.	PATO_0000952	brown	1	stem color (1)	Echinops viscosus: stems are pale brownish	FLOPO_VALUE_pale_brownish	subclass	PATO_0000952	""
FLOPO_0980300	http://purl.obolibrary.org/obo/FLOPO_0980300	long distinctive	A botanical phenotype value denoting long distinctive, used in flora descriptions. This FLOPO extension value is classified under the PATO value class(es): elongated.	PATO_0001154	elongated	1	calyx length (1)	Endostemon gracile: cupped in a long distinctive calyx	FLOPO_VALUE_long_distinctive	subclass	PATO_0001154	""
FLOPO_0980301	http://purl.obolibrary.org/obo/FLOPO_0980301	white and lilac	A composite botanical phenotype value denoting white and lilac, used in flora descriptions; its component qualities are white, lilac.	PATO_0000001	quality	1	flower color (1)	Eremobium aegyptiacum: white and lilac flowers	FLOPO_VALUE_white_and_lilac	components	PATO_0000323|PATO_0001943	""
FLOPO_0980302	http://purl.obolibrary.org/obo/FLOPO_0980302	white, lilac	A composite botanical phenotype value denoting white, lilac, used in flora descriptions; its component qualities are white, lilac.	PATO_0000001	quality	1	flower color (1)	Eremobium aegyptiacum: white and lilac flowers	FLOPO_VALUE_white_lilac	components	PATO_0000323|PATO_0001943	""
FLOPO_0980303	http://purl.obolibrary.org/obo/FLOPO_0980303	bright lilac-blue	A composite botanical phenotype value denoting bright lilac-blue, used in flora descriptions; its component qualities are blue, lilac.	PATO_0000001	quality	1	flower color (1)	Erodium ciconium: bright lilac-blue flowers	FLOPO_VALUE_bright_lilac_blue	components	PATO_0000318|PATO_0001943	""
FLOPO_0980304	http://purl.obolibrary.org/obo/FLOPO_0980304	narrow deeply lobed	A composite botanical phenotype value denoting narrow deeply lobed, used in flora descriptions; its component qualities are decreased width, lobed.	PATO_0000001	quality	1	leaf shape (1)	Erucaria hispanica: narrow deeply lobed leaves	FLOPO_VALUE_narrow_deeply_lobed	components	PATO_0000599|PATO_0001979	""
FLOPO_0980305	http://purl.obolibrary.org/obo/FLOPO_0980305	large pale cream	A composite botanical phenotype value in which the bearer is large and pale cream in color.	PATO_0000001	quality	1	corm color (1)	Eulophia petersii: Large pale cream crowded pseudobulbs	FLOPO_VALUE_large_pale_cream	components	PATO_0000586|PATO_0104031	https://github.com/pato-ontology/pato/pull/615
FLOPO_0980307	http://purl.obolibrary.org/obo/FLOPO_0980307	four-angled	A botanical phenotype value denoting four-angled, used in flora descriptions. This FLOPO extension value is classified under the PATO value class(es): bent.	PATO_0000617	bent	1	stem shape (1)	Euphorbia sp. aff. ammak: fourangled stems	FLOPO_VALUE_four_angled	subclass	PATO_0000617	""
FLOPO_0980308	http://purl.obolibrary.org/obo/FLOPO_0980308	constricted at intervals	A botanical phenotype value denoting constricted at intervals, used in flora descriptions. This FLOPO extension value is classified under the PATO value class(es): constricted.	PATO_0001847	constricted	1	stem constricted (1)	Euphorbia sp. aff. fractiflexa ae: constricted at intervals	FLOPO_VALUE_constricted_at_intervals	subclass	PATO_0001847	""
FLOPO_0980309	http://purl.obolibrary.org/obo/FLOPO_0980309	pale lilac-pink	A composite botanical phenotype value denoting pale lilac-pink, used in flora descriptions; its component qualities are pink, lilac.	PATO_0000001	quality	1	flower color (1)	Fagonia tristris var. boveana: pale lilac-pink flowers	FLOPO_VALUE_pale_lilac_pink	components	PATO_0000954|PATO_0001943	""
FLOPO_0980310	http://purl.obolibrary.org/obo/FLOPO_0980310	flat, almost re circular	A composite botanical phenotype value denoting flat, almost re circular, used in flora descriptions; its component qualities are flat, circular.	PATO_0000001	quality	1	fruit shape (1)	Farsetia aegyptia: flat, almost re circular, soft-hairy fruits	FLOPO_VALUE_flat_almost_re_circular	components	PATO_0000407|PATO_0000411	""
FLOPO_0980311	http://purl.obolibrary.org/obo/FLOPO_0980311	white rosy-lilac	A composite botanical phenotype value denoting white rosy-lilac, used in flora descriptions; its component qualities are lilac, white, rosy, pink, red.	PATO_0000001	quality	1	flower color (1)	Farsetia burtonae: white rosy-lilac flowers	FLOPO_VALUE_white_rosy_lilac	components	PATO_0001943|PATO_0000323|PATO_0001425|PATO_0000954|PATO_0000322	""
FLOPO_0980312	http://purl.obolibrary.org/obo/FLOPO_0980312	green flushed red	A composite botanical phenotype value denoting green flushed red, used in flora descriptions; its component qualities are green, red.	PATO_0000001	quality	1	fruit color (1)	Ficus populifolia: green flushed red	FLOPO_VALUE_green_flushed_red	components	PATO_0000320|PATO_0000322	""
FLOPO_0980313	http://purl.obolibrary.org/obo/FLOPO_0980313	pinkish green	A composite botanical phenotype value denoting pinkish green, used in flora descriptions; its component qualities are pink, green.	PATO_0000001	quality	1	flower color (1)	Galium aparinoides: pinkish green flowers	FLOPO_VALUE_pinkish_green	components	PATO_0000954|PATO_0000320	""
FLOPO_0980314	http://purl.obolibrary.org/obo/FLOPO_0980314	reddish-brown	A composite botanical phenotype value denoting reddish-brown, used in flora descriptions; its component qualities are red, brown.	PATO_0000001	quality	1	flower color (1)	Glossonema edule: reddish-brown flowers	FLOPO_VALUE_reddish_brown	components	PATO_0000322|PATO_0000952	""
FLOPO_0980315	http://purl.obolibrary.org/obo/FLOPO_0980315	pale creamy-white	A composite botanical phenotype value denoting pale creamy-white, used in flora descriptions; its component qualities are white, yellow.	PATO_0000001	quality	1	flower color (1)	Gossypium hirsutum: pale creamy-white flowers	FLOPO_VALUE_pale_creamy_white	components	PATO_0000323|PATO_0000324	""
FLOPO_0980316	http://purl.obolibrary.org/obo/FLOPO_0980316	small round dentate	A composite botanical phenotype value denoting small round dentate, used in flora descriptions; its component qualities are decreased size, circular, dentated.	PATO_0000001	quality	1	leaf shape (1)	Grewia tenax: small round dentate leaves	FLOPO_VALUE_small_round_dentate	components	PATO_0000587|PATO_0000411|PATO_0001205	""
FLOPO_0980317	http://purl.obolibrary.org/obo/FLOPO_0980317	white flushed with pale lilac	A composite botanical phenotype value denoting white flushed with pale lilac, used in flora descriptions; its component qualities are white, lilac.	PATO_0000001	quality	1	flower color (1)	Gynandropsis gynandra: white flowers flushed with pale lilac	FLOPO_VALUE_white_flushed_with_pale_lilac	components	PATO_0000323|PATO_0001943	""
FLOPO_0980318	http://purl.obolibrary.org/obo/FLOPO_0980318	lobed palmate	A composite botanical phenotype value denoting lobed palmate, used in flora descriptions; its component qualities are lobed, shape.	PATO_0000001	quality	1	leaf shape (1)	Gynandropsis gynandra: lobed palmate leaves	FLOPO_VALUE_lobed_palmate	components	PATO_0001979|PATO_0000052	""
FLOPO_0980319	http://purl.obolibrary.org/obo/FLOPO_0980319	reduced to yellow stamens	A composite botanical phenotype value denoting reduced to yellow stamens, used in flora descriptions; its component qualities are decreased size, yellow.	PATO_0000001	quality	1	flower present in fewer numbers in organism (1)	Halopeplis perfoliata: flowers reduced to yellow stamens	FLOPO_VALUE_reduced_to_yellow_stamens	components	PATO_0000587|PATO_0000324	""
FLOPO_0980320	http://purl.obolibrary.org/obo/FLOPO_0980320	silver-grey	A botanical phenotype value denoting silver-grey, used in flora descriptions. This FLOPO extension value is classified under the PATO value class(es): grey.	PATO_0000950	grey	1	stem color (1)	Haloxylon ammodendron: silver-grey trunk	FLOPO_VALUE_silver_grey	subclass	PATO_0000950	""
FLOPO_0980321	http://purl.obolibrary.org/obo/FLOPO_0980321	papery yellow	A composite botanical phenotype value in which the bearer is papyraceous and yellow.	PATO_0000001	quality	1	flower color (1)	Hedypnois cretica: papery yellow flowers 6 mm wide	FLOPO_VALUE_papery_yellow	components	PATO_0104010|PATO_0000324	https://github.com/pato-ontology/pato/pull/615
FLOPO_0980322	http://purl.obolibrary.org/obo/FLOPO_0980322	very brittle	A botanical phenotype value denoting very brittle, used in flora descriptions. This FLOPO extension value is classified under the PATO value class(es): brittle.	PATO_0002477	brittle	1	stem brittle (1)	Heliotropium rariflorum: very brittle yellowish stems	FLOPO_VALUE_very_brittle	subclass	PATO_0002477	""
FLOPO_0980323	http://purl.obolibrary.org/obo/FLOPO_0980323	dark crimson-red	A botanical phenotype value denoting dark crimson-red, used in flora descriptions. This FLOPO extension value is classified under the PATO value class(es): red.	PATO_0000322	red	1	flower color (1)	Hibiscus deflersii: dark crimson-red flowers	FLOPO_VALUE_dark_crimson_red	subclass	PATO_0000322	""
FLOPO_0980324	http://purl.obolibrary.org/obo/FLOPO_0980324	long slender	A composite botanical phenotype value denoting long slender, used in flora descriptions; its component qualities are elongated, decreased thickness.	PATO_0000001	quality	1	fruit shape (1)	Hippocrepis unisiliquosa: long slender pods	FLOPO_VALUE_long_slender	components	PATO_0001154|PATO_0000592	""
FLOPO_0980325	http://purl.obolibrary.org/obo/FLOPO_0980325	soft felted	A composite botanical phenotype value in which the bearer is soft and pannose.	PATO_0000001	quality	1	leaf texture (1)	Hochstettera schimperi: small soft felted leaves	FLOPO_VALUE_soft_felted	components	PATO_0000387|PATO_0104242	https://github.com/pato-ontology/pato/pull/615
FLOPO_0980326	http://purl.obolibrary.org/obo/FLOPO_0980326	large round winged	A composite botanical phenotype value denoting large round winged, used in flora descriptions; its component qualities are increased size, circular.	PATO_0000001	quality	1	fruit shape (1)	Horwoodia dicksoniae: large round winged fruits	FLOPO_VALUE_large_round_winged	components	PATO_0000586|PATO_0000411	""
FLOPO_0980327	http://purl.obolibrary.org/obo/FLOPO_0980327	whitish lilac	A composite botanical phenotype value denoting whitish lilac, used in flora descriptions; its component qualities are white, lilac.	PATO_0000001	quality	1	flower color (1)	Horwoodia dicksoniae: whitish lilac flowers 1 cm	FLOPO_VALUE_whitish_lilac	components	PATO_0000323|PATO_0001943	""
FLOPO_0980328	http://purl.obolibrary.org/obo/FLOPO_0980328	large toothed	A composite botanical phenotype value denoting large toothed, used in flora descriptions; its component qualities are increased size, dentated.	PATO_0000001	quality	1	calyx size (1)	Hyoscyamus pusillus: cupped in a large toothed calyx	FLOPO_VALUE_large_toothed	components	PATO_0000586|PATO_0001205	""
FLOPO_0980329	http://purl.obolibrary.org/obo/FLOPO_0980329	reddish brown	A composite botanical phenotype value denoting reddish brown, used in flora descriptions; its component qualities are red, brown.	PATO_0000001	quality	1	fruit color (1)	Hyphaene thebaica: angled reddish brown fruits	FLOPO_VALUE_reddish_brown	components	PATO_0000322|PATO_0000952	""
FLOPO_0980330	http://purl.obolibrary.org/obo/FLOPO_0980330	long and narrow	A composite botanical phenotype value denoting long and narrow, used in flora descriptions; its component qualities are elongated, decreased width.	PATO_0000001	quality	1	leaflet shape (1)	Indigofera linifolia: the centre leaflet long and narrow	FLOPO_VALUE_long_and_narrow	components	PATO_0001154|PATO_0000599	""
FLOPO_0980331	http://purl.obolibrary.org/obo/FLOPO_0980331	greatly reduced	A botanical phenotype value denoting greatly reduced, used in flora descriptions. This FLOPO extension value is classified under the PATO value class(es): decreased size.	PATO_0000587	decreased size	1	leaflet size (1)	Indigofera linifolia: the two side ones greatly reduced	FLOPO_VALUE_greatly_reduced	subclass	PATO_0000587	""
FLOPO_0980332	http://purl.obolibrary.org/obo/FLOPO_0980332	rosy-pink	A composite botanical phenotype value denoting rosy-pink, used in flora descriptions; its component qualities are rosy, pink, red.	PATO_0000001	quality	1	flower color (1)	Indigofera schimperi: rosy-pink flowers	FLOPO_VALUE_rosy_pink	components	PATO_0001425|PATO_0000954|PATO_0000322	""
FLOPO_0980333	http://purl.obolibrary.org/obo/FLOPO_0980333	short pagoda-like	A botanical phenotype value denoting short pagoda-like, used in flora descriptions. This FLOPO extension value is classified under the PATO value class(es): decreased height.	PATO_0000569	decreased height	1	inflorescence shape (1)	Indigofera sessiliflora: short pagoda-like spikes	FLOPO_VALUE_short_pagoda_like	subclass	PATO_0000569	""
FLOPO_0980334	http://purl.obolibrary.org/obo/FLOPO_0980334	narrow heart-shaped	A botanical phenotype value denoting narrow heart-shaped, used in flora descriptions. This FLOPO extension value is classified under the PATO value class(es): decreased width.	PATO_0000599	decreased width	1	leaf shape (1)	Ipomoea sinensis ssp. blepharosepala: narrow heart-shaped leaves	FLOPO_VALUE_narrow_heart_shaped	subclass	PATO_0000599	""
FLOPO_0980335	http://purl.obolibrary.org/obo/FLOPO_0980335	greenish-gold	A botanical phenotype value denoting greenish-gold, used in flora descriptions. This FLOPO extension value is classified under the PATO value class(es): green.	PATO_0000320	green	1	flower color (1)	Iris albicans: flushed with greenish-gold in the throat	FLOPO_VALUE_greenish_gold	subclass	PATO_0000320	""
FLOPO_0980336	http://purl.obolibrary.org/obo/FLOPO_0980336	greenish red	A composite botanical phenotype value denoting greenish red, used in flora descriptions; its component qualities are green, red.	PATO_0000001	quality	1	flower color (1)	Jatropha spinosa: greenish red flowers	FLOPO_VALUE_greenish_red	components	PATO_0000320|PATO_0000322	""
FLOPO_0980337	http://purl.obolibrary.org/obo/FLOPO_0980337	slightly variable	A botanical phenotype value denoting slightly variable, used in flora descriptions. This FLOPO extension value is classified under the PATO value class(es): variant.	PATO_0001227	variant	1	flower color (1)	Kalanchoe alternans: colour slightly variable	FLOPO_VALUE_slightly_variable	subclass	PATO_0001227	""
FLOPO_0980338	http://purl.obolibrary.org/obo/FLOPO_0980338	pinkish red	A composite botanical phenotype value denoting pinkish red, used in flora descriptions; its component qualities are pink, red.	PATO_0000001	quality	1	flower color (1)	Kalanchoe sp. aff. glaucescens: pinkish red flowers	FLOPO_VALUE_pinkish_red	components	PATO_0000954|PATO_0000322	""
FLOPO_0980339	http://purl.obolibrary.org/obo/FLOPO_0980339	curved, separated claw-shaped	A botanical phenotype value denoting curved, separated claw-shaped, used in flora descriptions. This FLOPO extension value is classified under the PATO value class(es): curved.	PATO_0000406	curved	1	fruit shape (1)	Koelpinia linearis: large, curved, separated claw-shaped fruits	FLOPO_VALUE_curved_separated_claw_shaped	subclass	PATO_0000406	""
FLOPO_0980340	http://purl.obolibrary.org/obo/FLOPO_0980340	bright lilac and pink	A composite botanical phenotype value denoting bright lilac and pink, used in flora descriptions; its component qualities are lilac, pink.	PATO_0000001	quality	1	flower color (1)	Lantana viburnoides: bright lilac and pink flowers	FLOPO_VALUE_bright_lilac_and_pink	components	PATO_0001943|PATO_0000954	""
FLOPO_0980341	http://purl.obolibrary.org/obo/FLOPO_0980341	narrow grass-like	A botanical phenotype value denoting narrow grass-like, used in flora descriptions. This FLOPO extension value is classified under the PATO value class(es): decreased width.	PATO_0000599	decreased width	1	leaf shape (1)	Lathyrus pratensis: narrow grass-like leaves	FLOPO_VALUE_narrow_grass_like	subclass	PATO_0000599	""
FLOPO_0980342	http://purl.obolibrary.org/obo/FLOPO_0980342	cottony	A botanical phenotype value denoting cottony, used in flora descriptions. This FLOPO extension value is classified under the PATO value class(es): texture.	PATO_0000150	texture	1	pappus texture (1)	Launaea angustifolia: pappus on the seeds very cottony	FLOPO_VALUE_cottony	subclass	PATO_0000150	""
FLOPO_0980343	http://purl.obolibrary.org/obo/FLOPO_0980343	blue or lilac	A botanical color that is blue or lilac.	PATO_0000014	color	1	flower color (1)	Lavandula stricta: blue or lilac flowers	FLOPO_VALUE_blue_or_lilac	union	PATO_0000318|PATO_0001943	https://github.com/pato-ontology/pato/pull/615
FLOPO_0980344	http://purl.obolibrary.org/obo/FLOPO_0980344	flat circular	A composite botanical phenotype value denoting flat circular, used in flora descriptions; its component qualities are flat, circular.	PATO_0000001	quality	1	fruit shape (1)	Lobularia libyca: flat circular fruits	FLOPO_VALUE_flat_circular	components	PATO_0000407|PATO_0000411	""
FLOPO_0980345	http://purl.obolibrary.org/obo/FLOPO_0980345	tubular creamy	A composite botanical phenotype value in which the bearer is tubular and cream in color.	PATO_0000001	quality	1	flower color (1)	Lonicera etrusca: tubular creamy flowers	FLOPO_VALUE_tubular_creamy	components	PATO_0002299|PATO_0104031	https://github.com/pato-ontology/pato/pull/615
FLOPO_0980346	http://purl.obolibrary.org/obo/FLOPO_0980346	yellow or reddish orange	A botanical color that is yellow or reddish orange.	PATO_0000014	color	1	flower color (1)	Lotus corniculatus: yellow or reddish orange flowers	FLOPO_VALUE_yellow_or_reddish_orange	union	PATO_0000324|FLOPO_0980416	https://github.com/pato-ontology/pato/pull/615
FLOPO_0980347	http://purl.obolibrary.org/obo/FLOPO_0980347	dense thicket	A botanical phenotype value denoting dense thicket, used in flora descriptions. This FLOPO extension value is classified under the PATO value class(es): dense.	PATO_0001164	dense	1	whole plant mass density (1)	Lycium sp. nov. aff. depressum: forming a dense thicket	FLOPO_VALUE_dense_thicket	subclass	PATO_0001164	""
FLOPO_0980348	http://purl.obolibrary.org/obo/FLOPO_0980348	lilac-pink	A composite botanical phenotype value denoting lilac-pink, used in flora descriptions; its component qualities are lilac, pink.	PATO_0000001	quality	1	flower color (1)	Lythrum hyssopifolia: lilac-pink flowers	FLOPO_VALUE_lilac_pink	components	PATO_0001943|PATO_0000954	""
FLOPO_0980349	http://purl.obolibrary.org/obo/FLOPO_0980349	several metres long	A botanical phenotype value denoting several metres long, used in flora descriptions. This FLOPO extension value is classified under the PATO value class(es): elongated.	PATO_0001154	elongated	1	stem length (1)	Macrotyloma axillare var. axillare: stems several metres long	FLOPO_VALUE_several_metres_long	subclass	PATO_0001154	""
FLOPO_0980351	http://purl.obolibrary.org/obo/FLOPO_0980351	white tinged with pink	A composite botanical phenotype value denoting white tinged with pink, used in flora descriptions; its component qualities are white, pink.	PATO_0000001	quality	1	flower color (1)	Malva neglecta: white flowers tinged with pink	FLOPO_VALUE_white_tinged_with_pink	components	PATO_0000323|PATO_0000954	""
FLOPO_0980352	http://purl.obolibrary.org/obo/FLOPO_0980352	very pale pink	A botanical phenotype value denoting very pale pink, used in flora descriptions. This FLOPO extension value is classified under the PATO value class(es): pink.	PATO_0000954	pink	1	flower color (1)	Malva parviflora: very pale pink flowers	FLOPO_VALUE_very_pale_pink	subclass	PATO_0000954	""
FLOPO_0980353	http://purl.obolibrary.org/obo/FLOPO_0980353	red flushed pale yellowish	A composite botanical phenotype value denoting red flushed pale yellowish, used in flora descriptions; its component qualities are red, yellow.	PATO_0000001	quality	1	fruit color (1)	Maytenus heterophylla: red flushed pale yellowish fruits	FLOPO_VALUE_red_flushed_pale_yellowish	components	PATO_0000322|PATO_0000324	""
FLOPO_0980354	http://purl.obolibrary.org/obo/FLOPO_0980354	slightly spatulate	A botanical phenotype value denoting slightly spatulate, used in flora descriptions. This FLOPO extension value is classified under the PATO value class(es): spatulate.	PATO_0001937	spatulate	1	leaf shape (1)	Maytenus heterophylla: slightly spatulate leaves	FLOPO_VALUE_slightly_spatulate	subclass	PATO_0001937	""
FLOPO_0980355	http://purl.obolibrary.org/obo/FLOPO_0980355	green flushed with red	A composite botanical phenotype value denoting green flushed with red, used in flora descriptions; its component qualities are green, red.	PATO_0000001	quality	1	fruit color (1)	Maytenus senegalensis: the green fruits flushed with red	FLOPO_VALUE_green_flushed_with_red	components	PATO_0000320|PATO_0000322	""
FLOPO_0980356	http://purl.obolibrary.org/obo/FLOPO_0980356	creamy-green	A composite botanical phenotype value denoting creamy-green, used in flora descriptions; its component qualities are white, yellow, green.	PATO_0000001	quality	1	flower color (1)	Maytenus undata: creamy-green flowers	FLOPO_VALUE_creamy_green	components	PATO_0000323|PATO_0000324|PATO_0000320	""
FLOPO_0980357	http://purl.obolibrary.org/obo/FLOPO_0980357	spirally coiled	A botanical phenotype value denoting spirally coiled, used in flora descriptions. This FLOPO extension value is classified under the PATO value class(es): coiled.	PATO_0000404	coiled	1	fruit shape (1)	Medicago minima: slightly spirally coiled	FLOPO_VALUE_spirally_coiled	subclass	PATO_0000404	""
FLOPO_0980358	http://purl.obolibrary.org/obo/FLOPO_0980358	flat spirally coiled	A composite botanical phenotype value denoting flat spirally coiled, used in flora descriptions; its component qualities are flat, coiled.	PATO_0000001	quality	1	fruit shape (1)	Medicago polymorpha: flat spirally coiled spiny fruits	FLOPO_VALUE_flat_spirally_coiled	components	PATO_0000407|PATO_0000404	""
FLOPO_0980359	http://purl.obolibrary.org/obo/FLOPO_0980359	pale salmon-pink	A botanical phenotype value denoting pale salmon-pink, used in flora descriptions. This FLOPO extension value is classified under the PATO value class(es): pink.	PATO_0000954	pink	1	flower color (1)	Merremia semisagitta: pale salmon-pink flowers	FLOPO_VALUE_pale_salmon_pink	subclass	PATO_0000954	""
FLOPO_0980361	http://purl.obolibrary.org/obo/FLOPO_0980361	thick brittle	A composite botanical phenotype value denoting thick brittle, used in flora descriptions; its component qualities are increased thickness, brittle.	PATO_0000001	quality	1	leaf texture (1)	Moricandia sinaica: thick brittle glaucous leaves	FLOPO_VALUE_thick_brittle	components	PATO_0000591|PATO_0002477	""
FLOPO_0980362	http://purl.obolibrary.org/obo/FLOPO_0980362	small narrow	A composite botanical phenotype value denoting small narrow, used in flora descriptions; its component qualities are decreased size, decreased width.	PATO_0000001	quality	1	fruit shape (1)	Myosotis ramosissima: small narrow fruits	FLOPO_VALUE_small_narrow	components	PATO_0000587|PATO_0000599	""
FLOPO_0980363	http://purl.obolibrary.org/obo/FLOPO_0980363	bright sky-blue	A botanical phenotype value denoting bright sky-blue, used in flora descriptions. This FLOPO extension value is classified under the PATO value class(es): blue.	PATO_0000318	blue	1	flower color (1)	Myosotis ramosissima: bright sky-blue flowers	FLOPO_VALUE_bright_sky_blue	subclass	PATO_0000318	""
FLOPO_0980364	http://purl.obolibrary.org/obo/FLOPO_0980364	dark purplish	A botanical phenotype value denoting dark purplish, used in flora descriptions. This FLOPO extension value is classified under the PATO value class(es): purple.	PATO_0000951	purple	1	fruit color (1)	Myrtus communis: dark purplish fruits	FLOPO_VALUE_dark_purplish	subclass	PATO_0000951	""
FLOPO_0980365	http://purl.obolibrary.org/obo/FLOPO_0980365	dead white	A composite botanical phenotype value denoting dead white, used in flora descriptions; its component qualities are dead, white.	PATO_0000001	quality	1	flower color (1)	Myrtus communis: dead white flowers	FLOPO_VALUE_dead_white	components	PATO_0001422|PATO_0000323	""
FLOPO_0980366	http://purl.obolibrary.org/obo/FLOPO_0980366	purple-magenta	A composite botanical phenotype value denoting purple-magenta, used in flora descriptions; its component qualities are purple, magenta.	PATO_0000001	quality	1	flower color (1)	Onopordon heteracanthum: purple-magenta flowers	FLOPO_VALUE_purple_magenta	components	PATO_0000951|PATO_0000321	""
FLOPO_0980367	http://purl.obolibrary.org/obo/FLOPO_0980367	blue and white	A composite botanical phenotype value denoting blue and white, used in flora descriptions; its component qualities are blue, white.	PATO_0000001	quality	1	flower color (1)	Orobanche mutellii var. angustiflora: blue and white flowers	FLOPO_VALUE_blue_and_white	components	PATO_0000318|PATO_0000323	""
FLOPO_0980368	http://purl.obolibrary.org/obo/FLOPO_0980368	white flushed with purplish	A composite botanical phenotype value denoting white flushed with purplish, used in flora descriptions; its component qualities are white, purple.	PATO_0000001	quality	1	flower color (1)	Orobanche mutellii var. angustiflora: flower colour variable, white flushed with purplish	FLOPO_VALUE_white_flushed_with_purplish	components	PATO_0000323|PATO_0000951	""
FLOPO_0980369	http://purl.obolibrary.org/obo/FLOPO_0980369	variable, white flushed with purplish	A composite botanical phenotype value denoting variable, white flushed with purplish, used in flora descriptions; its component qualities are variant, white, purple.	PATO_0000001	quality	1	flower color (1)	Orobanche mutellii var. angustiflora: flower colour variable, white flushed with purplish	FLOPO_VALUE_variable_white_flushed_with_purplish	components	PATO_0001227|PATO_0000323|PATO_0000951	""
FLOPO_0980370	http://purl.obolibrary.org/obo/FLOPO_0980370	slightly hairy	A botanical phenotype value denoting slightly hairy, used in flora descriptions. This FLOPO extension value is classified under the PATO value class(es): hairy.	PATO_0000454	hairy	1	flower hairy (1)	Orobanche oxyloba var. oxyloba: flowers slightly hairy	FLOPO_VALUE_slightly_hairy	subclass	PATO_0000454	""
FLOPO_0980371	http://purl.obolibrary.org/obo/FLOPO_0980371	very long	A botanical phenotype value denoting very long, used in flora descriptions. This FLOPO extension value is classified under the PATO value class(es): elongated.	PATO_0001154	elongated	1	bulb length (1)	Pancratium sickenbergeri: very long narrow bulb	FLOPO_VALUE_very_long	subclass	PATO_0001154	""
FLOPO_0980372	http://purl.obolibrary.org/obo/FLOPO_0980372	pale greenish-white	A botanical color that is a pale variant of greenish white.	PATO_0104067	greenish white	1	flower color (1)	Paronychia arabica: pale greenish-white papery flowers	FLOPO_VALUE_pale_greenish_white	subclass	PATO_0104067	https://github.com/pato-ontology/pato/pull/615
FLOPO_0980373	http://purl.obolibrary.org/obo/FLOPO_0980373	slender spidery	A botanical phenotype value denoting slender spidery, used in flora descriptions. This FLOPO extension value is classified under the PATO value class(es): decreased thickness.	PATO_0000592	decreased thickness	1	bract shape (1)	Pavonia kotschyi: slender spidery bracts	FLOPO_VALUE_slender_spidery	subclass	PATO_0000592	""
FLOPO_0980374	http://purl.obolibrary.org/obo/FLOPO_0980374	pale reddish	A botanical phenotype value denoting pale reddish, used in flora descriptions. This FLOPO extension value is classified under the PATO value class(es): red.	PATO_0000322	red	1	flower color (1)	Pergularia tomentosa: pale reddish flowers	FLOPO_VALUE_pale_reddish	subclass	PATO_0000322	""
FLOPO_0980375	http://purl.obolibrary.org/obo/FLOPO_0980375	greyish heart-shaped	A botanical phenotype value denoting greyish heart-shaped, used in flora descriptions. This FLOPO extension value is classified under the PATO value class(es): grey.	PATO_0000950	grey	1	leaf color (1)	Pergularia tomentosa: greyish heart-shaped leaves	FLOPO_VALUE_greyish_heart_shaped	subclass	PATO_0000950	""
FLOPO_0980376	http://purl.obolibrary.org/obo/FLOPO_0980376	bright deep blue	A deep blue botanical color described as bright.	PATO_0104064	deep blue	1	flower color (1)	Plectranthus arabicus: bright deep blue flowers	FLOPO_VALUE_bright_deep_blue	subclass	PATO_0104064	https://github.com/pato-ontology/pato/pull/615
FLOPO_0980378	http://purl.obolibrary.org/obo/FLOPO_0980378	fleshy green	A composite botanical phenotype value denoting fleshy green, used in flora descriptions; its component qualities are fleshy, green.	PATO_0000001	quality	1	flower color (1)	Plicosepalus acaciae: fleshy green flowers	FLOPO_VALUE_fleshy_green	components	PATO_0002351|PATO_0000320	""
FLOPO_0980379	http://purl.obolibrary.org/obo/FLOPO_0980379	flattened oval	A composite botanical phenotype value denoting flattened oval, used in flora descriptions; its component qualities are flattened, elliptic.	PATO_0000001	quality	1	peduncle shape (1)	Polycarpaea spicata: flattened oval peduncle	FLOPO_VALUE_flattened_oval	components	PATO_0002254|PATO_0000947	""
FLOPO_0980380	http://purl.obolibrary.org/obo/FLOPO_0980380	pointed tip	A botanical phenotype value denoting pointed tip, used in flora descriptions. This FLOPO extension value is classified under the PATO value class(es): pointed.	PATO_0002258	pointed	1	fruit shape (1)	Potamogeton pectinatus: brown fruits with pointed tip	FLOPO_VALUE_pointed_tip	subclass	PATO_0002258	""
FLOPO_0980381	http://purl.obolibrary.org/obo/FLOPO_0980381	purple-brown	A composite botanical phenotype value denoting purple-brown, used in flora descriptions; its component qualities are purple, brown.	PATO_0000001	quality	1	fruit color (1)	Prosopis farcta: stout fleshy purple-brown pods	FLOPO_VALUE_purple_brown	components	PATO_0000951|PATO_0000952	""
FLOPO_0980382	http://purl.obolibrary.org/obo/FLOPO_0980382	pale grey	A botanical phenotype value denoting pale grey, used in flora descriptions. This FLOPO extension value is classified under the PATO value class(es): grey.	PATO_0000950	grey	1	stem color (1)	Prosopis juliflora: finely fissured pale grey trunk	FLOPO_VALUE_pale_grey	subclass	PATO_0000950	""
FLOPO_0980383	http://purl.obolibrary.org/obo/FLOPO_0980383	rounded pointed	A composite botanical phenotype value denoting rounded pointed, used in flora descriptions; its component qualities are circular, pointed.	PATO_0000001	quality	1	leaf shape (1)	Pycnocycla tomentosa: rounded pointed spiny-tipped compound leaves	FLOPO_VALUE_rounded_pointed	components	PATO_0000411|PATO_0002258	""
FLOPO_0980384	http://purl.obolibrary.org/obo/FLOPO_0980384	shiny green	A composite botanical phenotype value denoting shiny green, used in flora descriptions; its component qualities are glistening, green.	PATO_0000001	quality	1	fruit color (1)	Rhus retinorrhoea: small, flat, shiny green fruits	FLOPO_VALUE_shiny_green	components	PATO_0001373|PATO_0000320	""
FLOPO_0980385	http://purl.obolibrary.org/obo/FLOPO_0980385	short, flat	A composite botanical phenotype value denoting short, flat, used in flora descriptions; its component qualities are decreased height, flat.	PATO_0000001	quality	1	fruit shape (1)	Rhynchosia sp. aff. schimperi: short, flat pods	FLOPO_VALUE_short_flat	components	PATO_0000569|PATO_0000407	""
FLOPO_0980386	http://purl.obolibrary.org/obo/FLOPO_0980386	dark pinkish purple	A composite botanical phenotype value denoting dark pinkish purple, used in flora descriptions; its component qualities are pink, purple.	PATO_0000001	quality	1	flower color (1)	Rubus sanctus: dark pinkish purple flowers	FLOPO_VALUE_dark_pinkish_purple	components	PATO_0000954|PATO_0000951	""
FLOPO_0980387	http://purl.obolibrary.org/obo/FLOPO_0980387	pale blue to almost white	A composite botanical phenotype value denoting pale blue to almost white, used in flora descriptions; its component qualities are blue, white.	PATO_0000001	quality	1	flower color (1)	Ruellia sp.: pale blue to almost white flowers	FLOPO_VALUE_pale_blue_to_almost_white	components	PATO_0000318|PATO_0000323	""
FLOPO_0980389	http://purl.obolibrary.org/obo/FLOPO_0980389	yellow and blue-green	A multicolor botanical phenotype value in which distinct yellow and blue-green components are present.	PATO_0000019	color pattern	1	leaf color (1)	Sansevieria abyssinica: banded and tessellated yellow and blue-green	FLOPO_VALUE_yellow_and_blue_green	components	PATO_0000324|PATO_0104020	https://github.com/pato-ontology/pato/pull/615
FLOPO_0980390	http://purl.obolibrary.org/obo/FLOPO_0980390	banded and tessellated	A composite spatial pattern that is both banded and tessellated.	PATO_0000060	spatial pattern	1	leaf color pattern (1)	Sansevieria abyssinica: banded and tessellated yellow and blue-green	FLOPO_VALUE_banded_and_tessellated	components	PATO_0001946|PATO_0104307	https://github.com/pato-ontology/pato/pull/615
FLOPO_0980391	http://purl.obolibrary.org/obo/FLOPO_0980391	fairly wide	A botanical phenotype value denoting fairly wide, used in flora descriptions. This FLOPO extension value is classified under the PATO value class(es): increased width.	PATO_0000600	increased width	1	leaf width (1)	Sansevieria abyssinica: fairly wide leaves	FLOPO_VALUE_fairly_wide	subclass	PATO_0000600	""
FLOPO_0980392	http://purl.obolibrary.org/obo/FLOPO_0980392	almost round flat	A composite botanical phenotype value denoting almost round flat, used in flora descriptions; its component qualities are circular, flat.	PATO_0000001	quality	1	fruit shape (1)	Schouwia purpurea: almost round flat fruits.	FLOPO_VALUE_almost_round_flat	components	PATO_0000411|PATO_0000407	""
FLOPO_0980393	http://purl.obolibrary.org/obo/FLOPO_0980393	narrow oval	A composite botanical phenotype value denoting narrow oval, used in flora descriptions; its component qualities are decreased width, elliptic.	PATO_0000001	quality	1	spikelet shape (1)	Scirpus litoralis: narrow oval spikelets	FLOPO_VALUE_narrow_oval	components	PATO_0000599|PATO_0000947	""
FLOPO_0980395	http://purl.obolibrary.org/obo/FLOPO_0980395	deep rosy	A composite botanical phenotype value denoting deep rosy, used in flora descriptions; its component qualities are rosy, pink, red.	PATO_0000001	quality	1	flower color (1)	Scutellaria peregrina: deep rosy flowers	FLOPO_VALUE_deep_rosy	components	PATO_0001425|PATO_0000954|PATO_0000322	""
FLOPO_0980396	http://purl.obolibrary.org/obo/FLOPO_0980396	almost round dentate	A composite botanical phenotype value denoting almost round dentate, used in flora descriptions; its component qualities are circular, dentated.	PATO_0000001	quality	1	leaf shape (1)	Senecio flavus: almost round dentate leaves	FLOPO_VALUE_almost_round_dentate	components	PATO_0000411|PATO_0001205	""
FLOPO_0980397	http://purl.obolibrary.org/obo/FLOPO_0980397	broadly oval	A botanical phenotype value denoting broadly oval, used in flora descriptions. This FLOPO extension value is classified under the PATO value class(es): elliptic.	PATO_0000947	elliptic	1	leaf shape (1)	Sida ovata: broadly oval leaves	FLOPO_VALUE_broadly_oval	subclass	PATO_0000947	""
FLOPO_0980398	http://purl.obolibrary.org/obo/FLOPO_0980398	brilliant deep pink	A botanical phenotype value denoting brilliant deep pink, used in flora descriptions. This FLOPO extension value is classified under the PATO value class(es): pink.	PATO_0000954	pink	1	flower color (1)	Silene coniflora: brilliant deep pink four-petalled (freak) flower	FLOPO_VALUE_brilliant_deep_pink	subclass	PATO_0000954	""
FLOPO_0980399	http://purl.obolibrary.org/obo/FLOPO_0980399	inflated in fruit	A botanical phenotype value denoting inflated in fruit, used in flora descriptions. This FLOPO extension value is classified under the PATO value class(es): inflated.	PATO_0002376	inflated	1	calyx shape (1)	Silene conoidea: calyx becoming inflated in fruit	FLOPO_VALUE_inflated_in_fruit	subclass	PATO_0002376	""
FLOPO_0980400	http://purl.obolibrary.org/obo/FLOPO_0980400	white flushed with deep pink	A composite botanical phenotype value denoting white flushed with deep pink, used in flora descriptions; its component qualities are white, pink.	PATO_0000001	quality	1	flower color (1)	Silene gallica var. quinquevulnera: white flowers 5 mm wide flushed with deep pink	FLOPO_VALUE_white_flushed_with_deep_pink	components	PATO_0000323|PATO_0000954	""
FLOPO_0980401	http://purl.obolibrary.org/obo/FLOPO_0980401	almost terete	A botanical shape that approximates but does not fully meet the terete prototype.	PATO_0000052	shape	1	leaf shape (1)	Silene linearis: almost terete leaves	FLOPO_VALUE_almost_terete	related	PATO_0104016	https://github.com/pato-ontology/pato/pull/615
FLOPO_0980402	http://purl.obolibrary.org/obo/FLOPO_0980402	orange ripe	A botanical phenotype value denoting orange ripe, used in flora descriptions. This FLOPO extension value is classified under the PATO value class(es): orange.	PATO_0000953	orange	1	fruit color (1)	Solanum coagulans: orange ripe fruits	FLOPO_VALUE_orange_ripe	subclass	PATO_0000953	""
FLOPO_0980403	http://purl.obolibrary.org/obo/FLOPO_0980403	bright lilac	A botanical phenotype value denoting bright lilac, used in flora descriptions. This FLOPO extension value is classified under the PATO value class(es): lilac.	PATO_0001943	lilac	1	flower color (1)	Solanum coagulans: bright lilac flowers 1.5 cm wide	FLOPO_VALUE_bright_lilac	subclass	PATO_0001943	""
FLOPO_0980404	http://purl.obolibrary.org/obo/FLOPO_0980404	small cylindrical succulent	A composite botanical phenotype value in which the bearer is small, cylindrical, and succulent.	PATO_0000001	quality	1	leaf shape (1)	Suaeda aegyptiaca: small cylindrical succulent leaves	FLOPO_VALUE_small_cylindrical_succulent	components	PATO_0000587|PATO_0001873|PATO_0104019	https://github.com/pato-ontology/pato/pull/615
FLOPO_0980405	http://purl.obolibrary.org/obo/FLOPO_0980405	pale pinkish white	A botanical color that is a pale variant of pinkish white.	PATO_0104059	pinkish white	1	flower color (1)	Tamarix aphylla: pale pinkish white flowers	FLOPO_VALUE_pale_pinkish_white	subclass	PATO_0104059	https://github.com/pato-ontology/pato/pull/615
FLOPO_0980406	http://purl.obolibrary.org/obo/FLOPO_0980406	crimson tipped	A botanical phenotype value denoting crimson tipped, used in flora descriptions. This FLOPO extension value is classified under the PATO value class(es): red.	PATO_0000322	red	1	petal color (1)	Tapinanthus globiferus: the petals crimson tipped	FLOPO_VALUE_crimson_tipped	subclass	PATO_0000322	""
FLOPO_0980407	http://purl.obolibrary.org/obo/FLOPO_0980407	silvery-green	A composite botanical phenotype value denoting silvery-green, used in flora descriptions; its component qualities are grey, green.	PATO_0000001	quality	1	leaf color (1)	Tarchonanthus camphoratus: silvery-green leaves	FLOPO_VALUE_silvery_green	components	PATO_0000950|PATO_0000320	""
FLOPO_0980408	http://purl.obolibrary.org/obo/FLOPO_0980408	deep rosy-red	A composite botanical phenotype value denoting deep rosy-red, used in flora descriptions; its component qualities are red, rosy, pink.	PATO_0000001	quality	1	flower color (1)	Tephrosia desertorum: deep rosy-red flowers	FLOPO_VALUE_deep_rosy_red	components	PATO_0000322|PATO_0001425|PATO_0000954	""
FLOPO_0980409	http://purl.obolibrary.org/obo/FLOPO_0980409	bright reddish purple	A reddish-purple botanical color described as bright.	PATO_0104079	reddish purple	1	flower color (1)	Tephrosia purpurea: bright reddish purple flowers	FLOPO_VALUE_bright_reddish_purple	subclass	PATO_0104079	https://github.com/pato-ontology/pato/pull/615
FLOPO_0980410	http://purl.obolibrary.org/obo/FLOPO_0980410	flat heads	A botanical phenotype value denoting flat heads, used in flora descriptions. This FLOPO extension value is classified under the PATO value class(es): flat.	PATO_0000407	flat	1	inflorescence shape (1)	Teucrium polium: in flat heads	FLOPO_VALUE_flat_heads	subclass	PATO_0000407	""
FLOPO_0980411	http://purl.obolibrary.org/obo/FLOPO_0980411	dense club-shaped	A composite botanical phenotype value denoting dense club-shaped, used in flora descriptions; its component qualities are dense, clavate.	PATO_0000001	quality	1	inflorescence shape (1)	Typha domingensis: characteristic dense club-shaped spike	FLOPO_VALUE_dense_club_shaped	components	PATO_0001164|PATO_0001883	""
FLOPO_0980412	http://purl.obolibrary.org/obo/FLOPO_0980412	sometimes lobed	A botanical phenotype value denoting sometimes lobed, used in flora descriptions. This FLOPO extension value is classified under the PATO value class(es): lobed.	PATO_0001979	lobed	1	leaf lobed (1)	Valerianella dufresnia: the leaves sometimes lobed	FLOPO_VALUE_sometimes_lobed	subclass	PATO_0001979	""
FLOPO_0980414	http://purl.obolibrary.org/obo/FLOPO_0980414	deep magenta-pink	A composite botanical phenotype value denoting deep magenta-pink, used in flora descriptions; its component qualities are pink, magenta.	PATO_0000001	quality	1	flower color (1)	Vicia sativa var. angustifolia: deep magenta-pink flowers	FLOPO_VALUE_deep_magenta_pink	components	PATO_0000954|PATO_0000321	""
FLOPO_0980415	http://purl.obolibrary.org/obo/FLOPO_0980415	narrow pointed	A composite botanical phenotype value denoting narrow pointed, used in flora descriptions; its component qualities are decreased width, pointed.	PATO_0000001	quality	1	leaf shape (1)	Woodfordia fruticosa: narrow pointed leaves	FLOPO_VALUE_narrow_pointed	components	PATO_0000599|PATO_0002258	""
FLOPO_0980416	http://purl.obolibrary.org/obo/FLOPO_0980416	reddish orange	A color whose Munsell coordinates fall within the continuous ISCC-NBS reddish-orange sector represented by color-name blocks 34 through 39; moderate reddish orange (block 37, centroid 9.5R 5.5/9.1) is a central prototype.	PATO_0000014	color	1	flower color (1)	Lotus corniculatus: yellow or reddish orange flowers	FLOPO_VALUE_reddish_orange	subclass		DOI:10.6028/NBS.SP.440|DOI:10.6028/jres.061.035
