review_id	source	source_id	taxon	organ	language	text	silver_assertions_json	gold_assertions_json	curator_notes
paul-001	fdac	897242	Brachystegia stipulata lufirensis Benth.	fleurs	fr	à pédicelle de (4)5–10(12) mm de long; bractéoles elliptiques à oblancéolées, de (12)14–18(20) mm de long et de 5–7 mm de large, ± veloutées ou tomenteuses à l'extérieur et moins à l'intérieur; tépales ±10, avec (?) en plus 1–3 linéaires-filiformes à spatulés (staminodes ?).	"[{""po_id"": ""PO_0009052"", ""po_label"": ""pedicel"", ""pato_id"": ""PATO_0000122"", ""pato_label"": ""length"", ""negated"": false, ""value_low"": 5, ""value_high"": 10, ""unit"": ""mm"", ""value_text"": """", ""modifier"": """", ""source_text"": ""à pédicelle de (4)5–10(12) mm de long""}, {""po_id"": ""PO_0009043"", ""po_label"": ""bracteole"", ""pato_id"": ""PATO_0000947"", ""pato_label"": ""elliptic"", ""negated"": false, ""value_low"": null, ""value_high"": null, ""unit"": null, ""value_text"": """", ""modifier"": """", ""source_text"": ""bractéoles elliptiques à oblancéolées""}, {""po_id"": ""PO_0009043"", ""po_label"": ""bracteole"", ""pato_id"": ""PATO_0002330"", ""pato_label"": ""oblanceolate"", ""negated"": false, ""value_low"": null, ""value_high"": null, ""unit"": null, ""value_text"": """", ""modifier"": """", ""source_text"": ""bractéoles elliptiques à oblancéolées""}, {""po_id"": ""PO_0009043"", ""po_label"": ""bracteole"", ""pato_id"": ""PATO_0000122"", ""pato_label"": ""length"", ""negated"": false, ""value_low"": 14, ""value_high"": 18, ""unit"": ""mm"", ""value_text"": """", ""modifier"": """", ""source_text"": ""de (12)14–18(20) mm de long""}, {""po_id"": ""PO_0009043"", ""po_label"": ""bracteole"", ""pato_id"": ""PATO_0000921"", ""pato_label"": ""width"", ""negated"": false, ""value_low"": 5, ""value_high"": 7, ""unit"": ""mm"", ""value_text"": """", ""modifier"": """", ""source_text"": ""de 5–7 mm de large""}, {""po_id"": ""PO_0009043"", ""po_label"": ""bracteole"", ""pato_id"": ""PATO_0002341"", ""pato_label"": ""tomentose"", ""negated"": false, ""value_low"": null, ""value_high"": null, ""unit"": null, ""value_text"": ""exterior"", ""modifier"": """", ""source_text"": ""± veloutées ou tomenteuses à l'extérieur""}]"	"[{""po_id"": ""PO_0009052"", ""po_label"": ""pedicel"", ""pato_id"": ""PATO_0000122"", ""pato_label"": ""length"", ""negated"": false, ""value_low"": 5, ""value_high"": 10, ""unit"": ""mm"", ""value_text"": """", ""modifier"": """", ""source_text"": ""à pédicelle de (4)5–10(12) mm de long""}, {""po_id"": ""PO_0009043"", ""po_label"": ""bracteole"", ""pato_id"": ""PATO_0000947"", ""pato_label"": ""elliptic"", ""negated"": false, ""value_low"": null, ""value_high"": null, ""unit"": null, ""value_text"": """", ""modifier"": """", ""source_text"": ""bractéoles elliptiques à oblancéolées""}, {""po_id"": ""PO_0009043"", ""po_label"": ""bracteole"", ""pato_id"": ""PATO_0002330"", ""pato_label"": ""oblanceolate"", ""negated"": false, ""value_low"": null, ""value_high"": null, ""unit"": null, ""value_text"": """", ""modifier"": """", ""source_text"": ""bractéoles elliptiques à oblancéolées""}, {""po_id"": ""PO_0009043"", ""po_label"": ""bracteole"", ""pato_id"": ""PATO_0000122"", ""pato_label"": ""length"", ""negated"": false, ""value_low"": 14, ""value_high"": 18, ""unit"": ""mm"", ""value_text"": """", ""modifier"": """", ""source_text"": ""de (12)14–18(20) mm de long""}, {""po_id"": ""PO_0009043"", ""po_label"": ""bracteole"", ""pato_id"": ""PATO_0000921"", ""pato_label"": ""width"", ""negated"": false, ""value_low"": 5, ""value_high"": 7, ""unit"": ""mm"", ""value_text"": """", ""modifier"": """", ""source_text"": ""de 5–7 mm de large""}, {""po_id"": ""PO_0009043"", ""po_label"": ""bracteole"", ""pato_id"": ""PATO_0002341"", ""pato_label"": ""tomentose"", ""negated"": false, ""value_low"": null, ""value_high"": null, ""unit"": null, ""value_text"": ""exterior"", ""modifier"": """", ""source_text"": ""± veloutées ou tomenteuses à l'extérieur""}]"	
paul-002	fdac	898201	Indigofera congesta Welw. ex Baker	gousses	fr	de 2–3 mm de long et 1-séminées, atteignant rarement 4,5 mm de long et 2-séminées, strigueuses ou glabres.	"[{""po_id"": ""PO_0009001"", ""po_label"": ""fruit"", ""pato_id"": ""PATO_0000122"", ""pato_label"": ""length"", ""negated"": false, ""value_low"": 2, ""value_high"": 3, ""unit"": ""mm"", ""value_text"": """", ""modifier"": """", ""source_text"": ""de 2–3 mm de long""}, {""po_id"": ""PO_0009001"", ""po_label"": ""fruit"", ""pato_id"": ""PATO_0000453"", ""pato_label"": ""glabrous"", ""negated"": false, ""value_low"": null, ""value_high"": null, ""unit"": null, ""value_text"": """", ""modifier"": ""sometimes"", ""source_text"": ""strigueuses ou glabres""}]"	"[{""po_id"": ""PO_0009001"", ""po_label"": ""fruit"", ""pato_id"": ""PATO_0000122"", ""pato_label"": ""length"", ""negated"": false, ""value_low"": 2, ""value_high"": 3, ""unit"": ""mm"", ""value_text"": """", ""modifier"": """", ""source_text"": ""de 2–3 mm de long""}, {""po_id"": ""PO_0009001"", ""po_label"": ""fruit"", ""pato_id"": ""PATO_0000453"", ""pato_label"": ""glabrous"", ""negated"": false, ""value_low"": null, ""value_high"": null, ""unit"": null, ""value_text"": """", ""modifier"": ""sometimes"", ""source_text"": ""strigueuses ou glabres""}]"	
paul-003	fdac	902074	Pycnosphaera buchananii (Baker) N.E.Br.	herbe	fr	de 0,35–1 m de haut, glabre; tiges subcylindriques, simples ou ± ramifiées, à 2 côtes longitudinales ± saillantes décurrentes depuis la base des feuilles.	"[{""po_id"": ""PO_0000003"", ""po_label"": ""whole plant"", ""pato_id"": ""PATO_0000119"", ""pato_label"": ""height"", ""negated"": false, ""value_low"": 0.35, ""value_high"": 1, ""unit"": ""m"", ""value_text"": """", ""modifier"": """", ""source_text"": ""de 0,35–1 m de haut""}, {""po_id"": ""PO_0000003"", ""po_label"": ""whole plant"", ""pato_id"": ""PATO_0000453"", ""pato_label"": ""glabrous"", ""negated"": false, ""value_low"": null, ""value_high"": null, ""unit"": null, ""value_text"": """", ""modifier"": """", ""source_text"": ""glabre""}, {""po_id"": ""PO_0025029"", ""po_label"": ""shoot axis"", ""pato_id"": ""PATO_0002226"", ""pato_label"": ""subcylindrical"", ""negated"": false, ""value_low"": null, ""value_high"": null, ""unit"": null, ""value_text"": """", ""modifier"": """", ""source_text"": ""tiges subcylindriques""}, {""po_id"": ""PO_0025029"", ""po_label"": ""shoot axis"", ""pato_id"": ""PATO_0001503"", ""pato_label"": ""simple"", ""negated"": false, ""value_low"": null, ""value_high"": null, ""unit"": null, ""value_text"": """", ""modifier"": ""sometimes"", ""source_text"": ""simples ou ± ramifiées""}, {""po_id"": ""PO_0025029"", ""po_label"": ""shoot axis"", ""pato_id"": ""PATO_0000402"", ""pato_label"": ""branched"", ""negated"": false, ""value_low"": null, ""value_high"": null, ""unit"": null, ""value_text"": """", ""modifier"": ""sometimes"", ""source_text"": ""simples ou ± ramifiées""}, {""po_id"": ""PO_0025029"", ""po_label"": ""shoot axis"", ""pato_id"": ""PATO_0002358"", ""pato_label"": ""ridged"", ""negated"": false, ""value_low"": null, ""value_high"": null, ""unit"": null, ""value_text"": """", ""modifier"": """", ""source_text"": ""à 2 côtes longitudinales ± saillantes décurrentes depuis la base des feuilles""}]"	"[{""po_id"": ""PO_0000003"", ""po_label"": ""whole plant"", ""pato_id"": ""PATO_0000119"", ""pato_label"": ""height"", ""negated"": false, ""value_low"": 0.35, ""value_high"": 1, ""unit"": ""m"", ""value_text"": """", ""modifier"": """", ""source_text"": ""de 0,35–1 m de haut""}, {""po_id"": ""PO_0000003"", ""po_label"": ""whole plant"", ""pato_id"": ""PATO_0000453"", ""pato_label"": ""glabrous"", ""negated"": false, ""value_low"": null, ""value_high"": null, ""unit"": null, ""value_text"": """", ""modifier"": """", ""source_text"": ""glabre""}, {""po_id"": ""PO_0025029"", ""po_label"": ""shoot axis"", ""pato_id"": ""PATO_0002226"", ""pato_label"": ""subcylindrical"", ""negated"": false, ""value_low"": null, ""value_high"": null, ""unit"": null, ""value_text"": """", ""modifier"": """", ""source_text"": ""tiges subcylindriques""}, {""po_id"": ""PO_0025029"", ""po_label"": ""shoot axis"", ""pato_id"": ""PATO_0001503"", ""pato_label"": ""simple"", ""negated"": false, ""value_low"": null, ""value_high"": null, ""unit"": null, ""value_text"": """", ""modifier"": ""sometimes"", ""source_text"": ""simples ou ± ramifiées""}, {""po_id"": ""PO_0025029"", ""po_label"": ""shoot axis"", ""pato_id"": ""PATO_0000402"", ""pato_label"": ""branched"", ""negated"": false, ""value_low"": null, ""value_high"": null, ""unit"": null, ""value_text"": """", ""modifier"": ""sometimes"", ""source_text"": ""simples ou ± ramifiées""}, {""po_id"": ""PO_0025029"", ""po_label"": ""shoot axis"", ""pato_id"": ""PATO_0002358"", ""pato_label"": ""ridged"", ""negated"": false, ""value_low"": null, ""value_high"": null, ""unit"": null, ""value_text"": """", ""modifier"": """", ""source_text"": ""à 2 côtes longitudinales ± saillantes décurrentes depuis la base des feuilles""}]"	
paul-004	fdac	900358	Deinbollia laurifolia Baker	inflorescences	fr	axillaires, tantôt amples pouvant atteindre 45 cm de long avec des ramifications ± divergentes de 10 cm de long, tantôt condensées et subspiciformes, à cymules 4–6-flores, toujours très rapprochées.	"[{""po_id"": ""PO_0009049"", ""po_label"": ""inflorescence"", ""pato_id"": ""PATO_0000122"", ""pato_label"": ""length"", ""negated"": false, ""value_low"": null, ""value_high"": 45, ""unit"": ""cm"", ""value_text"": """", ""modifier"": ""sometimes"", ""source_text"": ""pouvant atteindre 45 cm de long""}, {""po_id"": ""PO_0020122"", ""po_label"": ""inflorescence axis"", ""pato_id"": ""PATO_0000122"", ""pato_label"": ""length"", ""negated"": false, ""value_low"": 10, ""value_high"": 10, ""unit"": ""cm"", ""value_text"": """", ""modifier"": ""sometimes"", ""source_text"": ""des ramifications ± divergentes de 10 cm de long""}, {""po_id"": ""PO_0009049"", ""po_label"": ""inflorescence"", ""pato_id"": ""PATO_0001485"", ""pato_label"": ""condensed"", ""negated"": false, ""value_low"": null, ""value_high"": null, ""unit"": null, ""value_text"": """", ""modifier"": ""sometimes"", ""source_text"": ""tantôt condensées et subspiciformes, à cymules 4–6-flores, toujours très rapprochées""}]"	"[{""po_id"": ""PO_0009049"", ""po_label"": ""inflorescence"", ""pato_id"": ""PATO_0000122"", ""pato_label"": ""length"", ""negated"": false, ""value_low"": null, ""value_high"": 45, ""unit"": ""cm"", ""value_text"": """", ""modifier"": ""sometimes"", ""source_text"": ""pouvant atteindre 45 cm de long""}, {""po_id"": ""PO_0020122"", ""po_label"": ""inflorescence axis"", ""pato_id"": ""PATO_0000122"", ""pato_label"": ""length"", ""negated"": false, ""value_low"": 10, ""value_high"": 10, ""unit"": ""cm"", ""value_text"": """", ""modifier"": ""sometimes"", ""source_text"": ""des ramifications ± divergentes de 10 cm de long""}, {""po_id"": ""PO_0009049"", ""po_label"": ""inflorescence"", ""pato_id"": ""PATO_0001485"", ""pato_label"": ""condensed"", ""negated"": false, ""value_low"": null, ""value_high"": null, ""unit"": null, ""value_text"": """", ""modifier"": ""sometimes"", ""source_text"": ""tantôt condensées et subspiciformes, à cymules 4–6-flores, toujours très rapprochées""}]"	
paul-005	fdac	901535	Cola nitida (Vent.) Schott & Endl.	feuilles	fr	alternes, rarement subopposées, simples, entières; stipules précocement caduques; pétiole de ± 7 cm de long, glabre, légèrement épaissi et noirâtre aux extrémités; limbe oblong à elliptique, parfois elliptique-lancéolé, cunéiforme à la base, brusquement et courtement rétréci au sommet en un acumen de 1–1,5 cm de long, atteignant 32 cm de long et 12 cm de large, glabre, brun verdâtre et luisant à la face supérieure, souvent brun rougeâtre et mat à la face inférieure, coriace-parchemineux; nervures secondaires 5–8 paires, très ascendantes.	"[{""po_id"": ""PO_0009025"", ""po_label"": ""vascular leaf"", ""pato_id"": ""PATO_0001932"", ""pato_label"": ""alternate placement"", ""negated"": false, ""value_low"": null, ""value_high"": null, ""unit"": null, ""value_text"": """", ""modifier"": ""usually"", ""source_text"": ""alternes, rarement subopposées""}, {""po_id"": ""PO_0009025"", ""po_label"": ""vascular leaf"", ""pato_id"": ""PATO_0001503"", ""pato_label"": ""simple"", ""negated"": false, ""value_low"": null, ""value_high"": null, ""unit"": null, ""value_text"": """", ""modifier"": """", ""source_text"": ""simples""}, {""po_id"": ""PO_0020041"", ""po_label"": ""stipule"", ""pato_id"": ""PATO_0001731"", ""pato_label"": ""deciduous (plant)"", ""negated"": false, ""value_low"": null, ""value_high"": null, ""unit"": null, ""value_text"": """", ""modifier"": """", ""source_text"": ""stipules précocement caduques""}, {""po_id"": ""PO_0020038"", ""po_label"": ""petiole"", ""pato_id"": ""PATO_0000122"", ""pato_label"": ""length"", ""negated"": false, ""value_low"": 7, ""value_high"": 7, ""unit"": ""cm"", ""value_text"": """", ""modifier"": """", ""source_text"": ""pétiole de ± 7 cm de long""}, {""po_id"": ""PO_0020038"", ""po_label"": ""petiole"", ""pato_id"": ""PATO_0000453"", ""pato_label"": ""glabrous"", ""negated"": false, ""value_low"": null, ""value_high"": null, ""unit"": null, ""value_text"": """", ""modifier"": """", ""source_text"": ""glabre""}, {""po_id"": ""PO_0020039"", ""po_label"": ""leaf lamina"", ""pato_id"": ""PATO_0000946"", ""pato_label"": ""oblong"", ""negated"": false, ""value_low"": null, ""value_high"": null, ""unit"": null, ""value_text"": """", ""modifier"": """", ""source_text"": ""limbe oblong à elliptique""}, {""po_id"": ""PO_0020039"", ""po_label"": ""leaf lamina"", ""pato_id"": ""PATO_0000947"", ""pato_label"": ""elliptic"", ""negated"": false, ""value_low"": null, ""value_high"": null, ""unit"": null, ""value_text"": """", ""modifier"": """", ""source_text"": ""limbe oblong à elliptique""}, {""po_id"": ""PO_0020039"", ""po_label"": ""leaf lamina"", ""pato_id"": ""PATO_0001877"", ""pato_label"": ""lanceolate"", ""negated"": false, ""value_low"": null, ""value_high"": null, ""unit"": null, ""value_text"": """", ""modifier"": ""sometimes"", ""source_text"": ""parfois elliptique-lancéolé""}, {""po_id"": ""PO_0020039"", ""po_label"": ""leaf lamina"", ""pato_id"": ""PATO_0001955"", ""pato_label"": ""cuneate"", ""negated"": false, ""value_low"": null, ""value_high"": null, ""unit"": null, ""value_text"": """", ""modifier"": """", ""source_text"": ""cunéiforme à la base""}, {""po_id"": ""PO_0020039"", ""po_label"": ""leaf lamina"", ""pato_id"": ""PATO_0002228"", ""pato_label"": ""acuminate"", ""negated"": false, ""value_low"": null, ""value_high"": null, ""unit"": null, ""value_text"": """", ""modifier"": """", ""source_text"": ""brusquement et courtement rétréci au sommet en un acumen de 1–1,5 cm de long""}, {""po_id"": ""PO_0020039"", ""po_label"": ""leaf lamina"", ""pato_id"": ""PATO_0000122"", ""pato_label"": ""length"", ""negated"": false, ""value_low"": null, ""value_high"": 32, ""unit"": ""cm"", ""value_text"": """", ""modifier"": """", ""source_text"": ""atteignant 32 cm de long""}, {""po_id"": ""PO_0020039"", ""po_label"": ""leaf lamina"", ""pato_id"": ""PATO_0000921"", ""pato_label"": ""width"", ""negated"": false, ""value_low"": null, ""value_high"": 12, ""unit"": ""cm"", ""value_text"": """", ""modifier"": """", ""source_text"": ""12 cm de large""}, {""po_id"": ""PO_0020039"", ""po_label"": ""leaf lamina"", ""pato_id"": ""PATO_0000453"", ""pato_label"": ""glabrous"", ""negated"": false, ""value_low"": null, ""value_high"": null, ""unit"": null, ""value_text"": """", ""modifier"": """", ""source_text"": ""glabre""}, {""po_id"": ""PO_0000050"", ""po_label"": ""leaf lamina adaxial epidermis"", ""pato_id"": ""PATO_0001942"", ""pato_label"": ""brown green"", ""negated"": false, ""value_low"": null, ""value_high"": null, ""unit"": null, ""value_text"": ""brun verdâtre (adaxial surface)"", ""modifier"": """", ""source_text"": ""brun verdâtre et luisant à la face supérieure""}, {""po_id"": ""PO_0000050"", ""po_label"": ""leaf lamina adaxial epidermis"", ""pato_id"": ""PATO_0001373"", ""pato_label"": ""glistening"", ""negated"": false, ""value_low"": null, ""value_high"": null, ""unit"": null, ""value_text"": """", ""modifier"": """", ""source_text"": ""luisant à la face supérieure""}, {""po_id"": ""PO_0000049"", ""po_label"": ""leaf lamina abaxial epidermis"", ""pato_id"": ""PATO_0000952"", ""pato_label"": ""brown"", ""negated"": false, ""value_low"": null, ""value_high"": null, ""unit"": null, ""value_text"": ""brun rougeâtre (abaxial surface)"", ""modifier"": ""often"", ""source_text"": ""souvent brun rougeâtre et mat à la face inférieure""}, {""po_id"": ""PO_0000049"", ""po_label"": ""leaf lamina abaxial epidermis"", ""pato_id"": ""PATO_0000328"", ""pato_label"": ""low saturation"", ""negated"": false, ""value_low"": null, ""value_high"": null, ""unit"": null, ""value_text"": ""dull (abaxial surface)"", ""modifier"": ""often"", ""source_text"": ""souvent brun rougeâtre et mat à la face inférieure""}]"	"[{""po_id"": ""PO_0009025"", ""po_label"": ""vascular leaf"", ""pato_id"": ""PATO_0001932"", ""pato_label"": ""alternate placement"", ""negated"": false, ""value_low"": null, ""value_high"": null, ""unit"": null, ""value_text"": """", ""modifier"": ""usually"", ""source_text"": ""alternes, rarement subopposées""}, {""po_id"": ""PO_0009025"", ""po_label"": ""vascular leaf"", ""pato_id"": ""PATO_0001503"", ""pato_label"": ""simple"", ""negated"": false, ""value_low"": null, ""value_high"": null, ""unit"": null, ""value_text"": """", ""modifier"": """", ""source_text"": ""simples""}, {""po_id"": ""PO_0020041"", ""po_label"": ""stipule"", ""pato_id"": ""PATO_0001731"", ""pato_label"": ""deciduous (plant)"", ""negated"": false, ""value_low"": null, ""value_high"": null, ""unit"": null, ""value_text"": """", ""modifier"": """", ""source_text"": ""stipules précocement caduques""}, {""po_id"": ""PO_0020038"", ""po_label"": ""petiole"", ""pato_id"": ""PATO_0000122"", ""pato_label"": ""length"", ""negated"": false, ""value_low"": 7, ""value_high"": 7, ""unit"": ""cm"", ""value_text"": """", ""modifier"": """", ""source_text"": ""pétiole de ± 7 cm de long""}, {""po_id"": ""PO_0020038"", ""po_label"": ""petiole"", ""pato_id"": ""PATO_0000453"", ""pato_label"": ""glabrous"", ""negated"": false, ""value_low"": null, ""value_high"": null, ""unit"": null, ""value_text"": """", ""modifier"": """", ""source_text"": ""glabre""}, {""po_id"": ""PO_0020039"", ""po_label"": ""leaf lamina"", ""pato_id"": ""PATO_0000946"", ""pato_label"": ""oblong"", ""negated"": false, ""value_low"": null, ""value_high"": null, ""unit"": null, ""value_text"": """", ""modifier"": """", ""source_text"": ""limbe oblong à elliptique""}, {""po_id"": ""PO_0020039"", ""po_label"": ""leaf lamina"", ""pato_id"": ""PATO_0000947"", ""pato_label"": ""elliptic"", ""negated"": false, ""value_low"": null, ""value_high"": null, ""unit"": null, ""value_text"": """", ""modifier"": """", ""source_text"": ""limbe oblong à elliptique""}, {""po_id"": ""PO_0020039"", ""po_label"": ""leaf lamina"", ""pato_id"": ""PATO_0001877"", ""pato_label"": ""lanceolate"", ""negated"": false, ""value_low"": null, ""value_high"": null, ""unit"": null, ""value_text"": """", ""modifier"": ""sometimes"", ""source_text"": ""parfois elliptique-lancéolé""}, {""po_id"": ""PO_0020039"", ""po_label"": ""leaf lamina"", ""pato_id"": ""PATO_0001955"", ""pato_label"": ""cuneate"", ""negated"": false, ""value_low"": null, ""value_high"": null, ""unit"": null, ""value_text"": """", ""modifier"": """", ""source_text"": ""cunéiforme à la base""}, {""po_id"": ""PO_0020039"", ""po_label"": ""leaf lamina"", ""pato_id"": ""PATO_0002228"", ""pato_label"": ""acuminate"", ""negated"": false, ""value_low"": null, ""value_high"": null, ""unit"": null, ""value_text"": """", ""modifier"": """", ""source_text"": ""brusquement et courtement rétréci au sommet en un acumen de 1–1,5 cm de long""}, {""po_id"": ""PO_0020039"", ""po_label"": ""leaf lamina"", ""pato_id"": ""PATO_0000122"", ""pato_label"": ""length"", ""negated"": false, ""value_low"": null, ""value_high"": 32, ""unit"": ""cm"", ""value_text"": """", ""modifier"": """", ""source_text"": ""atteignant 32 cm de long""}, {""po_id"": ""PO_0020039"", ""po_label"": ""leaf lamina"", ""pato_id"": ""PATO_0000921"", ""pato_label"": ""width"", ""negated"": false, ""value_low"": null, ""value_high"": 12, ""unit"": ""cm"", ""value_text"": """", ""modifier"": """", ""source_text"": ""12 cm de large""}, {""po_id"": ""PO_0020039"", ""po_label"": ""leaf lamina"", ""pato_id"": ""PATO_0000453"", ""pato_label"": ""glabrous"", ""negated"": false, ""value_low"": null, ""value_high"": null, ""unit"": null, ""value_text"": """", ""modifier"": """", ""source_text"": ""glabre""}, {""po_id"": ""PO_0000050"", ""po_label"": ""leaf lamina adaxial epidermis"", ""pato_id"": ""PATO_0001942"", ""pato_label"": ""brown green"", ""negated"": false, ""value_low"": null, ""value_high"": null, ""unit"": null, ""value_text"": ""brun verdâtre (adaxial surface)"", ""modifier"": """", ""source_text"": ""brun verdâtre et luisant à la face supérieure""}, {""po_id"": ""PO_0000050"", ""po_label"": ""leaf lamina adaxial epidermis"", ""pato_id"": ""PATO_0001373"", ""pato_label"": ""glistening"", ""negated"": false, ""value_low"": null, ""value_high"": null, ""unit"": null, ""value_text"": """", ""modifier"": """", ""source_text"": ""luisant à la face supérieure""}, {""po_id"": ""PO_0000049"", ""po_label"": ""leaf lamina abaxial epidermis"", ""pato_id"": ""PATO_0000952"", ""pato_label"": ""brown"", ""negated"": false, ""value_low"": null, ""value_high"": null, ""unit"": null, ""value_text"": ""brun rougeâtre (abaxial surface)"", ""modifier"": ""often"", ""source_text"": ""souvent brun rougeâtre et mat à la face inférieure""}, {""po_id"": ""PO_0000049"", ""po_label"": ""leaf lamina abaxial epidermis"", ""pato_id"": ""PATO_0000328"", ""pato_label"": ""low saturation"", ""negated"": false, ""value_low"": null, ""value_high"": null, ""unit"": null, ""value_text"": ""dull (abaxial surface)"", ""modifier"": ""often"", ""source_text"": ""souvent brun rougeâtre et mat à la face inférieure""}]"	
paul-006	fdac	900104	Campylostemon warneckeanum Loes. ex Fritsch	liane	fr	glabre; jeunes rameaux à écorce brunâtre, lisse.	"[{""po_id"": ""PO_0000003"", ""po_label"": ""whole plant"", ""pato_id"": ""PATO_0000453"", ""pato_label"": ""glabrous"", ""negated"": false, ""value_low"": null, ""value_high"": null, ""unit"": null, ""value_text"": """", ""modifier"": """", ""source_text"": ""glabre""}, {""po_id"": ""PO_0005048"", ""po_label"": ""shoot axis periderm"", ""pato_id"": ""PATO_0000952"", ""pato_label"": ""brown"", ""negated"": false, ""value_low"": null, ""value_high"": null, ""unit"": null, ""value_text"": ""brunâtre"", ""modifier"": """", ""source_text"": ""jeunes rameaux à écorce brunâtre""}, {""po_id"": ""PO_0005048"", ""po_label"": ""shoot axis periderm"", ""pato_id"": ""PATO_0000701"", ""pato_label"": ""smooth"", ""negated"": false, ""value_low"": null, ""value_high"": null, ""unit"": null, ""value_text"": """", ""modifier"": """", ""source_text"": ""jeunes rameaux à écorce brunâtre, lisse""}]"	"[{""po_id"": ""PO_0000003"", ""po_label"": ""whole plant"", ""pato_id"": ""PATO_0000453"", ""pato_label"": ""glabrous"", ""negated"": false, ""value_low"": null, ""value_high"": null, ""unit"": null, ""value_text"": """", ""modifier"": """", ""source_text"": ""glabre""}, {""po_id"": ""PO_0005048"", ""po_label"": ""shoot axis periderm"", ""pato_id"": ""PATO_0000952"", ""pato_label"": ""brown"", ""negated"": false, ""value_low"": null, ""value_high"": null, ""unit"": null, ""value_text"": ""brunâtre"", ""modifier"": """", ""source_text"": ""jeunes rameaux à écorce brunâtre""}, {""po_id"": ""PO_0005048"", ""po_label"": ""shoot axis periderm"", ""pato_id"": ""PATO_0000701"", ""pato_label"": ""smooth"", ""negated"": false, ""value_low"": null, ""value_high"": null, ""unit"": null, ""value_text"": """", ""modifier"": """", ""source_text"": ""jeunes rameaux à écorce brunâtre, lisse""}]"	
paul-007	fdac	897505	Angylocalyx schumannianus Taub.	graines	fr	ellipsoïdes, de 1,5 cm de long et 0,8 cm de large.	"[{""po_id"": ""PO_0009010"", ""po_label"": ""seed"", ""pato_id"": ""PATO_0000947"", ""pato_label"": ""elliptic"", ""negated"": false, ""value_low"": null, ""value_high"": null, ""unit"": null, ""value_text"": ""ellipsoid"", ""modifier"": """", ""source_text"": ""ellipsoïdes""}, {""po_id"": ""PO_0009010"", ""po_label"": ""seed"", ""pato_id"": ""PATO_0000122"", ""pato_label"": ""length"", ""negated"": false, ""value_low"": 1.5, ""value_high"": 1.5, ""unit"": ""cm"", ""value_text"": """", ""modifier"": """", ""source_text"": ""de 1,5 cm de long""}, {""po_id"": ""PO_0009010"", ""po_label"": ""seed"", ""pato_id"": ""PATO_0000921"", ""pato_label"": ""width"", ""negated"": false, ""value_low"": 0.8, ""value_high"": 0.8, ""unit"": ""cm"", ""value_text"": """", ""modifier"": """", ""source_text"": ""0,8 cm de large""}]"	"[{""po_id"": ""PO_0009010"", ""po_label"": ""seed"", ""pato_id"": ""PATO_0000947"", ""pato_label"": ""elliptic"", ""negated"": false, ""value_low"": null, ""value_high"": null, ""unit"": null, ""value_text"": ""ellipsoid"", ""modifier"": """", ""source_text"": ""ellipsoïdes""}, {""po_id"": ""PO_0009010"", ""po_label"": ""seed"", ""pato_id"": ""PATO_0000122"", ""pato_label"": ""length"", ""negated"": false, ""value_low"": 1.5, ""value_high"": 1.5, ""unit"": ""cm"", ""value_text"": """", ""modifier"": """", ""source_text"": ""de 1,5 cm de long""}, {""po_id"": ""PO_0009010"", ""po_label"": ""seed"", ""pato_id"": ""PATO_0000921"", ""pato_label"": ""width"", ""negated"": false, ""value_low"": 0.8, ""value_high"": 0.8, ""unit"": ""cm"", ""value_text"": """", ""modifier"": """", ""source_text"": ""0,8 cm de large""}]"	
paul-008	flora-gabon	fdgvol34_final.xml	Trichostephanus gabonensis Breteler	flowers	fr	Fleurs à' blanc crème; sépales elliptiques-oblongs, 4,5-5 X 1,5-2 mm, glabrescents à tomentelleux; étamines 7-8; filets aplatis, pubescents vers la moitié inférieure, sur la face interne, et unis entre eux vers le tiers inférieur; anthères subovoïdes; disque du réceptacle en bourrelet cupuliforme; ovaire abortif pubescent.	"[{""po_id"": ""PO_0009046"", ""po_label"": ""flower"", ""pato_id"": ""PATO_0000323"", ""pato_label"": ""white"", ""negated"": false, ""value_low"": null, ""value_high"": null, ""unit"": null, ""value_text"": ""blanc crème (cream-white)"", ""modifier"": """", ""source_text"": ""Fleurs à' blanc crème""}, {""po_id"": ""PO_0009031"", ""po_label"": ""sepal"", ""pato_id"": ""PATO_0000947"", ""pato_label"": ""elliptic"", ""negated"": false, ""value_low"": null, ""value_high"": null, ""unit"": null, ""value_text"": """", ""modifier"": """", ""source_text"": ""sépales elliptiques-oblongs""}, {""po_id"": ""PO_0009031"", ""po_label"": ""sepal"", ""pato_id"": ""PATO_0000946"", ""pato_label"": ""oblong"", ""negated"": false, ""value_low"": null, ""value_high"": null, ""unit"": null, ""value_text"": """", ""modifier"": """", ""source_text"": ""sépales elliptiques-oblongs""}, {""po_id"": ""PO_0009031"", ""po_label"": ""sepal"", ""pato_id"": ""PATO_0000122"", ""pato_label"": ""length"", ""negated"": false, ""value_low"": 4.5, ""value_high"": 5, ""unit"": ""mm"", ""value_text"": """", ""modifier"": """", ""source_text"": ""4,5-5 X 1,5-2 mm""}, {""po_id"": ""PO_0009031"", ""po_label"": ""sepal"", ""pato_id"": ""PATO_0000921"", ""pato_label"": ""width"", ""negated"": false, ""value_low"": 1.5, ""value_high"": 2, ""unit"": ""mm"", ""value_text"": """", ""modifier"": """", ""source_text"": ""4,5-5 X 1,5-2 mm""}, {""po_id"": ""PO_0009031"", ""po_label"": ""sepal"", ""pato_id"": ""PATO_0000455"", ""pato_label"": ""pubescent"", ""negated"": false, ""value_low"": null, ""value_high"": null, ""unit"": null, ""value_text"": ""glabrescent to tomentellous"", ""modifier"": """", ""source_text"": ""glabrescents à tomentelleux""}, {""po_id"": ""PO_0009067"", ""po_label"": ""filament"", ""pato_id"": ""PATO_0002254"", ""pato_label"": ""flattened"", ""negated"": false, ""value_low"": null, ""value_high"": null, ""unit"": null, ""value_text"": """", ""modifier"": """", ""source_text"": ""filets aplatis""}, {""po_id"": ""PO_0009067"", ""po_label"": ""filament"", ""pato_id"": ""PATO_0000455"", ""pato_label"": ""pubescent"", ""negated"": false, ""value_low"": null, ""value_high"": null, ""unit"": null, ""value_text"": """", ""modifier"": """", ""source_text"": ""pubescents vers la moitié inférieure, sur la face interne""}, {""po_id"": ""PO_0009067"", ""po_label"": ""filament"", ""pato_id"": ""PATO_0000642"", ""pato_label"": ""fused with"", ""negated"": false, ""value_low"": null, ""value_high"": null, ""unit"": null, ""value_text"": """", ""modifier"": """", ""source_text"": ""unis entre eux vers le tiers inférieur""}, {""po_id"": ""PO_0009066"", ""po_label"": ""anther"", ""pato_id"": ""PATO_0001891"", ""pato_label"": ""ovate"", ""negated"": false, ""value_low"": null, ""value_high"": null, ""unit"": null, ""value_text"": ""subovoid"", ""modifier"": """", ""source_text"": ""anthères subovoïdes""}, {""po_id"": ""PO_0009064"", ""po_label"": ""receptacle"", ""pato_id"": ""PATO_0002227"", ""pato_label"": ""cup-shaped"", ""negated"": false, ""value_low"": null, ""value_high"": null, ""unit"": null, ""value_text"": """", ""modifier"": """", ""source_text"": ""disque du réceptacle en bourrelet cupuliforme""}, {""po_id"": ""PO_0009072"", ""po_label"": ""plant ovary"", ""pato_id"": ""PATO_0000588"", ""pato_label"": ""vestigial"", ""negated"": false, ""value_low"": null, ""value_high"": null, ""unit"": null, ""value_text"": """", ""modifier"": """", ""source_text"": ""ovaire abortif""}, {""po_id"": ""PO_0009072"", ""po_label"": ""plant ovary"", ""pato_id"": ""PATO_0000455"", ""pato_label"": ""pubescent"", ""negated"": false, ""value_low"": null, ""value_high"": null, ""unit"": null, ""value_text"": """", ""modifier"": """", ""source_text"": ""ovaire abortif pubescent""}]"	"[{""po_id"": ""PO_0009046"", ""po_label"": ""flower"", ""pato_id"": ""PATO_0000323"", ""pato_label"": ""white"", ""negated"": false, ""value_low"": null, ""value_high"": null, ""unit"": null, ""value_text"": ""blanc crème (cream-white)"", ""modifier"": """", ""source_text"": ""Fleurs à' blanc crème""}, {""po_id"": ""PO_0009031"", ""po_label"": ""sepal"", ""pato_id"": ""PATO_0000947"", ""pato_label"": ""elliptic"", ""negated"": false, ""value_low"": null, ""value_high"": null, ""unit"": null, ""value_text"": """", ""modifier"": """", ""source_text"": ""sépales elliptiques-oblongs""}, {""po_id"": ""PO_0009031"", ""po_label"": ""sepal"", ""pato_id"": ""PATO_0000946"", ""pato_label"": ""oblong"", ""negated"": false, ""value_low"": null, ""value_high"": null, ""unit"": null, ""value_text"": """", ""modifier"": """", ""source_text"": ""sépales elliptiques-oblongs""}, {""po_id"": ""PO_0009031"", ""po_label"": ""sepal"", ""pato_id"": ""PATO_0000122"", ""pato_label"": ""length"", ""negated"": false, ""value_low"": 4.5, ""value_high"": 5, ""unit"": ""mm"", ""value_text"": """", ""modifier"": """", ""source_text"": ""4,5-5 X 1,5-2 mm""}, {""po_id"": ""PO_0009031"", ""po_label"": ""sepal"", ""pato_id"": ""PATO_0000921"", ""pato_label"": ""width"", ""negated"": false, ""value_low"": 1.5, ""value_high"": 2, ""unit"": ""mm"", ""value_text"": """", ""modifier"": """", ""source_text"": ""4,5-5 X 1,5-2 mm""}, {""po_id"": ""PO_0009031"", ""po_label"": ""sepal"", ""pato_id"": ""PATO_0000455"", ""pato_label"": ""pubescent"", ""negated"": false, ""value_low"": null, ""value_high"": null, ""unit"": null, ""value_text"": ""glabrescent to tomentellous"", ""modifier"": """", ""source_text"": ""glabrescents à tomentelleux""}, {""po_id"": ""PO_0009067"", ""po_label"": ""filament"", ""pato_id"": ""PATO_0002254"", ""pato_label"": ""flattened"", ""negated"": false, ""value_low"": null, ""value_high"": null, ""unit"": null, ""value_text"": """", ""modifier"": """", ""source_text"": ""filets aplatis""}, {""po_id"": ""PO_0009067"", ""po_label"": ""filament"", ""pato_id"": ""PATO_0000455"", ""pato_label"": ""pubescent"", ""negated"": false, ""value_low"": null, ""value_high"": null, ""unit"": null, ""value_text"": """", ""modifier"": """", ""source_text"": ""pubescents vers la moitié inférieure, sur la face interne""}, {""po_id"": ""PO_0009067"", ""po_label"": ""filament"", ""pato_id"": ""PATO_0000642"", ""pato_label"": ""fused with"", ""negated"": false, ""value_low"": null, ""value_high"": null, ""unit"": null, ""value_text"": """", ""modifier"": """", ""source_text"": ""unis entre eux vers le tiers inférieur""}, {""po_id"": ""PO_0009066"", ""po_label"": ""anther"", ""pato_id"": ""PATO_0001891"", ""pato_label"": ""ovate"", ""negated"": false, ""value_low"": null, ""value_high"": null, ""unit"": null, ""value_text"": ""subovoid"", ""modifier"": """", ""source_text"": ""anthères subovoïdes""}, {""po_id"": ""PO_0009064"", ""po_label"": ""receptacle"", ""pato_id"": ""PATO_0002227"", ""pato_label"": ""cup-shaped"", ""negated"": false, ""value_low"": null, ""value_high"": null, ""unit"": null, ""value_text"": """", ""modifier"": """", ""source_text"": ""disque du réceptacle en bourrelet cupuliforme""}, {""po_id"": ""PO_0009072"", ""po_label"": ""plant ovary"", ""pato_id"": ""PATO_0000588"", ""pato_label"": ""vestigial"", ""negated"": false, ""value_low"": null, ""value_high"": null, ""unit"": null, ""value_text"": """", ""modifier"": """", ""source_text"": ""ovaire abortif""}, {""po_id"": ""PO_0009072"", ""po_label"": ""plant ovary"", ""pato_id"": ""PATO_0000455"", ""pato_label"": ""pubescent"", ""negated"": false, ""value_low"": null, ""value_high"": null, ""unit"": null, ""value_text"": """", ""modifier"": """", ""source_text"": ""ovaire abortif pubescent""}]"	
paul-009	flora-gabon	fdgvol13_final.xml	Mendoncia phytocrenoides phytocrenoides R. Benoist	fruits	fr	Fruit ellipsoïde-anguleux en forme de noyau d'abricot, jusqu'à 23 x 16 mm, et 11 mm d'épaisseur, pubescent, noir grisâtre in vivo, ayant par avortement une seule loge uniovulée, à parois ligneuse atteignant 2,3 mm d'épaisseur.	"[{""po_id"": ""PO_0009001"", ""po_label"": ""fruit"", ""pato_id"": ""PATO_0000947"", ""pato_label"": ""elliptic"", ""negated"": false, ""value_low"": null, ""value_high"": null, ""unit"": null, ""value_text"": ""ellipsoid"", ""modifier"": """", ""source_text"": ""Fruit ellipsoïde-anguleux""}, {""po_id"": ""PO_0009001"", ""po_label"": ""fruit"", ""pato_id"": ""PATO_0001977"", ""pato_label"": ""angular"", ""negated"": false, ""value_low"": null, ""value_high"": null, ""unit"": null, ""value_text"": """", ""modifier"": """", ""source_text"": ""Fruit ellipsoïde-anguleux""}, {""po_id"": ""PO_0009001"", ""po_label"": ""fruit"", ""pato_id"": ""PATO_0000122"", ""pato_label"": ""length"", ""negated"": false, ""value_low"": null, ""value_high"": 23, ""unit"": ""mm"", ""value_text"": """", ""modifier"": """", ""source_text"": ""jusqu'à 23 x 16 mm""}, {""po_id"": ""PO_0009001"", ""po_label"": ""fruit"", ""pato_id"": ""PATO_0000921"", ""pato_label"": ""width"", ""negated"": false, ""value_low"": null, ""value_high"": 16, ""unit"": ""mm"", ""value_text"": """", ""modifier"": """", ""source_text"": ""jusqu'à 23 x 16 mm""}, {""po_id"": ""PO_0009001"", ""po_label"": ""fruit"", ""pato_id"": ""PATO_0000915"", ""pato_label"": ""thickness"", ""negated"": false, ""value_low"": 11, ""value_high"": 11, ""unit"": ""mm"", ""value_text"": """", ""modifier"": """", ""source_text"": ""11 mm d'épaisseur""}, {""po_id"": ""PO_0009001"", ""po_label"": ""fruit"", ""pato_id"": ""PATO_0000455"", ""pato_label"": ""pubescent"", ""negated"": false, ""value_low"": null, ""value_high"": null, ""unit"": null, ""value_text"": """", ""modifier"": """", ""source_text"": ""pubescent""}, {""po_id"": ""PO_0009001"", ""po_label"": ""fruit"", ""pato_id"": ""PATO_0001251"", ""pato_label"": ""dark grey"", ""negated"": false, ""value_low"": null, ""value_high"": null, ""unit"": null, ""value_text"": ""noir grisâtre (grayish-black)"", ""modifier"": """", ""source_text"": ""noir grisâtre in vivo""}, {""po_id"": ""PO_0009084"", ""po_label"": ""pericarp"", ""pato_id"": ""PATO_0002348"", ""pato_label"": ""ligneous"", ""negated"": false, ""value_low"": null, ""value_high"": null, ""unit"": null, ""value_text"": """", ""modifier"": """", ""source_text"": ""à parois ligneuse""}, {""po_id"": ""PO_0009084"", ""po_label"": ""pericarp"", ""pato_id"": ""PATO_0000915"", ""pato_label"": ""thickness"", ""negated"": false, ""value_low"": null, ""value_high"": 2.3, ""unit"": ""mm"", ""value_text"": """", ""modifier"": """", ""source_text"": ""atteignant 2,3 mm d'épaisseur""}]"	"[{""po_id"": ""PO_0009001"", ""po_label"": ""fruit"", ""pato_id"": ""PATO_0000947"", ""pato_label"": ""elliptic"", ""negated"": false, ""value_low"": null, ""value_high"": null, ""unit"": null, ""value_text"": ""ellipsoid"", ""modifier"": """", ""source_text"": ""Fruit ellipsoïde-anguleux""}, {""po_id"": ""PO_0009001"", ""po_label"": ""fruit"", ""pato_id"": ""PATO_0001977"", ""pato_label"": ""angular"", ""negated"": false, ""value_low"": null, ""value_high"": null, ""unit"": null, ""value_text"": """", ""modifier"": """", ""source_text"": ""Fruit ellipsoïde-anguleux""}, {""po_id"": ""PO_0009001"", ""po_label"": ""fruit"", ""pato_id"": ""PATO_0000122"", ""pato_label"": ""length"", ""negated"": false, ""value_low"": null, ""value_high"": 23, ""unit"": ""mm"", ""value_text"": """", ""modifier"": """", ""source_text"": ""jusqu'à 23 x 16 mm""}, {""po_id"": ""PO_0009001"", ""po_label"": ""fruit"", ""pato_id"": ""PATO_0000921"", ""pato_label"": ""width"", ""negated"": false, ""value_low"": null, ""value_high"": 16, ""unit"": ""mm"", ""value_text"": """", ""modifier"": """", ""source_text"": ""jusqu'à 23 x 16 mm""}, {""po_id"": ""PO_0009001"", ""po_label"": ""fruit"", ""pato_id"": ""PATO_0000915"", ""pato_label"": ""thickness"", ""negated"": false, ""value_low"": 11, ""value_high"": 11, ""unit"": ""mm"", ""value_text"": """", ""modifier"": """", ""source_text"": ""11 mm d'épaisseur""}, {""po_id"": ""PO_0009001"", ""po_label"": ""fruit"", ""pato_id"": ""PATO_0000455"", ""pato_label"": ""pubescent"", ""negated"": false, ""value_low"": null, ""value_high"": null, ""unit"": null, ""value_text"": """", ""modifier"": """", ""source_text"": ""pubescent""}, {""po_id"": ""PO_0009001"", ""po_label"": ""fruit"", ""pato_id"": ""PATO_0001251"", ""pato_label"": ""dark grey"", ""negated"": false, ""value_low"": null, ""value_high"": null, ""unit"": null, ""value_text"": ""noir grisâtre (grayish-black)"", ""modifier"": """", ""source_text"": ""noir grisâtre in vivo""}, {""po_id"": ""PO_0009084"", ""po_label"": ""pericarp"", ""pato_id"": ""PATO_0002348"", ""pato_label"": ""ligneous"", ""negated"": false, ""value_low"": null, ""value_high"": null, ""unit"": null, ""value_text"": """", ""modifier"": """", ""source_text"": ""à parois ligneuse""}, {""po_id"": ""PO_0009084"", ""po_label"": ""pericarp"", ""pato_id"": ""PATO_0000915"", ""pato_label"": ""thickness"", ""negated"": false, ""value_low"": null, ""value_high"": 2.3, ""unit"": ""mm"", ""value_text"": """", ""modifier"": """", ""source_text"": ""atteignant 2,3 mm d'épaisseur""}]"	
paul-010	flora-gabon	fdgvol32_final.xml	DICHAPETALACEAE	habit	fr	Arbres, arbustes, subarbustes ou lianes.	[]	[]	
paul-011	flora-gabon	fdgvol34_final.xml	Homalium letestui Pellegr.	inflorescences	fr	Inflorescences en panicules terminales, multiflores, atteignant 20 cm de long, couvertes d'un tomentum gris.	"[{""po_id"": ""PO_0009049"", ""po_label"": ""inflorescence"", ""pato_id"": ""PATO_0002476"", ""pato_label"": ""terminal"", ""negated"": false, ""value_low"": null, ""value_high"": null, ""unit"": null, ""value_text"": """", ""modifier"": """", ""source_text"": ""Inflorescences en panicules terminales""}, {""po_id"": ""PO_0009049"", ""po_label"": ""inflorescence"", ""pato_id"": ""PATO_0000122"", ""pato_label"": ""length"", ""negated"": false, ""value_low"": null, ""value_high"": 20, ""unit"": ""cm"", ""value_text"": """", ""modifier"": """", ""source_text"": ""atteignant 20 cm de long""}, {""po_id"": ""PO_0009049"", ""po_label"": ""inflorescence"", ""pato_id"": ""PATO_0002341"", ""pato_label"": ""tomentose"", ""negated"": false, ""value_low"": null, ""value_high"": null, ""unit"": null, ""value_text"": """", ""modifier"": """", ""source_text"": ""couvertes d'un tomentum gris""}, {""po_id"": ""PO_0009049"", ""po_label"": ""inflorescence"", ""pato_id"": ""PATO_0000950"", ""pato_label"": ""grey"", ""negated"": false, ""value_low"": null, ""value_high"": null, ""unit"": null, ""value_text"": ""tomentum gris"", ""modifier"": """", ""source_text"": ""couvertes d'un tomentum gris""}]"	"[{""po_id"": ""PO_0009049"", ""po_label"": ""inflorescence"", ""pato_id"": ""PATO_0002476"", ""pato_label"": ""terminal"", ""negated"": false, ""value_low"": null, ""value_high"": null, ""unit"": null, ""value_text"": """", ""modifier"": """", ""source_text"": ""Inflorescences en panicules terminales""}, {""po_id"": ""PO_0009049"", ""po_label"": ""inflorescence"", ""pato_id"": ""PATO_0000122"", ""pato_label"": ""length"", ""negated"": false, ""value_low"": null, ""value_high"": 20, ""unit"": ""cm"", ""value_text"": """", ""modifier"": """", ""source_text"": ""atteignant 20 cm de long""}, {""po_id"": ""PO_0009049"", ""po_label"": ""inflorescence"", ""pato_id"": ""PATO_0002341"", ""pato_label"": ""tomentose"", ""negated"": false, ""value_low"": null, ""value_high"": null, ""unit"": null, ""value_text"": """", ""modifier"": """", ""source_text"": ""couvertes d'un tomentum gris""}, {""po_id"": ""PO_0009049"", ""po_label"": ""inflorescence"", ""pato_id"": ""PATO_0000950"", ""pato_label"": ""grey"", ""negated"": false, ""value_low"": null, ""value_high"": null, ""unit"": null, ""value_text"": ""tomentum gris"", ""modifier"": """", ""source_text"": ""couvertes d'un tomentum gris""}]"	
paul-012	flora-gabon	fdgvol23_final.xml	Pancovia laurentii Gilg ex De Wildeman	leaves	fr	Feuilles groupées en rosettes aux extrémités des rameaux; pétiole de 10-20 cm, diamètre de 4-5 mm; rachis 20-40 cm; folioles basales 15-18 x 4,5-6 cm, moyennes 16-22 x 5 cm, supérieures 23 x 6 cm; 10-14 paires de nervures; limbe concolore, vert olive, brillant dessus, mat dessous.	"[{""po_id"": ""PO_0009025"", ""po_label"": ""vascular leaf"", ""pato_id"": ""PATO_0001629"", ""pato_label"": ""aggregated"", ""negated"": false, ""value_low"": null, ""value_high"": null, ""unit"": null, ""value_text"": ""rosettes at branch tips"", ""modifier"": """", ""source_text"": ""Feuilles groupées en rosettes aux extrémités des rameaux""}, {""po_id"": ""PO_0020038"", ""po_label"": ""petiole"", ""pato_id"": ""PATO_0000122"", ""pato_label"": ""length"", ""negated"": false, ""value_low"": 10, ""value_high"": 20, ""unit"": ""cm"", ""value_text"": """", ""modifier"": """", ""source_text"": ""pétiole de 10-20 cm""}, {""po_id"": ""PO_0020038"", ""po_label"": ""petiole"", ""pato_id"": ""PATO_0000921"", ""pato_label"": ""width"", ""negated"": false, ""value_low"": 4, ""value_high"": 5, ""unit"": ""mm"", ""value_text"": ""diameter"", ""modifier"": """", ""source_text"": ""diamètre de 4-5 mm""}, {""po_id"": ""PO_0020055"", ""po_label"": ""leaf rachis"", ""pato_id"": ""PATO_0000122"", ""pato_label"": ""length"", ""negated"": false, ""value_low"": 20, ""value_high"": 40, ""unit"": ""cm"", ""value_text"": """", ""modifier"": """", ""source_text"": ""rachis 20-40 cm""}, {""po_id"": ""PO_0020049"", ""po_label"": ""leaflet"", ""pato_id"": ""PATO_0000122"", ""pato_label"": ""length"", ""negated"": false, ""value_low"": 15, ""value_high"": 23, ""unit"": ""cm"", ""value_text"": """", ""modifier"": """", ""source_text"": ""folioles basales 15-18 x 4,5-6 cm, moyennes 16-22 x 5 cm, supérieures 23 x 6 cm""}, {""po_id"": ""PO_0020049"", ""po_label"": ""leaflet"", ""pato_id"": ""PATO_0000921"", ""pato_label"": ""width"", ""negated"": false, ""value_low"": 4.5, ""value_high"": 6, ""unit"": ""cm"", ""value_text"": """", ""modifier"": """", ""source_text"": ""folioles basales 15-18 x 4,5-6 cm""}, {""po_id"": ""PO_0000050"", ""po_label"": ""leaf lamina adaxial epidermis"", ""pato_id"": ""PATO_0001373"", ""pato_label"": ""glistening"", ""negated"": false, ""value_low"": null, ""value_high"": null, ""unit"": null, ""value_text"": """", ""modifier"": """", ""source_text"": ""brillant dessus""}, {""po_id"": ""PO_0000049"", ""po_label"": ""leaf lamina abaxial epidermis"", ""pato_id"": ""PATO_0000328"", ""pato_label"": ""low saturation"", ""negated"": false, ""value_low"": null, ""value_high"": null, ""unit"": null, ""value_text"": ""dull (abaxial surface)"", ""modifier"": """", ""source_text"": ""mat dessous""}, {""po_id"": ""PO_0020039"", ""po_label"": ""leaf lamina"", ""pato_id"": ""PATO_0001942"", ""pato_label"": ""brown green"", ""negated"": false, ""value_low"": null, ""value_high"": null, ""unit"": null, ""value_text"": ""vert olive (olive green)"", ""modifier"": """", ""source_text"": ""vert olive""}]"	"[{""po_id"": ""PO_0009025"", ""po_label"": ""vascular leaf"", ""pato_id"": ""PATO_0001629"", ""pato_label"": ""aggregated"", ""negated"": false, ""value_low"": null, ""value_high"": null, ""unit"": null, ""value_text"": ""rosettes at branch tips"", ""modifier"": """", ""source_text"": ""Feuilles groupées en rosettes aux extrémités des rameaux""}, {""po_id"": ""PO_0020038"", ""po_label"": ""petiole"", ""pato_id"": ""PATO_0000122"", ""pato_label"": ""length"", ""negated"": false, ""value_low"": 10, ""value_high"": 20, ""unit"": ""cm"", ""value_text"": """", ""modifier"": """", ""source_text"": ""pétiole de 10-20 cm""}, {""po_id"": ""PO_0020038"", ""po_label"": ""petiole"", ""pato_id"": ""PATO_0000921"", ""pato_label"": ""width"", ""negated"": false, ""value_low"": 4, ""value_high"": 5, ""unit"": ""mm"", ""value_text"": ""diameter"", ""modifier"": """", ""source_text"": ""diamètre de 4-5 mm""}, {""po_id"": ""PO_0020055"", ""po_label"": ""leaf rachis"", ""pato_id"": ""PATO_0000122"", ""pato_label"": ""length"", ""negated"": false, ""value_low"": 20, ""value_high"": 40, ""unit"": ""cm"", ""value_text"": """", ""modifier"": """", ""source_text"": ""rachis 20-40 cm""}, {""po_id"": ""PO_0020049"", ""po_label"": ""leaflet"", ""pato_id"": ""PATO_0000122"", ""pato_label"": ""length"", ""negated"": false, ""value_low"": 15, ""value_high"": 23, ""unit"": ""cm"", ""value_text"": """", ""modifier"": """", ""source_text"": ""folioles basales 15-18 x 4,5-6 cm, moyennes 16-22 x 5 cm, supérieures 23 x 6 cm""}, {""po_id"": ""PO_0020049"", ""po_label"": ""leaflet"", ""pato_id"": ""PATO_0000921"", ""pato_label"": ""width"", ""negated"": false, ""value_low"": 4.5, ""value_high"": 6, ""unit"": ""cm"", ""value_text"": """", ""modifier"": """", ""source_text"": ""folioles basales 15-18 x 4,5-6 cm""}, {""po_id"": ""PO_0000050"", ""po_label"": ""leaf lamina adaxial epidermis"", ""pato_id"": ""PATO_0001373"", ""pato_label"": ""glistening"", ""negated"": false, ""value_low"": null, ""value_high"": null, ""unit"": null, ""value_text"": """", ""modifier"": """", ""source_text"": ""brillant dessus""}, {""po_id"": ""PO_0000049"", ""po_label"": ""leaf lamina abaxial epidermis"", ""pato_id"": ""PATO_0000328"", ""pato_label"": ""low saturation"", ""negated"": false, ""value_low"": null, ""value_high"": null, ""unit"": null, ""value_text"": ""dull (abaxial surface)"", ""modifier"": """", ""source_text"": ""mat dessous""}, {""po_id"": ""PO_0020039"", ""po_label"": ""leaf lamina"", ""pato_id"": ""PATO_0001942"", ""pato_label"": ""brown green"", ""negated"": false, ""value_low"": null, ""value_high"": null, ""unit"": null, ""value_text"": ""vert olive (olive green)"", ""modifier"": """", ""source_text"": ""vert olive""}]"	
paul-013	flora-gabon	fdgvol12and17_final.xml	PSEUDOGARDENIA Keay	locules	fr	Ovaire uniloculaire à deux longs placentas pariétaux multiovulés.	"[{""po_id"": ""PO_0020001"", ""po_label"": ""ovary placenta"", ""pato_id"": ""PATO_0000573"", ""pato_label"": ""increased length"", ""negated"": false, ""value_low"": null, ""value_high"": null, ""unit"": null, ""value_text"": """", ""modifier"": """", ""source_text"": ""deux longs placentas pariétaux multiovulés""}]"	"[{""po_id"": ""PO_0020001"", ""po_label"": ""ovary placenta"", ""pato_id"": ""PATO_0000573"", ""pato_label"": ""increased length"", ""negated"": false, ""value_low"": null, ""value_high"": null, ""unit"": null, ""value_text"": """", ""modifier"": """", ""source_text"": ""deux longs placentas pariétaux multiovulés""}]"	
paul-014	flora-gabon	fdgvol32_final.xml	Dichapetalum thollonii Pellegrin	seeds	fr	Graine ovoïde-ellipsoïdale, un peu en pointe au sommet, souvent comprimée latéralement et un peu imprimée entre les cotylédons, 3-4 X 1,2-1,5 cm; testa mince, brun, luisant, nettement veiné.	"[{""po_id"": ""PO_0009010"", ""po_label"": ""seed"", ""pato_id"": ""PATO_0001891"", ""pato_label"": ""ovate"", ""negated"": false, ""value_low"": null, ""value_high"": null, ""unit"": null, ""value_text"": ""ovoid"", ""modifier"": """", ""source_text"": ""Graine ovoïde-ellipsoïdale""}, {""po_id"": ""PO_0009010"", ""po_label"": ""seed"", ""pato_id"": ""PATO_0000947"", ""pato_label"": ""elliptic"", ""negated"": false, ""value_low"": null, ""value_high"": null, ""unit"": null, ""value_text"": ""ellipsoid"", ""modifier"": """", ""source_text"": ""Graine ovoïde-ellipsoïdale""}, {""po_id"": ""PO_0009010"", ""po_label"": ""seed"", ""pato_id"": ""PATO_0000389"", ""pato_label"": ""acute"", ""negated"": false, ""value_low"": null, ""value_high"": null, ""unit"": null, ""value_text"": ""apex"", ""modifier"": """", ""source_text"": ""un peu en pointe au sommet""}, {""po_id"": ""PO_0009010"", ""po_label"": ""seed"", ""pato_id"": ""PATO_0002054"", ""pato_label"": ""laterally compressed"", ""negated"": false, ""value_low"": null, ""value_high"": null, ""unit"": null, ""value_text"": """", ""modifier"": ""often"", ""source_text"": ""souvent comprimée latéralement""}, {""po_id"": ""PO_0009010"", ""po_label"": ""seed"", ""pato_id"": ""PATO_0000122"", ""pato_label"": ""length"", ""negated"": false, ""value_low"": 3, ""value_high"": 4, ""unit"": ""cm"", ""value_text"": """", ""modifier"": """", ""source_text"": ""3-4 X 1,2-1,5 cm""}, {""po_id"": ""PO_0009010"", ""po_label"": ""seed"", ""pato_id"": ""PATO_0000921"", ""pato_label"": ""width"", ""negated"": false, ""value_low"": 1.2, ""value_high"": 1.5, ""unit"": ""cm"", ""value_text"": """", ""modifier"": """", ""source_text"": ""3-4 X 1,2-1,5 cm""}, {""po_id"": ""PO_0020057"", ""po_label"": ""testa"", ""pato_id"": ""PATO_0000592"", ""pato_label"": ""decreased thickness"", ""negated"": false, ""value_low"": null, ""value_high"": null, ""unit"": null, ""value_text"": ""thin"", ""modifier"": """", ""source_text"": ""testa mince""}, {""po_id"": ""PO_0020057"", ""po_label"": ""testa"", ""pato_id"": ""PATO_0000952"", ""pato_label"": ""brown"", ""negated"": false, ""value_low"": null, ""value_high"": null, ""unit"": null, ""value_text"": """", ""modifier"": """", ""source_text"": ""testa mince, brun""}, {""po_id"": ""PO_0020057"", ""po_label"": ""testa"", ""pato_id"": ""PATO_0001373"", ""pato_label"": ""glistening"", ""negated"": false, ""value_low"": null, ""value_high"": null, ""unit"": null, ""value_text"": """", ""modifier"": """", ""source_text"": ""luisant""}]"	"[{""po_id"": ""PO_0009010"", ""po_label"": ""seed"", ""pato_id"": ""PATO_0001891"", ""pato_label"": ""ovate"", ""negated"": false, ""value_low"": null, ""value_high"": null, ""unit"": null, ""value_text"": ""ovoid"", ""modifier"": """", ""source_text"": ""Graine ovoïde-ellipsoïdale""}, {""po_id"": ""PO_0009010"", ""po_label"": ""seed"", ""pato_id"": ""PATO_0000947"", ""pato_label"": ""elliptic"", ""negated"": false, ""value_low"": null, ""value_high"": null, ""unit"": null, ""value_text"": ""ellipsoid"", ""modifier"": """", ""source_text"": ""Graine ovoïde-ellipsoïdale""}, {""po_id"": ""PO_0009010"", ""po_label"": ""seed"", ""pato_id"": ""PATO_0000389"", ""pato_label"": ""acute"", ""negated"": false, ""value_low"": null, ""value_high"": null, ""unit"": null, ""value_text"": ""apex"", ""modifier"": """", ""source_text"": ""un peu en pointe au sommet""}, {""po_id"": ""PO_0009010"", ""po_label"": ""seed"", ""pato_id"": ""PATO_0002054"", ""pato_label"": ""laterally compressed"", ""negated"": false, ""value_low"": null, ""value_high"": null, ""unit"": null, ""value_text"": """", ""modifier"": ""often"", ""source_text"": ""souvent comprimée latéralement""}, {""po_id"": ""PO_0009010"", ""po_label"": ""seed"", ""pato_id"": ""PATO_0000122"", ""pato_label"": ""length"", ""negated"": false, ""value_low"": 3, ""value_high"": 4, ""unit"": ""cm"", ""value_text"": """", ""modifier"": """", ""source_text"": ""3-4 X 1,2-1,5 cm""}, {""po_id"": ""PO_0009010"", ""po_label"": ""seed"", ""pato_id"": ""PATO_0000921"", ""pato_label"": ""width"", ""negated"": false, ""value_low"": 1.2, ""value_high"": 1.5, ""unit"": ""cm"", ""value_text"": """", ""modifier"": """", ""source_text"": ""3-4 X 1,2-1,5 cm""}, {""po_id"": ""PO_0020057"", ""po_label"": ""testa"", ""pato_id"": ""PATO_0000592"", ""pato_label"": ""decreased thickness"", ""negated"": false, ""value_low"": null, ""value_high"": null, ""unit"": null, ""value_text"": ""thin"", ""modifier"": """", ""source_text"": ""testa mince""}, {""po_id"": ""PO_0020057"", ""po_label"": ""testa"", ""pato_id"": ""PATO_0000952"", ""pato_label"": ""brown"", ""negated"": false, ""value_low"": null, ""value_high"": null, ""unit"": null, ""value_text"": """", ""modifier"": """", ""source_text"": ""testa mince, brun""}, {""po_id"": ""PO_0020057"", ""po_label"": ""testa"", ""pato_id"": ""PATO_0001373"", ""pato_label"": ""glistening"", ""negated"": false, ""value_low"": null, ""value_high"": null, ""unit"": null, ""value_text"": """", ""modifier"": """", ""source_text"": ""luisant""}]"	
paul-015	flora-malesiana	vol18_final.xml	Alyxia rostrata Markgr.	stamens	en	Stamens inserted at 1.3-1.4 mm from corolla base which is 0.32-0.38 of tube length; filaments 0.3-0.5 mm long; anther apex 1.3-1.9 mm from corolla mouth, anthers 0.8-1 by 0.2-0.35 mm.	"[{""po_id"": ""PO_0009029"", ""po_label"": ""stamen"", ""pato_id"": ""PATO_0002207"", ""pato_label"": ""insertion depth"", ""negated"": false, ""value_low"": 1.3, ""value_high"": 1.4, ""unit"": ""mm"", ""value_text"": """", ""modifier"": """", ""source_text"": ""Stamens inserted at 1.3-1.4 mm from corolla base""}, {""po_id"": ""PO_0009067"", ""po_label"": ""filament"", ""pato_id"": ""PATO_0000122"", ""pato_label"": ""length"", ""negated"": false, ""value_low"": 0.3, ""value_high"": 0.5, ""unit"": ""mm"", ""value_text"": """", ""modifier"": """", ""source_text"": ""filaments 0.3-0.5 mm long""}, {""po_id"": ""PO_0009066"", ""po_label"": ""anther"", ""pato_id"": ""PATO_0000122"", ""pato_label"": ""length"", ""negated"": false, ""value_low"": 0.8, ""value_high"": 1, ""unit"": ""mm"", ""value_text"": """", ""modifier"": """", ""source_text"": ""anthers 0.8-1 by 0.2-0.35 mm""}, {""po_id"": ""PO_0009066"", ""po_label"": ""anther"", ""pato_id"": ""PATO_0000921"", ""pato_label"": ""width"", ""negated"": false, ""value_low"": 0.2, ""value_high"": 0.35, ""unit"": ""mm"", ""value_text"": """", ""modifier"": """", ""source_text"": ""anthers 0.8-1 by 0.2-0.35 mm""}]"	"[{""po_id"": ""PO_0009029"", ""po_label"": ""stamen"", ""pato_id"": ""PATO_0002207"", ""pato_label"": ""insertion depth"", ""negated"": false, ""value_low"": 1.3, ""value_high"": 1.4, ""unit"": ""mm"", ""value_text"": """", ""modifier"": """", ""source_text"": ""Stamens inserted at 1.3-1.4 mm from corolla base""}, {""po_id"": ""PO_0009067"", ""po_label"": ""filament"", ""pato_id"": ""PATO_0000122"", ""pato_label"": ""length"", ""negated"": false, ""value_low"": 0.3, ""value_high"": 0.5, ""unit"": ""mm"", ""value_text"": """", ""modifier"": """", ""source_text"": ""filaments 0.3-0.5 mm long""}, {""po_id"": ""PO_0009066"", ""po_label"": ""anther"", ""pato_id"": ""PATO_0000122"", ""pato_label"": ""length"", ""negated"": false, ""value_low"": 0.8, ""value_high"": 1, ""unit"": ""mm"", ""value_text"": """", ""modifier"": """", ""source_text"": ""anthers 0.8-1 by 0.2-0.35 mm""}, {""po_id"": ""PO_0009066"", ""po_label"": ""anther"", ""pato_id"": ""PATO_0000921"", ""pato_label"": ""width"", ""negated"": false, ""value_low"": 0.2, ""value_high"": 0.35, ""unit"": ""mm"", ""value_text"": """", ""modifier"": """", ""source_text"": ""anthers 0.8-1 by 0.2-0.35 mm""}]"	
paul-016	flora-malesiana	vol14_final.xml	Horsfieldia inflexa W.J. de Wilde	fruits	en	Fruits solitary or up to 6 per infructescence, ellipsoid, apex rounded to subacute, base ± rounded, 2 by 1.4-1.5 cm, glabrous, drying dark brown, without or with only small tubercles or lenticels; pericarp 1.5 mm thick; fruiting pedicel 2-6 mm long; perianth not persistent.	"[{""po_id"": ""PO_0009001"", ""po_label"": ""fruit"", ""pato_id"": ""PATO_0000947"", ""pato_label"": ""elliptic"", ""negated"": false, ""value_low"": null, ""value_high"": null, ""unit"": null, ""value_text"": ""ellipsoid"", ""modifier"": """", ""source_text"": ""ellipsoid""}, {""po_id"": ""PO_0009001"", ""po_label"": ""fruit"", ""pato_id"": ""PATO_0000411"", ""pato_label"": ""circular"", ""negated"": false, ""value_low"": null, ""value_high"": null, ""unit"": null, ""value_text"": ""rounded apex"", ""modifier"": """", ""source_text"": ""apex rounded to subacute""}, {""po_id"": ""PO_0009001"", ""po_label"": ""fruit"", ""pato_id"": ""PATO_0002091"", ""pato_label"": ""subacute"", ""negated"": false, ""value_low"": null, ""value_high"": null, ""unit"": null, ""value_text"": ""apex"", ""modifier"": """", ""source_text"": ""apex rounded to subacute""}, {""po_id"": ""PO_0009001"", ""po_label"": ""fruit"", ""pato_id"": ""PATO_0000411"", ""pato_label"": ""circular"", ""negated"": false, ""value_low"": null, ""value_high"": null, ""unit"": null, ""value_text"": ""rounded base"", ""modifier"": """", ""source_text"": ""base ± rounded""}, {""po_id"": ""PO_0009001"", ""po_label"": ""fruit"", ""pato_id"": ""PATO_0000122"", ""pato_label"": ""length"", ""negated"": false, ""value_low"": 2, ""value_high"": 2, ""unit"": ""cm"", ""value_text"": """", ""modifier"": """", ""source_text"": ""2 by 1.4-1.5 cm""}, {""po_id"": ""PO_0009001"", ""po_label"": ""fruit"", ""pato_id"": ""PATO_0000921"", ""pato_label"": ""width"", ""negated"": false, ""value_low"": 1.4, ""value_high"": 1.5, ""unit"": ""cm"", ""value_text"": """", ""modifier"": """", ""source_text"": ""2 by 1.4-1.5 cm""}, {""po_id"": ""PO_0009001"", ""po_label"": ""fruit"", ""pato_id"": ""PATO_0000453"", ""pato_label"": ""glabrous"", ""negated"": false, ""value_low"": null, ""value_high"": null, ""unit"": null, ""value_text"": """", ""modifier"": """", ""source_text"": ""glabrous""}, {""po_id"": ""PO_0009001"", ""po_label"": ""fruit"", ""pato_id"": ""PATO_0001245"", ""pato_label"": ""dark brown"", ""negated"": false, ""value_low"": null, ""value_high"": null, ""unit"": null, ""value_text"": ""when dry"", ""modifier"": """", ""source_text"": ""drying dark brown""}, {""po_id"": ""PO_0009084"", ""po_label"": ""pericarp"", ""pato_id"": ""PATO_0000915"", ""pato_label"": ""thickness"", ""negated"": false, ""value_low"": 1.5, ""value_high"": 1.5, ""unit"": ""mm"", ""value_text"": """", ""modifier"": """", ""source_text"": ""pericarp 1.5 mm thick""}, {""po_id"": ""PO_0004536"", ""po_label"": ""fruit pedicel"", ""pato_id"": ""PATO_0000122"", ""pato_label"": ""length"", ""negated"": false, ""value_low"": 2, ""value_high"": 6, ""unit"": ""mm"", ""value_text"": """", ""modifier"": """", ""source_text"": ""fruiting pedicel 2-6 mm long""}, {""po_id"": ""PO_0009058"", ""po_label"": ""perianth"", ""pato_id"": ""PATO_0001730"", ""pato_label"": ""deciduous (generic)"", ""negated"": false, ""value_low"": null, ""value_high"": null, ""unit"": null, ""value_text"": """", ""modifier"": """", ""source_text"": ""perianth not persistent""}]"	"[{""po_id"": ""PO_0009001"", ""po_label"": ""fruit"", ""pato_id"": ""PATO_0000947"", ""pato_label"": ""elliptic"", ""negated"": false, ""value_low"": null, ""value_high"": null, ""unit"": null, ""value_text"": ""ellipsoid"", ""modifier"": """", ""source_text"": ""ellipsoid""}, {""po_id"": ""PO_0009001"", ""po_label"": ""fruit"", ""pato_id"": ""PATO_0000411"", ""pato_label"": ""circular"", ""negated"": false, ""value_low"": null, ""value_high"": null, ""unit"": null, ""value_text"": ""rounded apex"", ""modifier"": """", ""source_text"": ""apex rounded to subacute""}, {""po_id"": ""PO_0009001"", ""po_label"": ""fruit"", ""pato_id"": ""PATO_0002091"", ""pato_label"": ""subacute"", ""negated"": false, ""value_low"": null, ""value_high"": null, ""unit"": null, ""value_text"": ""apex"", ""modifier"": """", ""source_text"": ""apex rounded to subacute""}, {""po_id"": ""PO_0009001"", ""po_label"": ""fruit"", ""pato_id"": ""PATO_0000411"", ""pato_label"": ""circular"", ""negated"": false, ""value_low"": null, ""value_high"": null, ""unit"": null, ""value_text"": ""rounded base"", ""modifier"": """", ""source_text"": ""base ± rounded""}, {""po_id"": ""PO_0009001"", ""po_label"": ""fruit"", ""pato_id"": ""PATO_0000122"", ""pato_label"": ""length"", ""negated"": false, ""value_low"": 2, ""value_high"": 2, ""unit"": ""cm"", ""value_text"": """", ""modifier"": """", ""source_text"": ""2 by 1.4-1.5 cm""}, {""po_id"": ""PO_0009001"", ""po_label"": ""fruit"", ""pato_id"": ""PATO_0000921"", ""pato_label"": ""width"", ""negated"": false, ""value_low"": 1.4, ""value_high"": 1.5, ""unit"": ""cm"", ""value_text"": """", ""modifier"": """", ""source_text"": ""2 by 1.4-1.5 cm""}, {""po_id"": ""PO_0009001"", ""po_label"": ""fruit"", ""pato_id"": ""PATO_0000453"", ""pato_label"": ""glabrous"", ""negated"": false, ""value_low"": null, ""value_high"": null, ""unit"": null, ""value_text"": """", ""modifier"": """", ""source_text"": ""glabrous""}, {""po_id"": ""PO_0009001"", ""po_label"": ""fruit"", ""pato_id"": ""PATO_0001245"", ""pato_label"": ""dark brown"", ""negated"": false, ""value_low"": null, ""value_high"": null, ""unit"": null, ""value_text"": ""when dry"", ""modifier"": """", ""source_text"": ""drying dark brown""}, {""po_id"": ""PO_0009084"", ""po_label"": ""pericarp"", ""pato_id"": ""PATO_0000915"", ""pato_label"": ""thickness"", ""negated"": false, ""value_low"": 1.5, ""value_high"": 1.5, ""unit"": ""mm"", ""value_text"": """", ""modifier"": """", ""source_text"": ""pericarp 1.5 mm thick""}, {""po_id"": ""PO_0004536"", ""po_label"": ""fruit pedicel"", ""pato_id"": ""PATO_0000122"", ""pato_label"": ""length"", ""negated"": false, ""value_low"": 2, ""value_high"": 6, ""unit"": ""mm"", ""value_text"": """", ""modifier"": """", ""source_text"": ""fruiting pedicel 2-6 mm long""}, {""po_id"": ""PO_0009058"", ""po_label"": ""perianth"", ""pato_id"": ""PATO_0001730"", ""pato_label"": ""deciduous (generic)"", ""negated"": false, ""value_low"": null, ""value_high"": null, ""unit"": null, ""value_text"": """", ""modifier"": """", ""source_text"": ""perianth not persistent""}]"	
paul-017	flora-malesiana	vol14_final.xml	Myristicaceae	habit	en	Dioecious or monoecious (Endocomia) monopodial shrubs or trees with aromatic oil- cells, (2-)5-15(-40) m high (Virola sessilis, Brazil, 30 cm high); stilt-roots sometimes present; branching whorled, the crown often pyramidal.	"[{""po_id"": ""PO_0000003"", ""po_label"": ""whole plant"", ""pato_id"": ""PATO_0000119"", ""pato_label"": ""height"", ""negated"": false, ""value_low"": 5, ""value_high"": 15, ""unit"": ""m"", ""value_text"": """", ""modifier"": """", ""source_text"": ""(2-)5-15(-40) m high""}, {""po_id"": ""PO_0000042"", ""po_label"": ""shoot-borne root"", ""pato_id"": ""PATO_0000467"", ""pato_label"": ""present"", ""negated"": false, ""value_low"": null, ""value_high"": null, ""unit"": null, ""value_text"": """", ""modifier"": ""sometimes"", ""source_text"": ""stilt-roots sometimes present""}, {""po_id"": ""PO_0025029"", ""po_label"": ""shoot axis"", ""pato_id"": ""PATO_0001951"", ""pato_label"": ""whorled"", ""negated"": false, ""value_low"": null, ""value_high"": null, ""unit"": null, ""value_text"": """", ""modifier"": """", ""source_text"": ""branching whorled""}, {""po_id"": ""PO_0000003"", ""po_label"": ""whole plant"", ""pato_id"": ""PATO_0002336"", ""pato_label"": ""pyramidal"", ""negated"": false, ""value_low"": null, ""value_high"": null, ""unit"": null, ""value_text"": """", ""modifier"": ""often"", ""source_text"": ""the crown often pyramidal""}]"	"[{""po_id"": ""PO_0000003"", ""po_label"": ""whole plant"", ""pato_id"": ""PATO_0000119"", ""pato_label"": ""height"", ""negated"": false, ""value_low"": 5, ""value_high"": 15, ""unit"": ""m"", ""value_text"": """", ""modifier"": """", ""source_text"": ""(2-)5-15(-40) m high""}, {""po_id"": ""PO_0000042"", ""po_label"": ""shoot-borne root"", ""pato_id"": ""PATO_0000467"", ""pato_label"": ""present"", ""negated"": false, ""value_low"": null, ""value_high"": null, ""unit"": null, ""value_text"": """", ""modifier"": ""sometimes"", ""source_text"": ""stilt-roots sometimes present""}, {""po_id"": ""PO_0025029"", ""po_label"": ""shoot axis"", ""pato_id"": ""PATO_0001951"", ""pato_label"": ""whorled"", ""negated"": false, ""value_low"": null, ""value_high"": null, ""unit"": null, ""value_text"": """", ""modifier"": """", ""source_text"": ""branching whorled""}, {""po_id"": ""PO_0000003"", ""po_label"": ""whole plant"", ""pato_id"": ""PATO_0002336"", ""pato_label"": ""pyramidal"", ""negated"": false, ""value_low"": null, ""value_high"": null, ""unit"": null, ""value_text"": """", ""modifier"": ""often"", ""source_text"": ""the crown often pyramidal""}]"	
paul-018	flora-malesiana	vol14_final.xml	Horsfieldia macrothyrsa Warb.	inflorescences	en	Inflorescences with sparse hairs 0.1 mm or less; in male: about 3 times branched, ± few-flowered, 7-20 by 5-12 cm, peduncle 0.5-4.5 cm long; in female (according to infructescences): about twice branched, 3-6 cm long; bracts elliptic-oblong, 2-4 mm long, short-pubescent, caducous; flowers in male in loose clusters of 2-4, in female 1-3 together, glabrous; the perianth 3- (or 4-) lobed, pedicel not or but faintly articulated.	"[{""po_id"": ""PO_0009049"", ""po_label"": ""inflorescence"", ""pato_id"": ""PATO_0000454"", ""pato_label"": ""hairy"", ""negated"": false, ""value_low"": null, ""value_high"": null, ""unit"": null, ""value_text"": ""sparse"", ""modifier"": """", ""source_text"": ""Inflorescences with sparse hairs 0.1 mm or less""}, {""po_id"": ""PO_0009053"", ""po_label"": ""peduncle"", ""pato_id"": ""PATO_0000122"", ""pato_label"": ""length"", ""negated"": false, ""value_low"": 0.5, ""value_high"": 4.5, ""unit"": ""cm"", ""value_text"": """", ""modifier"": """", ""source_text"": ""peduncle 0.5-4.5 cm long""}, {""po_id"": ""PO_0009054"", ""po_label"": ""inflorescence bract"", ""pato_id"": ""PATO_0000947"", ""pato_label"": ""elliptic"", ""negated"": false, ""value_low"": null, ""value_high"": null, ""unit"": null, ""value_text"": ""elliptic-oblong"", ""modifier"": """", ""source_text"": ""bracts elliptic-oblong, 2-4 mm long""}, {""po_id"": ""PO_0009054"", ""po_label"": ""inflorescence bract"", ""pato_id"": ""PATO_0000122"", ""pato_label"": ""length"", ""negated"": false, ""value_low"": 2, ""value_high"": 4, ""unit"": ""mm"", ""value_text"": """", ""modifier"": """", ""source_text"": ""bracts elliptic-oblong, 2-4 mm long""}, {""po_id"": ""PO_0009054"", ""po_label"": ""inflorescence bract"", ""pato_id"": ""PATO_0000455"", ""pato_label"": ""pubescent"", ""negated"": false, ""value_low"": null, ""value_high"": null, ""unit"": null, ""value_text"": ""short-pubescent"", ""modifier"": """", ""source_text"": ""short-pubescent, caducous""}, {""po_id"": ""PO_0009046"", ""po_label"": ""flower"", ""pato_id"": ""PATO_0000453"", ""pato_label"": ""glabrous"", ""negated"": false, ""value_low"": null, ""value_high"": null, ""unit"": null, ""value_text"": """", ""modifier"": """", ""source_text"": ""flowers in male in loose clusters of 2-4, in female 1-3 together, glabrous""}, {""po_id"": ""PO_0009058"", ""po_label"": ""perianth"", ""pato_id"": ""PATO_0001979"", ""pato_label"": ""lobed"", ""negated"": false, ""value_low"": null, ""value_high"": null, ""unit"": null, ""value_text"": ""3- or 4-lobed"", ""modifier"": """", ""source_text"": ""the perianth 3- (or 4-) lobed""}]"	"[{""po_id"": ""PO_0009049"", ""po_label"": ""inflorescence"", ""pato_id"": ""PATO_0000454"", ""pato_label"": ""hairy"", ""negated"": false, ""value_low"": null, ""value_high"": null, ""unit"": null, ""value_text"": ""sparse"", ""modifier"": """", ""source_text"": ""Inflorescences with sparse hairs 0.1 mm or less""}, {""po_id"": ""PO_0009053"", ""po_label"": ""peduncle"", ""pato_id"": ""PATO_0000122"", ""pato_label"": ""length"", ""negated"": false, ""value_low"": 0.5, ""value_high"": 4.5, ""unit"": ""cm"", ""value_text"": """", ""modifier"": """", ""source_text"": ""peduncle 0.5-4.5 cm long""}, {""po_id"": ""PO_0009054"", ""po_label"": ""inflorescence bract"", ""pato_id"": ""PATO_0000947"", ""pato_label"": ""elliptic"", ""negated"": false, ""value_low"": null, ""value_high"": null, ""unit"": null, ""value_text"": ""elliptic-oblong"", ""modifier"": """", ""source_text"": ""bracts elliptic-oblong, 2-4 mm long""}, {""po_id"": ""PO_0009054"", ""po_label"": ""inflorescence bract"", ""pato_id"": ""PATO_0000122"", ""pato_label"": ""length"", ""negated"": false, ""value_low"": 2, ""value_high"": 4, ""unit"": ""mm"", ""value_text"": """", ""modifier"": """", ""source_text"": ""bracts elliptic-oblong, 2-4 mm long""}, {""po_id"": ""PO_0009054"", ""po_label"": ""inflorescence bract"", ""pato_id"": ""PATO_0000455"", ""pato_label"": ""pubescent"", ""negated"": false, ""value_low"": null, ""value_high"": null, ""unit"": null, ""value_text"": ""short-pubescent"", ""modifier"": """", ""source_text"": ""short-pubescent, caducous""}, {""po_id"": ""PO_0009046"", ""po_label"": ""flower"", ""pato_id"": ""PATO_0000453"", ""pato_label"": ""glabrous"", ""negated"": false, ""value_low"": null, ""value_high"": null, ""unit"": null, ""value_text"": """", ""modifier"": """", ""source_text"": ""flowers in male in loose clusters of 2-4, in female 1-3 together, glabrous""}, {""po_id"": ""PO_0009058"", ""po_label"": ""perianth"", ""pato_id"": ""PATO_0001979"", ""pato_label"": ""lobed"", ""negated"": false, ""value_low"": null, ""value_high"": null, ""unit"": null, ""value_text"": ""3- or 4-lobed"", ""modifier"": """", ""source_text"": ""the perianth 3- (or 4-) lobed""}]"	
paul-019	flora-malesiana	vol19_final.xml	Trichosanthes papuana F.M.Bailey	leaves	en	Leaves: petiole 3-6.5 cm long; petiolules 0.5-1.5 cm long; blade green on drying, membranous or chartaceous, 3-5-foliolate (simple and hastate in juvenile plants), in outline circular, c. 30 cm diam., not or little scabrous, with minute pale or dark dots, glands few or absent, scattered, 0.5 mm diam., cystoliths obvious; middle leaflet 9-18 by 3.5-10 cm, base rounded or cuneate, margin (sub)entire, apex acute-acuminate.	"[{""po_id"": ""PO_0020038"", ""po_label"": ""petiole"", ""pato_id"": ""PATO_0000122"", ""pato_label"": ""length"", ""negated"": false, ""value_low"": 3, ""value_high"": 6.5, ""unit"": ""cm"", ""value_text"": """", ""modifier"": """", ""source_text"": ""petiole 3-6.5 cm long""}, {""po_id"": ""PO_0020050"", ""po_label"": ""petiolule"", ""pato_id"": ""PATO_0000122"", ""pato_label"": ""length"", ""negated"": false, ""value_low"": 0.5, ""value_high"": 1.5, ""unit"": ""cm"", ""value_text"": """", ""modifier"": """", ""source_text"": ""petiolules 0.5-1.5 cm long""}, {""po_id"": ""PO_0020039"", ""po_label"": ""leaf lamina"", ""pato_id"": ""PATO_0000320"", ""pato_label"": ""green"", ""negated"": false, ""value_low"": null, ""value_high"": null, ""unit"": null, ""value_text"": """", ""modifier"": """", ""source_text"": ""blade green on drying""}, {""po_id"": ""PO_0020039"", ""po_label"": ""leaf lamina"", ""pato_id"": ""PATO_0000411"", ""pato_label"": ""circular"", ""negated"": false, ""value_low"": null, ""value_high"": null, ""unit"": null, ""value_text"": """", ""modifier"": """", ""source_text"": ""in outline circular, c. 30 cm diam.""}, {""po_id"": ""PO_0020039"", ""po_label"": ""leaf lamina"", ""pato_id"": ""PATO_0000700"", ""pato_label"": ""rough"", ""negated"": true, ""value_low"": null, ""value_high"": null, ""unit"": null, ""value_text"": """", ""modifier"": """", ""source_text"": ""not or little scabrous""}, {""po_id"": ""PO_0020049"", ""po_label"": ""leaflet"", ""pato_id"": ""PATO_0000122"", ""pato_label"": ""length"", ""negated"": false, ""value_low"": 9, ""value_high"": 18, ""unit"": ""cm"", ""value_text"": """", ""modifier"": """", ""source_text"": ""middle leaflet 9-18 by 3.5-10 cm""}, {""po_id"": ""PO_0020049"", ""po_label"": ""leaflet"", ""pato_id"": ""PATO_0000921"", ""pato_label"": ""width"", ""negated"": false, ""value_low"": 3.5, ""value_high"": 10, ""unit"": ""cm"", ""value_text"": """", ""modifier"": """", ""source_text"": ""middle leaflet 9-18 by 3.5-10 cm""}, {""po_id"": ""PO_0020137"", ""po_label"": ""leaf apex"", ""pato_id"": ""PATO_0002228"", ""pato_label"": ""acuminate"", ""negated"": false, ""value_low"": null, ""value_high"": null, ""unit"": null, ""value_text"": ""acute-acuminate"", ""modifier"": """", ""source_text"": ""apex acute-acuminate""}]"	"[{""po_id"": ""PO_0020038"", ""po_label"": ""petiole"", ""pato_id"": ""PATO_0000122"", ""pato_label"": ""length"", ""negated"": false, ""value_low"": 3, ""value_high"": 6.5, ""unit"": ""cm"", ""value_text"": """", ""modifier"": """", ""source_text"": ""petiole 3-6.5 cm long""}, {""po_id"": ""PO_0020050"", ""po_label"": ""petiolule"", ""pato_id"": ""PATO_0000122"", ""pato_label"": ""length"", ""negated"": false, ""value_low"": 0.5, ""value_high"": 1.5, ""unit"": ""cm"", ""value_text"": """", ""modifier"": """", ""source_text"": ""petiolules 0.5-1.5 cm long""}, {""po_id"": ""PO_0020039"", ""po_label"": ""leaf lamina"", ""pato_id"": ""PATO_0000320"", ""pato_label"": ""green"", ""negated"": false, ""value_low"": null, ""value_high"": null, ""unit"": null, ""value_text"": """", ""modifier"": """", ""source_text"": ""blade green on drying""}, {""po_id"": ""PO_0020039"", ""po_label"": ""leaf lamina"", ""pato_id"": ""PATO_0000411"", ""pato_label"": ""circular"", ""negated"": false, ""value_low"": null, ""value_high"": null, ""unit"": null, ""value_text"": """", ""modifier"": """", ""source_text"": ""in outline circular, c. 30 cm diam.""}, {""po_id"": ""PO_0020039"", ""po_label"": ""leaf lamina"", ""pato_id"": ""PATO_0000700"", ""pato_label"": ""rough"", ""negated"": true, ""value_low"": null, ""value_high"": null, ""unit"": null, ""value_text"": """", ""modifier"": """", ""source_text"": ""not or little scabrous""}, {""po_id"": ""PO_0020049"", ""po_label"": ""leaflet"", ""pato_id"": ""PATO_0000122"", ""pato_label"": ""length"", ""negated"": false, ""value_low"": 9, ""value_high"": 18, ""unit"": ""cm"", ""value_text"": """", ""modifier"": """", ""source_text"": ""middle leaflet 9-18 by 3.5-10 cm""}, {""po_id"": ""PO_0020049"", ""po_label"": ""leaflet"", ""pato_id"": ""PATO_0000921"", ""pato_label"": ""width"", ""negated"": false, ""value_low"": 3.5, ""value_high"": 10, ""unit"": ""cm"", ""value_text"": """", ""modifier"": """", ""source_text"": ""middle leaflet 9-18 by 3.5-10 cm""}, {""po_id"": ""PO_0020137"", ""po_label"": ""leaf apex"", ""pato_id"": ""PATO_0002228"", ""pato_label"": ""acuminate"", ""negated"": false, ""value_low"": null, ""value_high"": null, ""unit"": null, ""value_text"": ""acute-acuminate"", ""modifier"": """", ""source_text"": ""apex acute-acuminate""}]"	
paul-020	flora-malesiana	vol12_1_final.xml	Aglaia korthalsii Miq.	leaflets	en	Leaflets (3–5)(–7), 8–27(–36) by (2.5–) 3–8 cm, apex acuminate, usually rounded but sometimes cuneate at the asymmetrical base; with scales like those on the twigs few on the upper surface and scattered or nu- merous on the lower surface at fairly regular intervals, sometimes with faint reddish- brown pits; veins 10–25 on each side of the midrib; petiolules usually 5–10(-30) mm.	"[{""po_id"": ""PO_0020049"", ""po_label"": ""leaflet"", ""pato_id"": ""PATO_0000122"", ""pato_label"": ""length"", ""negated"": false, ""value_low"": 8, ""value_high"": 27, ""unit"": ""cm"", ""value_text"": """", ""modifier"": """", ""source_text"": ""Leaflets (3–5)(–7), 8–27(–36) by (2.5–) 3–8 cm""}, {""po_id"": ""PO_0020049"", ""po_label"": ""leaflet"", ""pato_id"": ""PATO_0000921"", ""pato_label"": ""width"", ""negated"": false, ""value_low"": 3, ""value_high"": 8, ""unit"": ""cm"", ""value_text"": """", ""modifier"": """", ""source_text"": ""8–27(–36) by (2.5–) 3–8 cm""}, {""po_id"": ""PO_0020137"", ""po_label"": ""leaf apex"", ""pato_id"": ""PATO_0002228"", ""pato_label"": ""acuminate"", ""negated"": false, ""value_low"": null, ""value_high"": null, ""unit"": null, ""value_text"": """", ""modifier"": """", ""source_text"": ""apex acuminate""}, {""po_id"": ""PO_0020040"", ""po_label"": ""leaf base"", ""pato_id"": ""PATO_0000411"", ""pato_label"": ""circular"", ""negated"": false, ""value_low"": null, ""value_high"": null, ""unit"": null, ""value_text"": ""rounded"", ""modifier"": ""usually"", ""source_text"": ""usually rounded but sometimes cuneate at the asymmetrical base""}, {""po_id"": ""PO_0020040"", ""po_label"": ""leaf base"", ""pato_id"": ""PATO_0001955"", ""pato_label"": ""cuneate"", ""negated"": false, ""value_low"": null, ""value_high"": null, ""unit"": null, ""value_text"": """", ""modifier"": ""sometimes"", ""source_text"": ""usually rounded but sometimes cuneate at the asymmetrical base""}, {""po_id"": ""PO_0020040"", ""po_label"": ""leaf base"", ""pato_id"": ""PATO_0000616"", ""pato_label"": ""asymmetrical"", ""negated"": false, ""value_low"": null, ""value_high"": null, ""unit"": null, ""value_text"": """", ""modifier"": """", ""source_text"": ""the asymmetrical base""}, {""po_id"": ""PO_0020049"", ""po_label"": ""leaflet"", ""pato_id"": ""PATO_0001804"", ""pato_label"": ""scaly"", ""negated"": false, ""value_low"": null, ""value_high"": null, ""unit"": null, ""value_text"": """", ""modifier"": """", ""source_text"": ""with scales like those on the twigs few on the upper surface and scattered or nu- merous on the lower surface at fairly regular intervals""}, {""po_id"": ""PO_0020049"", ""po_label"": ""leaflet"", ""pato_id"": ""PATO_0002296"", ""pato_label"": ""foveate"", ""negated"": false, ""value_low"": null, ""value_high"": null, ""unit"": null, ""value_text"": ""faint reddish-brown pits"", ""modifier"": ""sometimes"", ""source_text"": ""sometimes with faint reddish- brown pits""}, {""po_id"": ""PO_0006011"", ""po_label"": ""lateral leaf vein"", ""pato_id"": ""PATO_0000070"", ""pato_label"": ""count"", ""negated"": false, ""value_low"": 10, ""value_high"": 25, ""unit"": null, ""value_text"": ""10-25 per side"", ""modifier"": """", ""source_text"": ""veins 10–25 on each side of the midrib""}, {""po_id"": ""PO_0020050"", ""po_label"": ""petiolule"", ""pato_id"": ""PATO_0000122"", ""pato_label"": ""length"", ""negated"": false, ""value_low"": 5, ""value_high"": 10, ""unit"": ""mm"", ""value_text"": """", ""modifier"": ""usually"", ""source_text"": ""petiolules usually 5–10(-30) mm""}]"	"[{""po_id"": ""PO_0020049"", ""po_label"": ""leaflet"", ""pato_id"": ""PATO_0000122"", ""pato_label"": ""length"", ""negated"": false, ""value_low"": 8, ""value_high"": 27, ""unit"": ""cm"", ""value_text"": """", ""modifier"": """", ""source_text"": ""Leaflets (3–5)(–7), 8–27(–36) by (2.5–) 3–8 cm""}, {""po_id"": ""PO_0020049"", ""po_label"": ""leaflet"", ""pato_id"": ""PATO_0000921"", ""pato_label"": ""width"", ""negated"": false, ""value_low"": 3, ""value_high"": 8, ""unit"": ""cm"", ""value_text"": """", ""modifier"": """", ""source_text"": ""8–27(–36) by (2.5–) 3–8 cm""}, {""po_id"": ""PO_0020137"", ""po_label"": ""leaf apex"", ""pato_id"": ""PATO_0002228"", ""pato_label"": ""acuminate"", ""negated"": false, ""value_low"": null, ""value_high"": null, ""unit"": null, ""value_text"": """", ""modifier"": """", ""source_text"": ""apex acuminate""}, {""po_id"": ""PO_0020040"", ""po_label"": ""leaf base"", ""pato_id"": ""PATO_0000411"", ""pato_label"": ""circular"", ""negated"": false, ""value_low"": null, ""value_high"": null, ""unit"": null, ""value_text"": ""rounded"", ""modifier"": ""usually"", ""source_text"": ""usually rounded but sometimes cuneate at the asymmetrical base""}, {""po_id"": ""PO_0020040"", ""po_label"": ""leaf base"", ""pato_id"": ""PATO_0001955"", ""pato_label"": ""cuneate"", ""negated"": false, ""value_low"": null, ""value_high"": null, ""unit"": null, ""value_text"": """", ""modifier"": ""sometimes"", ""source_text"": ""usually rounded but sometimes cuneate at the asymmetrical base""}, {""po_id"": ""PO_0020040"", ""po_label"": ""leaf base"", ""pato_id"": ""PATO_0000616"", ""pato_label"": ""asymmetrical"", ""negated"": false, ""value_low"": null, ""value_high"": null, ""unit"": null, ""value_text"": """", ""modifier"": """", ""source_text"": ""the asymmetrical base""}, {""po_id"": ""PO_0020049"", ""po_label"": ""leaflet"", ""pato_id"": ""PATO_0001804"", ""pato_label"": ""scaly"", ""negated"": false, ""value_low"": null, ""value_high"": null, ""unit"": null, ""value_text"": """", ""modifier"": """", ""source_text"": ""with scales like those on the twigs few on the upper surface and scattered or nu- merous on the lower surface at fairly regular intervals""}, {""po_id"": ""PO_0020049"", ""po_label"": ""leaflet"", ""pato_id"": ""PATO_0002296"", ""pato_label"": ""foveate"", ""negated"": false, ""value_low"": null, ""value_high"": null, ""unit"": null, ""value_text"": ""faint reddish-brown pits"", ""modifier"": ""sometimes"", ""source_text"": ""sometimes with faint reddish- brown pits""}, {""po_id"": ""PO_0006011"", ""po_label"": ""lateral leaf vein"", ""pato_id"": ""PATO_0000070"", ""pato_label"": ""count"", ""negated"": false, ""value_low"": 10, ""value_high"": 25, ""unit"": null, ""value_text"": ""10-25 per side"", ""modifier"": """", ""source_text"": ""veins 10–25 on each side of the midrib""}, {""po_id"": ""PO_0020050"", ""po_label"": ""petiolule"", ""pato_id"": ""PATO_0000122"", ""pato_label"": ""length"", ""negated"": false, ""value_low"": 5, ""value_high"": 10, ""unit"": ""mm"", ""value_text"": """", ""modifier"": ""usually"", ""source_text"": ""petiolules usually 5–10(-30) mm""}]"	
paul-021	flora-malesiana	vol12_2_final.xml	Gyrocarpus Jacq.	seeds	en	Seeds with spongy testa (in one American species membranous); cotyledons contortuplicate.	"[{""po_id"": ""PO_0020057"", ""po_label"": ""testa"", ""pato_id"": ""PATO_0001480"", ""pato_label"": ""spongy"", ""negated"": false, ""value_low"": null, ""value_high"": null, ""unit"": null, ""value_text"": """", ""modifier"": """", ""source_text"": ""Seeds with spongy testa""}, {""po_id"": ""PO_0020030"", ""po_label"": ""cotyledon"", ""pato_id"": ""PATO_0001910"", ""pato_label"": ""folded"", ""negated"": false, ""value_low"": null, ""value_high"": null, ""unit"": null, ""value_text"": ""contortuplicate"", ""modifier"": """", ""source_text"": ""cotyledons contortuplicate""}]"	"[{""po_id"": ""PO_0020057"", ""po_label"": ""testa"", ""pato_id"": ""PATO_0001480"", ""pato_label"": ""spongy"", ""negated"": false, ""value_low"": null, ""value_high"": null, ""unit"": null, ""value_text"": """", ""modifier"": """", ""source_text"": ""Seeds with spongy testa""}, {""po_id"": ""PO_0020030"", ""po_label"": ""cotyledon"", ""pato_id"": ""PATO_0001910"", ""pato_label"": ""folded"", ""negated"": false, ""value_low"": null, ""value_high"": null, ""unit"": null, ""value_text"": ""contortuplicate"", ""modifier"": """", ""source_text"": ""cotyledons contortuplicate""}]"	
paul-022	kew-african	98630	Dalechampia scandens (Pax) Pax	description	en	Leaves 3-lobed, the lobes entire, minutely puberulous along the nerves. Involucral bracts toothed or entire. Fig. 56/10.	"[{""po_id"": ""PO_0009025"", ""po_label"": ""vascular leaf"", ""pato_id"": ""PATO_0001979"", ""pato_label"": ""lobed"", ""negated"": false, ""value_low"": null, ""value_high"": null, ""unit"": null, ""value_text"": ""3-lobed"", ""modifier"": """", ""source_text"": ""Leaves 3-lobed""}, {""po_id"": ""PO_0009025"", ""po_label"": ""vascular leaf"", ""pato_id"": ""PATO_0000455"", ""pato_label"": ""pubescent"", ""negated"": false, ""value_low"": null, ""value_high"": null, ""unit"": null, ""value_text"": ""minutely puberulous"", ""modifier"": """", ""source_text"": ""minutely puberulous along the nerves""}, {""po_id"": ""PO_0009045"", ""po_label"": ""involucral bract"", ""pato_id"": ""PATO_0001205"", ""pato_label"": ""dentated"", ""negated"": false, ""value_low"": null, ""value_high"": null, ""unit"": null, ""value_text"": ""toothed or entire"", ""modifier"": """", ""source_text"": ""Involucral bracts toothed or entire""}]"	"[{""po_id"": ""PO_0009025"", ""po_label"": ""vascular leaf"", ""pato_id"": ""PATO_0001979"", ""pato_label"": ""lobed"", ""negated"": false, ""value_low"": null, ""value_high"": null, ""unit"": null, ""value_text"": ""3-lobed"", ""modifier"": """", ""source_text"": ""Leaves 3-lobed""}, {""po_id"": ""PO_0009025"", ""po_label"": ""vascular leaf"", ""pato_id"": ""PATO_0000455"", ""pato_label"": ""pubescent"", ""negated"": false, ""value_low"": null, ""value_high"": null, ""unit"": null, ""value_text"": ""minutely puberulous"", ""modifier"": """", ""source_text"": ""minutely puberulous along the nerves""}, {""po_id"": ""PO_0009045"", ""po_label"": ""involucral bract"", ""pato_id"": ""PATO_0001205"", ""pato_label"": ""dentated"", ""negated"": false, ""value_low"": null, ""value_high"": null, ""unit"": null, ""value_text"": ""toothed or entire"", ""modifier"": """", ""source_text"": ""Involucral bracts toothed or entire""}]"	
paul-023	fdac	898050	Tephrosia hockii De Wild.	fleurs	fr	à calice strigueux ou lâchement poilu; tube de 3,5–5 mm de long; lobe inférieur de 6–13 mm de long; les latéraux de 4–8 mm de long; corolle orange jaune; étendard de 16–26 mm de long, glabre à l’intérieur; ailes égalant ± l’étendard, distinctement plus longues que la carène; filet de l’étamine vexillaire conné sur une certaine longueur au tube staminal, à épaississement calleux vers la base; style aplati, glabre, pénicillé; ovules 6–8.	"[{""po_id"": ""PO_0009060"", ""po_label"": ""calyx"", ""pato_id"": ""PATO_0000454"", ""pato_label"": ""hairy"", ""negated"": false, ""value_low"": null, ""value_high"": null, ""unit"": null, ""value_text"": ""strigose or loosely hairy"", ""modifier"": """", ""source_text"": ""à calice strigueux ou lâchement poilu""}, {""po_id"": ""PO_0009060"", ""po_label"": ""calyx"", ""pato_id"": ""PATO_0000122"", ""pato_label"": ""length"", ""negated"": false, ""value_low"": 3.5, ""value_high"": 5, ""unit"": ""mm"", ""value_text"": ""tube length"", ""modifier"": """", ""source_text"": ""tube de 3,5–5 mm de long""}, {""po_id"": ""PO_0009060"", ""po_label"": ""calyx"", ""pato_id"": ""PATO_0000122"", ""pato_label"": ""length"", ""negated"": false, ""value_low"": 6, ""value_high"": 13, ""unit"": ""mm"", ""value_text"": ""lower lobe length"", ""modifier"": """", ""source_text"": ""lobe inférieur de 6–13 mm de long""}, {""po_id"": ""PO_0009060"", ""po_label"": ""calyx"", ""pato_id"": ""PATO_0000122"", ""pato_label"": ""length"", ""negated"": false, ""value_low"": 4, ""value_high"": 8, ""unit"": ""mm"", ""value_text"": ""lateral lobes length"", ""modifier"": """", ""source_text"": ""les latéraux de 4–8 mm de long""}, {""po_id"": ""PO_0009059"", ""po_label"": ""corolla"", ""pato_id"": ""PATO_0000953"", ""pato_label"": ""orange"", ""negated"": false, ""value_low"": null, ""value_high"": null, ""unit"": null, ""value_text"": ""orange-yellow"", ""modifier"": """", ""source_text"": ""corolle orange jaune""}, {""po_id"": ""PO_0025324"", ""po_label"": ""banner petal"", ""pato_id"": ""PATO_0000122"", ""pato_label"": ""length"", ""negated"": false, ""value_low"": 16, ""value_high"": 26, ""unit"": ""mm"", ""value_text"": """", ""modifier"": """", ""source_text"": ""étendard de 16–26 mm de long""}, {""po_id"": ""PO_0025324"", ""po_label"": ""banner petal"", ""pato_id"": ""PATO_0000453"", ""pato_label"": ""glabrous"", ""negated"": false, ""value_low"": null, ""value_high"": null, ""unit"": null, ""value_text"": ""glabrous inside"", ""modifier"": """", ""source_text"": ""glabre à l’intérieur""}, {""po_id"": ""PO_0009074"", ""po_label"": ""style"", ""pato_id"": ""PATO_0000407"", ""pato_label"": ""flat"", ""negated"": false, ""value_low"": null, ""value_high"": null, ""unit"": null, ""value_text"": """", ""modifier"": """", ""source_text"": ""style aplati""}, {""po_id"": ""PO_0009074"", ""po_label"": ""style"", ""pato_id"": ""PATO_0000453"", ""pato_label"": ""glabrous"", ""negated"": false, ""value_low"": null, ""value_high"": null, ""unit"": null, ""value_text"": """", ""modifier"": """", ""source_text"": ""style aplati, glabre, pénicillé""}, {""po_id"": ""PO_0009074"", ""po_label"": ""style"", ""pato_id"": ""PATO_0002315"", ""pato_label"": ""brush-like shape"", ""negated"": false, ""value_low"": null, ""value_high"": null, ""unit"": null, ""value_text"": ""pénicillé"", ""modifier"": """", ""source_text"": ""pénicillé""}, {""po_id"": ""PO_0020003"", ""po_label"": ""plant ovule"", ""pato_id"": ""PATO_0000070"", ""pato_label"": ""count"", ""negated"": false, ""value_low"": 6, ""value_high"": 8, ""unit"": null, ""value_text"": """", ""modifier"": """", ""source_text"": ""ovules 6–8""}]"	"[{""po_id"": ""PO_0009060"", ""po_label"": ""calyx"", ""pato_id"": ""PATO_0000454"", ""pato_label"": ""hairy"", ""negated"": false, ""value_low"": null, ""value_high"": null, ""unit"": null, ""value_text"": ""strigose or loosely hairy"", ""modifier"": """", ""source_text"": ""à calice strigueux ou lâchement poilu""}, {""po_id"": ""PO_0009060"", ""po_label"": ""calyx"", ""pato_id"": ""PATO_0000122"", ""pato_label"": ""length"", ""negated"": false, ""value_low"": 3.5, ""value_high"": 5, ""unit"": ""mm"", ""value_text"": ""tube length"", ""modifier"": """", ""source_text"": ""tube de 3,5–5 mm de long""}, {""po_id"": ""PO_0009060"", ""po_label"": ""calyx"", ""pato_id"": ""PATO_0000122"", ""pato_label"": ""length"", ""negated"": false, ""value_low"": 6, ""value_high"": 13, ""unit"": ""mm"", ""value_text"": ""lower lobe length"", ""modifier"": """", ""source_text"": ""lobe inférieur de 6–13 mm de long""}, {""po_id"": ""PO_0009060"", ""po_label"": ""calyx"", ""pato_id"": ""PATO_0000122"", ""pato_label"": ""length"", ""negated"": false, ""value_low"": 4, ""value_high"": 8, ""unit"": ""mm"", ""value_text"": ""lateral lobes length"", ""modifier"": """", ""source_text"": ""les latéraux de 4–8 mm de long""}, {""po_id"": ""PO_0009059"", ""po_label"": ""corolla"", ""pato_id"": ""PATO_0000953"", ""pato_label"": ""orange"", ""negated"": false, ""value_low"": null, ""value_high"": null, ""unit"": null, ""value_text"": ""orange-yellow"", ""modifier"": """", ""source_text"": ""corolle orange jaune""}, {""po_id"": ""PO_0025324"", ""po_label"": ""banner petal"", ""pato_id"": ""PATO_0000122"", ""pato_label"": ""length"", ""negated"": false, ""value_low"": 16, ""value_high"": 26, ""unit"": ""mm"", ""value_text"": """", ""modifier"": """", ""source_text"": ""étendard de 16–26 mm de long""}, {""po_id"": ""PO_0025324"", ""po_label"": ""banner petal"", ""pato_id"": ""PATO_0000453"", ""pato_label"": ""glabrous"", ""negated"": false, ""value_low"": null, ""value_high"": null, ""unit"": null, ""value_text"": ""glabrous inside"", ""modifier"": """", ""source_text"": ""glabre à l’intérieur""}, {""po_id"": ""PO_0009074"", ""po_label"": ""style"", ""pato_id"": ""PATO_0000407"", ""pato_label"": ""flat"", ""negated"": false, ""value_low"": null, ""value_high"": null, ""unit"": null, ""value_text"": """", ""modifier"": """", ""source_text"": ""style aplati""}, {""po_id"": ""PO_0009074"", ""po_label"": ""style"", ""pato_id"": ""PATO_0000453"", ""pato_label"": ""glabrous"", ""negated"": false, ""value_low"": null, ""value_high"": null, ""unit"": null, ""value_text"": """", ""modifier"": """", ""source_text"": ""style aplati, glabre, pénicillé""}, {""po_id"": ""PO_0009074"", ""po_label"": ""style"", ""pato_id"": ""PATO_0002315"", ""pato_label"": ""brush-like shape"", ""negated"": false, ""value_low"": null, ""value_high"": null, ""unit"": null, ""value_text"": ""pénicillé"", ""modifier"": """", ""source_text"": ""pénicillé""}, {""po_id"": ""PO_0020003"", ""po_label"": ""plant ovule"", ""pato_id"": ""PATO_0000070"", ""pato_label"": ""count"", ""negated"": false, ""value_low"": 6, ""value_high"": 8, ""unit"": null, ""value_text"": """", ""modifier"": """", ""source_text"": ""ovules 6–8""}]"	
paul-024	fdac	896026	Uvaria dacremontii Boutique	fruits	fr	jeunes à méricarpes asymétriques, stipétés, atténués-apiculés au sommet; stipes égalant ± les méricarpes.ESPÈCE IMPARFAITEMENT CONNUE	"[{""po_id"": ""PO_0009001"", ""po_label"": ""fruit"", ""pato_id"": ""PATO_0000616"", ""pato_label"": ""asymmetrical"", ""negated"": false, ""value_low"": null, ""value_high"": null, ""unit"": null, ""value_text"": """", ""modifier"": """", ""source_text"": ""méricarpes asymétriques""}, {""po_id"": ""PO_0009001"", ""po_label"": ""fruit"", ""pato_id"": ""PATO_0001982"", ""pato_label"": ""attenuate"", ""negated"": false, ""value_low"": null, ""value_high"": null, ""unit"": null, ""value_text"": ""attenuate-apiculate at apex"", ""modifier"": """", ""source_text"": ""atténués-apiculés au sommet""}]"	"[{""po_id"": ""PO_0009001"", ""po_label"": ""fruit"", ""pato_id"": ""PATO_0000616"", ""pato_label"": ""asymmetrical"", ""negated"": false, ""value_low"": null, ""value_high"": null, ""unit"": null, ""value_text"": """", ""modifier"": """", ""source_text"": ""méricarpes asymétriques""}, {""po_id"": ""PO_0009001"", ""po_label"": ""fruit"", ""pato_id"": ""PATO_0001982"", ""pato_label"": ""attenuate"", ""negated"": false, ""value_low"": null, ""value_high"": null, ""unit"": null, ""value_text"": ""attenuate-apiculate at apex"", ""modifier"": """", ""source_text"": ""atténués-apiculés au sommet""}]"	
paul-025	fdac	899853	Rhus anchietae Ficalho ex Hiern	arbuste	fr	, quelquefois sarmenteux, de 1–8 m de haut; jeunes rameaux lenticellés, brun rougeatre à brun violacé, tomentelleux-ferrugineux à glabres.	"[{""po_id"": ""PO_0000003"", ""po_label"": ""whole plant"", ""pato_id"": ""PATO_0000119"", ""pato_label"": ""height"", ""negated"": false, ""value_low"": 1, ""value_high"": 8, ""unit"": ""m"", ""value_text"": """", ""modifier"": """", ""source_text"": ""de 1–8 m de haut""}, {""po_id"": ""PO_0025073"", ""po_label"": ""branch"", ""pato_id"": ""PATO_0001287"", ""pato_label"": ""red brown"", ""negated"": false, ""value_low"": null, ""value_high"": null, ""unit"": null, ""value_text"": ""reddish-brown to brownish-violet"", ""modifier"": """", ""source_text"": ""brun rougeatre à brun violacé""}, {""po_id"": ""PO_0025073"", ""po_label"": ""branch"", ""pato_id"": ""PATO_0002341"", ""pato_label"": ""tomentose"", ""negated"": false, ""value_low"": null, ""value_high"": null, ""unit"": null, ""value_text"": ""tomentellous-ferrugineous"", ""modifier"": """", ""source_text"": ""tomentelleux-ferrugineux à glabres""}, {""po_id"": ""PO_0025073"", ""po_label"": ""branch"", ""pato_id"": ""PATO_0000453"", ""pato_label"": ""glabrous"", ""negated"": false, ""value_low"": null, ""value_high"": null, ""unit"": null, ""value_text"": """", ""modifier"": """", ""source_text"": ""tomentelleux-ferrugineux à glabres""}]"	"[{""po_id"": ""PO_0000003"", ""po_label"": ""whole plant"", ""pato_id"": ""PATO_0000119"", ""pato_label"": ""height"", ""negated"": false, ""value_low"": 1, ""value_high"": 8, ""unit"": ""m"", ""value_text"": """", ""modifier"": """", ""source_text"": ""de 1–8 m de haut""}, {""po_id"": ""PO_0025073"", ""po_label"": ""branch"", ""pato_id"": ""PATO_0001287"", ""pato_label"": ""red brown"", ""negated"": false, ""value_low"": null, ""value_high"": null, ""unit"": null, ""value_text"": ""reddish-brown to brownish-violet"", ""modifier"": """", ""source_text"": ""brun rougeatre à brun violacé""}, {""po_id"": ""PO_0025073"", ""po_label"": ""branch"", ""pato_id"": ""PATO_0002341"", ""pato_label"": ""tomentose"", ""negated"": false, ""value_low"": null, ""value_high"": null, ""unit"": null, ""value_text"": ""tomentellous-ferrugineous"", ""modifier"": """", ""source_text"": ""tomentelleux-ferrugineux à glabres""}, {""po_id"": ""PO_0025073"", ""po_label"": ""branch"", ""pato_id"": ""PATO_0000453"", ""pato_label"": ""glabrous"", ""negated"": false, ""value_low"": null, ""value_high"": null, ""unit"": null, ""value_text"": """", ""modifier"": """", ""source_text"": ""tomentelleux-ferrugineux à glabres""}]"	
paul-026	fdac	899744	Dichapetalum flabellatiflorum Hauman	inflorescences	fr	axillaires, étalées en éventail de 1–2 cm de long et 1,5–3,5 cm de large; pédoncule de 2–3 mm de long, à rameaux dichotomiques divergeants, floriferes seulement à leur extrémité et couverts d’une fine pubescence grise.	"[{""po_id"": ""PO_0009049"", ""po_label"": ""inflorescence"", ""pato_id"": ""PATO_0002219"", ""pato_label"": ""fan-shaped"", ""negated"": false, ""value_low"": null, ""value_high"": null, ""unit"": null, ""value_text"": """", ""modifier"": """", ""source_text"": ""étalées en éventail""}, {""po_id"": ""PO_0009049"", ""po_label"": ""inflorescence"", ""pato_id"": ""PATO_0000122"", ""pato_label"": ""length"", ""negated"": false, ""value_low"": 1, ""value_high"": 2, ""unit"": ""cm"", ""value_text"": """", ""modifier"": """", ""source_text"": ""de 1–2 cm de long""}, {""po_id"": ""PO_0009049"", ""po_label"": ""inflorescence"", ""pato_id"": ""PATO_0000921"", ""pato_label"": ""width"", ""negated"": false, ""value_low"": 1.5, ""value_high"": 3.5, ""unit"": ""cm"", ""value_text"": """", ""modifier"": """", ""source_text"": ""1,5–3,5 cm de large""}, {""po_id"": ""PO_0009053"", ""po_label"": ""peduncle"", ""pato_id"": ""PATO_0000122"", ""pato_label"": ""length"", ""negated"": false, ""value_low"": 2, ""value_high"": 3, ""unit"": ""mm"", ""value_text"": """", ""modifier"": """", ""source_text"": ""pédoncule de 2–3 mm de long""}, {""po_id"": ""PO_0009081"", ""po_label"": ""inflorescence branch"", ""pato_id"": ""PATO_0000455"", ""pato_label"": ""pubescent"", ""negated"": false, ""value_low"": null, ""value_high"": null, ""unit"": null, ""value_text"": ""fine grey pubescence"", ""modifier"": """", ""source_text"": ""couverts d’une fine pubescence grise""}]"	"[{""po_id"": ""PO_0009049"", ""po_label"": ""inflorescence"", ""pato_id"": ""PATO_0002219"", ""pato_label"": ""fan-shaped"", ""negated"": false, ""value_low"": null, ""value_high"": null, ""unit"": null, ""value_text"": """", ""modifier"": """", ""source_text"": ""étalées en éventail""}, {""po_id"": ""PO_0009049"", ""po_label"": ""inflorescence"", ""pato_id"": ""PATO_0000122"", ""pato_label"": ""length"", ""negated"": false, ""value_low"": 1, ""value_high"": 2, ""unit"": ""cm"", ""value_text"": """", ""modifier"": """", ""source_text"": ""de 1–2 cm de long""}, {""po_id"": ""PO_0009049"", ""po_label"": ""inflorescence"", ""pato_id"": ""PATO_0000921"", ""pato_label"": ""width"", ""negated"": false, ""value_low"": 1.5, ""value_high"": 3.5, ""unit"": ""cm"", ""value_text"": """", ""modifier"": """", ""source_text"": ""1,5–3,5 cm de large""}, {""po_id"": ""PO_0009053"", ""po_label"": ""peduncle"", ""pato_id"": ""PATO_0000122"", ""pato_label"": ""length"", ""negated"": false, ""value_low"": 2, ""value_high"": 3, ""unit"": ""mm"", ""value_text"": """", ""modifier"": """", ""source_text"": ""pédoncule de 2–3 mm de long""}, {""po_id"": ""PO_0009081"", ""po_label"": ""inflorescence branch"", ""pato_id"": ""PATO_0000455"", ""pato_label"": ""pubescent"", ""negated"": false, ""value_low"": null, ""value_high"": null, ""unit"": null, ""value_text"": ""fine grey pubescence"", ""modifier"": """", ""source_text"": ""couverts d’une fine pubescence grise""}]"	
paul-027	fdac	903955	Combretum marginatum Engl. & Diels	feuilles	fr	opposées; pétiole de 6–18 mm de long, pubescent à glabre; limbe oblong-elliptique, aigu à obtus à la base, atténué à arrondi au sommet, à acumen obtus, de 5–11 cm de long et 3–6,5 cm de large, épais, cartacé, brunâtre, à bord ondulé; face supérieure brillante, glabre, l’inférieure mate, glabre ou pubescente sur la nervure médiane; nervures latérales 6–10 paires, formant avec la médiane un angle de 70–80º, réunies en arceaux à 3–5 mm de la marge. Racèmes réunis en panicules axillaires et terminales, de 7–10 cm de long et 4–7 cm de large, dont 2–4 pour le pédoncule commun; rachis et pédoncules lépidotes, pubescents à glabres; bractées étroitement triangulaires à linéaires, de 1–2 mm de long.	"[{""po_id"": ""PO_0009025"", ""po_label"": ""vascular leaf"", ""pato_id"": ""PATO_0001933"", ""pato_label"": ""opposite"", ""negated"": false, ""value_low"": null, ""value_high"": null, ""unit"": null, ""value_text"": """", ""modifier"": """", ""source_text"": ""opposées""}, {""po_id"": ""PO_0020038"", ""po_label"": ""petiole"", ""pato_id"": ""PATO_0000122"", ""pato_label"": ""length"", ""negated"": false, ""value_low"": 6, ""value_high"": 18, ""unit"": ""mm"", ""value_text"": """", ""modifier"": """", ""source_text"": ""pétiole de 6–18 mm de long""}, {""po_id"": ""PO_0020038"", ""po_label"": ""petiole"", ""pato_id"": ""PATO_0000455"", ""pato_label"": ""pubescent"", ""negated"": false, ""value_low"": null, ""value_high"": null, ""unit"": null, ""value_text"": """", ""modifier"": """", ""source_text"": ""pubescent à glabre""}, {""po_id"": ""PO_0020038"", ""po_label"": ""petiole"", ""pato_id"": ""PATO_0000453"", ""pato_label"": ""glabrous"", ""negated"": false, ""value_low"": null, ""value_high"": null, ""unit"": null, ""value_text"": """", ""modifier"": """", ""source_text"": ""pubescent à glabre""}, {""po_id"": ""PO_0020039"", ""po_label"": ""leaf lamina"", ""pato_id"": ""PATO_0000946"", ""pato_label"": ""oblong"", ""negated"": false, ""value_low"": null, ""value_high"": null, ""unit"": null, ""value_text"": ""oblong-elliptic"", ""modifier"": """", ""source_text"": ""limbe oblong-elliptique""}, {""po_id"": ""PO_0020040"", ""po_label"": ""leaf base"", ""pato_id"": ""PATO_0000389"", ""pato_label"": ""acute"", ""negated"": false, ""value_low"": null, ""value_high"": null, ""unit"": null, ""value_text"": ""acute to obtuse"", ""modifier"": """", ""source_text"": ""aigu à obtus à la base""}, {""po_id"": ""PO_0020137"", ""po_label"": ""leaf apex"", ""pato_id"": ""PATO_0001982"", ""pato_label"": ""attenuate"", ""negated"": false, ""value_low"": null, ""value_high"": null, ""unit"": null, ""value_text"": ""attenuate to rounded"", ""modifier"": """", ""source_text"": ""atténué à arrondi au sommet""}, {""po_id"": ""PO_0020039"", ""po_label"": ""leaf lamina"", ""pato_id"": ""PATO_0000122"", ""pato_label"": ""length"", ""negated"": false, ""value_low"": 5, ""value_high"": 11, ""unit"": ""cm"", ""value_text"": """", ""modifier"": """", ""source_text"": ""de 5–11 cm de long""}, {""po_id"": ""PO_0020039"", ""po_label"": ""leaf lamina"", ""pato_id"": ""PATO_0000921"", ""pato_label"": ""width"", ""negated"": false, ""value_low"": 3, ""value_high"": 6.5, ""unit"": ""cm"", ""value_text"": """", ""modifier"": """", ""source_text"": ""3–6,5 cm de large""}, {""po_id"": ""PO_0020039"", ""po_label"": ""leaf lamina"", ""pato_id"": ""PATO_0000591"", ""pato_label"": ""increased thickness"", ""negated"": false, ""value_low"": null, ""value_high"": null, ""unit"": null, ""value_text"": """", ""modifier"": """", ""source_text"": ""épais""}, {""po_id"": ""PO_0020039"", ""po_label"": ""leaf lamina"", ""pato_id"": ""PATO_0000952"", ""pato_label"": ""brown"", ""negated"": false, ""value_low"": null, ""value_high"": null, ""unit"": null, ""value_text"": ""brownish"", ""modifier"": """", ""source_text"": ""brunâtre""}, {""po_id"": ""PO_0025009"", ""po_label"": ""leaf lamina margin"", ""pato_id"": ""PATO_0000967"", ""pato_label"": ""undulate"", ""negated"": false, ""value_low"": null, ""value_high"": null, ""unit"": null, ""value_text"": """", ""modifier"": """", ""source_text"": ""à bord ondulé""}, {""po_id"": ""PO_0020039"", ""po_label"": ""leaf lamina"", ""pato_id"": ""PATO_0001373"", ""pato_label"": ""glistening"", ""negated"": false, ""value_low"": null, ""value_high"": null, ""unit"": null, ""value_text"": ""upper surface shiny"", ""modifier"": """", ""source_text"": ""face supérieure brillante""}, {""po_id"": ""PO_0020039"", ""po_label"": ""leaf lamina"", ""pato_id"": ""PATO_0000453"", ""pato_label"": ""glabrous"", ""negated"": false, ""value_low"": null, ""value_high"": null, ""unit"": null, ""value_text"": ""upper surface glabrous"", ""modifier"": """", ""source_text"": ""face supérieure brillante, glabre""}, {""po_id"": ""PO_0020139"", ""po_label"": ""leaf midvein"", ""pato_id"": ""PATO_0000455"", ""pato_label"": ""pubescent"", ""negated"": false, ""value_low"": null, ""value_high"": null, ""unit"": null, ""value_text"": """", ""modifier"": """", ""source_text"": ""glabre ou pubescente sur la nervure médiane""}, {""po_id"": ""PO_0006011"", ""po_label"": ""lateral leaf vein"", ""pato_id"": ""PATO_0000070"", ""pato_label"": ""count"", ""negated"": false, ""value_low"": 6, ""value_high"": 10, ""unit"": null, ""value_text"": ""6-10 pairs"", ""modifier"": """", ""source_text"": ""nervures latérales 6–10 paires""}, {""po_id"": ""PO_0009053"", ""po_label"": ""peduncle"", ""pato_id"": ""PATO_0001804"", ""pato_label"": ""scaly"", ""negated"": false, ""value_low"": null, ""value_high"": null, ""unit"": null, ""value_text"": """", ""modifier"": """", ""source_text"": ""rachis et pédoncules lépidotes""}, {""po_id"": ""PO_0009053"", ""po_label"": ""peduncle"", ""pato_id"": ""PATO_0000455"", ""pato_label"": ""pubescent"", ""negated"": false, ""value_low"": null, ""value_high"": null, ""unit"": null, ""value_text"": """", ""modifier"": """", ""source_text"": ""pubescents à glabres""}, {""po_id"": ""PO_0009054"", ""po_label"": ""inflorescence bract"", ""pato_id"": ""PATO_0001875"", ""pato_label"": ""triangular"", ""negated"": false, ""value_low"": null, ""value_high"": null, ""unit"": null, ""value_text"": ""narrowly triangular to linear"", ""modifier"": """", ""source_text"": ""bractées étroitement triangulaires à linéaires""}, {""po_id"": ""PO_0009054"", ""po_label"": ""inflorescence bract"", ""pato_id"": ""PATO_0000122"", ""pato_label"": ""length"", ""negated"": false, ""value_low"": 1, ""value_high"": 2, ""unit"": ""mm"", ""value_text"": """", ""modifier"": """", ""source_text"": ""de 1–2 mm de long""}]"	"[{""po_id"": ""PO_0009025"", ""po_label"": ""vascular leaf"", ""pato_id"": ""PATO_0001933"", ""pato_label"": ""opposite"", ""negated"": false, ""value_low"": null, ""value_high"": null, ""unit"": null, ""value_text"": """", ""modifier"": """", ""source_text"": ""opposées""}, {""po_id"": ""PO_0020038"", ""po_label"": ""petiole"", ""pato_id"": ""PATO_0000122"", ""pato_label"": ""length"", ""negated"": false, ""value_low"": 6, ""value_high"": 18, ""unit"": ""mm"", ""value_text"": """", ""modifier"": """", ""source_text"": ""pétiole de 6–18 mm de long""}, {""po_id"": ""PO_0020038"", ""po_label"": ""petiole"", ""pato_id"": ""PATO_0000455"", ""pato_label"": ""pubescent"", ""negated"": false, ""value_low"": null, ""value_high"": null, ""unit"": null, ""value_text"": """", ""modifier"": """", ""source_text"": ""pubescent à glabre""}, {""po_id"": ""PO_0020038"", ""po_label"": ""petiole"", ""pato_id"": ""PATO_0000453"", ""pato_label"": ""glabrous"", ""negated"": false, ""value_low"": null, ""value_high"": null, ""unit"": null, ""value_text"": """", ""modifier"": """", ""source_text"": ""pubescent à glabre""}, {""po_id"": ""PO_0020039"", ""po_label"": ""leaf lamina"", ""pato_id"": ""PATO_0000946"", ""pato_label"": ""oblong"", ""negated"": false, ""value_low"": null, ""value_high"": null, ""unit"": null, ""value_text"": ""oblong-elliptic"", ""modifier"": """", ""source_text"": ""limbe oblong-elliptique""}, {""po_id"": ""PO_0020040"", ""po_label"": ""leaf base"", ""pato_id"": ""PATO_0000389"", ""pato_label"": ""acute"", ""negated"": false, ""value_low"": null, ""value_high"": null, ""unit"": null, ""value_text"": ""acute to obtuse"", ""modifier"": """", ""source_text"": ""aigu à obtus à la base""}, {""po_id"": ""PO_0020137"", ""po_label"": ""leaf apex"", ""pato_id"": ""PATO_0001982"", ""pato_label"": ""attenuate"", ""negated"": false, ""value_low"": null, ""value_high"": null, ""unit"": null, ""value_text"": ""attenuate to rounded"", ""modifier"": """", ""source_text"": ""atténué à arrondi au sommet""}, {""po_id"": ""PO_0020039"", ""po_label"": ""leaf lamina"", ""pato_id"": ""PATO_0000122"", ""pato_label"": ""length"", ""negated"": false, ""value_low"": 5, ""value_high"": 11, ""unit"": ""cm"", ""value_text"": """", ""modifier"": """", ""source_text"": ""de 5–11 cm de long""}, {""po_id"": ""PO_0020039"", ""po_label"": ""leaf lamina"", ""pato_id"": ""PATO_0000921"", ""pato_label"": ""width"", ""negated"": false, ""value_low"": 3, ""value_high"": 6.5, ""unit"": ""cm"", ""value_text"": """", ""modifier"": """", ""source_text"": ""3–6,5 cm de large""}, {""po_id"": ""PO_0020039"", ""po_label"": ""leaf lamina"", ""pato_id"": ""PATO_0000591"", ""pato_label"": ""increased thickness"", ""negated"": false, ""value_low"": null, ""value_high"": null, ""unit"": null, ""value_text"": """", ""modifier"": """", ""source_text"": ""épais""}, {""po_id"": ""PO_0020039"", ""po_label"": ""leaf lamina"", ""pato_id"": ""PATO_0000952"", ""pato_label"": ""brown"", ""negated"": false, ""value_low"": null, ""value_high"": null, ""unit"": null, ""value_text"": ""brownish"", ""modifier"": """", ""source_text"": ""brunâtre""}, {""po_id"": ""PO_0025009"", ""po_label"": ""leaf lamina margin"", ""pato_id"": ""PATO_0000967"", ""pato_label"": ""undulate"", ""negated"": false, ""value_low"": null, ""value_high"": null, ""unit"": null, ""value_text"": """", ""modifier"": """", ""source_text"": ""à bord ondulé""}, {""po_id"": ""PO_0020039"", ""po_label"": ""leaf lamina"", ""pato_id"": ""PATO_0001373"", ""pato_label"": ""glistening"", ""negated"": false, ""value_low"": null, ""value_high"": null, ""unit"": null, ""value_text"": ""upper surface shiny"", ""modifier"": """", ""source_text"": ""face supérieure brillante""}, {""po_id"": ""PO_0020039"", ""po_label"": ""leaf lamina"", ""pato_id"": ""PATO_0000453"", ""pato_label"": ""glabrous"", ""negated"": false, ""value_low"": null, ""value_high"": null, ""unit"": null, ""value_text"": ""upper surface glabrous"", ""modifier"": """", ""source_text"": ""face supérieure brillante, glabre""}, {""po_id"": ""PO_0020139"", ""po_label"": ""leaf midvein"", ""pato_id"": ""PATO_0000455"", ""pato_label"": ""pubescent"", ""negated"": false, ""value_low"": null, ""value_high"": null, ""unit"": null, ""value_text"": """", ""modifier"": """", ""source_text"": ""glabre ou pubescente sur la nervure médiane""}, {""po_id"": ""PO_0006011"", ""po_label"": ""lateral leaf vein"", ""pato_id"": ""PATO_0000070"", ""pato_label"": ""count"", ""negated"": false, ""value_low"": 6, ""value_high"": 10, ""unit"": null, ""value_text"": ""6-10 pairs"", ""modifier"": """", ""source_text"": ""nervures latérales 6–10 paires""}, {""po_id"": ""PO_0009053"", ""po_label"": ""peduncle"", ""pato_id"": ""PATO_0001804"", ""pato_label"": ""scaly"", ""negated"": false, ""value_low"": null, ""value_high"": null, ""unit"": null, ""value_text"": """", ""modifier"": """", ""source_text"": ""rachis et pédoncules lépidotes""}, {""po_id"": ""PO_0009053"", ""po_label"": ""peduncle"", ""pato_id"": ""PATO_0000455"", ""pato_label"": ""pubescent"", ""negated"": false, ""value_low"": null, ""value_high"": null, ""unit"": null, ""value_text"": """", ""modifier"": """", ""source_text"": ""pubescents à glabres""}, {""po_id"": ""PO_0009054"", ""po_label"": ""inflorescence bract"", ""pato_id"": ""PATO_0001875"", ""pato_label"": ""triangular"", ""negated"": false, ""value_low"": null, ""value_high"": null, ""unit"": null, ""value_text"": ""narrowly triangular to linear"", ""modifier"": """", ""source_text"": ""bractées étroitement triangulaires à linéaires""}, {""po_id"": ""PO_0009054"", ""po_label"": ""inflorescence bract"", ""pato_id"": ""PATO_0000122"", ""pato_label"": ""length"", ""negated"": false, ""value_low"": 1, ""value_high"": 2, ""unit"": ""mm"", ""value_text"": """", ""modifier"": """", ""source_text"": ""de 1–2 mm de long""}]"	
paul-028	fdac	896809	Albizzia ealaensis De Wild.	capitules	fr	fasciculés et groupés en inflorescences ombellées; pédoncule de 2,5–6 cm de long, ± pubérulent.	"[{""po_id"": ""PO_0009049"", ""po_label"": ""inflorescence"", ""pato_id"": ""PATO_0001861"", ""pato_label"": ""fasciculated"", ""negated"": false, ""value_low"": null, ""value_high"": null, ""unit"": null, ""value_text"": """", ""modifier"": """", ""source_text"": ""fasciculés et groupés en inflorescences ombellées""}, {""po_id"": ""PO_0009053"", ""po_label"": ""peduncle"", ""pato_id"": ""PATO_0000122"", ""pato_label"": ""length"", ""negated"": false, ""value_low"": 2.5, ""value_high"": 6, ""unit"": ""cm"", ""value_text"": """", ""modifier"": """", ""source_text"": ""pédoncule de 2,5–6 cm de long""}, {""po_id"": ""PO_0009053"", ""po_label"": ""peduncle"", ""pato_id"": ""PATO_0000455"", ""pato_label"": ""pubescent"", ""negated"": false, ""value_low"": null, ""value_high"": null, ""unit"": null, ""value_text"": ""puberulent"", ""modifier"": """", ""source_text"": ""± pubérulent""}]"	"[{""po_id"": ""PO_0009049"", ""po_label"": ""inflorescence"", ""pato_id"": ""PATO_0001861"", ""pato_label"": ""fasciculated"", ""negated"": false, ""value_low"": null, ""value_high"": null, ""unit"": null, ""value_text"": """", ""modifier"": """", ""source_text"": ""fasciculés et groupés en inflorescences ombellées""}, {""po_id"": ""PO_0009053"", ""po_label"": ""peduncle"", ""pato_id"": ""PATO_0000122"", ""pato_label"": ""length"", ""negated"": false, ""value_low"": 2.5, ""value_high"": 6, ""unit"": ""cm"", ""value_text"": """", ""modifier"": """", ""source_text"": ""pédoncule de 2,5–6 cm de long""}, {""po_id"": ""PO_0009053"", ""po_label"": ""peduncle"", ""pato_id"": ""PATO_0000455"", ""pato_label"": ""pubescent"", ""negated"": false, ""value_low"": null, ""value_high"": null, ""unit"": null, ""value_text"": ""puberulent"", ""modifier"": """", ""source_text"": ""± pubérulent""}]"	
paul-029	fdac	896972	Bauhinia thonningii Schumach.	graines	fr	nombreuses, éparses dans la pulpe, ovoïdes-aplaties, de 4–9 mm de long et de 2–6 mm de large, lisses, albuminées.	"[{""po_id"": ""PO_0009010"", ""po_label"": ""seed"", ""pato_id"": ""PATO_0001891"", ""pato_label"": ""ovate"", ""negated"": false, ""value_low"": null, ""value_high"": null, ""unit"": null, ""value_text"": ""ovoid"", ""modifier"": """", ""source_text"": ""ovoïdes-aplaties""}, {""po_id"": ""PO_0009010"", ""po_label"": ""seed"", ""pato_id"": ""PATO_0000407"", ""pato_label"": ""flat"", ""negated"": false, ""value_low"": null, ""value_high"": null, ""unit"": null, ""value_text"": ""flattened"", ""modifier"": """", ""source_text"": ""ovoïdes-aplaties""}, {""po_id"": ""PO_0009010"", ""po_label"": ""seed"", ""pato_id"": ""PATO_0000122"", ""pato_label"": ""length"", ""negated"": false, ""value_low"": 4, ""value_high"": 9, ""unit"": ""mm"", ""value_text"": """", ""modifier"": """", ""source_text"": ""de 4–9 mm de long""}, {""po_id"": ""PO_0009010"", ""po_label"": ""seed"", ""pato_id"": ""PATO_0000921"", ""pato_label"": ""width"", ""negated"": false, ""value_low"": 2, ""value_high"": 6, ""unit"": ""mm"", ""value_text"": """", ""modifier"": """", ""source_text"": ""de 2–6 mm de large""}, {""po_id"": ""PO_0009010"", ""po_label"": ""seed"", ""pato_id"": ""PATO_0000701"", ""pato_label"": ""smooth"", ""negated"": false, ""value_low"": null, ""value_high"": null, ""unit"": null, ""value_text"": """", ""modifier"": """", ""source_text"": ""lisses""}]"	"[{""po_id"": ""PO_0009010"", ""po_label"": ""seed"", ""pato_id"": ""PATO_0001891"", ""pato_label"": ""ovate"", ""negated"": false, ""value_low"": null, ""value_high"": null, ""unit"": null, ""value_text"": ""ovoid"", ""modifier"": """", ""source_text"": ""ovoïdes-aplaties""}, {""po_id"": ""PO_0009010"", ""po_label"": ""seed"", ""pato_id"": ""PATO_0000407"", ""pato_label"": ""flat"", ""negated"": false, ""value_low"": null, ""value_high"": null, ""unit"": null, ""value_text"": ""flattened"", ""modifier"": """", ""source_text"": ""ovoïdes-aplaties""}, {""po_id"": ""PO_0009010"", ""po_label"": ""seed"", ""pato_id"": ""PATO_0000122"", ""pato_label"": ""length"", ""negated"": false, ""value_low"": 4, ""value_high"": 9, ""unit"": ""mm"", ""value_text"": """", ""modifier"": """", ""source_text"": ""de 4–9 mm de long""}, {""po_id"": ""PO_0009010"", ""po_label"": ""seed"", ""pato_id"": ""PATO_0000921"", ""pato_label"": ""width"", ""negated"": false, ""value_low"": 2, ""value_high"": 6, ""unit"": ""mm"", ""value_text"": """", ""modifier"": """", ""source_text"": ""de 2–6 mm de large""}, {""po_id"": ""PO_0009010"", ""po_label"": ""seed"", ""pato_id"": ""PATO_0000701"", ""pato_label"": ""smooth"", ""negated"": false, ""value_low"": null, ""value_high"": null, ""unit"": null, ""value_text"": """", ""modifier"": """", ""source_text"": ""lisses""}]"	
paul-030	flora-gabon	fdgvol36and37_final.xml	Liparis ascendens Cribb	petals	fr	Pétales linéaires, obtus, à marge révolutée.	"[{""po_id"": ""PO_0009032"", ""po_label"": ""petal"", ""pato_id"": ""PATO_0001199"", ""pato_label"": ""linear"", ""negated"": false, ""value_low"": null, ""value_high"": null, ""unit"": null, ""value_text"": """", ""modifier"": """", ""source_text"": ""Pétales linéaires""}, {""po_id"": ""PO_0025008"", ""po_label"": ""petal margin"", ""pato_id"": ""PATO_0001963"", ""pato_label"": ""revolute"", ""negated"": false, ""value_low"": null, ""value_high"": null, ""unit"": null, ""value_text"": """", ""modifier"": """", ""source_text"": ""à marge révolutée""}]"	"[{""po_id"": ""PO_0009032"", ""po_label"": ""petal"", ""pato_id"": ""PATO_0001199"", ""pato_label"": ""linear"", ""negated"": false, ""value_low"": null, ""value_high"": null, ""unit"": null, ""value_text"": """", ""modifier"": """", ""source_text"": ""Pétales linéaires""}, {""po_id"": ""PO_0025008"", ""po_label"": ""petal margin"", ""pato_id"": ""PATO_0001963"", ""pato_label"": ""revolute"", ""negated"": false, ""value_low"": null, ""value_high"": null, ""unit"": null, ""value_text"": """", ""modifier"": """", ""source_text"": ""à marge révolutée""}]"	
paul-031	flora-gabon	fdgvol30_final.xml	CAPPARACEAE	fruits	fr	Le fruit est une capsule, une baie ou une drupe contenant 1 ou plusieurs graines; sa forme peut être cylindrique, ovoïde ou sphérique.	"[{""po_id"": ""PO_0009001"", ""po_label"": ""fruit"", ""pato_id"": ""PATO_0001873"", ""pato_label"": ""cylindrical"", ""negated"": false, ""value_low"": null, ""value_high"": null, ""unit"": null, ""value_text"": """", ""modifier"": """", ""source_text"": ""sa forme peut être cylindrique, ovoïde ou sphérique""}, {""po_id"": ""PO_0009001"", ""po_label"": ""fruit"", ""pato_id"": ""PATO_0001891"", ""pato_label"": ""ovate"", ""negated"": false, ""value_low"": null, ""value_high"": null, ""unit"": null, ""value_text"": ""ovoid"", ""modifier"": """", ""source_text"": ""sa forme peut être cylindrique, ovoïde ou sphérique""}, {""po_id"": ""PO_0009001"", ""po_label"": ""fruit"", ""pato_id"": ""PATO_0001499"", ""pato_label"": ""spherical"", ""negated"": false, ""value_low"": null, ""value_high"": null, ""unit"": null, ""value_text"": """", ""modifier"": """", ""source_text"": ""sa forme peut être cylindrique, ovoïde ou sphérique""}]"	"[{""po_id"": ""PO_0009001"", ""po_label"": ""fruit"", ""pato_id"": ""PATO_0001873"", ""pato_label"": ""cylindrical"", ""negated"": false, ""value_low"": null, ""value_high"": null, ""unit"": null, ""value_text"": """", ""modifier"": """", ""source_text"": ""sa forme peut être cylindrique, ovoïde ou sphérique""}, {""po_id"": ""PO_0009001"", ""po_label"": ""fruit"", ""pato_id"": ""PATO_0001891"", ""pato_label"": ""ovate"", ""negated"": false, ""value_low"": null, ""value_high"": null, ""unit"": null, ""value_text"": ""ovoid"", ""modifier"": """", ""source_text"": ""sa forme peut être cylindrique, ovoïde ou sphérique""}, {""po_id"": ""PO_0009001"", ""po_label"": ""fruit"", ""pato_id"": ""PATO_0001499"", ""pato_label"": ""spherical"", ""negated"": false, ""value_low"": null, ""value_high"": null, ""unit"": null, ""value_text"": """", ""modifier"": """", ""source_text"": ""sa forme peut être cylindrique, ovoïde ou sphérique""}]"	
paul-032	flora-gabon	fdgvol32_final.xml	DICHAPETALUM Du Petit Thouars	habit	fr	Lianes, arbustes lianescents ou non ou petits arbres à ramifications sympodiales et croissance par flush.	"[{""po_id"": ""PO_0000003"", ""po_label"": ""whole plant"", ""pato_id"": ""PATO_0000402"", ""pato_label"": ""branched"", ""negated"": false, ""value_low"": null, ""value_high"": null, ""unit"": null, ""value_text"": ""sympodial branching"", ""modifier"": """", ""source_text"": ""à ramifications sympodiales""}]"	"[{""po_id"": ""PO_0000003"", ""po_label"": ""whole plant"", ""pato_id"": ""PATO_0000402"", ""pato_label"": ""branched"", ""negated"": false, ""value_low"": null, ""value_high"": null, ""unit"": null, ""value_text"": ""sympodial branching"", ""modifier"": """", ""source_text"": ""à ramifications sympodiales""}]"	
paul-033	flora-gabon	fdgvol12and17_final.xml	Sherbournia Batesii Hepper	inflorescences	fr	Inflorescences axillaires uniflores, très rarement à une ou deux fleurs latérales supplémentaires plus tardives; pédoncule de 1-2 mm; pédicelle de 1-4 mm.	"[{""po_id"": ""PO_0009049"", ""po_label"": ""inflorescence"", ""pato_id"": ""PATO_0000070"", ""pato_label"": ""count"", ""negated"": false, ""value_low"": null, ""value_high"": null, ""unit"": null, ""value_text"": ""1"", ""modifier"": """", ""source_text"": ""Inflorescences axillaires uniflores""}, {""po_id"": ""PO_0009053"", ""po_label"": ""peduncle"", ""pato_id"": ""PATO_0000122"", ""pato_label"": ""length"", ""negated"": false, ""value_low"": 1, ""value_high"": 2, ""unit"": ""mm"", ""value_text"": """", ""modifier"": """", ""source_text"": ""pédoncule de 1-2 mm""}, {""po_id"": ""PO_0009052"", ""po_label"": ""pedicel"", ""pato_id"": ""PATO_0000122"", ""pato_label"": ""length"", ""negated"": false, ""value_low"": 1, ""value_high"": 4, ""unit"": ""mm"", ""value_text"": """", ""modifier"": """", ""source_text"": ""pédicelle de 1-4 mm""}]"	"[{""po_id"": ""PO_0009049"", ""po_label"": ""inflorescence"", ""pato_id"": ""PATO_0000070"", ""pato_label"": ""count"", ""negated"": false, ""value_low"": null, ""value_high"": null, ""unit"": null, ""value_text"": ""1"", ""modifier"": """", ""source_text"": ""Inflorescences axillaires uniflores""}, {""po_id"": ""PO_0009053"", ""po_label"": ""peduncle"", ""pato_id"": ""PATO_0000122"", ""pato_label"": ""length"", ""negated"": false, ""value_low"": 1, ""value_high"": 2, ""unit"": ""mm"", ""value_text"": """", ""modifier"": """", ""source_text"": ""pédoncule de 1-2 mm""}, {""po_id"": ""PO_0009052"", ""po_label"": ""pedicel"", ""pato_id"": ""PATO_0000122"", ""pato_label"": ""length"", ""negated"": false, ""value_low"": 1, ""value_high"": 4, ""unit"": ""mm"", ""value_text"": """", ""modifier"": """", ""source_text"": ""pédicelle de 1-4 mm""}]"	
paul-034	flora-gabon	fdgvol43_final.xml	Hymenocardia ulmoides Oliv.	stipules	fr	Stipules linéaires à étroitement elliptiques, 4-6 mm de longueur.	"[{""po_id"": ""PO_0020041"", ""po_label"": ""stipule"", ""pato_id"": ""PATO_0001199"", ""pato_label"": ""linear"", ""negated"": false, ""value_low"": null, ""value_high"": null, ""unit"": null, ""value_text"": ""linear to narrowly elliptic"", ""modifier"": """", ""source_text"": ""Stipules linéaires à étroitement elliptiques""}, {""po_id"": ""PO_0020041"", ""po_label"": ""stipule"", ""pato_id"": ""PATO_0000947"", ""pato_label"": ""elliptic"", ""negated"": false, ""value_low"": null, ""value_high"": null, ""unit"": null, ""value_text"": ""narrowly elliptic"", ""modifier"": """", ""source_text"": ""Stipules linéaires à étroitement elliptiques""}, {""po_id"": ""PO_0020041"", ""po_label"": ""stipule"", ""pato_id"": ""PATO_0000122"", ""pato_label"": ""length"", ""negated"": false, ""value_low"": 4, ""value_high"": 6, ""unit"": ""mm"", ""value_text"": """", ""modifier"": """", ""source_text"": ""4-6 mm de longueur""}]"	"[{""po_id"": ""PO_0020041"", ""po_label"": ""stipule"", ""pato_id"": ""PATO_0001199"", ""pato_label"": ""linear"", ""negated"": false, ""value_low"": null, ""value_high"": null, ""unit"": null, ""value_text"": ""linear to narrowly elliptic"", ""modifier"": """", ""source_text"": ""Stipules linéaires à étroitement elliptiques""}, {""po_id"": ""PO_0020041"", ""po_label"": ""stipule"", ""pato_id"": ""PATO_0000947"", ""pato_label"": ""elliptic"", ""negated"": false, ""value_low"": null, ""value_high"": null, ""unit"": null, ""value_text"": ""narrowly elliptic"", ""modifier"": """", ""source_text"": ""Stipules linéaires à étroitement elliptiques""}, {""po_id"": ""PO_0020041"", ""po_label"": ""stipule"", ""pato_id"": ""PATO_0000122"", ""pato_label"": ""length"", ""negated"": false, ""value_low"": 4, ""value_high"": 6, ""unit"": ""mm"", ""value_text"": """", ""modifier"": """", ""source_text"": ""4-6 mm de longueur""}]"	
paul-035	flora-gabon	fdgvol14_final.xml	Cissus producta Afzel.	berries	fr	Baies ovoïdes à oblongues, de 9-15 mm de long, de 6-10 mm de large, glabres.	"[{""po_id"": ""PO_0009001"", ""po_label"": ""fruit"", ""pato_id"": ""PATO_0000947"", ""pato_label"": ""elliptic"", ""negated"": false, ""value_low"": null, ""value_high"": null, ""unit"": null, ""value_text"": ""ovoid"", ""modifier"": """", ""source_text"": ""Baies ovoïdes à oblongues""}, {""po_id"": ""PO_0009001"", ""po_label"": ""fruit"", ""pato_id"": ""PATO_0000946"", ""pato_label"": ""oblong"", ""negated"": false, ""value_low"": null, ""value_high"": null, ""unit"": null, ""value_text"": """", ""modifier"": """", ""source_text"": ""Baies ovoïdes à oblongues""}, {""po_id"": ""PO_0009001"", ""po_label"": ""fruit"", ""pato_id"": ""PATO_0000122"", ""pato_label"": ""length"", ""negated"": false, ""value_low"": 9, ""value_high"": 15, ""unit"": ""mm"", ""value_text"": """", ""modifier"": """", ""source_text"": ""de 9-15 mm de long""}, {""po_id"": ""PO_0009001"", ""po_label"": ""fruit"", ""pato_id"": ""PATO_0000921"", ""pato_label"": ""width"", ""negated"": false, ""value_low"": 6, ""value_high"": 10, ""unit"": ""mm"", ""value_text"": """", ""modifier"": """", ""source_text"": ""de 6-10 mm de large""}, {""po_id"": ""PO_0009001"", ""po_label"": ""fruit"", ""pato_id"": ""PATO_0000453"", ""pato_label"": ""glabrous"", ""negated"": false, ""value_low"": null, ""value_high"": null, ""unit"": null, ""value_text"": """", ""modifier"": """", ""source_text"": ""glabres""}]"	"[{""po_id"": ""PO_0009001"", ""po_label"": ""fruit"", ""pato_id"": ""PATO_0000947"", ""pato_label"": ""elliptic"", ""negated"": false, ""value_low"": null, ""value_high"": null, ""unit"": null, ""value_text"": ""ovoid"", ""modifier"": """", ""source_text"": ""Baies ovoïdes à oblongues""}, {""po_id"": ""PO_0009001"", ""po_label"": ""fruit"", ""pato_id"": ""PATO_0000946"", ""pato_label"": ""oblong"", ""negated"": false, ""value_low"": null, ""value_high"": null, ""unit"": null, ""value_text"": """", ""modifier"": """", ""source_text"": ""Baies ovoïdes à oblongues""}, {""po_id"": ""PO_0009001"", ""po_label"": ""fruit"", ""pato_id"": ""PATO_0000122"", ""pato_label"": ""length"", ""negated"": false, ""value_low"": 9, ""value_high"": 15, ""unit"": ""mm"", ""value_text"": """", ""modifier"": """", ""source_text"": ""de 9-15 mm de long""}, {""po_id"": ""PO_0009001"", ""po_label"": ""fruit"", ""pato_id"": ""PATO_0000921"", ""pato_label"": ""width"", ""negated"": false, ""value_low"": 6, ""value_high"": 10, ""unit"": ""mm"", ""value_text"": """", ""modifier"": """", ""source_text"": ""de 6-10 mm de large""}, {""po_id"": ""PO_0009001"", ""po_label"": ""fruit"", ""pato_id"": ""PATO_0000453"", ""pato_label"": ""glabrous"", ""negated"": false, ""value_low"": null, ""value_high"": null, ""unit"": null, ""value_text"": """", ""modifier"": """", ""source_text"": ""glabres""}]"	
paul-036	flora-gabon	fdgvol2_final.xml	PTERYGOTA Schott et Endl.	seeds	fr	Graines nombreuses, ailées, plates, albuminées, empilées et imbriquées en une double rangée. Aile opposée au hile.	"[{""po_id"": ""PO_0009010"", ""po_label"": ""seed"", ""pato_id"": ""PATO_0000470"", ""pato_label"": ""present in greater numbers in organism"", ""negated"": false, ""value_low"": null, ""value_high"": null, ""unit"": null, ""value_text"": ""numerous"", ""modifier"": """", ""source_text"": ""Graines nombreuses""}, {""po_id"": ""PO_0009010"", ""po_label"": ""seed"", ""pato_id"": ""PATO_0002236"", ""pato_label"": ""aliform"", ""negated"": false, ""value_low"": null, ""value_high"": null, ""unit"": null, ""value_text"": ""winged"", ""modifier"": """", ""source_text"": ""ailées""}, {""po_id"": ""PO_0009010"", ""po_label"": ""seed"", ""pato_id"": ""PATO_0000407"", ""pato_label"": ""flat"", ""negated"": false, ""value_low"": null, ""value_high"": null, ""unit"": null, ""value_text"": """", ""modifier"": """", ""source_text"": ""plates""}]"	"[{""po_id"": ""PO_0009010"", ""po_label"": ""seed"", ""pato_id"": ""PATO_0000470"", ""pato_label"": ""present in greater numbers in organism"", ""negated"": false, ""value_low"": null, ""value_high"": null, ""unit"": null, ""value_text"": ""numerous"", ""modifier"": """", ""source_text"": ""Graines nombreuses""}, {""po_id"": ""PO_0009010"", ""po_label"": ""seed"", ""pato_id"": ""PATO_0002236"", ""pato_label"": ""aliform"", ""negated"": false, ""value_low"": null, ""value_high"": null, ""unit"": null, ""value_text"": ""winged"", ""modifier"": """", ""source_text"": ""ailées""}, {""po_id"": ""PO_0009010"", ""po_label"": ""seed"", ""pato_id"": ""PATO_0000407"", ""pato_label"": ""flat"", ""negated"": false, ""value_low"": null, ""value_high"": null, ""unit"": null, ""value_text"": """", ""modifier"": """", ""source_text"": ""plates""}]"	
paul-037	flora-malesiana	vol12_2_final.xml	Bauhinia ampla ampla Span.	sepals	en	Sepals 5, strap- shaped, sparsely pubescent, acute with swollen apex, 4.5-5 by 0.5 cm.	"[{""po_id"": ""PO_0009031"", ""po_label"": ""sepal"", ""pato_id"": ""PATO_0000070"", ""pato_label"": ""count"", ""negated"": false, ""value_low"": null, ""value_high"": null, ""unit"": null, ""value_text"": ""5"", ""modifier"": """", ""source_text"": ""Sepals 5""}, {""po_id"": ""PO_0009031"", ""po_label"": ""sepal"", ""pato_id"": ""PATO_0001199"", ""pato_label"": ""linear"", ""negated"": false, ""value_low"": null, ""value_high"": null, ""unit"": null, ""value_text"": ""strap-shaped"", ""modifier"": """", ""source_text"": ""strap- shaped""}, {""po_id"": ""PO_0009031"", ""po_label"": ""sepal"", ""pato_id"": ""PATO_0000455"", ""pato_label"": ""pubescent"", ""negated"": false, ""value_low"": null, ""value_high"": null, ""unit"": null, ""value_text"": ""sparsely pubescent"", ""modifier"": """", ""source_text"": ""sparsely pubescent""}, {""po_id"": ""PO_0025145"", ""po_label"": ""sepal apex"", ""pato_id"": ""PATO_0000389"", ""pato_label"": ""acute"", ""negated"": false, ""value_low"": null, ""value_high"": null, ""unit"": null, ""value_text"": """", ""modifier"": """", ""source_text"": ""acute with swollen apex""}, {""po_id"": ""PO_0025145"", ""po_label"": ""sepal apex"", ""pato_id"": ""PATO_0000591"", ""pato_label"": ""increased thickness"", ""negated"": false, ""value_low"": null, ""value_high"": null, ""unit"": null, ""value_text"": ""swollen"", ""modifier"": """", ""source_text"": ""acute with swollen apex""}, {""po_id"": ""PO_0009031"", ""po_label"": ""sepal"", ""pato_id"": ""PATO_0000122"", ""pato_label"": ""length"", ""negated"": false, ""value_low"": 4.5, ""value_high"": 5, ""unit"": ""cm"", ""value_text"": """", ""modifier"": """", ""source_text"": ""4.5-5 by 0.5 cm""}, {""po_id"": ""PO_0009031"", ""po_label"": ""sepal"", ""pato_id"": ""PATO_0000921"", ""pato_label"": ""width"", ""negated"": false, ""value_low"": 0.5, ""value_high"": 0.5, ""unit"": ""cm"", ""value_text"": """", ""modifier"": """", ""source_text"": ""4.5-5 by 0.5 cm""}]"	"[{""po_id"": ""PO_0009031"", ""po_label"": ""sepal"", ""pato_id"": ""PATO_0000070"", ""pato_label"": ""count"", ""negated"": false, ""value_low"": null, ""value_high"": null, ""unit"": null, ""value_text"": ""5"", ""modifier"": """", ""source_text"": ""Sepals 5""}, {""po_id"": ""PO_0009031"", ""po_label"": ""sepal"", ""pato_id"": ""PATO_0001199"", ""pato_label"": ""linear"", ""negated"": false, ""value_low"": null, ""value_high"": null, ""unit"": null, ""value_text"": ""strap-shaped"", ""modifier"": """", ""source_text"": ""strap- shaped""}, {""po_id"": ""PO_0009031"", ""po_label"": ""sepal"", ""pato_id"": ""PATO_0000455"", ""pato_label"": ""pubescent"", ""negated"": false, ""value_low"": null, ""value_high"": null, ""unit"": null, ""value_text"": ""sparsely pubescent"", ""modifier"": """", ""source_text"": ""sparsely pubescent""}, {""po_id"": ""PO_0025145"", ""po_label"": ""sepal apex"", ""pato_id"": ""PATO_0000389"", ""pato_label"": ""acute"", ""negated"": false, ""value_low"": null, ""value_high"": null, ""unit"": null, ""value_text"": """", ""modifier"": """", ""source_text"": ""acute with swollen apex""}, {""po_id"": ""PO_0025145"", ""po_label"": ""sepal apex"", ""pato_id"": ""PATO_0000591"", ""pato_label"": ""increased thickness"", ""negated"": false, ""value_low"": null, ""value_high"": null, ""unit"": null, ""value_text"": ""swollen"", ""modifier"": """", ""source_text"": ""acute with swollen apex""}, {""po_id"": ""PO_0009031"", ""po_label"": ""sepal"", ""pato_id"": ""PATO_0000122"", ""pato_label"": ""length"", ""negated"": false, ""value_low"": 4.5, ""value_high"": 5, ""unit"": ""cm"", ""value_text"": """", ""modifier"": """", ""source_text"": ""4.5-5 by 0.5 cm""}, {""po_id"": ""PO_0009031"", ""po_label"": ""sepal"", ""pato_id"": ""PATO_0000921"", ""pato_label"": ""width"", ""negated"": false, ""value_low"": 0.5, ""value_high"": 0.5, ""unit"": ""cm"", ""value_text"": """", ""modifier"": """", ""source_text"": ""4.5-5 by 0.5 cm""}]"	
paul-038	flora-malesiana	vol14_final.xml	Endocomia canarioides W.J. de Wilde	fruits	en	Fruits (solitary or) 2-6 together in panicles of 15-25 cm long, ellipsoid-oblong, (4.5-)5-7 by 2.5-3.5 cm, apex (narrowly) rounded, base rounded or narrowed for 3-5 mm, glabrous, drying dark brown or blackish, finely granulate; pericarp 2-10 mm thick; fruiting pedicel 15-20 mm long; aril laciniate for c. 1/3 to nearly halfway; seeds ellipsoid-oblong, 4-5 cm long, apex subacute or bluntly beaked for up to 3 mm long, testa purplish brownish variegated.	"[{""po_id"": ""PO_0009001"", ""po_label"": ""fruit"", ""pato_id"": ""PATO_0000947"", ""pato_label"": ""elliptic"", ""negated"": false, ""value_low"": null, ""value_high"": null, ""unit"": null, ""value_text"": ""ellipsoid-oblong"", ""modifier"": """", ""source_text"": ""ellipsoid-oblong""}, {""po_id"": ""PO_0009001"", ""po_label"": ""fruit"", ""pato_id"": ""PATO_0000122"", ""pato_label"": ""length"", ""negated"": false, ""value_low"": 5, ""value_high"": 7, ""unit"": ""cm"", ""value_text"": """", ""modifier"": """", ""source_text"": ""(4.5-)5-7 by 2.5-3.5 cm""}, {""po_id"": ""PO_0009001"", ""po_label"": ""fruit"", ""pato_id"": ""PATO_0000921"", ""pato_label"": ""width"", ""negated"": false, ""value_low"": 2.5, ""value_high"": 3.5, ""unit"": ""cm"", ""value_text"": """", ""modifier"": """", ""source_text"": ""(4.5-)5-7 by 2.5-3.5 cm""}, {""po_id"": ""PO_0009001"", ""po_label"": ""fruit"", ""pato_id"": ""PATO_0000453"", ""pato_label"": ""glabrous"", ""negated"": false, ""value_low"": null, ""value_high"": null, ""unit"": null, ""value_text"": """", ""modifier"": """", ""source_text"": ""glabrous""}, {""po_id"": ""PO_0009001"", ""po_label"": ""fruit"", ""pato_id"": ""PATO_0001245"", ""pato_label"": ""dark brown"", ""negated"": false, ""value_low"": null, ""value_high"": null, ""unit"": null, ""value_text"": ""dark brown or blackish"", ""modifier"": """", ""source_text"": ""drying dark brown or blackish""}, {""po_id"": ""PO_0009001"", ""po_label"": ""fruit"", ""pato_id"": ""PATO_0001759"", ""pato_label"": ""granular"", ""negated"": false, ""value_low"": null, ""value_high"": null, ""unit"": null, ""value_text"": ""finely granulate"", ""modifier"": """", ""source_text"": ""finely granulate""}, {""po_id"": ""PO_0009084"", ""po_label"": ""pericarp"", ""pato_id"": ""PATO_0000915"", ""pato_label"": ""thickness"", ""negated"": false, ""value_low"": 2, ""value_high"": 10, ""unit"": ""mm"", ""value_text"": """", ""modifier"": """", ""source_text"": ""pericarp 2-10 mm thick""}, {""po_id"": ""PO_0004536"", ""po_label"": ""fruit pedicel"", ""pato_id"": ""PATO_0000122"", ""pato_label"": ""length"", ""negated"": false, ""value_low"": 15, ""value_high"": 20, ""unit"": ""mm"", ""value_text"": """", ""modifier"": """", ""source_text"": ""fruiting pedicel 15-20 mm long""}, {""po_id"": ""PO_0009010"", ""po_label"": ""seed"", ""pato_id"": ""PATO_0000947"", ""pato_label"": ""elliptic"", ""negated"": false, ""value_low"": null, ""value_high"": null, ""unit"": null, ""value_text"": ""ellipsoid-oblong"", ""modifier"": """", ""source_text"": ""seeds ellipsoid-oblong""}, {""po_id"": ""PO_0009010"", ""po_label"": ""seed"", ""pato_id"": ""PATO_0000122"", ""pato_label"": ""length"", ""negated"": false, ""value_low"": 4, ""value_high"": 5, ""unit"": ""cm"", ""value_text"": """", ""modifier"": """", ""source_text"": ""4-5 cm long""}, {""po_id"": ""PO_0009010"", ""po_label"": ""seed"", ""pato_id"": ""PATO_0002091"", ""pato_label"": ""subacute"", ""negated"": false, ""value_low"": null, ""value_high"": null, ""unit"": null, ""value_text"": ""subacute or bluntly beaked"", ""modifier"": """", ""source_text"": ""apex subacute or bluntly beaked for up to 3 mm long""}, {""po_id"": ""PO_0020057"", ""po_label"": ""testa"", ""pato_id"": ""PATO_0001533"", ""pato_label"": ""multi-colored"", ""negated"": false, ""value_low"": null, ""value_high"": null, ""unit"": null, ""value_text"": ""purplish brownish variegated"", ""modifier"": """", ""source_text"": ""testa purplish brownish variegated""}]"	"[{""po_id"": ""PO_0009001"", ""po_label"": ""fruit"", ""pato_id"": ""PATO_0000947"", ""pato_label"": ""elliptic"", ""negated"": false, ""value_low"": null, ""value_high"": null, ""unit"": null, ""value_text"": ""ellipsoid-oblong"", ""modifier"": """", ""source_text"": ""ellipsoid-oblong""}, {""po_id"": ""PO_0009001"", ""po_label"": ""fruit"", ""pato_id"": ""PATO_0000122"", ""pato_label"": ""length"", ""negated"": false, ""value_low"": 5, ""value_high"": 7, ""unit"": ""cm"", ""value_text"": """", ""modifier"": """", ""source_text"": ""(4.5-)5-7 by 2.5-3.5 cm""}, {""po_id"": ""PO_0009001"", ""po_label"": ""fruit"", ""pato_id"": ""PATO_0000921"", ""pato_label"": ""width"", ""negated"": false, ""value_low"": 2.5, ""value_high"": 3.5, ""unit"": ""cm"", ""value_text"": """", ""modifier"": """", ""source_text"": ""(4.5-)5-7 by 2.5-3.5 cm""}, {""po_id"": ""PO_0009001"", ""po_label"": ""fruit"", ""pato_id"": ""PATO_0000453"", ""pato_label"": ""glabrous"", ""negated"": false, ""value_low"": null, ""value_high"": null, ""unit"": null, ""value_text"": """", ""modifier"": """", ""source_text"": ""glabrous""}, {""po_id"": ""PO_0009001"", ""po_label"": ""fruit"", ""pato_id"": ""PATO_0001245"", ""pato_label"": ""dark brown"", ""negated"": false, ""value_low"": null, ""value_high"": null, ""unit"": null, ""value_text"": ""dark brown or blackish"", ""modifier"": """", ""source_text"": ""drying dark brown or blackish""}, {""po_id"": ""PO_0009001"", ""po_label"": ""fruit"", ""pato_id"": ""PATO_0001759"", ""pato_label"": ""granular"", ""negated"": false, ""value_low"": null, ""value_high"": null, ""unit"": null, ""value_text"": ""finely granulate"", ""modifier"": """", ""source_text"": ""finely granulate""}, {""po_id"": ""PO_0009084"", ""po_label"": ""pericarp"", ""pato_id"": ""PATO_0000915"", ""pato_label"": ""thickness"", ""negated"": false, ""value_low"": 2, ""value_high"": 10, ""unit"": ""mm"", ""value_text"": """", ""modifier"": """", ""source_text"": ""pericarp 2-10 mm thick""}, {""po_id"": ""PO_0004536"", ""po_label"": ""fruit pedicel"", ""pato_id"": ""PATO_0000122"", ""pato_label"": ""length"", ""negated"": false, ""value_low"": 15, ""value_high"": 20, ""unit"": ""mm"", ""value_text"": """", ""modifier"": """", ""source_text"": ""fruiting pedicel 15-20 mm long""}, {""po_id"": ""PO_0009010"", ""po_label"": ""seed"", ""pato_id"": ""PATO_0000947"", ""pato_label"": ""elliptic"", ""negated"": false, ""value_low"": null, ""value_high"": null, ""unit"": null, ""value_text"": ""ellipsoid-oblong"", ""modifier"": """", ""source_text"": ""seeds ellipsoid-oblong""}, {""po_id"": ""PO_0009010"", ""po_label"": ""seed"", ""pato_id"": ""PATO_0000122"", ""pato_label"": ""length"", ""negated"": false, ""value_low"": 4, ""value_high"": 5, ""unit"": ""cm"", ""value_text"": """", ""modifier"": """", ""source_text"": ""4-5 cm long""}, {""po_id"": ""PO_0009010"", ""po_label"": ""seed"", ""pato_id"": ""PATO_0002091"", ""pato_label"": ""subacute"", ""negated"": false, ""value_low"": null, ""value_high"": null, ""unit"": null, ""value_text"": ""subacute or bluntly beaked"", ""modifier"": """", ""source_text"": ""apex subacute or bluntly beaked for up to 3 mm long""}, {""po_id"": ""PO_0020057"", ""po_label"": ""testa"", ""pato_id"": ""PATO_0001533"", ""pato_label"": ""multi-colored"", ""negated"": false, ""value_low"": null, ""value_high"": null, ""unit"": null, ""value_text"": ""purplish brownish variegated"", ""modifier"": """", ""source_text"": ""testa purplish brownish variegated""}]"	
paul-039	flora-malesiana	vol14_final.xml	Horsfieldia coryandra W.J. de Wilde	habit	en	Shrub or treelet, 1.5-6 m Twigs 1.5-2 mm diameter, with rusty hairs to 0.1 mm long, glabrescent; bark finely striate, neither cracking nor flaking; lenticels few and inconspicuous or absent.	"[{""po_id"": ""PO_0000003"", ""po_label"": ""whole plant"", ""pato_id"": ""PATO_0000119"", ""pato_label"": ""height"", ""negated"": false, ""value_low"": 1.5, ""value_high"": 6, ""unit"": ""m"", ""value_text"": """", ""modifier"": """", ""source_text"": ""Shrub or treelet, 1.5-6 m""}, {""po_id"": ""PO_0025029"", ""po_label"": ""shoot axis"", ""pato_id"": ""PATO_0001334"", ""pato_label"": ""diameter"", ""negated"": false, ""value_low"": 1.5, ""value_high"": 2, ""unit"": ""mm"", ""value_text"": """", ""modifier"": """", ""source_text"": ""Twigs 1.5-2 mm diameter""}, {""po_id"": ""PO_0005003"", ""po_label"": ""shoot axis trichome"", ""pato_id"": ""PATO_0000122"", ""pato_label"": ""length"", ""negated"": false, ""value_low"": null, ""value_high"": 0.1, ""unit"": ""mm"", ""value_text"": """", ""modifier"": """", ""source_text"": ""with rusty hairs to 0.1 mm long""}, {""po_id"": ""PO_0005048"", ""po_label"": ""shoot axis periderm"", ""pato_id"": ""PATO_0001410"", ""pato_label"": ""striated"", ""negated"": false, ""value_low"": null, ""value_high"": null, ""unit"": null, ""value_text"": ""finely striate"", ""modifier"": """", ""source_text"": ""bark finely striate""}, {""po_id"": ""PO_0000031"", ""po_label"": ""lenticel"", ""pato_id"": ""PATO_0001997"", ""pato_label"": ""present in fewer numbers in organism"", ""negated"": false, ""value_low"": null, ""value_high"": null, ""unit"": null, ""value_text"": ""few and inconspicuous or absent"", ""modifier"": """", ""source_text"": ""lenticels few and inconspicuous or absent""}]"	"[{""po_id"": ""PO_0000003"", ""po_label"": ""whole plant"", ""pato_id"": ""PATO_0000119"", ""pato_label"": ""height"", ""negated"": false, ""value_low"": 1.5, ""value_high"": 6, ""unit"": ""m"", ""value_text"": """", ""modifier"": """", ""source_text"": ""Shrub or treelet, 1.5-6 m""}, {""po_id"": ""PO_0025029"", ""po_label"": ""shoot axis"", ""pato_id"": ""PATO_0001334"", ""pato_label"": ""diameter"", ""negated"": false, ""value_low"": 1.5, ""value_high"": 2, ""unit"": ""mm"", ""value_text"": """", ""modifier"": """", ""source_text"": ""Twigs 1.5-2 mm diameter""}, {""po_id"": ""PO_0005003"", ""po_label"": ""shoot axis trichome"", ""pato_id"": ""PATO_0000122"", ""pato_label"": ""length"", ""negated"": false, ""value_low"": null, ""value_high"": 0.1, ""unit"": ""mm"", ""value_text"": """", ""modifier"": """", ""source_text"": ""with rusty hairs to 0.1 mm long""}, {""po_id"": ""PO_0005048"", ""po_label"": ""shoot axis periderm"", ""pato_id"": ""PATO_0001410"", ""pato_label"": ""striated"", ""negated"": false, ""value_low"": null, ""value_high"": null, ""unit"": null, ""value_text"": ""finely striate"", ""modifier"": """", ""source_text"": ""bark finely striate""}, {""po_id"": ""PO_0000031"", ""po_label"": ""lenticel"", ""pato_id"": ""PATO_0001997"", ""pato_label"": ""present in fewer numbers in organism"", ""negated"": false, ""value_low"": null, ""value_high"": null, ""unit"": null, ""value_text"": ""few and inconspicuous or absent"", ""modifier"": """", ""source_text"": ""lenticels few and inconspicuous or absent""}]"	
paul-040	flora-malesiana	vol14_final.xml	Horsfieldia tenuifolia W.J. de Wilde	inflorescences	en	Inflorescences with (sparse) stellate hairs 0.1-0.2 mm long; in male: rather many-flowered, about 3 times branched, 3-5 by 2-4 cm, peduncle 0.2-1 cm; in female: rather slender, few-flowered, 2-3.5 by 1 cm; bracts elliptic to oblong, 2-3 mm, pubescent, caducous; flowers in male in loose clusters of 3-8, perianth 3- (or 4-)lobed, glabrous, pedicel glabrescent or with few scattered hairs 0.2 mm in the lower half, not or indistinctly articulated.	"[{""po_id"": ""PO_0009049"", ""po_label"": ""inflorescence"", ""pato_id"": ""PATO_0000455"", ""pato_label"": ""pubescent"", ""negated"": false, ""value_low"": null, ""value_high"": null, ""unit"": null, ""value_text"": ""with stellate hairs"", ""modifier"": """", ""source_text"": ""Inflorescences with (sparse) stellate hairs 0.1-0.2 mm long""}, {""po_id"": ""PO_0009053"", ""po_label"": ""peduncle"", ""pato_id"": ""PATO_0000122"", ""pato_label"": ""length"", ""negated"": false, ""value_low"": 0.2, ""value_high"": 1, ""unit"": ""cm"", ""value_text"": """", ""modifier"": """", ""source_text"": ""peduncle 0.2-1 cm""}, {""po_id"": ""PO_0009054"", ""po_label"": ""inflorescence bract"", ""pato_id"": ""PATO_0000947"", ""pato_label"": ""elliptic"", ""negated"": false, ""value_low"": null, ""value_high"": null, ""unit"": null, ""value_text"": ""elliptic to oblong"", ""modifier"": """", ""source_text"": ""bracts elliptic to oblong""}, {""po_id"": ""PO_0009054"", ""po_label"": ""inflorescence bract"", ""pato_id"": ""PATO_0000122"", ""pato_label"": ""length"", ""negated"": false, ""value_low"": 2, ""value_high"": 3, ""unit"": ""mm"", ""value_text"": """", ""modifier"": """", ""source_text"": ""2-3 mm""}, {""po_id"": ""PO_0009054"", ""po_label"": ""inflorescence bract"", ""pato_id"": ""PATO_0000455"", ""pato_label"": ""pubescent"", ""negated"": false, ""value_low"": null, ""value_high"": null, ""unit"": null, ""value_text"": """", ""modifier"": """", ""source_text"": ""pubescent""}, {""po_id"": ""PO_0009054"", ""po_label"": ""inflorescence bract"", ""pato_id"": ""PATO_0001731"", ""pato_label"": ""deciduous (plant)"", ""negated"": false, ""value_low"": null, ""value_high"": null, ""unit"": null, ""value_text"": ""caducous"", ""modifier"": """", ""source_text"": ""caducous""}, {""po_id"": ""PO_0009046"", ""po_label"": ""flower"", ""pato_id"": ""PATO_0000453"", ""pato_label"": ""glabrous"", ""negated"": false, ""value_low"": null, ""value_high"": null, ""unit"": null, ""value_text"": """", ""modifier"": """", ""source_text"": ""perianth 3- (or 4-)lobed, glabrous""}]"	"[{""po_id"": ""PO_0009049"", ""po_label"": ""inflorescence"", ""pato_id"": ""PATO_0000455"", ""pato_label"": ""pubescent"", ""negated"": false, ""value_low"": null, ""value_high"": null, ""unit"": null, ""value_text"": ""with stellate hairs"", ""modifier"": """", ""source_text"": ""Inflorescences with (sparse) stellate hairs 0.1-0.2 mm long""}, {""po_id"": ""PO_0009053"", ""po_label"": ""peduncle"", ""pato_id"": ""PATO_0000122"", ""pato_label"": ""length"", ""negated"": false, ""value_low"": 0.2, ""value_high"": 1, ""unit"": ""cm"", ""value_text"": """", ""modifier"": """", ""source_text"": ""peduncle 0.2-1 cm""}, {""po_id"": ""PO_0009054"", ""po_label"": ""inflorescence bract"", ""pato_id"": ""PATO_0000947"", ""pato_label"": ""elliptic"", ""negated"": false, ""value_low"": null, ""value_high"": null, ""unit"": null, ""value_text"": ""elliptic to oblong"", ""modifier"": """", ""source_text"": ""bracts elliptic to oblong""}, {""po_id"": ""PO_0009054"", ""po_label"": ""inflorescence bract"", ""pato_id"": ""PATO_0000122"", ""pato_label"": ""length"", ""negated"": false, ""value_low"": 2, ""value_high"": 3, ""unit"": ""mm"", ""value_text"": """", ""modifier"": """", ""source_text"": ""2-3 mm""}, {""po_id"": ""PO_0009054"", ""po_label"": ""inflorescence bract"", ""pato_id"": ""PATO_0000455"", ""pato_label"": ""pubescent"", ""negated"": false, ""value_low"": null, ""value_high"": null, ""unit"": null, ""value_text"": """", ""modifier"": """", ""source_text"": ""pubescent""}, {""po_id"": ""PO_0009054"", ""po_label"": ""inflorescence bract"", ""pato_id"": ""PATO_0001731"", ""pato_label"": ""deciduous (plant)"", ""negated"": false, ""value_low"": null, ""value_high"": null, ""unit"": null, ""value_text"": ""caducous"", ""modifier"": """", ""source_text"": ""caducous""}, {""po_id"": ""PO_0009046"", ""po_label"": ""flower"", ""pato_id"": ""PATO_0000453"", ""pato_label"": ""glabrous"", ""negated"": false, ""value_low"": null, ""value_high"": null, ""unit"": null, ""value_text"": """", ""modifier"": """", ""source_text"": ""perianth 3- (or 4-)lobed, glabrous""}]"	
paul-041	flora-malesiana	fmvol17_part2_final.xml	Ficus deltoidea Jack	veins	en	venation pinnate with (2-)3-8(-9) pairs of lateral veins (mostly departing the midrib in ± acute angles) and the basal pair ± distinct or with the midrib furcate at various distances from the basal pair of lateral veins (but mostly in the lower part or up to the middle of the lamina), tertiary venation reticulate, midrib in lamina with acuminate apex usually reaching the tip of the acumen;	"[{""po_id"": ""PO_0000036"", ""po_label"": ""leaf vascular system"", ""pato_id"": ""PATO_0000410"", ""pato_label"": ""pinnate"", ""negated"": false, ""value_low"": null, ""value_high"": null, ""unit"": null, ""value_text"": """", ""modifier"": """", ""source_text"": ""venation pinnate""}, {""po_id"": ""PO_0006011"", ""po_label"": ""lateral leaf vein"", ""pato_id"": ""PATO_0000070"", ""pato_label"": ""count"", ""negated"": false, ""value_low"": null, ""value_high"": null, ""unit"": null, ""value_text"": ""(2-)3-8(-9) pairs"", ""modifier"": """", ""source_text"": ""(2-)3-8(-9) pairs of lateral veins""}, {""po_id"": ""PO_0008021"", ""po_label"": ""tertiary leaf vein"", ""pato_id"": ""PATO_0001947"", ""pato_label"": ""netted"", ""negated"": false, ""value_low"": null, ""value_high"": null, ""unit"": null, ""value_text"": ""reticulate"", ""modifier"": """", ""source_text"": ""tertiary venation reticulate""}, {""po_id"": ""PO_0020139"", ""po_label"": ""leaf midvein"", ""pato_id"": ""PATO_0002228"", ""pato_label"": ""acuminate"", ""negated"": false, ""value_low"": null, ""value_high"": null, ""unit"": null, ""value_text"": """", ""modifier"": ""usually"", ""source_text"": ""midrib in lamina with acuminate apex usually reaching the tip of the acumen""}]"	"[{""po_id"": ""PO_0000036"", ""po_label"": ""leaf vascular system"", ""pato_id"": ""PATO_0000410"", ""pato_label"": ""pinnate"", ""negated"": false, ""value_low"": null, ""value_high"": null, ""unit"": null, ""value_text"": """", ""modifier"": """", ""source_text"": ""venation pinnate""}, {""po_id"": ""PO_0006011"", ""po_label"": ""lateral leaf vein"", ""pato_id"": ""PATO_0000070"", ""pato_label"": ""count"", ""negated"": false, ""value_low"": null, ""value_high"": null, ""unit"": null, ""value_text"": ""(2-)3-8(-9) pairs"", ""modifier"": """", ""source_text"": ""(2-)3-8(-9) pairs of lateral veins""}, {""po_id"": ""PO_0008021"", ""po_label"": ""tertiary leaf vein"", ""pato_id"": ""PATO_0001947"", ""pato_label"": ""netted"", ""negated"": false, ""value_low"": null, ""value_high"": null, ""unit"": null, ""value_text"": ""reticulate"", ""modifier"": """", ""source_text"": ""tertiary venation reticulate""}, {""po_id"": ""PO_0020139"", ""po_label"": ""leaf midvein"", ""pato_id"": ""PATO_0002228"", ""pato_label"": ""acuminate"", ""negated"": false, ""value_low"": null, ""value_high"": null, ""unit"": null, ""value_text"": """", ""modifier"": ""usually"", ""source_text"": ""midrib in lamina with acuminate apex usually reaching the tip of the acumen""}]"	
paul-042	flora-malesiana	vol12_1_final.xml	Aglaia Lour.	juvenile parts	en	First two leaves simple and opposite, sub- sequent leaves spirally arranged, simple at first, later 2- or 3-foliolate and increasing to or exceeding the number of leaflets present on the leaves of the mature plant.	"[{""po_id"": ""PO_0009025"", ""po_label"": ""vascular leaf"", ""pato_id"": ""PATO_0001503"", ""pato_label"": ""simple"", ""negated"": false, ""value_low"": null, ""value_high"": null, ""unit"": null, ""value_text"": """", ""modifier"": """", ""source_text"": ""First two leaves simple and opposite""}, {""po_id"": ""PO_0009025"", ""po_label"": ""vascular leaf"", ""pato_id"": ""PATO_0001933"", ""pato_label"": ""opposite"", ""negated"": false, ""value_low"": null, ""value_high"": null, ""unit"": null, ""value_text"": """", ""modifier"": """", ""source_text"": ""First two leaves simple and opposite""}]"	"[{""po_id"": ""PO_0009025"", ""po_label"": ""vascular leaf"", ""pato_id"": ""PATO_0001503"", ""pato_label"": ""simple"", ""negated"": false, ""value_low"": null, ""value_high"": null, ""unit"": null, ""value_text"": """", ""modifier"": """", ""source_text"": ""First two leaves simple and opposite""}, {""po_id"": ""PO_0009025"", ""po_label"": ""vascular leaf"", ""pato_id"": ""PATO_0001933"", ""pato_label"": ""opposite"", ""negated"": false, ""value_low"": null, ""value_high"": null, ""unit"": null, ""value_text"": """", ""modifier"": """", ""source_text"": ""First two leaves simple and opposite""}]"	
paul-043	flora-malesiana	vol13_final.xml	Rafflesia patma Blume	seeds	en	Ripe seeds 0.8-0.9 mm long, 0.4 mm thick, light-brown to dark-brown.	"[{""po_id"": ""PO_0009010"", ""po_label"": ""seed"", ""pato_id"": ""PATO_0000122"", ""pato_label"": ""length"", ""negated"": false, ""value_low"": 0.8, ""value_high"": 0.9, ""unit"": ""mm"", ""value_text"": """", ""modifier"": """", ""source_text"": ""Ripe seeds 0.8-0.9 mm long""}, {""po_id"": ""PO_0009010"", ""po_label"": ""seed"", ""pato_id"": ""PATO_0000915"", ""pato_label"": ""thickness"", ""negated"": false, ""value_low"": 0.4, ""value_high"": 0.4, ""unit"": ""mm"", ""value_text"": """", ""modifier"": """", ""source_text"": ""0.4 mm thick""}, {""po_id"": ""PO_0009010"", ""po_label"": ""seed"", ""pato_id"": ""PATO_0001246"", ""pato_label"": ""light brown"", ""negated"": false, ""value_low"": null, ""value_high"": null, ""unit"": null, ""value_text"": """", ""modifier"": """", ""source_text"": ""light-brown to dark-brown""}, {""po_id"": ""PO_0009010"", ""po_label"": ""seed"", ""pato_id"": ""PATO_0001245"", ""pato_label"": ""dark brown"", ""negated"": false, ""value_low"": null, ""value_high"": null, ""unit"": null, ""value_text"": """", ""modifier"": """", ""source_text"": ""light-brown to dark-brown""}]"	"[{""po_id"": ""PO_0009010"", ""po_label"": ""seed"", ""pato_id"": ""PATO_0000122"", ""pato_label"": ""length"", ""negated"": false, ""value_low"": 0.8, ""value_high"": 0.9, ""unit"": ""mm"", ""value_text"": """", ""modifier"": """", ""source_text"": ""Ripe seeds 0.8-0.9 mm long""}, {""po_id"": ""PO_0009010"", ""po_label"": ""seed"", ""pato_id"": ""PATO_0000915"", ""pato_label"": ""thickness"", ""negated"": false, ""value_low"": 0.4, ""value_high"": 0.4, ""unit"": ""mm"", ""value_text"": """", ""modifier"": """", ""source_text"": ""0.4 mm thick""}, {""po_id"": ""PO_0009010"", ""po_label"": ""seed"", ""pato_id"": ""PATO_0001246"", ""pato_label"": ""light brown"", ""negated"": false, ""value_low"": null, ""value_high"": null, ""unit"": null, ""value_text"": """", ""modifier"": """", ""source_text"": ""light-brown to dark-brown""}, {""po_id"": ""PO_0009010"", ""po_label"": ""seed"", ""pato_id"": ""PATO_0001245"", ""pato_label"": ""dark brown"", ""negated"": false, ""value_low"": null, ""value_high"": null, ""unit"": null, ""value_text"": """", ""modifier"": """", ""source_text"": ""light-brown to dark-brown""}]"	
paul-044	kew-african	81230	Sesamum angolense Welw.	description	en	Simple or branched, decorative, densely leafy, shrubby perennial herbs, 0.8–3 m. high; stems subquadrangular, sulcate, thinly pubescent. Leaves subsessile or shortly petiolate, generally discolorous, narrowly oblong, oblong-lanceolate or rarely elliptic, 2–11 cm. long, 0.4–4 cm. broad, margins entire more or less inrolled and scabrid, upper surface glabrescent, lower surface white tomentose, more sparsely so on older leaves so that the glands are visible, cuneate at the base, truncate, rounded emarginate, subacute (rarely acute) and usually apiculate at the apex. Flowers pink, red, purple, or pale mauve with deeper markings. Calyx usually persistent; lobes lanceolate or ovate-lanceolate, 5–10 mm. long, about 2 mm. broad at the base, acute or acuminate at the apex, pubescent. Corolla large, 3.5–7 cm. long, 2–3 cm. in diameter at the throat, thinly to densely pubescent. Filaments arising from a band of hairs near the base of the tube; anthers narrowly oblong, 6 mm. long. Ovary densely white-appressed-pilose, apex emarginate. Capsule subquadrangular, 4-sulcate, 2–2.5 rarely 3 cm. long, 5–6 mm. broad, rather densely pubescent, becoming glabrescent, gradually narrowed into a flattened rather broad beak up to 5 mm. long. Seeds not winged, about 2 mm. long, 1.5 mm. broad, faintly rugose on the sides and faces.	"[{""po_id"": ""PO_0000003"", ""po_label"": ""whole plant"", ""pato_id"": ""PATO_0000119"", ""pato_label"": ""height"", ""negated"": false, ""value_low"": 0.8, ""value_high"": 3, ""unit"": ""m"", ""value_text"": """", ""modifier"": """", ""source_text"": ""0.8–3 m. high""}, {""po_id"": ""PO_0025029"", ""po_label"": ""shoot axis"", ""pato_id"": ""PATO_0001988"", ""pato_label"": ""quadrangular"", ""negated"": false, ""value_low"": null, ""value_high"": null, ""unit"": null, ""value_text"": ""subquadrangular"", ""modifier"": """", ""source_text"": ""stems subquadrangular""}, {""po_id"": ""PO_0025029"", ""po_label"": ""shoot axis"", ""pato_id"": ""PATO_0000455"", ""pato_label"": ""pubescent"", ""negated"": false, ""value_low"": null, ""value_high"": null, ""unit"": null, ""value_text"": ""thinly pubescent"", ""modifier"": """", ""source_text"": ""thinly pubescent""}, {""po_id"": ""PO_0009025"", ""po_label"": ""vascular leaf"", ""pato_id"": ""PATO_0000331"", ""pato_label"": ""discolored"", ""negated"": false, ""value_low"": null, ""value_high"": null, ""unit"": null, ""value_text"": """", ""modifier"": ""usually"", ""source_text"": ""generally discolorous""}, {""po_id"": ""PO_0009025"", ""po_label"": ""vascular leaf"", ""pato_id"": ""PATO_0000946"", ""pato_label"": ""oblong"", ""negated"": false, ""value_low"": null, ""value_high"": null, ""unit"": null, ""value_text"": ""narrowly oblong, oblong-lanceolate"", ""modifier"": """", ""source_text"": ""narrowly oblong, oblong-lanceolate or rarely elliptic""}, {""po_id"": ""PO_0009025"", ""po_label"": ""vascular leaf"", ""pato_id"": ""PATO_0000122"", ""pato_label"": ""length"", ""negated"": false, ""value_low"": 2, ""value_high"": 11, ""unit"": ""cm"", ""value_text"": """", ""modifier"": """", ""source_text"": ""2–11 cm. long""}, {""po_id"": ""PO_0009025"", ""po_label"": ""vascular leaf"", ""pato_id"": ""PATO_0000921"", ""pato_label"": ""width"", ""negated"": false, ""value_low"": 0.4, ""value_high"": 4, ""unit"": ""cm"", ""value_text"": """", ""modifier"": """", ""source_text"": ""0.4–4 cm. broad""}, {""po_id"": ""PO_0020128"", ""po_label"": ""leaf margin"", ""pato_id"": ""PATO_0001963"", ""pato_label"": ""revolute"", ""negated"": false, ""value_low"": null, ""value_high"": null, ""unit"": null, ""value_text"": ""more or less inrolled"", ""modifier"": """", ""source_text"": ""margins entire more or less inrolled and scabrid""}, {""po_id"": ""PO_0000049"", ""po_label"": ""leaf lamina abaxial epidermis"", ""pato_id"": ""PATO_0002341"", ""pato_label"": ""tomentose"", ""negated"": false, ""value_low"": null, ""value_high"": null, ""unit"": null, ""value_text"": ""white tomentose"", ""modifier"": """", ""source_text"": ""lower surface white tomentose""}, {""po_id"": ""PO_0020040"", ""po_label"": ""leaf base"", ""pato_id"": ""PATO_0001955"", ""pato_label"": ""cuneate"", ""negated"": false, ""value_low"": null, ""value_high"": null, ""unit"": null, ""value_text"": """", ""modifier"": """", ""source_text"": ""cuneate at the base""}, {""po_id"": ""PO_0020137"", ""po_label"": ""leaf apex"", ""pato_id"": ""PATO_0002091"", ""pato_label"": ""subacute"", ""negated"": false, ""value_low"": null, ""value_high"": null, ""unit"": null, ""value_text"": """", ""modifier"": ""usually"", ""source_text"": ""subacute (rarely acute) and usually apiculate at the apex""}, {""po_id"": ""PO_0009046"", ""po_label"": ""flower"", ""pato_id"": ""PATO_0000954"", ""pato_label"": ""pink"", ""negated"": false, ""value_low"": null, ""value_high"": null, ""unit"": null, ""value_text"": ""pink, red, purple, or pale mauve"", ""modifier"": """", ""source_text"": ""Flowers pink, red, purple, or pale mauve with deeper markings""}, {""po_id"": ""PO_0009060"", ""po_label"": ""calyx"", ""pato_id"": ""PATO_0001732"", ""pato_label"": ""non-deciduous (any body part)"", ""negated"": false, ""value_low"": null, ""value_high"": null, ""unit"": null, ""value_text"": """", ""modifier"": ""usually"", ""source_text"": ""Calyx usually persistent""}, {""po_id"": ""PO_0009031"", ""po_label"": ""sepal"", ""pato_id"": ""PATO_0001877"", ""pato_label"": ""lanceolate"", ""negated"": false, ""value_low"": null, ""value_high"": null, ""unit"": null, ""value_text"": ""lanceolate or ovate-lanceolate"", ""modifier"": """", ""source_text"": ""lobes lanceolate or ovate-lanceolate""}, {""po_id"": ""PO_0009031"", ""po_label"": ""sepal"", ""pato_id"": ""PATO_0000122"", ""pato_label"": ""length"", ""negated"": false, ""value_low"": 5, ""value_high"": 10, ""unit"": ""mm"", ""value_text"": """", ""modifier"": """", ""source_text"": ""5–10 mm. long""}, {""po_id"": ""PO_0009031"", ""po_label"": ""sepal"", ""pato_id"": ""PATO_0000921"", ""pato_label"": ""width"", ""negated"": false, ""value_low"": 2, ""value_high"": 2, ""unit"": ""mm"", ""value_text"": """", ""modifier"": """", ""source_text"": ""about 2 mm. broad at the base""}, {""po_id"": ""PO_0025145"", ""po_label"": ""sepal apex"", ""pato_id"": ""PATO_0000389"", ""pato_label"": ""acute"", ""negated"": false, ""value_low"": null, ""value_high"": null, ""unit"": null, ""value_text"": ""acute or acuminate"", ""modifier"": """", ""source_text"": ""acute or acuminate at the apex""}, {""po_id"": ""PO_0009031"", ""po_label"": ""sepal"", ""pato_id"": ""PATO_0000455"", ""pato_label"": ""pubescent"", ""negated"": false, ""value_low"": null, ""value_high"": null, ""unit"": null, ""value_text"": """", ""modifier"": """", ""source_text"": ""pubescent""}, {""po_id"": ""PO_0009059"", ""po_label"": ""corolla"", ""pato_id"": ""PATO_0000122"", ""pato_label"": ""length"", ""negated"": false, ""value_low"": 3.5, ""value_high"": 7, ""unit"": ""cm"", ""value_text"": """", ""modifier"": """", ""source_text"": ""3.5–7 cm. long""}, {""po_id"": ""PO_0009059"", ""po_label"": ""corolla"", ""pato_id"": ""PATO_0000455"", ""pato_label"": ""pubescent"", ""negated"": false, ""value_low"": null, ""value_high"": null, ""unit"": null, ""value_text"": ""thinly to densely pubescent"", ""modifier"": """", ""source_text"": ""thinly to densely pubescent""}, {""po_id"": ""PO_0009066"", ""po_label"": ""anther"", ""pato_id"": ""PATO_0000946"", ""pato_label"": ""oblong"", ""negated"": false, ""value_low"": null, ""value_high"": null, ""unit"": null, ""value_text"": ""narrowly oblong"", ""modifier"": """", ""source_text"": ""anthers narrowly oblong""}, {""po_id"": ""PO_0009066"", ""po_label"": ""anther"", ""pato_id"": ""PATO_0000122"", ""pato_label"": ""length"", ""negated"": false, ""value_low"": 6, ""value_high"": 6, ""unit"": ""mm"", ""value_text"": """", ""modifier"": """", ""source_text"": ""6 mm. long""}, {""po_id"": ""PO_0009072"", ""po_label"": ""plant ovary"", ""pato_id"": ""PATO_0000454"", ""pato_label"": ""hairy"", ""negated"": false, ""value_low"": null, ""value_high"": null, ""unit"": null, ""value_text"": ""densely white-appressed-pilose"", ""modifier"": """", ""source_text"": ""Ovary densely white-appressed-pilose""}, {""po_id"": ""PO_0009072"", ""po_label"": ""plant ovary"", ""pato_id"": ""PATO_0002234"", ""pato_label"": ""emarginate"", ""negated"": false, ""value_low"": null, ""value_high"": null, ""unit"": null, ""value_text"": """", ""modifier"": """", ""source_text"": ""apex emarginate""}, {""po_id"": ""PO_0009001"", ""po_label"": ""fruit"", ""pato_id"": ""PATO_0001988"", ""pato_label"": ""quadrangular"", ""negated"": false, ""value_low"": null, ""value_high"": null, ""unit"": null, ""value_text"": ""subquadrangular"", ""modifier"": """", ""source_text"": ""Capsule subquadrangular""}, {""po_id"": ""PO_0009001"", ""po_label"": ""fruit"", ""pato_id"": ""PATO_0000122"", ""pato_label"": ""length"", ""negated"": false, ""value_low"": 2, ""value_high"": 2.5, ""unit"": ""cm"", ""value_text"": """", ""modifier"": """", ""source_text"": ""2–2.5 rarely 3 cm. long""}, {""po_id"": ""PO_0009001"", ""po_label"": ""fruit"", ""pato_id"": ""PATO_0000921"", ""pato_label"": ""width"", ""negated"": false, ""value_low"": 5, ""value_high"": 6, ""unit"": ""mm"", ""value_text"": """", ""modifier"": """", ""source_text"": ""5–6 mm. broad""}, {""po_id"": ""PO_0009001"", ""po_label"": ""fruit"", ""pato_id"": ""PATO_0000455"", ""pato_label"": ""pubescent"", ""negated"": false, ""value_low"": null, ""value_high"": null, ""unit"": null, ""value_text"": ""rather densely pubescent"", ""modifier"": """", ""source_text"": ""rather densely pubescent""}, {""po_id"": ""PO_0009010"", ""po_label"": ""seed"", ""pato_id"": ""PATO_0002236"", ""pato_label"": ""aliform"", ""negated"": true, ""value_low"": null, ""value_high"": null, ""unit"": null, ""value_text"": """", ""modifier"": """", ""source_text"": ""Seeds not winged""}, {""po_id"": ""PO_0009010"", ""po_label"": ""seed"", ""pato_id"": ""PATO_0000122"", ""pato_label"": ""length"", ""negated"": false, ""value_low"": 2, ""value_high"": 2, ""unit"": ""mm"", ""value_text"": """", ""modifier"": """", ""source_text"": ""about 2 mm. long""}, {""po_id"": ""PO_0009010"", ""po_label"": ""seed"", ""pato_id"": ""PATO_0000921"", ""pato_label"": ""width"", ""negated"": false, ""value_low"": 1.5, ""value_high"": 1.5, ""unit"": ""mm"", ""value_text"": """", ""modifier"": """", ""source_text"": ""1.5 mm. broad""}, {""po_id"": ""PO_0009010"", ""po_label"": ""seed"", ""pato_id"": ""PATO_0001359"", ""pato_label"": ""rugose"", ""negated"": false, ""value_low"": null, ""value_high"": null, ""unit"": null, ""value_text"": ""faintly rugose"", ""modifier"": """", ""source_text"": ""faintly rugose on the sides and faces""}]"	"[{""po_id"": ""PO_0000003"", ""po_label"": ""whole plant"", ""pato_id"": ""PATO_0000119"", ""pato_label"": ""height"", ""negated"": false, ""value_low"": 0.8, ""value_high"": 3, ""unit"": ""m"", ""value_text"": """", ""modifier"": """", ""source_text"": ""0.8–3 m. high""}, {""po_id"": ""PO_0025029"", ""po_label"": ""shoot axis"", ""pato_id"": ""PATO_0001988"", ""pato_label"": ""quadrangular"", ""negated"": false, ""value_low"": null, ""value_high"": null, ""unit"": null, ""value_text"": ""subquadrangular"", ""modifier"": """", ""source_text"": ""stems subquadrangular""}, {""po_id"": ""PO_0025029"", ""po_label"": ""shoot axis"", ""pato_id"": ""PATO_0000455"", ""pato_label"": ""pubescent"", ""negated"": false, ""value_low"": null, ""value_high"": null, ""unit"": null, ""value_text"": ""thinly pubescent"", ""modifier"": """", ""source_text"": ""thinly pubescent""}, {""po_id"": ""PO_0009025"", ""po_label"": ""vascular leaf"", ""pato_id"": ""PATO_0000331"", ""pato_label"": ""discolored"", ""negated"": false, ""value_low"": null, ""value_high"": null, ""unit"": null, ""value_text"": """", ""modifier"": ""usually"", ""source_text"": ""generally discolorous""}, {""po_id"": ""PO_0009025"", ""po_label"": ""vascular leaf"", ""pato_id"": ""PATO_0000946"", ""pato_label"": ""oblong"", ""negated"": false, ""value_low"": null, ""value_high"": null, ""unit"": null, ""value_text"": ""narrowly oblong, oblong-lanceolate"", ""modifier"": """", ""source_text"": ""narrowly oblong, oblong-lanceolate or rarely elliptic""}, {""po_id"": ""PO_0009025"", ""po_label"": ""vascular leaf"", ""pato_id"": ""PATO_0000122"", ""pato_label"": ""length"", ""negated"": false, ""value_low"": 2, ""value_high"": 11, ""unit"": ""cm"", ""value_text"": """", ""modifier"": """", ""source_text"": ""2–11 cm. long""}, {""po_id"": ""PO_0009025"", ""po_label"": ""vascular leaf"", ""pato_id"": ""PATO_0000921"", ""pato_label"": ""width"", ""negated"": false, ""value_low"": 0.4, ""value_high"": 4, ""unit"": ""cm"", ""value_text"": """", ""modifier"": """", ""source_text"": ""0.4–4 cm. broad""}, {""po_id"": ""PO_0020128"", ""po_label"": ""leaf margin"", ""pato_id"": ""PATO_0001963"", ""pato_label"": ""revolute"", ""negated"": false, ""value_low"": null, ""value_high"": null, ""unit"": null, ""value_text"": ""more or less inrolled"", ""modifier"": """", ""source_text"": ""margins entire more or less inrolled and scabrid""}, {""po_id"": ""PO_0000049"", ""po_label"": ""leaf lamina abaxial epidermis"", ""pato_id"": ""PATO_0002341"", ""pato_label"": ""tomentose"", ""negated"": false, ""value_low"": null, ""value_high"": null, ""unit"": null, ""value_text"": ""white tomentose"", ""modifier"": """", ""source_text"": ""lower surface white tomentose""}, {""po_id"": ""PO_0020040"", ""po_label"": ""leaf base"", ""pato_id"": ""PATO_0001955"", ""pato_label"": ""cuneate"", ""negated"": false, ""value_low"": null, ""value_high"": null, ""unit"": null, ""value_text"": """", ""modifier"": """", ""source_text"": ""cuneate at the base""}, {""po_id"": ""PO_0020137"", ""po_label"": ""leaf apex"", ""pato_id"": ""PATO_0002091"", ""pato_label"": ""subacute"", ""negated"": false, ""value_low"": null, ""value_high"": null, ""unit"": null, ""value_text"": """", ""modifier"": ""usually"", ""source_text"": ""subacute (rarely acute) and usually apiculate at the apex""}, {""po_id"": ""PO_0009046"", ""po_label"": ""flower"", ""pato_id"": ""PATO_0000954"", ""pato_label"": ""pink"", ""negated"": false, ""value_low"": null, ""value_high"": null, ""unit"": null, ""value_text"": ""pink, red, purple, or pale mauve"", ""modifier"": """", ""source_text"": ""Flowers pink, red, purple, or pale mauve with deeper markings""}, {""po_id"": ""PO_0009060"", ""po_label"": ""calyx"", ""pato_id"": ""PATO_0001732"", ""pato_label"": ""non-deciduous (any body part)"", ""negated"": false, ""value_low"": null, ""value_high"": null, ""unit"": null, ""value_text"": """", ""modifier"": ""usually"", ""source_text"": ""Calyx usually persistent""}, {""po_id"": ""PO_0009031"", ""po_label"": ""sepal"", ""pato_id"": ""PATO_0001877"", ""pato_label"": ""lanceolate"", ""negated"": false, ""value_low"": null, ""value_high"": null, ""unit"": null, ""value_text"": ""lanceolate or ovate-lanceolate"", ""modifier"": """", ""source_text"": ""lobes lanceolate or ovate-lanceolate""}, {""po_id"": ""PO_0009031"", ""po_label"": ""sepal"", ""pato_id"": ""PATO_0000122"", ""pato_label"": ""length"", ""negated"": false, ""value_low"": 5, ""value_high"": 10, ""unit"": ""mm"", ""value_text"": """", ""modifier"": """", ""source_text"": ""5–10 mm. long""}, {""po_id"": ""PO_0009031"", ""po_label"": ""sepal"", ""pato_id"": ""PATO_0000921"", ""pato_label"": ""width"", ""negated"": false, ""value_low"": 2, ""value_high"": 2, ""unit"": ""mm"", ""value_text"": """", ""modifier"": """", ""source_text"": ""about 2 mm. broad at the base""}, {""po_id"": ""PO_0025145"", ""po_label"": ""sepal apex"", ""pato_id"": ""PATO_0000389"", ""pato_label"": ""acute"", ""negated"": false, ""value_low"": null, ""value_high"": null, ""unit"": null, ""value_text"": ""acute or acuminate"", ""modifier"": """", ""source_text"": ""acute or acuminate at the apex""}, {""po_id"": ""PO_0009031"", ""po_label"": ""sepal"", ""pato_id"": ""PATO_0000455"", ""pato_label"": ""pubescent"", ""negated"": false, ""value_low"": null, ""value_high"": null, ""unit"": null, ""value_text"": """", ""modifier"": """", ""source_text"": ""pubescent""}, {""po_id"": ""PO_0009059"", ""po_label"": ""corolla"", ""pato_id"": ""PATO_0000122"", ""pato_label"": ""length"", ""negated"": false, ""value_low"": 3.5, ""value_high"": 7, ""unit"": ""cm"", ""value_text"": """", ""modifier"": """", ""source_text"": ""3.5–7 cm. long""}, {""po_id"": ""PO_0009059"", ""po_label"": ""corolla"", ""pato_id"": ""PATO_0000455"", ""pato_label"": ""pubescent"", ""negated"": false, ""value_low"": null, ""value_high"": null, ""unit"": null, ""value_text"": ""thinly to densely pubescent"", ""modifier"": """", ""source_text"": ""thinly to densely pubescent""}, {""po_id"": ""PO_0009066"", ""po_label"": ""anther"", ""pato_id"": ""PATO_0000946"", ""pato_label"": ""oblong"", ""negated"": false, ""value_low"": null, ""value_high"": null, ""unit"": null, ""value_text"": ""narrowly oblong"", ""modifier"": """", ""source_text"": ""anthers narrowly oblong""}, {""po_id"": ""PO_0009066"", ""po_label"": ""anther"", ""pato_id"": ""PATO_0000122"", ""pato_label"": ""length"", ""negated"": false, ""value_low"": 6, ""value_high"": 6, ""unit"": ""mm"", ""value_text"": """", ""modifier"": """", ""source_text"": ""6 mm. long""}, {""po_id"": ""PO_0009072"", ""po_label"": ""plant ovary"", ""pato_id"": ""PATO_0000454"", ""pato_label"": ""hairy"", ""negated"": false, ""value_low"": null, ""value_high"": null, ""unit"": null, ""value_text"": ""densely white-appressed-pilose"", ""modifier"": """", ""source_text"": ""Ovary densely white-appressed-pilose""}, {""po_id"": ""PO_0009072"", ""po_label"": ""plant ovary"", ""pato_id"": ""PATO_0002234"", ""pato_label"": ""emarginate"", ""negated"": false, ""value_low"": null, ""value_high"": null, ""unit"": null, ""value_text"": """", ""modifier"": """", ""source_text"": ""apex emarginate""}, {""po_id"": ""PO_0009001"", ""po_label"": ""fruit"", ""pato_id"": ""PATO_0001988"", ""pato_label"": ""quadrangular"", ""negated"": false, ""value_low"": null, ""value_high"": null, ""unit"": null, ""value_text"": ""subquadrangular"", ""modifier"": """", ""source_text"": ""Capsule subquadrangular""}, {""po_id"": ""PO_0009001"", ""po_label"": ""fruit"", ""pato_id"": ""PATO_0000122"", ""pato_label"": ""length"", ""negated"": false, ""value_low"": 2, ""value_high"": 2.5, ""unit"": ""cm"", ""value_text"": """", ""modifier"": """", ""source_text"": ""2–2.5 rarely 3 cm. long""}, {""po_id"": ""PO_0009001"", ""po_label"": ""fruit"", ""pato_id"": ""PATO_0000921"", ""pato_label"": ""width"", ""negated"": false, ""value_low"": 5, ""value_high"": 6, ""unit"": ""mm"", ""value_text"": """", ""modifier"": """", ""source_text"": ""5–6 mm. broad""}, {""po_id"": ""PO_0009001"", ""po_label"": ""fruit"", ""pato_id"": ""PATO_0000455"", ""pato_label"": ""pubescent"", ""negated"": false, ""value_low"": null, ""value_high"": null, ""unit"": null, ""value_text"": ""rather densely pubescent"", ""modifier"": """", ""source_text"": ""rather densely pubescent""}, {""po_id"": ""PO_0009010"", ""po_label"": ""seed"", ""pato_id"": ""PATO_0002236"", ""pato_label"": ""aliform"", ""negated"": true, ""value_low"": null, ""value_high"": null, ""unit"": null, ""value_text"": """", ""modifier"": """", ""source_text"": ""Seeds not winged""}, {""po_id"": ""PO_0009010"", ""po_label"": ""seed"", ""pato_id"": ""PATO_0000122"", ""pato_label"": ""length"", ""negated"": false, ""value_low"": 2, ""value_high"": 2, ""unit"": ""mm"", ""value_text"": """", ""modifier"": """", ""source_text"": ""about 2 mm. long""}, {""po_id"": ""PO_0009010"", ""po_label"": ""seed"", ""pato_id"": ""PATO_0000921"", ""pato_label"": ""width"", ""negated"": false, ""value_low"": 1.5, ""value_high"": 1.5, ""unit"": ""mm"", ""value_text"": """", ""modifier"": """", ""source_text"": ""1.5 mm. broad""}, {""po_id"": ""PO_0009010"", ""po_label"": ""seed"", ""pato_id"": ""PATO_0001359"", ""pato_label"": ""rugose"", ""negated"": false, ""value_low"": null, ""value_high"": null, ""unit"": null, ""value_text"": ""faintly rugose"", ""modifier"": """", ""source_text"": ""faintly rugose on the sides and faces""}]"	
paul-045	fdac	901203	Hibiscus micranthus L.f.	fleurs	fr	axillaires, à pédicelle de ± 3 cm de long; calicule à 5–7 bractéoles filiformes de 1,5–3 mm de long; calice de 4–5 mm de long, à segments de 3–4 mm de long, triangulaires, brièvement acuminés; corolle rouge, de 7–8 mm de long; tube staminal de 6–8 mm de long; anthères réunies en 2 groupes sur la 1/2 supérieure du tube; branches du style dépassant seules le tube, de 2 mm de long, glabres.	"[{""po_id"": ""PO_0009052"", ""po_label"": ""pedicel"", ""pato_id"": ""PATO_0000122"", ""pato_label"": ""length"", ""negated"": false, ""value_low"": 3, ""value_high"": 3, ""unit"": ""cm"", ""value_text"": """", ""modifier"": """", ""source_text"": ""à pédicelle de ± 3 cm de long""}, {""po_id"": ""PO_0009043"", ""po_label"": ""bracteole"", ""pato_id"": ""PATO_0000070"", ""pato_label"": ""count"", ""negated"": false, ""value_low"": null, ""value_high"": null, ""unit"": null, ""value_text"": ""5-7"", ""modifier"": """", ""source_text"": ""calicule à 5–7 bractéoles filiformes""}, {""po_id"": ""PO_0009043"", ""po_label"": ""bracteole"", ""pato_id"": ""PATO_0001199"", ""pato_label"": ""linear"", ""negated"": false, ""value_low"": null, ""value_high"": null, ""unit"": null, ""value_text"": ""filiform"", ""modifier"": """", ""source_text"": ""bractéoles filiformes""}, {""po_id"": ""PO_0009043"", ""po_label"": ""bracteole"", ""pato_id"": ""PATO_0000122"", ""pato_label"": ""length"", ""negated"": false, ""value_low"": 1.5, ""value_high"": 3, ""unit"": ""mm"", ""value_text"": """", ""modifier"": """", ""source_text"": ""de 1,5–3 mm de long""}, {""po_id"": ""PO_0009060"", ""po_label"": ""calyx"", ""pato_id"": ""PATO_0000122"", ""pato_label"": ""length"", ""negated"": false, ""value_low"": 4, ""value_high"": 5, ""unit"": ""mm"", ""value_text"": """", ""modifier"": """", ""source_text"": ""calice de 4–5 mm de long""}, {""po_id"": ""PO_0009031"", ""po_label"": ""sepal"", ""pato_id"": ""PATO_0000122"", ""pato_label"": ""length"", ""negated"": false, ""value_low"": 3, ""value_high"": 4, ""unit"": ""mm"", ""value_text"": """", ""modifier"": """", ""source_text"": ""segments de 3–4 mm de long""}, {""po_id"": ""PO_0009031"", ""po_label"": ""sepal"", ""pato_id"": ""PATO_0001875"", ""pato_label"": ""triangular"", ""negated"": false, ""value_low"": null, ""value_high"": null, ""unit"": null, ""value_text"": """", ""modifier"": """", ""source_text"": ""triangulaires""}, {""po_id"": ""PO_0009031"", ""po_label"": ""sepal"", ""pato_id"": ""PATO_0002228"", ""pato_label"": ""acuminate"", ""negated"": false, ""value_low"": null, ""value_high"": null, ""unit"": null, ""value_text"": ""shortly acuminate"", ""modifier"": """", ""source_text"": ""brièvement acuminés""}, {""po_id"": ""PO_0009059"", ""po_label"": ""corolla"", ""pato_id"": ""PATO_0000322"", ""pato_label"": ""red"", ""negated"": false, ""value_low"": null, ""value_high"": null, ""unit"": null, ""value_text"": """", ""modifier"": """", ""source_text"": ""corolle rouge""}, {""po_id"": ""PO_0009059"", ""po_label"": ""corolla"", ""pato_id"": ""PATO_0000122"", ""pato_label"": ""length"", ""negated"": false, ""value_low"": 7, ""value_high"": 8, ""unit"": ""mm"", ""value_text"": """", ""modifier"": """", ""source_text"": ""de 7–8 mm de long""}, {""po_id"": ""PO_0009074"", ""po_label"": ""style"", ""pato_id"": ""PATO_0000122"", ""pato_label"": ""length"", ""negated"": false, ""value_low"": 2, ""value_high"": 2, ""unit"": ""mm"", ""value_text"": """", ""modifier"": """", ""source_text"": ""de 2 mm de long""}, {""po_id"": ""PO_0009074"", ""po_label"": ""style"", ""pato_id"": ""PATO_0000453"", ""pato_label"": ""glabrous"", ""negated"": false, ""value_low"": null, ""value_high"": null, ""unit"": null, ""value_text"": """", ""modifier"": """", ""source_text"": ""glabres""}]"	"[{""po_id"": ""PO_0009052"", ""po_label"": ""pedicel"", ""pato_id"": ""PATO_0000122"", ""pato_label"": ""length"", ""negated"": false, ""value_low"": 3, ""value_high"": 3, ""unit"": ""cm"", ""value_text"": """", ""modifier"": """", ""source_text"": ""à pédicelle de ± 3 cm de long""}, {""po_id"": ""PO_0009043"", ""po_label"": ""bracteole"", ""pato_id"": ""PATO_0000070"", ""pato_label"": ""count"", ""negated"": false, ""value_low"": null, ""value_high"": null, ""unit"": null, ""value_text"": ""5-7"", ""modifier"": """", ""source_text"": ""calicule à 5–7 bractéoles filiformes""}, {""po_id"": ""PO_0009043"", ""po_label"": ""bracteole"", ""pato_id"": ""PATO_0001199"", ""pato_label"": ""linear"", ""negated"": false, ""value_low"": null, ""value_high"": null, ""unit"": null, ""value_text"": ""filiform"", ""modifier"": """", ""source_text"": ""bractéoles filiformes""}, {""po_id"": ""PO_0009043"", ""po_label"": ""bracteole"", ""pato_id"": ""PATO_0000122"", ""pato_label"": ""length"", ""negated"": false, ""value_low"": 1.5, ""value_high"": 3, ""unit"": ""mm"", ""value_text"": """", ""modifier"": """", ""source_text"": ""de 1,5–3 mm de long""}, {""po_id"": ""PO_0009060"", ""po_label"": ""calyx"", ""pato_id"": ""PATO_0000122"", ""pato_label"": ""length"", ""negated"": false, ""value_low"": 4, ""value_high"": 5, ""unit"": ""mm"", ""value_text"": """", ""modifier"": """", ""source_text"": ""calice de 4–5 mm de long""}, {""po_id"": ""PO_0009031"", ""po_label"": ""sepal"", ""pato_id"": ""PATO_0000122"", ""pato_label"": ""length"", ""negated"": false, ""value_low"": 3, ""value_high"": 4, ""unit"": ""mm"", ""value_text"": """", ""modifier"": """", ""source_text"": ""segments de 3–4 mm de long""}, {""po_id"": ""PO_0009031"", ""po_label"": ""sepal"", ""pato_id"": ""PATO_0001875"", ""pato_label"": ""triangular"", ""negated"": false, ""value_low"": null, ""value_high"": null, ""unit"": null, ""value_text"": """", ""modifier"": """", ""source_text"": ""triangulaires""}, {""po_id"": ""PO_0009031"", ""po_label"": ""sepal"", ""pato_id"": ""PATO_0002228"", ""pato_label"": ""acuminate"", ""negated"": false, ""value_low"": null, ""value_high"": null, ""unit"": null, ""value_text"": ""shortly acuminate"", ""modifier"": """", ""source_text"": ""brièvement acuminés""}, {""po_id"": ""PO_0009059"", ""po_label"": ""corolla"", ""pato_id"": ""PATO_0000322"", ""pato_label"": ""red"", ""negated"": false, ""value_low"": null, ""value_high"": null, ""unit"": null, ""value_text"": """", ""modifier"": """", ""source_text"": ""corolle rouge""}, {""po_id"": ""PO_0009059"", ""po_label"": ""corolla"", ""pato_id"": ""PATO_0000122"", ""pato_label"": ""length"", ""negated"": false, ""value_low"": 7, ""value_high"": 8, ""unit"": ""mm"", ""value_text"": """", ""modifier"": """", ""source_text"": ""de 7–8 mm de long""}, {""po_id"": ""PO_0009074"", ""po_label"": ""style"", ""pato_id"": ""PATO_0000122"", ""pato_label"": ""length"", ""negated"": false, ""value_low"": 2, ""value_high"": 2, ""unit"": ""mm"", ""value_text"": """", ""modifier"": """", ""source_text"": ""de 2 mm de long""}, {""po_id"": ""PO_0009074"", ""po_label"": ""style"", ""pato_id"": ""PATO_0000453"", ""pato_label"": ""glabrous"", ""negated"": false, ""value_low"": null, ""value_high"": null, ""unit"": null, ""value_text"": """", ""modifier"": """", ""source_text"": ""glabres""}]"	
paul-046	fdac	899067	Dolichos trinervatus Baker	gousses	fr	jeunes linéaires, atténuées aux extrémités, de ± 3 cm de long et 0,6 cm de large, pubescentes.	"[{""po_id"": ""PO_0009001"", ""po_label"": ""fruit"", ""pato_id"": ""PATO_0001199"", ""pato_label"": ""linear"", ""negated"": false, ""value_low"": null, ""value_high"": null, ""unit"": null, ""value_text"": """", ""modifier"": """", ""source_text"": ""jeunes linéaires""}, {""po_id"": ""PO_0009001"", ""po_label"": ""fruit"", ""pato_id"": ""PATO_0001982"", ""pato_label"": ""attenuate"", ""negated"": false, ""value_low"": null, ""value_high"": null, ""unit"": null, ""value_text"": ""atténuées aux extrémités"", ""modifier"": """", ""source_text"": ""atténuées aux extrémités""}, {""po_id"": ""PO_0009001"", ""po_label"": ""fruit"", ""pato_id"": ""PATO_0000122"", ""pato_label"": ""length"", ""negated"": false, ""value_low"": 3, ""value_high"": 3, ""unit"": ""cm"", ""value_text"": """", ""modifier"": """", ""source_text"": ""de ± 3 cm de long""}, {""po_id"": ""PO_0009001"", ""po_label"": ""fruit"", ""pato_id"": ""PATO_0000921"", ""pato_label"": ""width"", ""negated"": false, ""value_low"": 0.6, ""value_high"": 0.6, ""unit"": ""cm"", ""value_text"": """", ""modifier"": """", ""source_text"": ""0,6 cm de large""}, {""po_id"": ""PO_0009001"", ""po_label"": ""fruit"", ""pato_id"": ""PATO_0000455"", ""pato_label"": ""pubescent"", ""negated"": false, ""value_low"": null, ""value_high"": null, ""unit"": null, ""value_text"": """", ""modifier"": """", ""source_text"": ""pubescentes""}]"	"[{""po_id"": ""PO_0009001"", ""po_label"": ""fruit"", ""pato_id"": ""PATO_0001199"", ""pato_label"": ""linear"", ""negated"": false, ""value_low"": null, ""value_high"": null, ""unit"": null, ""value_text"": """", ""modifier"": """", ""source_text"": ""jeunes linéaires""}, {""po_id"": ""PO_0009001"", ""po_label"": ""fruit"", ""pato_id"": ""PATO_0001982"", ""pato_label"": ""attenuate"", ""negated"": false, ""value_low"": null, ""value_high"": null, ""unit"": null, ""value_text"": ""atténuées aux extrémités"", ""modifier"": """", ""source_text"": ""atténuées aux extrémités""}, {""po_id"": ""PO_0009001"", ""po_label"": ""fruit"", ""pato_id"": ""PATO_0000122"", ""pato_label"": ""length"", ""negated"": false, ""value_low"": 3, ""value_high"": 3, ""unit"": ""cm"", ""value_text"": """", ""modifier"": """", ""source_text"": ""de ± 3 cm de long""}, {""po_id"": ""PO_0009001"", ""po_label"": ""fruit"", ""pato_id"": ""PATO_0000921"", ""pato_label"": ""width"", ""negated"": false, ""value_low"": 0.6, ""value_high"": 0.6, ""unit"": ""cm"", ""value_text"": """", ""modifier"": """", ""source_text"": ""0,6 cm de large""}, {""po_id"": ""PO_0009001"", ""po_label"": ""fruit"", ""pato_id"": ""PATO_0000455"", ""pato_label"": ""pubescent"", ""negated"": false, ""value_low"": null, ""value_high"": null, ""unit"": null, ""value_text"": """", ""modifier"": """", ""source_text"": ""pubescentes""}]"	
paul-047	fdac	896248	Capparis elaeagnoides longipedicellata Gilg	habit	fr	Tiges et feuilles comme dans les formes glabrescentes du type.	[]	[]	
paul-048	fdac	897329	Cassia singueana Delile	inflorescences	fr	6–15-flores, en racème, axillaires, le plus souvent groupées à l'extrémité des rameaux, de 5–13 cm de long; bractées de ± 2 mm de long, carénées, pubescentes à tomenteuses, caduques; 2 glandes bractéolaires semblables à celles du rachis foliaire à l'aisselle de chaque bractée, à stipe généralement un peu plus long.	"[{""po_id"": ""PO_0009049"", ""po_label"": ""inflorescence"", ""pato_id"": ""PATO_0000070"", ""pato_label"": ""count"", ""negated"": false, ""value_low"": null, ""value_high"": null, ""unit"": null, ""value_text"": ""6-15 flowered"", ""modifier"": """", ""source_text"": ""6–15-flores""}, {""po_id"": ""PO_0009049"", ""po_label"": ""inflorescence"", ""pato_id"": ""PATO_0000122"", ""pato_label"": ""length"", ""negated"": false, ""value_low"": 5, ""value_high"": 13, ""unit"": ""cm"", ""value_text"": """", ""modifier"": """", ""source_text"": ""de 5–13 cm de long""}, {""po_id"": ""PO_0009054"", ""po_label"": ""inflorescence bract"", ""pato_id"": ""PATO_0000122"", ""pato_label"": ""length"", ""negated"": false, ""value_low"": 2, ""value_high"": 2, ""unit"": ""mm"", ""value_text"": """", ""modifier"": """", ""source_text"": ""bractées de ± 2 mm de long""}, {""po_id"": ""PO_0009054"", ""po_label"": ""inflorescence bract"", ""pato_id"": ""PATO_0002522"", ""pato_label"": ""keel-shaped"", ""negated"": false, ""value_low"": null, ""value_high"": null, ""unit"": null, ""value_text"": ""keeled"", ""modifier"": """", ""source_text"": ""carénées""}, {""po_id"": ""PO_0009054"", ""po_label"": ""inflorescence bract"", ""pato_id"": ""PATO_0000455"", ""pato_label"": ""pubescent"", ""negated"": false, ""value_low"": null, ""value_high"": null, ""unit"": null, ""value_text"": ""pubescent to tomentose"", ""modifier"": """", ""source_text"": ""pubescentes à tomenteuses""}, {""po_id"": ""PO_0009054"", ""po_label"": ""inflorescence bract"", ""pato_id"": ""PATO_0001731"", ""pato_label"": ""deciduous (plant)"", ""negated"": false, ""value_low"": null, ""value_high"": null, ""unit"": null, ""value_text"": ""caducous"", ""modifier"": """", ""source_text"": ""caduques""}]"	"[{""po_id"": ""PO_0009049"", ""po_label"": ""inflorescence"", ""pato_id"": ""PATO_0000070"", ""pato_label"": ""count"", ""negated"": false, ""value_low"": null, ""value_high"": null, ""unit"": null, ""value_text"": ""6-15 flowered"", ""modifier"": """", ""source_text"": ""6–15-flores""}, {""po_id"": ""PO_0009049"", ""po_label"": ""inflorescence"", ""pato_id"": ""PATO_0000122"", ""pato_label"": ""length"", ""negated"": false, ""value_low"": 5, ""value_high"": 13, ""unit"": ""cm"", ""value_text"": """", ""modifier"": """", ""source_text"": ""de 5–13 cm de long""}, {""po_id"": ""PO_0009054"", ""po_label"": ""inflorescence bract"", ""pato_id"": ""PATO_0000122"", ""pato_label"": ""length"", ""negated"": false, ""value_low"": 2, ""value_high"": 2, ""unit"": ""mm"", ""value_text"": """", ""modifier"": """", ""source_text"": ""bractées de ± 2 mm de long""}, {""po_id"": ""PO_0009054"", ""po_label"": ""inflorescence bract"", ""pato_id"": ""PATO_0002522"", ""pato_label"": ""keel-shaped"", ""negated"": false, ""value_low"": null, ""value_high"": null, ""unit"": null, ""value_text"": ""keeled"", ""modifier"": """", ""source_text"": ""carénées""}, {""po_id"": ""PO_0009054"", ""po_label"": ""inflorescence bract"", ""pato_id"": ""PATO_0000455"", ""pato_label"": ""pubescent"", ""negated"": false, ""value_low"": null, ""value_high"": null, ""unit"": null, ""value_text"": ""pubescent to tomentose"", ""modifier"": """", ""source_text"": ""pubescentes à tomenteuses""}, {""po_id"": ""PO_0009054"", ""po_label"": ""inflorescence bract"", ""pato_id"": ""PATO_0001731"", ""pato_label"": ""deciduous (plant)"", ""negated"": false, ""value_low"": null, ""value_high"": null, ""unit"": null, ""value_text"": ""caducous"", ""modifier"": """", ""source_text"": ""caduques""}]"	
paul-049	fdac	894633	Encephalartos poggei Aschers.	feuilles	fr	de 0,70–1,50 m de long; pétiole de ± 20 cm de long, à base tomenteuse; folioles subopposées, au nombre de 20–60 de chaque côté du rachis, linéaires-lancéolées, légèrement falciformes, munies dans les 2/3 inférieurs de 1–4 spinules sur chaque bord ou à spinules nulles, terminées en une épine simple, les moyennes de 8–15 cm de long et de 7–13 mm de large, glabres à l'état adulte, glaucescentes à l'état vivant.	"[{""po_id"": ""PO_0009025"", ""po_label"": ""vascular leaf"", ""pato_id"": ""PATO_0000122"", ""pato_label"": ""length"", ""negated"": false, ""value_low"": 0.7, ""value_high"": 1.5, ""unit"": ""m"", ""value_text"": """", ""modifier"": """", ""source_text"": ""de 0,70–1,50 m de long""}, {""po_id"": ""PO_0020038"", ""po_label"": ""petiole"", ""pato_id"": ""PATO_0000122"", ""pato_label"": ""length"", ""negated"": false, ""value_low"": 20, ""value_high"": 20, ""unit"": ""cm"", ""value_text"": """", ""modifier"": """", ""source_text"": ""pétiole de ± 20 cm de long""}, {""po_id"": ""PO_0008024"", ""po_label"": ""petiole proximal end"", ""pato_id"": ""PATO_0002341"", ""pato_label"": ""tomentose"", ""negated"": false, ""value_low"": null, ""value_high"": null, ""unit"": null, ""value_text"": """", ""modifier"": """", ""source_text"": ""à base tomenteuse""}, {""po_id"": ""PO_0020049"", ""po_label"": ""leaflet"", ""pato_id"": ""PATO_0001877"", ""pato_label"": ""lanceolate"", ""negated"": false, ""value_low"": null, ""value_high"": null, ""unit"": null, ""value_text"": ""linear-lanceolate"", ""modifier"": """", ""source_text"": ""linéaires-lancéolées""}, {""po_id"": ""PO_0020049"", ""po_label"": ""leaflet"", ""pato_id"": ""PATO_0002215"", ""pato_label"": ""falciform"", ""negated"": false, ""value_low"": null, ""value_high"": null, ""unit"": null, ""value_text"": """", ""modifier"": """", ""source_text"": ""légèrement falciformes""}, {""po_id"": ""PO_0020049"", ""po_label"": ""leaflet"", ""pato_id"": ""PATO_0000122"", ""pato_label"": ""length"", ""negated"": false, ""value_low"": 8, ""value_high"": 15, ""unit"": ""cm"", ""value_text"": """", ""modifier"": """", ""source_text"": ""les moyennes de 8–15 cm de long""}, {""po_id"": ""PO_0020049"", ""po_label"": ""leaflet"", ""pato_id"": ""PATO_0000921"", ""pato_label"": ""width"", ""negated"": false, ""value_low"": 7, ""value_high"": 13, ""unit"": ""mm"", ""value_text"": """", ""modifier"": """", ""source_text"": ""de 7–13 mm de large""}, {""po_id"": ""PO_0020049"", ""po_label"": ""leaflet"", ""pato_id"": ""PATO_0000453"", ""pato_label"": ""glabrous"", ""negated"": false, ""value_low"": null, ""value_high"": null, ""unit"": null, ""value_text"": """", ""modifier"": """", ""source_text"": ""glabres à l'état adulte""}]"	"[{""po_id"": ""PO_0009025"", ""po_label"": ""vascular leaf"", ""pato_id"": ""PATO_0000122"", ""pato_label"": ""length"", ""negated"": false, ""value_low"": 0.7, ""value_high"": 1.5, ""unit"": ""m"", ""value_text"": """", ""modifier"": """", ""source_text"": ""de 0,70–1,50 m de long""}, {""po_id"": ""PO_0020038"", ""po_label"": ""petiole"", ""pato_id"": ""PATO_0000122"", ""pato_label"": ""length"", ""negated"": false, ""value_low"": 20, ""value_high"": 20, ""unit"": ""cm"", ""value_text"": """", ""modifier"": """", ""source_text"": ""pétiole de ± 20 cm de long""}, {""po_id"": ""PO_0008024"", ""po_label"": ""petiole proximal end"", ""pato_id"": ""PATO_0002341"", ""pato_label"": ""tomentose"", ""negated"": false, ""value_low"": null, ""value_high"": null, ""unit"": null, ""value_text"": """", ""modifier"": """", ""source_text"": ""à base tomenteuse""}, {""po_id"": ""PO_0020049"", ""po_label"": ""leaflet"", ""pato_id"": ""PATO_0001877"", ""pato_label"": ""lanceolate"", ""negated"": false, ""value_low"": null, ""value_high"": null, ""unit"": null, ""value_text"": ""linear-lanceolate"", ""modifier"": """", ""source_text"": ""linéaires-lancéolées""}, {""po_id"": ""PO_0020049"", ""po_label"": ""leaflet"", ""pato_id"": ""PATO_0002215"", ""pato_label"": ""falciform"", ""negated"": false, ""value_low"": null, ""value_high"": null, ""unit"": null, ""value_text"": """", ""modifier"": """", ""source_text"": ""légèrement falciformes""}, {""po_id"": ""PO_0020049"", ""po_label"": ""leaflet"", ""pato_id"": ""PATO_0000122"", ""pato_label"": ""length"", ""negated"": false, ""value_low"": 8, ""value_high"": 15, ""unit"": ""cm"", ""value_text"": """", ""modifier"": """", ""source_text"": ""les moyennes de 8–15 cm de long""}, {""po_id"": ""PO_0020049"", ""po_label"": ""leaflet"", ""pato_id"": ""PATO_0000921"", ""pato_label"": ""width"", ""negated"": false, ""value_low"": 7, ""value_high"": 13, ""unit"": ""mm"", ""value_text"": """", ""modifier"": """", ""source_text"": ""de 7–13 mm de large""}, {""po_id"": ""PO_0020049"", ""po_label"": ""leaflet"", ""pato_id"": ""PATO_0000453"", ""pato_label"": ""glabrous"", ""negated"": false, ""value_low"": null, ""value_high"": null, ""unit"": null, ""value_text"": """", ""modifier"": """", ""source_text"": ""glabres à l'état adulte""}]"	
paul-050	fdac	898672	Dalbergia afzeliana G.Don	panicules	fr	axillaires ou subterminales, ± denses, atteignant 15 cm de long, à rachis et ramifications densément strigueux-pubérulents à poils roux, au moins à l'état jeune; bractées petites et rapidement caduques.	"[{""po_id"": ""PO_0009049"", ""po_label"": ""inflorescence"", ""pato_id"": ""PATO_0000122"", ""pato_label"": ""length"", ""negated"": false, ""value_low"": null, ""value_high"": 15, ""unit"": ""cm"", ""value_text"": """", ""modifier"": """", ""source_text"": ""atteignant 15 cm de long""}, {""po_id"": ""PO_0009049"", ""po_label"": ""inflorescence"", ""pato_id"": ""PATO_0001164"", ""pato_label"": ""dense"", ""negated"": false, ""value_low"": null, ""value_high"": null, ""unit"": null, ""value_text"": """", ""modifier"": """", ""source_text"": ""± denses""}, {""po_id"": ""PO_0020122"", ""po_label"": ""inflorescence axis"", ""pato_id"": ""PATO_0000455"", ""pato_label"": ""pubescent"", ""negated"": false, ""value_low"": null, ""value_high"": null, ""unit"": null, ""value_text"": ""densément strigueux-pubérulents"", ""modifier"": """", ""source_text"": ""à rachis et ramifications densément strigueux-pubérulents à poils roux""}, {""po_id"": ""PO_0009055"", ""po_label"": ""bract"", ""pato_id"": ""PATO_0000587"", ""pato_label"": ""decreased size"", ""negated"": false, ""value_low"": null, ""value_high"": null, ""unit"": null, ""value_text"": """", ""modifier"": """", ""source_text"": ""bractées petites""}, {""po_id"": ""PO_0009055"", ""po_label"": ""bract"", ""pato_id"": ""PATO_0001731"", ""pato_label"": ""deciduous (plant)"", ""negated"": false, ""value_low"": null, ""value_high"": null, ""unit"": null, ""value_text"": """", ""modifier"": """", ""source_text"": ""rapidement caduques""}]"	"[{""po_id"": ""PO_0009049"", ""po_label"": ""inflorescence"", ""pato_id"": ""PATO_0000122"", ""pato_label"": ""length"", ""negated"": false, ""value_low"": null, ""value_high"": 15, ""unit"": ""cm"", ""value_text"": """", ""modifier"": """", ""source_text"": ""atteignant 15 cm de long""}, {""po_id"": ""PO_0009049"", ""po_label"": ""inflorescence"", ""pato_id"": ""PATO_0001164"", ""pato_label"": ""dense"", ""negated"": false, ""value_low"": null, ""value_high"": null, ""unit"": null, ""value_text"": """", ""modifier"": """", ""source_text"": ""± denses""}, {""po_id"": ""PO_0020122"", ""po_label"": ""inflorescence axis"", ""pato_id"": ""PATO_0000455"", ""pato_label"": ""pubescent"", ""negated"": false, ""value_low"": null, ""value_high"": null, ""unit"": null, ""value_text"": ""densément strigueux-pubérulents"", ""modifier"": """", ""source_text"": ""à rachis et ramifications densément strigueux-pubérulents à poils roux""}, {""po_id"": ""PO_0009055"", ""po_label"": ""bract"", ""pato_id"": ""PATO_0000587"", ""pato_label"": ""decreased size"", ""negated"": false, ""value_low"": null, ""value_high"": null, ""unit"": null, ""value_text"": """", ""modifier"": """", ""source_text"": ""bractées petites""}, {""po_id"": ""PO_0009055"", ""po_label"": ""bract"", ""pato_id"": ""PATO_0001731"", ""pato_label"": ""deciduous (plant)"", ""negated"": false, ""value_low"": null, ""value_high"": null, ""unit"": null, ""value_text"": """", ""modifier"": """", ""source_text"": ""rapidement caduques""}]"	
paul-051	fdac	902944	Strychnos scheffleri Gilg ex Gilg & Busse	graines	fr	obliquement elliptiques, aplaties, de 15–18 mm de long, 10–13 mm de large et 3–5 mm d'épaisseur, souvent courbes, rugueuses, courtement et densément scabres; testa épais.	"[{""po_id"": ""PO_0009010"", ""po_label"": ""seed"", ""pato_id"": ""PATO_0000947"", ""pato_label"": ""elliptic"", ""negated"": false, ""value_low"": null, ""value_high"": null, ""unit"": null, ""value_text"": ""obliquely elliptic"", ""modifier"": """", ""source_text"": ""obliquement elliptiques""}, {""po_id"": ""PO_0009010"", ""po_label"": ""seed"", ""pato_id"": ""PATO_0002254"", ""pato_label"": ""flattened"", ""negated"": false, ""value_low"": null, ""value_high"": null, ""unit"": null, ""value_text"": """", ""modifier"": """", ""source_text"": ""aplaties""}, {""po_id"": ""PO_0009010"", ""po_label"": ""seed"", ""pato_id"": ""PATO_0000122"", ""pato_label"": ""length"", ""negated"": false, ""value_low"": 15, ""value_high"": 18, ""unit"": ""mm"", ""value_text"": """", ""modifier"": """", ""source_text"": ""de 15–18 mm de long""}, {""po_id"": ""PO_0009010"", ""po_label"": ""seed"", ""pato_id"": ""PATO_0000921"", ""pato_label"": ""width"", ""negated"": false, ""value_low"": 10, ""value_high"": 13, ""unit"": ""mm"", ""value_text"": """", ""modifier"": """", ""source_text"": ""10–13 mm de large""}, {""po_id"": ""PO_0009010"", ""po_label"": ""seed"", ""pato_id"": ""PATO_0000915"", ""pato_label"": ""thickness"", ""negated"": false, ""value_low"": 3, ""value_high"": 5, ""unit"": ""mm"", ""value_text"": """", ""modifier"": """", ""source_text"": ""3–5 mm d'épaisseur""}, {""po_id"": ""PO_0009010"", ""po_label"": ""seed"", ""pato_id"": ""PATO_0000406"", ""pato_label"": ""curved"", ""negated"": false, ""value_low"": null, ""value_high"": null, ""unit"": null, ""value_text"": """", ""modifier"": ""often"", ""source_text"": ""souvent courbes""}, {""po_id"": ""PO_0009010"", ""po_label"": ""seed"", ""pato_id"": ""PATO_0001359"", ""pato_label"": ""rugose"", ""negated"": false, ""value_low"": null, ""value_high"": null, ""unit"": null, ""value_text"": """", ""modifier"": """", ""source_text"": ""rugueuses""}, {""po_id"": ""PO_0009010"", ""po_label"": ""seed"", ""pato_id"": ""PATO_0000700"", ""pato_label"": ""rough"", ""negated"": false, ""value_low"": null, ""value_high"": null, ""unit"": null, ""value_text"": ""scabrous"", ""modifier"": """", ""source_text"": ""courtement et densément scabres""}, {""po_id"": ""PO_0020057"", ""po_label"": ""testa"", ""pato_id"": ""PATO_0000591"", ""pato_label"": ""increased thickness"", ""negated"": false, ""value_low"": null, ""value_high"": null, ""unit"": null, ""value_text"": """", ""modifier"": """", ""source_text"": ""testa épais""}]"	"[{""po_id"": ""PO_0009010"", ""po_label"": ""seed"", ""pato_id"": ""PATO_0000947"", ""pato_label"": ""elliptic"", ""negated"": false, ""value_low"": null, ""value_high"": null, ""unit"": null, ""value_text"": ""obliquely elliptic"", ""modifier"": """", ""source_text"": ""obliquement elliptiques""}, {""po_id"": ""PO_0009010"", ""po_label"": ""seed"", ""pato_id"": ""PATO_0002254"", ""pato_label"": ""flattened"", ""negated"": false, ""value_low"": null, ""value_high"": null, ""unit"": null, ""value_text"": """", ""modifier"": """", ""source_text"": ""aplaties""}, {""po_id"": ""PO_0009010"", ""po_label"": ""seed"", ""pato_id"": ""PATO_0000122"", ""pato_label"": ""length"", ""negated"": false, ""value_low"": 15, ""value_high"": 18, ""unit"": ""mm"", ""value_text"": """", ""modifier"": """", ""source_text"": ""de 15–18 mm de long""}, {""po_id"": ""PO_0009010"", ""po_label"": ""seed"", ""pato_id"": ""PATO_0000921"", ""pato_label"": ""width"", ""negated"": false, ""value_low"": 10, ""value_high"": 13, ""unit"": ""mm"", ""value_text"": """", ""modifier"": """", ""source_text"": ""10–13 mm de large""}, {""po_id"": ""PO_0009010"", ""po_label"": ""seed"", ""pato_id"": ""PATO_0000915"", ""pato_label"": ""thickness"", ""negated"": false, ""value_low"": 3, ""value_high"": 5, ""unit"": ""mm"", ""value_text"": """", ""modifier"": """", ""source_text"": ""3–5 mm d'épaisseur""}, {""po_id"": ""PO_0009010"", ""po_label"": ""seed"", ""pato_id"": ""PATO_0000406"", ""pato_label"": ""curved"", ""negated"": false, ""value_low"": null, ""value_high"": null, ""unit"": null, ""value_text"": """", ""modifier"": ""often"", ""source_text"": ""souvent courbes""}, {""po_id"": ""PO_0009010"", ""po_label"": ""seed"", ""pato_id"": ""PATO_0001359"", ""pato_label"": ""rugose"", ""negated"": false, ""value_low"": null, ""value_high"": null, ""unit"": null, ""value_text"": """", ""modifier"": """", ""source_text"": ""rugueuses""}, {""po_id"": ""PO_0009010"", ""po_label"": ""seed"", ""pato_id"": ""PATO_0000700"", ""pato_label"": ""rough"", ""negated"": false, ""value_low"": null, ""value_high"": null, ""unit"": null, ""value_text"": ""scabrous"", ""modifier"": """", ""source_text"": ""courtement et densément scabres""}, {""po_id"": ""PO_0020057"", ""po_label"": ""testa"", ""pato_id"": ""PATO_0000591"", ""pato_label"": ""increased thickness"", ""negated"": false, ""value_low"": null, ""value_high"": null, ""unit"": null, ""value_text"": """", ""modifier"": """", ""source_text"": ""testa épais""}]"	
paul-052	flora-gabon	fdgvol12and17_final.xml	Parapentas setigera Verdc.	stigma	fr	Stigmate à 2 lobes digités papillifères, blanc.	"[{""po_id"": ""PO_0009073"", ""po_label"": ""stigma"", ""pato_id"": ""PATO_0002214"", ""pato_label"": ""bilobed"", ""negated"": false, ""value_low"": null, ""value_high"": null, ""unit"": null, ""value_text"": """", ""modifier"": """", ""source_text"": ""à 2 lobes""}, {""po_id"": ""PO_0009073"", ""po_label"": ""stigma"", ""pato_id"": ""PATO_0001980"", ""pato_label"": ""digitate"", ""negated"": false, ""value_low"": null, ""value_high"": null, ""unit"": null, ""value_text"": """", ""modifier"": """", ""source_text"": ""digités""}, {""po_id"": ""PO_0009073"", ""po_label"": ""stigma"", ""pato_id"": ""PATO_0002108"", ""pato_label"": ""papillary"", ""negated"": false, ""value_low"": null, ""value_high"": null, ""unit"": null, ""value_text"": """", ""modifier"": """", ""source_text"": ""papillifères""}, {""po_id"": ""PO_0009073"", ""po_label"": ""stigma"", ""pato_id"": ""PATO_0000323"", ""pato_label"": ""white"", ""negated"": false, ""value_low"": null, ""value_high"": null, ""unit"": null, ""value_text"": """", ""modifier"": """", ""source_text"": ""blanc""}]"	"[{""po_id"": ""PO_0009073"", ""po_label"": ""stigma"", ""pato_id"": ""PATO_0002214"", ""pato_label"": ""bilobed"", ""negated"": false, ""value_low"": null, ""value_high"": null, ""unit"": null, ""value_text"": """", ""modifier"": """", ""source_text"": ""à 2 lobes""}, {""po_id"": ""PO_0009073"", ""po_label"": ""stigma"", ""pato_id"": ""PATO_0001980"", ""pato_label"": ""digitate"", ""negated"": false, ""value_low"": null, ""value_high"": null, ""unit"": null, ""value_text"": """", ""modifier"": """", ""source_text"": ""digités""}, {""po_id"": ""PO_0009073"", ""po_label"": ""stigma"", ""pato_id"": ""PATO_0002108"", ""pato_label"": ""papillary"", ""negated"": false, ""value_low"": null, ""value_high"": null, ""unit"": null, ""value_text"": """", ""modifier"": """", ""source_text"": ""papillifères""}, {""po_id"": ""PO_0009073"", ""po_label"": ""stigma"", ""pato_id"": ""PATO_0000323"", ""pato_label"": ""white"", ""negated"": false, ""value_low"": null, ""value_high"": null, ""unit"": null, ""value_text"": """", ""modifier"": """", ""source_text"": ""blanc""}]"	
paul-053	flora-gabon	fdgvol16_final.xml	Piptostigma pilosum Oliver	fruits	fr	Fruits (non vus) à méricarpes sessiles, rouge foncé, brusquement recourbés au sommet, longs de 2,5-5 cm, densément tomenteux.	"[{""po_id"": ""PO_0009001"", ""po_label"": ""fruit"", ""pato_id"": ""PATO_0001436"", ""pato_label"": ""sessile (sensu botany)"", ""negated"": false, ""value_low"": null, ""value_high"": null, ""unit"": null, ""value_text"": """", ""modifier"": """", ""source_text"": ""méricarpes sessiles""}, {""po_id"": ""PO_0009001"", ""po_label"": ""fruit"", ""pato_id"": ""PATO_0001261"", ""pato_label"": ""dark red"", ""negated"": false, ""value_low"": null, ""value_high"": null, ""unit"": null, ""value_text"": """", ""modifier"": """", ""source_text"": ""rouge foncé""}, {""po_id"": ""PO_0009001"", ""po_label"": ""fruit"", ""pato_id"": ""PATO_0002211"", ""pato_label"": ""recurved"", ""negated"": false, ""value_low"": null, ""value_high"": null, ""unit"": null, ""value_text"": """", ""modifier"": """", ""source_text"": ""brusquement recourbés au sommet""}, {""po_id"": ""PO_0009001"", ""po_label"": ""fruit"", ""pato_id"": ""PATO_0000122"", ""pato_label"": ""length"", ""negated"": false, ""value_low"": 2.5, ""value_high"": 5, ""unit"": ""cm"", ""value_text"": """", ""modifier"": """", ""source_text"": ""longs de 2,5-5 cm""}, {""po_id"": ""PO_0009001"", ""po_label"": ""fruit"", ""pato_id"": ""PATO_0002341"", ""pato_label"": ""tomentose"", ""negated"": false, ""value_low"": null, ""value_high"": null, ""unit"": null, ""value_text"": """", ""modifier"": """", ""source_text"": ""densément tomenteux""}]"	"[{""po_id"": ""PO_0009001"", ""po_label"": ""fruit"", ""pato_id"": ""PATO_0001436"", ""pato_label"": ""sessile (sensu botany)"", ""negated"": false, ""value_low"": null, ""value_high"": null, ""unit"": null, ""value_text"": """", ""modifier"": """", ""source_text"": ""méricarpes sessiles""}, {""po_id"": ""PO_0009001"", ""po_label"": ""fruit"", ""pato_id"": ""PATO_0001261"", ""pato_label"": ""dark red"", ""negated"": false, ""value_low"": null, ""value_high"": null, ""unit"": null, ""value_text"": """", ""modifier"": """", ""source_text"": ""rouge foncé""}, {""po_id"": ""PO_0009001"", ""po_label"": ""fruit"", ""pato_id"": ""PATO_0002211"", ""pato_label"": ""recurved"", ""negated"": false, ""value_low"": null, ""value_high"": null, ""unit"": null, ""value_text"": """", ""modifier"": """", ""source_text"": ""brusquement recourbés au sommet""}, {""po_id"": ""PO_0009001"", ""po_label"": ""fruit"", ""pato_id"": ""PATO_0000122"", ""pato_label"": ""length"", ""negated"": false, ""value_low"": 2.5, ""value_high"": 5, ""unit"": ""cm"", ""value_text"": """", ""modifier"": """", ""source_text"": ""longs de 2,5-5 cm""}, {""po_id"": ""PO_0009001"", ""po_label"": ""fruit"", ""pato_id"": ""PATO_0002341"", ""pato_label"": ""tomentose"", ""negated"": false, ""value_low"": null, ""value_high"": null, ""unit"": null, ""value_text"": """", ""modifier"": """", ""source_text"": ""densément tomenteux""}]"	
paul-054	flora-gabon	fdgvol32_final.xml	Dichapetalum acuminatum De Wildeman	habit	fr	Arbuste ou arbuste lianescent, mais ordinairement liane parvenant au sommet de la voûte forestière, diamètre de la tige ≤ 6 cm.	"[{""po_id"": ""PO_0009047"", ""po_label"": ""stem"", ""pato_id"": ""PATO_0001334"", ""pato_label"": ""diameter"", ""negated"": false, ""value_low"": null, ""value_high"": 6, ""unit"": ""cm"", ""value_text"": """", ""modifier"": """", ""source_text"": ""diamètre de la tige ≤ 6 cm""}]"	"[{""po_id"": ""PO_0009047"", ""po_label"": ""stem"", ""pato_id"": ""PATO_0001334"", ""pato_label"": ""diameter"", ""negated"": false, ""value_low"": null, ""value_high"": 6, ""unit"": ""cm"", ""value_text"": """", ""modifier"": """", ""source_text"": ""diamètre de la tige ≤ 6 cm""}]"	
paul-055	flora-gabon	fdgvol40_final.xml	CARICACEAE	inflorescences	fr	Inflorescences axillaires, cymeuses, fleurs rarement solitaires.	[]	[]	
paul-056	flora-gabon	fdgvol28_final.xml	Pandanus candelabrum Palisot de Beauvois	leaves	fr	Feuilles jusqu'à 2 m longues et 6 cm ou plus larges; plis latéraux inermes; épines marginales antrorses (parfois quelques-unes rétrorses en bas), en général plus denses que les épines costales de mêmes niveaux; celles-ci rétrorses dans la partie inférieure (parfois quelques-unes antrorses), antrorses plus haut jusqu'à l'apex.	"[{""po_id"": ""PO_0009025"", ""po_label"": ""vascular leaf"", ""pato_id"": ""PATO_0000122"", ""pato_label"": ""length"", ""negated"": false, ""value_low"": null, ""value_high"": 2.0, ""unit"": ""m"", ""value_text"": """", ""modifier"": """", ""source_text"": ""Feuilles jusqu'à 2 m longues""}, {""po_id"": ""PO_0009025"", ""po_label"": ""vascular leaf"", ""pato_id"": ""PATO_0000921"", ""pato_label"": ""width"", ""negated"": false, ""value_low"": 6, ""value_high"": null, ""unit"": ""cm"", ""value_text"": """", ""modifier"": """", ""source_text"": ""6 cm ou plus larges""}, {""po_id"": ""PO_0025175"", ""po_label"": ""leaf prickle"", ""pato_id"": ""PATO_0002238"", ""pato_label"": ""antrorse"", ""negated"": false, ""value_low"": null, ""value_high"": null, ""unit"": null, ""value_text"": """", ""modifier"": """", ""source_text"": ""épines marginales antrorses""}, {""po_id"": ""PO_0025175"", ""po_label"": ""leaf prickle"", ""pato_id"": ""PATO_0002237"", ""pato_label"": ""retrorse"", ""negated"": false, ""value_low"": null, ""value_high"": null, ""unit"": null, ""value_text"": """", ""modifier"": ""sometimes"", ""source_text"": ""parfois quelques-unes rétrorses en bas""}, {""po_id"": ""PO_0025175"", ""po_label"": ""leaf prickle"", ""pato_id"": ""PATO_0002237"", ""pato_label"": ""retrorse"", ""negated"": false, ""value_low"": null, ""value_high"": null, ""unit"": null, ""value_text"": ""costal spines, lower part"", ""modifier"": """", ""source_text"": ""celles-ci rétrorses dans la partie inférieure""}, {""po_id"": ""PO_0025175"", ""po_label"": ""leaf prickle"", ""pato_id"": ""PATO_0002238"", ""pato_label"": ""antrorse"", ""negated"": false, ""value_low"": null, ""value_high"": null, ""unit"": null, ""value_text"": ""costal spines, upper part"", ""modifier"": """", ""source_text"": ""antrorses plus haut jusqu'à l'apex""}]"	"[{""po_id"": ""PO_0009025"", ""po_label"": ""vascular leaf"", ""pato_id"": ""PATO_0000122"", ""pato_label"": ""length"", ""negated"": false, ""value_low"": null, ""value_high"": 2.0, ""unit"": ""m"", ""value_text"": """", ""modifier"": """", ""source_text"": ""Feuilles jusqu'à 2 m longues""}, {""po_id"": ""PO_0009025"", ""po_label"": ""vascular leaf"", ""pato_id"": ""PATO_0000921"", ""pato_label"": ""width"", ""negated"": false, ""value_low"": 6, ""value_high"": null, ""unit"": ""cm"", ""value_text"": """", ""modifier"": """", ""source_text"": ""6 cm ou plus larges""}, {""po_id"": ""PO_0025175"", ""po_label"": ""leaf prickle"", ""pato_id"": ""PATO_0002238"", ""pato_label"": ""antrorse"", ""negated"": false, ""value_low"": null, ""value_high"": null, ""unit"": null, ""value_text"": """", ""modifier"": """", ""source_text"": ""épines marginales antrorses""}, {""po_id"": ""PO_0025175"", ""po_label"": ""leaf prickle"", ""pato_id"": ""PATO_0002237"", ""pato_label"": ""retrorse"", ""negated"": false, ""value_low"": null, ""value_high"": null, ""unit"": null, ""value_text"": """", ""modifier"": ""sometimes"", ""source_text"": ""parfois quelques-unes rétrorses en bas""}, {""po_id"": ""PO_0025175"", ""po_label"": ""leaf prickle"", ""pato_id"": ""PATO_0002237"", ""pato_label"": ""retrorse"", ""negated"": false, ""value_low"": null, ""value_high"": null, ""unit"": null, ""value_text"": ""costal spines, lower part"", ""modifier"": """", ""source_text"": ""celles-ci rétrorses dans la partie inférieure""}, {""po_id"": ""PO_0025175"", ""po_label"": ""leaf prickle"", ""pato_id"": ""PATO_0002238"", ""pato_label"": ""antrorse"", ""negated"": false, ""value_low"": null, ""value_high"": null, ""unit"": null, ""value_text"": ""costal spines, upper part"", ""modifier"": """", ""source_text"": ""antrorses plus haut jusqu'à l'apex""}]"	
paul-057	flora-gabon	fdgvol9_final.xml	Renealmia polyantha K. Schum.	capsules	fr	Capsule globuleuse rouge, d'environ 8 mm de diamètre, avec 8 à 9 graines en moyenne.	"[{""po_id"": ""PO_0009001"", ""po_label"": ""fruit"", ""pato_id"": ""PATO_0001499"", ""pato_label"": ""spherical"", ""negated"": false, ""value_low"": null, ""value_high"": null, ""unit"": null, ""value_text"": """", ""modifier"": """", ""source_text"": ""Capsule globuleuse""}, {""po_id"": ""PO_0009001"", ""po_label"": ""fruit"", ""pato_id"": ""PATO_0000322"", ""pato_label"": ""red"", ""negated"": false, ""value_low"": null, ""value_high"": null, ""unit"": null, ""value_text"": """", ""modifier"": """", ""source_text"": ""rouge""}, {""po_id"": ""PO_0009001"", ""po_label"": ""fruit"", ""pato_id"": ""PATO_0001334"", ""pato_label"": ""diameter"", ""negated"": false, ""value_low"": 8, ""value_high"": 8, ""unit"": ""mm"", ""value_text"": """", ""modifier"": """", ""source_text"": ""d'environ 8 mm de diamètre""}]"	"[{""po_id"": ""PO_0009001"", ""po_label"": ""fruit"", ""pato_id"": ""PATO_0001499"", ""pato_label"": ""spherical"", ""negated"": false, ""value_low"": null, ""value_high"": null, ""unit"": null, ""value_text"": """", ""modifier"": """", ""source_text"": ""Capsule globuleuse""}, {""po_id"": ""PO_0009001"", ""po_label"": ""fruit"", ""pato_id"": ""PATO_0000322"", ""pato_label"": ""red"", ""negated"": false, ""value_low"": null, ""value_high"": null, ""unit"": null, ""value_text"": """", ""modifier"": """", ""source_text"": ""rouge""}, {""po_id"": ""PO_0009001"", ""po_label"": ""fruit"", ""pato_id"": ""PATO_0001334"", ""pato_label"": ""diameter"", ""negated"": false, ""value_low"": 8, ""value_high"": 8, ""unit"": ""mm"", ""value_text"": """", ""modifier"": """", ""source_text"": ""d'environ 8 mm de diamètre""}]"	
paul-058	flora-gabon	fdgvol32_final.xml	Dichapetalum choristilum Engler	seeds	fr	Graines cllipsoïdales ou presque, ≤ 15 X 10 mm; testa brun et fin.	"[{""po_id"": ""PO_0009010"", ""po_label"": ""seed"", ""pato_id"": ""PATO_0000947"", ""pato_label"": ""elliptic"", ""negated"": false, ""value_low"": null, ""value_high"": null, ""unit"": null, ""value_text"": """", ""modifier"": """", ""source_text"": ""Graines cllipsoïdales ou presque""}, {""po_id"": ""PO_0009010"", ""po_label"": ""seed"", ""pato_id"": ""PATO_0000122"", ""pato_label"": ""length"", ""negated"": false, ""value_low"": null, ""value_high"": 15, ""unit"": ""mm"", ""value_text"": """", ""modifier"": """", ""source_text"": ""≤ 15 X 10 mm""}, {""po_id"": ""PO_0009010"", ""po_label"": ""seed"", ""pato_id"": ""PATO_0000921"", ""pato_label"": ""width"", ""negated"": false, ""value_low"": null, ""value_high"": 10, ""unit"": ""mm"", ""value_text"": """", ""modifier"": """", ""source_text"": ""≤ 15 X 10 mm""}, {""po_id"": ""PO_0020057"", ""po_label"": ""testa"", ""pato_id"": ""PATO_0000952"", ""pato_label"": ""brown"", ""negated"": false, ""value_low"": null, ""value_high"": null, ""unit"": null, ""value_text"": """", ""modifier"": """", ""source_text"": ""testa brun""}, {""po_id"": ""PO_0020057"", ""po_label"": ""testa"", ""pato_id"": ""PATO_0000592"", ""pato_label"": ""decreased thickness"", ""negated"": false, ""value_low"": null, ""value_high"": null, ""unit"": null, ""value_text"": """", ""modifier"": """", ""source_text"": ""fin""}]"	"[{""po_id"": ""PO_0009010"", ""po_label"": ""seed"", ""pato_id"": ""PATO_0000947"", ""pato_label"": ""elliptic"", ""negated"": false, ""value_low"": null, ""value_high"": null, ""unit"": null, ""value_text"": """", ""modifier"": """", ""source_text"": ""Graines cllipsoïdales ou presque""}, {""po_id"": ""PO_0009010"", ""po_label"": ""seed"", ""pato_id"": ""PATO_0000122"", ""pato_label"": ""length"", ""negated"": false, ""value_low"": null, ""value_high"": 15, ""unit"": ""mm"", ""value_text"": """", ""modifier"": """", ""source_text"": ""≤ 15 X 10 mm""}, {""po_id"": ""PO_0009010"", ""po_label"": ""seed"", ""pato_id"": ""PATO_0000921"", ""pato_label"": ""width"", ""negated"": false, ""value_low"": null, ""value_high"": 10, ""unit"": ""mm"", ""value_text"": """", ""modifier"": """", ""source_text"": ""≤ 15 X 10 mm""}, {""po_id"": ""PO_0020057"", ""po_label"": ""testa"", ""pato_id"": ""PATO_0000952"", ""pato_label"": ""brown"", ""negated"": false, ""value_low"": null, ""value_high"": null, ""unit"": null, ""value_text"": """", ""modifier"": """", ""source_text"": ""testa brun""}, {""po_id"": ""PO_0020057"", ""po_label"": ""testa"", ""pato_id"": ""PATO_0000592"", ""pato_label"": ""decreased thickness"", ""negated"": false, ""value_low"": null, ""value_high"": null, ""unit"": null, ""value_text"": """", ""modifier"": """", ""source_text"": ""fin""}]"	
paul-059	flora-malesiana	vol18_final.xml	Trachelospermum vanoverberghii Merr.	stamens	en	Stamens inserted at 1.7-1.9 mm from corolla base which is 0.3-0.5 of tube length; anthers 2.8-3.1 by 0.7 mm, 4-4.4 times as long as wide; not exserted.	"[{""po_id"": ""PO_0009066"", ""po_label"": ""anther"", ""pato_id"": ""PATO_0000122"", ""pato_label"": ""length"", ""negated"": false, ""value_low"": 2.8, ""value_high"": 3.1, ""unit"": ""mm"", ""value_text"": """", ""modifier"": """", ""source_text"": ""anthers 2.8-3.1 by 0.7 mm""}, {""po_id"": ""PO_0009066"", ""po_label"": ""anther"", ""pato_id"": ""PATO_0000921"", ""pato_label"": ""width"", ""negated"": false, ""value_low"": 0.7, ""value_high"": 0.7, ""unit"": ""mm"", ""value_text"": """", ""modifier"": """", ""source_text"": ""anthers 2.8-3.1 by 0.7 mm""}, {""po_id"": ""PO_0009029"", ""po_label"": ""stamen"", ""pato_id"": ""PATO_0000623"", ""pato_label"": ""exserted"", ""negated"": true, ""value_low"": null, ""value_high"": null, ""unit"": null, ""value_text"": """", ""modifier"": """", ""source_text"": ""not exserted""}]"	"[{""po_id"": ""PO_0009066"", ""po_label"": ""anther"", ""pato_id"": ""PATO_0000122"", ""pato_label"": ""length"", ""negated"": false, ""value_low"": 2.8, ""value_high"": 3.1, ""unit"": ""mm"", ""value_text"": """", ""modifier"": """", ""source_text"": ""anthers 2.8-3.1 by 0.7 mm""}, {""po_id"": ""PO_0009066"", ""po_label"": ""anther"", ""pato_id"": ""PATO_0000921"", ""pato_label"": ""width"", ""negated"": false, ""value_low"": 0.7, ""value_high"": 0.7, ""unit"": ""mm"", ""value_text"": """", ""modifier"": """", ""source_text"": ""anthers 2.8-3.1 by 0.7 mm""}, {""po_id"": ""PO_0009029"", ""po_label"": ""stamen"", ""pato_id"": ""PATO_0000623"", ""pato_label"": ""exserted"", ""negated"": true, ""value_low"": null, ""value_high"": null, ""unit"": null, ""value_text"": """", ""modifier"": """", ""source_text"": ""not exserted""}]"	
paul-060	flora-malesiana	vol14_final.xml	Horsfieldia crux-melitensis Markgr.	fruits	en	Fruits 1-4 per infructescence, ellipsoid-ovoid, 1.4 by 0.8-0.9 cm, apex apiculate for 2 mm, base broadly rounded; pericarp 0.5(-l) mm thick, blackish, finely pubescent, partly glabrescent leaving a fine brown punctation, without lenticels; seed ellipsoid; fruiting pedicel elongate, thickened towards the apex; perianth not persistent.	"[{""po_id"": ""PO_0009001"", ""po_label"": ""fruit"", ""pato_id"": ""PATO_0000947"", ""pato_label"": ""elliptic"", ""negated"": false, ""value_low"": null, ""value_high"": null, ""unit"": null, ""value_text"": ""ellipsoid-ovoid"", ""modifier"": """", ""source_text"": ""ellipsoid-ovoid""}, {""po_id"": ""PO_0009001"", ""po_label"": ""fruit"", ""pato_id"": ""PATO_0000122"", ""pato_label"": ""length"", ""negated"": false, ""value_low"": 1.4, ""value_high"": 1.4, ""unit"": ""cm"", ""value_text"": """", ""modifier"": """", ""source_text"": ""1.4 by 0.8-0.9 cm""}, {""po_id"": ""PO_0009001"", ""po_label"": ""fruit"", ""pato_id"": ""PATO_0000921"", ""pato_label"": ""width"", ""negated"": false, ""value_low"": 0.8, ""value_high"": 0.9, ""unit"": ""cm"", ""value_text"": """", ""modifier"": """", ""source_text"": ""1.4 by 0.8-0.9 cm""}, {""po_id"": ""PO_0008002"", ""po_label"": ""fruit proximal end"", ""pato_id"": ""PATO_0000411"", ""pato_label"": ""circular"", ""negated"": false, ""value_low"": null, ""value_high"": null, ""unit"": null, ""value_text"": ""broadly rounded"", ""modifier"": """", ""source_text"": ""base broadly rounded""}, {""po_id"": ""PO_0009084"", ""po_label"": ""pericarp"", ""pato_id"": ""PATO_0000915"", ""pato_label"": ""thickness"", ""negated"": false, ""value_low"": 0.5, ""value_high"": 1.0, ""unit"": ""mm"", ""value_text"": """", ""modifier"": """", ""source_text"": ""pericarp 0.5(-l) mm thick""}, {""po_id"": ""PO_0009084"", ""po_label"": ""pericarp"", ""pato_id"": ""PATO_0000317"", ""pato_label"": ""black"", ""negated"": false, ""value_low"": null, ""value_high"": null, ""unit"": null, ""value_text"": ""blackish"", ""modifier"": """", ""source_text"": ""blackish""}, {""po_id"": ""PO_0009084"", ""po_label"": ""pericarp"", ""pato_id"": ""PATO_0000455"", ""pato_label"": ""pubescent"", ""negated"": false, ""value_low"": null, ""value_high"": null, ""unit"": null, ""value_text"": """", ""modifier"": """", ""source_text"": ""finely pubescent""}, {""po_id"": ""PO_0009010"", ""po_label"": ""seed"", ""pato_id"": ""PATO_0000947"", ""pato_label"": ""elliptic"", ""negated"": false, ""value_low"": null, ""value_high"": null, ""unit"": null, ""value_text"": """", ""modifier"": """", ""source_text"": ""seed ellipsoid""}, {""po_id"": ""PO_0004536"", ""po_label"": ""fruit pedicel"", ""pato_id"": ""PATO_0000573"", ""pato_label"": ""increased length"", ""negated"": false, ""value_low"": null, ""value_high"": null, ""unit"": null, ""value_text"": """", ""modifier"": """", ""source_text"": ""fruiting pedicel elongate""}, {""po_id"": ""PO_0004536"", ""po_label"": ""fruit pedicel"", ""pato_id"": ""PATO_0000591"", ""pato_label"": ""increased thickness"", ""negated"": false, ""value_low"": null, ""value_high"": null, ""unit"": null, ""value_text"": ""thickened towards the apex"", ""modifier"": """", ""source_text"": ""thickened towards the apex""}, {""po_id"": ""PO_0009058"", ""po_label"": ""perianth"", ""pato_id"": ""PATO_0001731"", ""pato_label"": ""deciduous (plant)"", ""negated"": false, ""value_low"": null, ""value_high"": null, ""unit"": null, ""value_text"": """", ""modifier"": """", ""source_text"": ""perianth not persistent""}]"	"[{""po_id"": ""PO_0009001"", ""po_label"": ""fruit"", ""pato_id"": ""PATO_0000947"", ""pato_label"": ""elliptic"", ""negated"": false, ""value_low"": null, ""value_high"": null, ""unit"": null, ""value_text"": ""ellipsoid-ovoid"", ""modifier"": """", ""source_text"": ""ellipsoid-ovoid""}, {""po_id"": ""PO_0009001"", ""po_label"": ""fruit"", ""pato_id"": ""PATO_0000122"", ""pato_label"": ""length"", ""negated"": false, ""value_low"": 1.4, ""value_high"": 1.4, ""unit"": ""cm"", ""value_text"": """", ""modifier"": """", ""source_text"": ""1.4 by 0.8-0.9 cm""}, {""po_id"": ""PO_0009001"", ""po_label"": ""fruit"", ""pato_id"": ""PATO_0000921"", ""pato_label"": ""width"", ""negated"": false, ""value_low"": 0.8, ""value_high"": 0.9, ""unit"": ""cm"", ""value_text"": """", ""modifier"": """", ""source_text"": ""1.4 by 0.8-0.9 cm""}, {""po_id"": ""PO_0008002"", ""po_label"": ""fruit proximal end"", ""pato_id"": ""PATO_0000411"", ""pato_label"": ""circular"", ""negated"": false, ""value_low"": null, ""value_high"": null, ""unit"": null, ""value_text"": ""broadly rounded"", ""modifier"": """", ""source_text"": ""base broadly rounded""}, {""po_id"": ""PO_0009084"", ""po_label"": ""pericarp"", ""pato_id"": ""PATO_0000915"", ""pato_label"": ""thickness"", ""negated"": false, ""value_low"": 0.5, ""value_high"": 1.0, ""unit"": ""mm"", ""value_text"": """", ""modifier"": """", ""source_text"": ""pericarp 0.5(-l) mm thick""}, {""po_id"": ""PO_0009084"", ""po_label"": ""pericarp"", ""pato_id"": ""PATO_0000317"", ""pato_label"": ""black"", ""negated"": false, ""value_low"": null, ""value_high"": null, ""unit"": null, ""value_text"": ""blackish"", ""modifier"": """", ""source_text"": ""blackish""}, {""po_id"": ""PO_0009084"", ""po_label"": ""pericarp"", ""pato_id"": ""PATO_0000455"", ""pato_label"": ""pubescent"", ""negated"": false, ""value_low"": null, ""value_high"": null, ""unit"": null, ""value_text"": """", ""modifier"": """", ""source_text"": ""finely pubescent""}, {""po_id"": ""PO_0009010"", ""po_label"": ""seed"", ""pato_id"": ""PATO_0000947"", ""pato_label"": ""elliptic"", ""negated"": false, ""value_low"": null, ""value_high"": null, ""unit"": null, ""value_text"": """", ""modifier"": """", ""source_text"": ""seed ellipsoid""}, {""po_id"": ""PO_0004536"", ""po_label"": ""fruit pedicel"", ""pato_id"": ""PATO_0000573"", ""pato_label"": ""increased length"", ""negated"": false, ""value_low"": null, ""value_high"": null, ""unit"": null, ""value_text"": """", ""modifier"": """", ""source_text"": ""fruiting pedicel elongate""}, {""po_id"": ""PO_0004536"", ""po_label"": ""fruit pedicel"", ""pato_id"": ""PATO_0000591"", ""pato_label"": ""increased thickness"", ""negated"": false, ""value_low"": null, ""value_high"": null, ""unit"": null, ""value_text"": ""thickened towards the apex"", ""modifier"": """", ""source_text"": ""thickened towards the apex""}, {""po_id"": ""PO_0009058"", ""po_label"": ""perianth"", ""pato_id"": ""PATO_0001731"", ""pato_label"": ""deciduous (plant)"", ""negated"": false, ""value_low"": null, ""value_high"": null, ""unit"": null, ""value_text"": """", ""modifier"": """", ""source_text"": ""perianth not persistent""}]"	
paul-061	flora-malesiana	vol14_final.xml	Knema Lour.	habit	en	Trees, dioecious; stilt-roots sometimes present.	[]	[]	
paul-062	flora-malesiana	vol16_final.xml	Lychnis chalcedonica L.	inflorescences	en	Inflorescences capitate, 10-50-flowered; pedicels short.	"[{""po_id"": ""PO_0009052"", ""po_label"": ""pedicel"", ""pato_id"": ""PATO_0000574"", ""pato_label"": ""decreased length"", ""negated"": false, ""value_low"": null, ""value_high"": null, ""unit"": null, ""value_text"": """", ""modifier"": """", ""source_text"": ""pedicels short""}]"	"[{""po_id"": ""PO_0009052"", ""po_label"": ""pedicel"", ""pato_id"": ""PATO_0000574"", ""pato_label"": ""decreased length"", ""negated"": false, ""value_low"": null, ""value_high"": null, ""unit"": null, ""value_text"": """", ""modifier"": """", ""source_text"": ""pedicels short""}]"	
paul-063	flora-malesiana	fmvol17_part2_final.xml	Ficus grossularioides Burm.f.	stipules	en	stipules 0.5-1.8 cm long, sericeous, caducous.	"[{""po_id"": ""PO_0020041"", ""po_label"": ""stipule"", ""pato_id"": ""PATO_0000122"", ""pato_label"": ""length"", ""negated"": false, ""value_low"": 0.5, ""value_high"": 1.8, ""unit"": ""cm"", ""value_text"": """", ""modifier"": """", ""source_text"": ""stipules 0.5-1.8 cm long""}, {""po_id"": ""PO_0020041"", ""po_label"": ""stipule"", ""pato_id"": ""PATO_0000454"", ""pato_label"": ""hairy"", ""negated"": false, ""value_low"": null, ""value_high"": null, ""unit"": null, ""value_text"": ""sericeous"", ""modifier"": """", ""source_text"": ""sericeous""}, {""po_id"": ""PO_0020041"", ""po_label"": ""stipule"", ""pato_id"": ""PATO_0001731"", ""pato_label"": ""deciduous (plant)"", ""negated"": false, ""value_low"": null, ""value_high"": null, ""unit"": null, ""value_text"": """", ""modifier"": """", ""source_text"": ""caducous""}]"	"[{""po_id"": ""PO_0020041"", ""po_label"": ""stipule"", ""pato_id"": ""PATO_0000122"", ""pato_label"": ""length"", ""negated"": false, ""value_low"": 0.5, ""value_high"": 1.8, ""unit"": ""cm"", ""value_text"": """", ""modifier"": """", ""source_text"": ""stipules 0.5-1.8 cm long""}, {""po_id"": ""PO_0020041"", ""po_label"": ""stipule"", ""pato_id"": ""PATO_0000454"", ""pato_label"": ""hairy"", ""negated"": false, ""value_low"": null, ""value_high"": null, ""unit"": null, ""value_text"": ""sericeous"", ""modifier"": """", ""source_text"": ""sericeous""}, {""po_id"": ""PO_0020041"", ""po_label"": ""stipule"", ""pato_id"": ""PATO_0001731"", ""pato_label"": ""deciduous (plant)"", ""negated"": false, ""value_low"": null, ""value_high"": null, ""unit"": null, ""value_text"": """", ""modifier"": """", ""source_text"": ""caducous""}]"	
paul-064	flora-malesiana	IIvol3_final.xml	Pyrrosia piloselloides M.G. Price	sterile fronds	en	Sterile fronds with lamina 1-7 by 1-2 cm, index 1-6, widest at or above the middle.	"[{""po_id"": ""PO_0020039"", ""po_label"": ""leaf lamina"", ""pato_id"": ""PATO_0000122"", ""pato_label"": ""length"", ""negated"": false, ""value_low"": 1, ""value_high"": 7, ""unit"": ""cm"", ""value_text"": """", ""modifier"": """", ""source_text"": ""lamina 1-7 by 1-2 cm""}, {""po_id"": ""PO_0020039"", ""po_label"": ""leaf lamina"", ""pato_id"": ""PATO_0000921"", ""pato_label"": ""width"", ""negated"": false, ""value_low"": 1, ""value_high"": 2, ""unit"": ""cm"", ""value_text"": """", ""modifier"": """", ""source_text"": ""lamina 1-7 by 1-2 cm""}]"	"[{""po_id"": ""PO_0020039"", ""po_label"": ""leaf lamina"", ""pato_id"": ""PATO_0000122"", ""pato_label"": ""length"", ""negated"": false, ""value_low"": 1, ""value_high"": 7, ""unit"": ""cm"", ""value_text"": """", ""modifier"": """", ""source_text"": ""lamina 1-7 by 1-2 cm""}, {""po_id"": ""PO_0020039"", ""po_label"": ""leaf lamina"", ""pato_id"": ""PATO_0000921"", ""pato_label"": ""width"", ""negated"": false, ""value_low"": 1, ""value_high"": 2, ""unit"": ""cm"", ""value_text"": """", ""modifier"": """", ""source_text"": ""lamina 1-7 by 1-2 cm""}]"	
paul-065	flora-malesiana	vol19_final.xml	Trichosanthes L.	seeds	en	Seeds numerous, light or dark brown, grey (or black), compressed or tumid (with inflated sides), variable of shape, faces not or little sculptured, margin usually present, edge usually smooth, or crenate or undulate.	"[{""po_id"": ""PO_0009010"", ""po_label"": ""seed"", ""pato_id"": ""PATO_0001246"", ""pato_label"": ""light brown"", ""negated"": false, ""value_low"": null, ""value_high"": null, ""unit"": null, ""value_text"": """", ""modifier"": """", ""source_text"": ""light or dark brown""}, {""po_id"": ""PO_0009010"", ""po_label"": ""seed"", ""pato_id"": ""PATO_0001245"", ""pato_label"": ""dark brown"", ""negated"": false, ""value_low"": null, ""value_high"": null, ""unit"": null, ""value_text"": """", ""modifier"": """", ""source_text"": ""light or dark brown""}, {""po_id"": ""PO_0009010"", ""po_label"": ""seed"", ""pato_id"": ""PATO_0000950"", ""pato_label"": ""grey"", ""negated"": false, ""value_low"": null, ""value_high"": null, ""unit"": null, ""value_text"": """", ""modifier"": """", ""source_text"": ""grey (or black)""}, {""po_id"": ""PO_0009010"", ""po_label"": ""seed"", ""pato_id"": ""PATO_0000317"", ""pato_label"": ""black"", ""negated"": false, ""value_low"": null, ""value_high"": null, ""unit"": null, ""value_text"": """", ""modifier"": """", ""source_text"": ""grey (or black)""}, {""po_id"": ""PO_0009010"", ""po_label"": ""seed"", ""pato_id"": ""PATO_0002254"", ""pato_label"": ""flattened"", ""negated"": false, ""value_low"": null, ""value_high"": null, ""unit"": null, ""value_text"": ""compressed"", ""modifier"": """", ""source_text"": ""compressed or tumid (with inflated sides)""}, {""po_id"": ""PO_0009010"", ""po_label"": ""seed"", ""pato_id"": ""PATO_0002376"", ""pato_label"": ""inflated"", ""negated"": false, ""value_low"": null, ""value_high"": null, ""unit"": null, ""value_text"": ""tumid"", ""modifier"": """", ""source_text"": ""tumid (with inflated sides)""}, {""po_id"": ""PO_0009010"", ""po_label"": ""seed"", ""pato_id"": ""PATO_0002442"", ""pato_label"": ""unornamented"", ""negated"": false, ""value_low"": null, ""value_high"": null, ""unit"": null, ""value_text"": ""not or little sculptured"", ""modifier"": """", ""source_text"": ""faces not or little sculptured""}, {""po_id"": ""PO_0025005"", ""po_label"": ""organ margin"", ""pato_id"": ""PATO_0000467"", ""pato_label"": ""present"", ""negated"": false, ""value_low"": null, ""value_high"": null, ""unit"": null, ""value_text"": """", ""modifier"": ""usually"", ""source_text"": ""margin usually present""}, {""po_id"": ""PO_0025005"", ""po_label"": ""organ margin"", ""pato_id"": ""PATO_0000701"", ""pato_label"": ""smooth"", ""negated"": false, ""value_low"": null, ""value_high"": null, ""unit"": null, ""value_text"": """", ""modifier"": ""usually"", ""source_text"": ""edge usually smooth""}, {""po_id"": ""PO_0025005"", ""po_label"": ""organ margin"", ""pato_id"": ""PATO_0001889"", ""pato_label"": ""scalloped"", ""negated"": false, ""value_low"": null, ""value_high"": null, ""unit"": null, ""value_text"": ""crenate"", ""modifier"": """", ""source_text"": ""or crenate or undulate""}, {""po_id"": ""PO_0025005"", ""po_label"": ""organ margin"", ""pato_id"": ""PATO_0000967"", ""pato_label"": ""undulate"", ""negated"": false, ""value_low"": null, ""value_high"": null, ""unit"": null, ""value_text"": """", ""modifier"": """", ""source_text"": ""or crenate or undulate""}]"	"[{""po_id"": ""PO_0009010"", ""po_label"": ""seed"", ""pato_id"": ""PATO_0001246"", ""pato_label"": ""light brown"", ""negated"": false, ""value_low"": null, ""value_high"": null, ""unit"": null, ""value_text"": """", ""modifier"": """", ""source_text"": ""light or dark brown""}, {""po_id"": ""PO_0009010"", ""po_label"": ""seed"", ""pato_id"": ""PATO_0001245"", ""pato_label"": ""dark brown"", ""negated"": false, ""value_low"": null, ""value_high"": null, ""unit"": null, ""value_text"": """", ""modifier"": """", ""source_text"": ""light or dark brown""}, {""po_id"": ""PO_0009010"", ""po_label"": ""seed"", ""pato_id"": ""PATO_0000950"", ""pato_label"": ""grey"", ""negated"": false, ""value_low"": null, ""value_high"": null, ""unit"": null, ""value_text"": """", ""modifier"": """", ""source_text"": ""grey (or black)""}, {""po_id"": ""PO_0009010"", ""po_label"": ""seed"", ""pato_id"": ""PATO_0000317"", ""pato_label"": ""black"", ""negated"": false, ""value_low"": null, ""value_high"": null, ""unit"": null, ""value_text"": """", ""modifier"": """", ""source_text"": ""grey (or black)""}, {""po_id"": ""PO_0009010"", ""po_label"": ""seed"", ""pato_id"": ""PATO_0002254"", ""pato_label"": ""flattened"", ""negated"": false, ""value_low"": null, ""value_high"": null, ""unit"": null, ""value_text"": ""compressed"", ""modifier"": """", ""source_text"": ""compressed or tumid (with inflated sides)""}, {""po_id"": ""PO_0009010"", ""po_label"": ""seed"", ""pato_id"": ""PATO_0002376"", ""pato_label"": ""inflated"", ""negated"": false, ""value_low"": null, ""value_high"": null, ""unit"": null, ""value_text"": ""tumid"", ""modifier"": """", ""source_text"": ""tumid (with inflated sides)""}, {""po_id"": ""PO_0009010"", ""po_label"": ""seed"", ""pato_id"": ""PATO_0002442"", ""pato_label"": ""unornamented"", ""negated"": false, ""value_low"": null, ""value_high"": null, ""unit"": null, ""value_text"": ""not or little sculptured"", ""modifier"": """", ""source_text"": ""faces not or little sculptured""}, {""po_id"": ""PO_0025005"", ""po_label"": ""organ margin"", ""pato_id"": ""PATO_0000467"", ""pato_label"": ""present"", ""negated"": false, ""value_low"": null, ""value_high"": null, ""unit"": null, ""value_text"": """", ""modifier"": ""usually"", ""source_text"": ""margin usually present""}, {""po_id"": ""PO_0025005"", ""po_label"": ""organ margin"", ""pato_id"": ""PATO_0000701"", ""pato_label"": ""smooth"", ""negated"": false, ""value_low"": null, ""value_high"": null, ""unit"": null, ""value_text"": """", ""modifier"": ""usually"", ""source_text"": ""edge usually smooth""}, {""po_id"": ""PO_0025005"", ""po_label"": ""organ margin"", ""pato_id"": ""PATO_0001889"", ""pato_label"": ""scalloped"", ""negated"": false, ""value_low"": null, ""value_high"": null, ""unit"": null, ""value_text"": ""crenate"", ""modifier"": """", ""source_text"": ""or crenate or undulate""}, {""po_id"": ""PO_0025005"", ""po_label"": ""organ margin"", ""pato_id"": ""PATO_0000967"", ""pato_label"": ""undulate"", ""negated"": false, ""value_low"": null, ""value_high"": null, ""unit"": null, ""value_text"": """", ""modifier"": """", ""source_text"": ""or crenate or undulate""}]"	
paul-066	kew-african	103407	Rangaeris amaniensis (Kraenzl.) Summerh.	description	en	An erect to pendent epiphyte or lithophyte, often forming dense clumps. Stems up to 45 cm. long, unbranched or little branching, covered by persistent leaf-bases; roots little branched, 3–4 mm. in diameter. Leaves coriaceous, conduplicate, narrowly oblong, unequally roundly bilobed at the apex, 3.5–11.5 cm. long, 1–2.3 cm. wide, articulated to distichous, imbricate leaf-bases. Inflorescences spreading, 6–9 cm. long, 5–13-flowered; peduncle 1–1.5 cm. long; bracts 5–6.5 mm. long, drying black. Flowers very variable in size, white fading to yellow, greenish on the outer surface and spur, diurnally scented; pedicel and ovary 2.5–5.5 cm. long, scabrid. Sepals lanceolate, acuminate, 1–2.5 cm. long, 2.7–5.6 mm. wide. Petals lanceolate, acuminate, 0.9–2.1 cm. long, 2.2–5 mm. wide. Lip obscurely 3-lobed in the middle, 10–24 mm. long, 5–11 mm. wide; side lobes rounded; mid-lobe lanceolate; spur pendent, filiform, 7.5–16 cm. long. Column 4.5–5 mm. long; stipes bifid, each lobe linear; viscidium oblong. Pl. 7.	"[{""po_id"": ""PO_0009047"", ""po_label"": ""stem"", ""pato_id"": ""PATO_0000122"", ""pato_label"": ""length"", ""negated"": false, ""value_low"": null, ""value_high"": 45, ""unit"": ""cm"", ""value_text"": """", ""modifier"": """", ""source_text"": ""Stems up to 45 cm. long""}, {""po_id"": ""PO_0009047"", ""po_label"": ""stem"", ""pato_id"": ""PATO_0000414"", ""pato_label"": ""unbranched"", ""negated"": false, ""value_low"": null, ""value_high"": null, ""unit"": null, ""value_text"": """", ""modifier"": """", ""source_text"": ""unbranched or little branching""}, {""po_id"": ""PO_0009005"", ""po_label"": ""root"", ""pato_id"": ""PATO_0000402"", ""pato_label"": ""branched"", ""negated"": false, ""value_low"": null, ""value_high"": null, ""unit"": null, ""value_text"": ""little branched"", ""modifier"": ""rarely"", ""source_text"": ""roots little branched""}, {""po_id"": ""PO_0009005"", ""po_label"": ""root"", ""pato_id"": ""PATO_0001334"", ""pato_label"": ""diameter"", ""negated"": false, ""value_low"": 3, ""value_high"": 4, ""unit"": ""mm"", ""value_text"": """", ""modifier"": """", ""source_text"": ""3–4 mm. in diameter""}, {""po_id"": ""PO_0020039"", ""po_label"": ""leaf lamina"", ""pato_id"": ""PATO_0000946"", ""pato_label"": ""oblong"", ""negated"": false, ""value_low"": null, ""value_high"": null, ""unit"": null, ""value_text"": ""narrowly oblong"", ""modifier"": """", ""source_text"": ""narrowly oblong""}, {""po_id"": ""PO_0020137"", ""po_label"": ""leaf apex"", ""pato_id"": ""PATO_0002214"", ""pato_label"": ""bilobed"", ""negated"": false, ""value_low"": null, ""value_high"": null, ""unit"": null, ""value_text"": ""unequally roundly bilobed"", ""modifier"": """", ""source_text"": ""unequally roundly bilobed at the apex""}, {""po_id"": ""PO_0025034"", ""po_label"": ""leaf"", ""pato_id"": ""PATO_0000122"", ""pato_label"": ""length"", ""negated"": false, ""value_low"": 3.5, ""value_high"": 11.5, ""unit"": ""cm"", ""value_text"": """", ""modifier"": """", ""source_text"": ""3.5–11.5 cm. long""}, {""po_id"": ""PO_0025034"", ""po_label"": ""leaf"", ""pato_id"": ""PATO_0000921"", ""pato_label"": ""width"", ""negated"": false, ""value_low"": 1.0, ""value_high"": 2.3, ""unit"": ""cm"", ""value_text"": """", ""modifier"": """", ""source_text"": ""1–2.3 cm. wide""}, {""po_id"": ""PO_0009049"", ""po_label"": ""inflorescence"", ""pato_id"": ""PATO_0000122"", ""pato_label"": ""length"", ""negated"": false, ""value_low"": 6, ""value_high"": 9, ""unit"": ""cm"", ""value_text"": """", ""modifier"": """", ""source_text"": ""6–9 cm. long""}, {""po_id"": ""PO_0009049"", ""po_label"": ""inflorescence"", ""pato_id"": ""PATO_0000070"", ""pato_label"": ""count"", ""negated"": false, ""value_low"": 5, ""value_high"": 13, ""unit"": null, ""value_text"": ""5-13-flowered"", ""modifier"": """", ""source_text"": ""5–13-flowered""}, {""po_id"": ""PO_0009053"", ""po_label"": ""peduncle"", ""pato_id"": ""PATO_0000122"", ""pato_label"": ""length"", ""negated"": false, ""value_low"": 1.0, ""value_high"": 1.5, ""unit"": ""cm"", ""value_text"": """", ""modifier"": """", ""source_text"": ""peduncle 1–1.5 cm. long""}, {""po_id"": ""PO_0009055"", ""po_label"": ""bract"", ""pato_id"": ""PATO_0000122"", ""pato_label"": ""length"", ""negated"": false, ""value_low"": 5.0, ""value_high"": 6.5, ""unit"": ""mm"", ""value_text"": """", ""modifier"": """", ""source_text"": ""bracts 5–6.5 mm. long""}, {""po_id"": ""PO_0009055"", ""po_label"": ""bract"", ""pato_id"": ""PATO_0000317"", ""pato_label"": ""black"", ""negated"": false, ""value_low"": null, ""value_high"": null, ""unit"": null, ""value_text"": ""drying black"", ""modifier"": """", ""source_text"": ""drying black""}, {""po_id"": ""PO_0009046"", ""po_label"": ""flower"", ""pato_id"": ""PATO_0000323"", ""pato_label"": ""white"", ""negated"": false, ""value_low"": null, ""value_high"": null, ""unit"": null, ""value_text"": ""white fading to yellow"", ""modifier"": """", ""source_text"": ""white fading to yellow""}, {""po_id"": ""PO_0009046"", ""po_label"": ""flower"", ""pato_id"": ""PATO_0002191"", ""pato_label"": ""aromatic"", ""negated"": false, ""value_low"": null, ""value_high"": null, ""unit"": null, ""value_text"": ""diurnally scented"", ""modifier"": """", ""source_text"": ""diurnally scented""}, {""po_id"": ""PO_0004536"", ""po_label"": ""fruit pedicel"", ""pato_id"": ""PATO_0000122"", ""pato_label"": ""length"", ""negated"": false, ""value_low"": 2.5, ""value_high"": 5.5, ""unit"": ""cm"", ""value_text"": """", ""modifier"": """", ""source_text"": ""pedicel and ovary 2.5–5.5 cm. long""}, {""po_id"": ""PO_0004536"", ""po_label"": ""fruit pedicel"", ""pato_id"": ""PATO_0000700"", ""pato_label"": ""rough"", ""negated"": false, ""value_low"": null, ""value_high"": null, ""unit"": null, ""value_text"": ""scabrid"", ""modifier"": """", ""source_text"": ""pedicel and ovary 2.5–5.5 cm. long, scabrid""}, {""po_id"": ""PO_0009031"", ""po_label"": ""sepal"", ""pato_id"": ""PATO_0001877"", ""pato_label"": ""lanceolate"", ""negated"": false, ""value_low"": null, ""value_high"": null, ""unit"": null, ""value_text"": """", ""modifier"": """", ""source_text"": ""Sepals lanceolate""}, {""po_id"": ""PO_0009031"", ""po_label"": ""sepal"", ""pato_id"": ""PATO_0002228"", ""pato_label"": ""acuminate"", ""negated"": false, ""value_low"": null, ""value_high"": null, ""unit"": null, ""value_text"": """", ""modifier"": """", ""source_text"": ""acuminate""}, {""po_id"": ""PO_0009031"", ""po_label"": ""sepal"", ""pato_id"": ""PATO_0000122"", ""pato_label"": ""length"", ""negated"": false, ""value_low"": 1.0, ""value_high"": 2.5, ""unit"": ""cm"", ""value_text"": """", ""modifier"": """", ""source_text"": ""1–2.5 cm. long""}, {""po_id"": ""PO_0009031"", ""po_label"": ""sepal"", ""pato_id"": ""PATO_0000921"", ""pato_label"": ""width"", ""negated"": false, ""value_low"": 2.7, ""value_high"": 5.6, ""unit"": ""mm"", ""value_text"": """", ""modifier"": """", ""source_text"": ""2.7–5.6 mm. wide""}, {""po_id"": ""PO_0009032"", ""po_label"": ""petal"", ""pato_id"": ""PATO_0001877"", ""pato_label"": ""lanceolate"", ""negated"": false, ""value_low"": null, ""value_high"": null, ""unit"": null, ""value_text"": """", ""modifier"": """", ""source_text"": ""Petals lanceolate""}, {""po_id"": ""PO_0009032"", ""po_label"": ""petal"", ""pato_id"": ""PATO_0002228"", ""pato_label"": ""acuminate"", ""negated"": false, ""value_low"": null, ""value_high"": null, ""unit"": null, ""value_text"": """", ""modifier"": """", ""source_text"": ""acuminate""}, {""po_id"": ""PO_0009032"", ""po_label"": ""petal"", ""pato_id"": ""PATO_0000122"", ""pato_label"": ""length"", ""negated"": false, ""value_low"": 0.9, ""value_high"": 2.1, ""unit"": ""cm"", ""value_text"": """", ""modifier"": """", ""source_text"": ""0.9–2.1 cm. long""}, {""po_id"": ""PO_0009032"", ""po_label"": ""petal"", ""pato_id"": ""PATO_0000921"", ""pato_label"": ""width"", ""negated"": false, ""value_low"": 2.2, ""value_high"": 5.0, ""unit"": ""mm"", ""value_text"": """", ""modifier"": """", ""source_text"": ""2.2–5 mm. wide""}, {""po_id"": ""PO_0025512"", ""po_label"": ""corolla spur"", ""pato_id"": ""PATO_0002165"", ""pato_label"": ""drooping"", ""negated"": false, ""value_low"": null, ""value_high"": null, ""unit"": null, ""value_text"": ""pendent"", ""modifier"": """", ""source_text"": ""spur pendent, filiform""}, {""po_id"": ""PO_0025512"", ""po_label"": ""corolla spur"", ""pato_id"": ""PATO_0000122"", ""pato_label"": ""length"", ""negated"": false, ""value_low"": 7.5, ""value_high"": 16.0, ""unit"": ""cm"", ""value_text"": """", ""modifier"": """", ""source_text"": ""7.5–16 cm. long""}]"	"[{""po_id"": ""PO_0009047"", ""po_label"": ""stem"", ""pato_id"": ""PATO_0000122"", ""pato_label"": ""length"", ""negated"": false, ""value_low"": null, ""value_high"": 45, ""unit"": ""cm"", ""value_text"": """", ""modifier"": """", ""source_text"": ""Stems up to 45 cm. long""}, {""po_id"": ""PO_0009047"", ""po_label"": ""stem"", ""pato_id"": ""PATO_0000414"", ""pato_label"": ""unbranched"", ""negated"": false, ""value_low"": null, ""value_high"": null, ""unit"": null, ""value_text"": """", ""modifier"": """", ""source_text"": ""unbranched or little branching""}, {""po_id"": ""PO_0009005"", ""po_label"": ""root"", ""pato_id"": ""PATO_0000402"", ""pato_label"": ""branched"", ""negated"": false, ""value_low"": null, ""value_high"": null, ""unit"": null, ""value_text"": ""little branched"", ""modifier"": ""rarely"", ""source_text"": ""roots little branched""}, {""po_id"": ""PO_0009005"", ""po_label"": ""root"", ""pato_id"": ""PATO_0001334"", ""pato_label"": ""diameter"", ""negated"": false, ""value_low"": 3, ""value_high"": 4, ""unit"": ""mm"", ""value_text"": """", ""modifier"": """", ""source_text"": ""3–4 mm. in diameter""}, {""po_id"": ""PO_0020039"", ""po_label"": ""leaf lamina"", ""pato_id"": ""PATO_0000946"", ""pato_label"": ""oblong"", ""negated"": false, ""value_low"": null, ""value_high"": null, ""unit"": null, ""value_text"": ""narrowly oblong"", ""modifier"": """", ""source_text"": ""narrowly oblong""}, {""po_id"": ""PO_0020137"", ""po_label"": ""leaf apex"", ""pato_id"": ""PATO_0002214"", ""pato_label"": ""bilobed"", ""negated"": false, ""value_low"": null, ""value_high"": null, ""unit"": null, ""value_text"": ""unequally roundly bilobed"", ""modifier"": """", ""source_text"": ""unequally roundly bilobed at the apex""}, {""po_id"": ""PO_0025034"", ""po_label"": ""leaf"", ""pato_id"": ""PATO_0000122"", ""pato_label"": ""length"", ""negated"": false, ""value_low"": 3.5, ""value_high"": 11.5, ""unit"": ""cm"", ""value_text"": """", ""modifier"": """", ""source_text"": ""3.5–11.5 cm. long""}, {""po_id"": ""PO_0025034"", ""po_label"": ""leaf"", ""pato_id"": ""PATO_0000921"", ""pato_label"": ""width"", ""negated"": false, ""value_low"": 1.0, ""value_high"": 2.3, ""unit"": ""cm"", ""value_text"": """", ""modifier"": """", ""source_text"": ""1–2.3 cm. wide""}, {""po_id"": ""PO_0009049"", ""po_label"": ""inflorescence"", ""pato_id"": ""PATO_0000122"", ""pato_label"": ""length"", ""negated"": false, ""value_low"": 6, ""value_high"": 9, ""unit"": ""cm"", ""value_text"": """", ""modifier"": """", ""source_text"": ""6–9 cm. long""}, {""po_id"": ""PO_0009049"", ""po_label"": ""inflorescence"", ""pato_id"": ""PATO_0000070"", ""pato_label"": ""count"", ""negated"": false, ""value_low"": 5, ""value_high"": 13, ""unit"": null, ""value_text"": ""5-13-flowered"", ""modifier"": """", ""source_text"": ""5–13-flowered""}, {""po_id"": ""PO_0009053"", ""po_label"": ""peduncle"", ""pato_id"": ""PATO_0000122"", ""pato_label"": ""length"", ""negated"": false, ""value_low"": 1.0, ""value_high"": 1.5, ""unit"": ""cm"", ""value_text"": """", ""modifier"": """", ""source_text"": ""peduncle 1–1.5 cm. long""}, {""po_id"": ""PO_0009055"", ""po_label"": ""bract"", ""pato_id"": ""PATO_0000122"", ""pato_label"": ""length"", ""negated"": false, ""value_low"": 5.0, ""value_high"": 6.5, ""unit"": ""mm"", ""value_text"": """", ""modifier"": """", ""source_text"": ""bracts 5–6.5 mm. long""}, {""po_id"": ""PO_0009055"", ""po_label"": ""bract"", ""pato_id"": ""PATO_0000317"", ""pato_label"": ""black"", ""negated"": false, ""value_low"": null, ""value_high"": null, ""unit"": null, ""value_text"": ""drying black"", ""modifier"": """", ""source_text"": ""drying black""}, {""po_id"": ""PO_0009046"", ""po_label"": ""flower"", ""pato_id"": ""PATO_0000323"", ""pato_label"": ""white"", ""negated"": false, ""value_low"": null, ""value_high"": null, ""unit"": null, ""value_text"": ""white fading to yellow"", ""modifier"": """", ""source_text"": ""white fading to yellow""}, {""po_id"": ""PO_0009046"", ""po_label"": ""flower"", ""pato_id"": ""PATO_0002191"", ""pato_label"": ""aromatic"", ""negated"": false, ""value_low"": null, ""value_high"": null, ""unit"": null, ""value_text"": ""diurnally scented"", ""modifier"": """", ""source_text"": ""diurnally scented""}, {""po_id"": ""PO_0004536"", ""po_label"": ""fruit pedicel"", ""pato_id"": ""PATO_0000122"", ""pato_label"": ""length"", ""negated"": false, ""value_low"": 2.5, ""value_high"": 5.5, ""unit"": ""cm"", ""value_text"": """", ""modifier"": """", ""source_text"": ""pedicel and ovary 2.5–5.5 cm. long""}, {""po_id"": ""PO_0004536"", ""po_label"": ""fruit pedicel"", ""pato_id"": ""PATO_0000700"", ""pato_label"": ""rough"", ""negated"": false, ""value_low"": null, ""value_high"": null, ""unit"": null, ""value_text"": ""scabrid"", ""modifier"": """", ""source_text"": ""pedicel and ovary 2.5–5.5 cm. long, scabrid""}, {""po_id"": ""PO_0009031"", ""po_label"": ""sepal"", ""pato_id"": ""PATO_0001877"", ""pato_label"": ""lanceolate"", ""negated"": false, ""value_low"": null, ""value_high"": null, ""unit"": null, ""value_text"": """", ""modifier"": """", ""source_text"": ""Sepals lanceolate""}, {""po_id"": ""PO_0009031"", ""po_label"": ""sepal"", ""pato_id"": ""PATO_0002228"", ""pato_label"": ""acuminate"", ""negated"": false, ""value_low"": null, ""value_high"": null, ""unit"": null, ""value_text"": """", ""modifier"": """", ""source_text"": ""acuminate""}, {""po_id"": ""PO_0009031"", ""po_label"": ""sepal"", ""pato_id"": ""PATO_0000122"", ""pato_label"": ""length"", ""negated"": false, ""value_low"": 1.0, ""value_high"": 2.5, ""unit"": ""cm"", ""value_text"": """", ""modifier"": """", ""source_text"": ""1–2.5 cm. long""}, {""po_id"": ""PO_0009031"", ""po_label"": ""sepal"", ""pato_id"": ""PATO_0000921"", ""pato_label"": ""width"", ""negated"": false, ""value_low"": 2.7, ""value_high"": 5.6, ""unit"": ""mm"", ""value_text"": """", ""modifier"": """", ""source_text"": ""2.7–5.6 mm. wide""}, {""po_id"": ""PO_0009032"", ""po_label"": ""petal"", ""pato_id"": ""PATO_0001877"", ""pato_label"": ""lanceolate"", ""negated"": false, ""value_low"": null, ""value_high"": null, ""unit"": null, ""value_text"": """", ""modifier"": """", ""source_text"": ""Petals lanceolate""}, {""po_id"": ""PO_0009032"", ""po_label"": ""petal"", ""pato_id"": ""PATO_0002228"", ""pato_label"": ""acuminate"", ""negated"": false, ""value_low"": null, ""value_high"": null, ""unit"": null, ""value_text"": """", ""modifier"": """", ""source_text"": ""acuminate""}, {""po_id"": ""PO_0009032"", ""po_label"": ""petal"", ""pato_id"": ""PATO_0000122"", ""pato_label"": ""length"", ""negated"": false, ""value_low"": 0.9, ""value_high"": 2.1, ""unit"": ""cm"", ""value_text"": """", ""modifier"": """", ""source_text"": ""0.9–2.1 cm. long""}, {""po_id"": ""PO_0009032"", ""po_label"": ""petal"", ""pato_id"": ""PATO_0000921"", ""pato_label"": ""width"", ""negated"": false, ""value_low"": 2.2, ""value_high"": 5.0, ""unit"": ""mm"", ""value_text"": """", ""modifier"": """", ""source_text"": ""2.2–5 mm. wide""}, {""po_id"": ""PO_0025512"", ""po_label"": ""corolla spur"", ""pato_id"": ""PATO_0002165"", ""pato_label"": ""drooping"", ""negated"": false, ""value_low"": null, ""value_high"": null, ""unit"": null, ""value_text"": ""pendent"", ""modifier"": """", ""source_text"": ""spur pendent, filiform""}, {""po_id"": ""PO_0025512"", ""po_label"": ""corolla spur"", ""pato_id"": ""PATO_0000122"", ""pato_label"": ""length"", ""negated"": false, ""value_low"": 7.5, ""value_high"": 16.0, ""unit"": ""cm"", ""value_text"": """", ""modifier"": """", ""source_text"": ""7.5–16 cm. long""}]"	
paul-067	fdac	896847	Neptunia prostrata (Lam.) Baill.	fleurs	fr	inférieures à calice campanulé, de 1 mm de long; pétales libres, obovales, atténués à la base, de 3 mm de long; staminodes rubanés-linéaires, de 15 mm de long.	"[{""po_id"": ""PO_0009060"", ""po_label"": ""calyx"", ""pato_id"": ""PATO_0000122"", ""pato_label"": ""length"", ""negated"": false, ""value_low"": 1.0, ""value_high"": 1.0, ""unit"": ""mm"", ""value_text"": """", ""modifier"": """", ""source_text"": ""calice campanulé, de 1 mm de long""}, {""po_id"": ""PO_0009032"", ""po_label"": ""petal"", ""pato_id"": ""PATO_0002316"", ""pato_label"": ""autogenous"", ""negated"": false, ""value_low"": null, ""value_high"": null, ""unit"": null, ""value_text"": ""free"", ""modifier"": """", ""source_text"": ""pétales libres""}, {""po_id"": ""PO_0009032"", ""po_label"": ""petal"", ""pato_id"": ""PATO_0001936"", ""pato_label"": ""obovate"", ""negated"": false, ""value_low"": null, ""value_high"": null, ""unit"": null, ""value_text"": """", ""modifier"": """", ""source_text"": ""obovales""}, {""po_id"": ""PO_0025146"", ""po_label"": ""petal base"", ""pato_id"": ""PATO_0001982"", ""pato_label"": ""attenuate"", ""negated"": false, ""value_low"": null, ""value_high"": null, ""unit"": null, ""value_text"": """", ""modifier"": """", ""source_text"": ""atténués à la base""}, {""po_id"": ""PO_0009032"", ""po_label"": ""petal"", ""pato_id"": ""PATO_0000122"", ""pato_label"": ""length"", ""negated"": false, ""value_low"": 3.0, ""value_high"": 3.0, ""unit"": ""mm"", ""value_text"": """", ""modifier"": """", ""source_text"": ""de 3 mm de long""}, {""po_id"": ""PO_0009077"", ""po_label"": ""staminode"", ""pato_id"": ""PATO_0001199"", ""pato_label"": ""linear"", ""negated"": false, ""value_low"": null, ""value_high"": null, ""unit"": null, ""value_text"": ""ribbon-linear"", ""modifier"": """", ""source_text"": ""staminodes rubanés-linéaires""}, {""po_id"": ""PO_0009077"", ""po_label"": ""staminode"", ""pato_id"": ""PATO_0000122"", ""pato_label"": ""length"", ""negated"": false, ""value_low"": 15.0, ""value_high"": 15.0, ""unit"": ""mm"", ""value_text"": """", ""modifier"": """", ""source_text"": ""de 15 mm de long""}]"	"[{""po_id"": ""PO_0009060"", ""po_label"": ""calyx"", ""pato_id"": ""PATO_0000122"", ""pato_label"": ""length"", ""negated"": false, ""value_low"": 1.0, ""value_high"": 1.0, ""unit"": ""mm"", ""value_text"": """", ""modifier"": """", ""source_text"": ""calice campanulé, de 1 mm de long""}, {""po_id"": ""PO_0009032"", ""po_label"": ""petal"", ""pato_id"": ""PATO_0002316"", ""pato_label"": ""autogenous"", ""negated"": false, ""value_low"": null, ""value_high"": null, ""unit"": null, ""value_text"": ""free"", ""modifier"": """", ""source_text"": ""pétales libres""}, {""po_id"": ""PO_0009032"", ""po_label"": ""petal"", ""pato_id"": ""PATO_0001936"", ""pato_label"": ""obovate"", ""negated"": false, ""value_low"": null, ""value_high"": null, ""unit"": null, ""value_text"": """", ""modifier"": """", ""source_text"": ""obovales""}, {""po_id"": ""PO_0025146"", ""po_label"": ""petal base"", ""pato_id"": ""PATO_0001982"", ""pato_label"": ""attenuate"", ""negated"": false, ""value_low"": null, ""value_high"": null, ""unit"": null, ""value_text"": """", ""modifier"": """", ""source_text"": ""atténués à la base""}, {""po_id"": ""PO_0009032"", ""po_label"": ""petal"", ""pato_id"": ""PATO_0000122"", ""pato_label"": ""length"", ""negated"": false, ""value_low"": 3.0, ""value_high"": 3.0, ""unit"": ""mm"", ""value_text"": """", ""modifier"": """", ""source_text"": ""de 3 mm de long""}, {""po_id"": ""PO_0009077"", ""po_label"": ""staminode"", ""pato_id"": ""PATO_0001199"", ""pato_label"": ""linear"", ""negated"": false, ""value_low"": null, ""value_high"": null, ""unit"": null, ""value_text"": ""ribbon-linear"", ""modifier"": """", ""source_text"": ""staminodes rubanés-linéaires""}, {""po_id"": ""PO_0009077"", ""po_label"": ""staminode"", ""pato_id"": ""PATO_0000122"", ""pato_label"": ""length"", ""negated"": false, ""value_low"": 15.0, ""value_high"": 15.0, ""unit"": ""mm"", ""value_text"": """", ""modifier"": """", ""source_text"": ""de 15 mm de long""}]"	
paul-068	fdac	904995	Ochna puberula N.Robson	fruits	fr	à pédicelle accrescent atteignant 2,5 cm de long; sépales accrescents atteignant 14 mm de long et 10 mm de large; torus de 3 mm de haut et 5 mm de diam.; drupéoles ovoïdes-dressées, de 9 mm de long et 6 mm de diam.	"[{""po_id"": ""PO_0004536"", ""po_label"": ""fruit pedicel"", ""pato_id"": ""PATO_0000122"", ""pato_label"": ""length"", ""negated"": false, ""value_low"": null, ""value_high"": 2.5, ""unit"": ""cm"", ""value_text"": """", ""modifier"": """", ""source_text"": ""pédicelle accrescent atteignant 2,5 cm de long""}, {""po_id"": ""PO_0009031"", ""po_label"": ""sepal"", ""pato_id"": ""PATO_0000122"", ""pato_label"": ""length"", ""negated"": false, ""value_low"": null, ""value_high"": 14.0, ""unit"": ""mm"", ""value_text"": """", ""modifier"": """", ""source_text"": ""sépales accrescents atteignant 14 mm de long""}, {""po_id"": ""PO_0009031"", ""po_label"": ""sepal"", ""pato_id"": ""PATO_0000921"", ""pato_label"": ""width"", ""negated"": false, ""value_low"": null, ""value_high"": 10.0, ""unit"": ""mm"", ""value_text"": """", ""modifier"": """", ""source_text"": ""10 mm de large""}, {""po_id"": ""PO_0009064"", ""po_label"": ""receptacle"", ""pato_id"": ""PATO_0000119"", ""pato_label"": ""height"", ""negated"": false, ""value_low"": 3.0, ""value_high"": 3.0, ""unit"": ""mm"", ""value_text"": """", ""modifier"": """", ""source_text"": ""torus de 3 mm de haut""}, {""po_id"": ""PO_0009064"", ""po_label"": ""receptacle"", ""pato_id"": ""PATO_0001334"", ""pato_label"": ""diameter"", ""negated"": false, ""value_low"": 5.0, ""value_high"": 5.0, ""unit"": ""mm"", ""value_text"": """", ""modifier"": """", ""source_text"": ""5 mm de diam.""}, {""po_id"": ""PO_0009001"", ""po_label"": ""fruit"", ""pato_id"": ""PATO_0001891"", ""pato_label"": ""ovate"", ""negated"": false, ""value_low"": null, ""value_high"": null, ""unit"": null, ""value_text"": ""ovoid"", ""modifier"": """", ""source_text"": ""drupéoles ovoïdes-dressées""}, {""po_id"": ""PO_0009001"", ""po_label"": ""fruit"", ""pato_id"": ""PATO_0000622"", ""pato_label"": ""erect"", ""negated"": false, ""value_low"": null, ""value_high"": null, ""unit"": null, ""value_text"": """", ""modifier"": """", ""source_text"": ""drupéoles ovoïdes-dressées""}, {""po_id"": ""PO_0009001"", ""po_label"": ""fruit"", ""pato_id"": ""PATO_0000122"", ""pato_label"": ""length"", ""negated"": false, ""value_low"": 9.0, ""value_high"": 9.0, ""unit"": ""mm"", ""value_text"": """", ""modifier"": """", ""source_text"": ""de 9 mm de long""}, {""po_id"": ""PO_0009001"", ""po_label"": ""fruit"", ""pato_id"": ""PATO_0001334"", ""pato_label"": ""diameter"", ""negated"": false, ""value_low"": 6.0, ""value_high"": 6.0, ""unit"": ""mm"", ""value_text"": """", ""modifier"": """", ""source_text"": ""6 mm de diam.""}]"	"[{""po_id"": ""PO_0004536"", ""po_label"": ""fruit pedicel"", ""pato_id"": ""PATO_0000122"", ""pato_label"": ""length"", ""negated"": false, ""value_low"": null, ""value_high"": 2.5, ""unit"": ""cm"", ""value_text"": """", ""modifier"": """", ""source_text"": ""pédicelle accrescent atteignant 2,5 cm de long""}, {""po_id"": ""PO_0009031"", ""po_label"": ""sepal"", ""pato_id"": ""PATO_0000122"", ""pato_label"": ""length"", ""negated"": false, ""value_low"": null, ""value_high"": 14.0, ""unit"": ""mm"", ""value_text"": """", ""modifier"": """", ""source_text"": ""sépales accrescents atteignant 14 mm de long""}, {""po_id"": ""PO_0009031"", ""po_label"": ""sepal"", ""pato_id"": ""PATO_0000921"", ""pato_label"": ""width"", ""negated"": false, ""value_low"": null, ""value_high"": 10.0, ""unit"": ""mm"", ""value_text"": """", ""modifier"": """", ""source_text"": ""10 mm de large""}, {""po_id"": ""PO_0009064"", ""po_label"": ""receptacle"", ""pato_id"": ""PATO_0000119"", ""pato_label"": ""height"", ""negated"": false, ""value_low"": 3.0, ""value_high"": 3.0, ""unit"": ""mm"", ""value_text"": """", ""modifier"": """", ""source_text"": ""torus de 3 mm de haut""}, {""po_id"": ""PO_0009064"", ""po_label"": ""receptacle"", ""pato_id"": ""PATO_0001334"", ""pato_label"": ""diameter"", ""negated"": false, ""value_low"": 5.0, ""value_high"": 5.0, ""unit"": ""mm"", ""value_text"": """", ""modifier"": """", ""source_text"": ""5 mm de diam.""}, {""po_id"": ""PO_0009001"", ""po_label"": ""fruit"", ""pato_id"": ""PATO_0001891"", ""pato_label"": ""ovate"", ""negated"": false, ""value_low"": null, ""value_high"": null, ""unit"": null, ""value_text"": ""ovoid"", ""modifier"": """", ""source_text"": ""drupéoles ovoïdes-dressées""}, {""po_id"": ""PO_0009001"", ""po_label"": ""fruit"", ""pato_id"": ""PATO_0000622"", ""pato_label"": ""erect"", ""negated"": false, ""value_low"": null, ""value_high"": null, ""unit"": null, ""value_text"": """", ""modifier"": """", ""source_text"": ""drupéoles ovoïdes-dressées""}, {""po_id"": ""PO_0009001"", ""po_label"": ""fruit"", ""pato_id"": ""PATO_0000122"", ""pato_label"": ""length"", ""negated"": false, ""value_low"": 9.0, ""value_high"": 9.0, ""unit"": ""mm"", ""value_text"": """", ""modifier"": """", ""source_text"": ""de 9 mm de long""}, {""po_id"": ""PO_0009001"", ""po_label"": ""fruit"", ""pato_id"": ""PATO_0001334"", ""pato_label"": ""diameter"", ""negated"": false, ""value_low"": 6.0, ""value_high"": 6.0, ""unit"": ""mm"", ""value_text"": """", ""modifier"": """", ""source_text"": ""6 mm de diam.""}]"	
paul-069	fdac	902638	Utricularia scandens scandens	herbe	fr	terrestre; rhizoïdes et stolons capillaires, peu nombreux à la base de la hampe florale.	"[{""po_id"": ""PO_0030078"", ""po_label"": ""rhizoid"", ""pato_id"": ""PATO_0001997"", ""pato_label"": ""present in fewer numbers in organism"", ""negated"": false, ""value_low"": null, ""value_high"": null, ""unit"": null, ""value_text"": ""few"", ""modifier"": """", ""source_text"": ""rhizoïdes et stolons capillaires, peu nombreux à la base de la hampe florale""}, {""po_id"": ""PO_0003024"", ""po_label"": ""stolon"", ""pato_id"": ""PATO_0001997"", ""pato_label"": ""present in fewer numbers in organism"", ""negated"": false, ""value_low"": null, ""value_high"": null, ""unit"": null, ""value_text"": ""few"", ""modifier"": """", ""source_text"": ""rhizoïdes et stolons capillaires, peu nombreux à la base de la hampe florale""}]"	"[{""po_id"": ""PO_0030078"", ""po_label"": ""rhizoid"", ""pato_id"": ""PATO_0001997"", ""pato_label"": ""present in fewer numbers in organism"", ""negated"": false, ""value_low"": null, ""value_high"": null, ""unit"": null, ""value_text"": ""few"", ""modifier"": """", ""source_text"": ""rhizoïdes et stolons capillaires, peu nombreux à la base de la hampe florale""}, {""po_id"": ""PO_0003024"", ""po_label"": ""stolon"", ""pato_id"": ""PATO_0001997"", ""pato_label"": ""present in fewer numbers in organism"", ""negated"": false, ""value_low"": null, ""value_high"": null, ""unit"": null, ""value_text"": ""few"", ""modifier"": """", ""source_text"": ""rhizoïdes et stolons capillaires, peu nombreux à la base de la hampe florale""}]"	
paul-070	fdac	895085	Elatostema welwitschii Engl.	inflorescences	fr	subsessiles en plateaux irrégulièrement lobés, 1-sexuées; involucre de 5–15 mm de diam.; bractéoles ciliées.	"[{""po_id"": ""PO_0009049"", ""po_label"": ""inflorescence"", ""pato_id"": ""PATO_0001436"", ""pato_label"": ""sessile (sensu botany)"", ""negated"": false, ""value_low"": null, ""value_high"": null, ""unit"": null, ""value_text"": ""subsessile"", ""modifier"": """", ""source_text"": ""subsessiles""}, {""po_id"": ""PO_0009049"", ""po_label"": ""inflorescence"", ""pato_id"": ""PATO_0001979"", ""pato_label"": ""lobed"", ""negated"": false, ""value_low"": null, ""value_high"": null, ""unit"": null, ""value_text"": ""irregularly lobed"", ""modifier"": """", ""source_text"": ""irrégulièrement lobés""}, {""po_id"": ""PO_0009100"", ""po_label"": ""involucre"", ""pato_id"": ""PATO_0001334"", ""pato_label"": ""diameter"", ""negated"": false, ""value_low"": 5.0, ""value_high"": 15.0, ""unit"": ""mm"", ""value_text"": """", ""modifier"": """", ""source_text"": ""involucre de 5–15 mm de diam.""}, {""po_id"": ""PO_0009043"", ""po_label"": ""bracteole"", ""pato_id"": ""PATO_0001408"", ""pato_label"": ""ciliatedness"", ""negated"": false, ""value_low"": null, ""value_high"": null, ""unit"": null, ""value_text"": ""ciliate"", ""modifier"": """", ""source_text"": ""bractéoles ciliées""}]"	"[{""po_id"": ""PO_0009049"", ""po_label"": ""inflorescence"", ""pato_id"": ""PATO_0001436"", ""pato_label"": ""sessile (sensu botany)"", ""negated"": false, ""value_low"": null, ""value_high"": null, ""unit"": null, ""value_text"": ""subsessile"", ""modifier"": """", ""source_text"": ""subsessiles""}, {""po_id"": ""PO_0009049"", ""po_label"": ""inflorescence"", ""pato_id"": ""PATO_0001979"", ""pato_label"": ""lobed"", ""negated"": false, ""value_low"": null, ""value_high"": null, ""unit"": null, ""value_text"": ""irregularly lobed"", ""modifier"": """", ""source_text"": ""irrégulièrement lobés""}, {""po_id"": ""PO_0009100"", ""po_label"": ""involucre"", ""pato_id"": ""PATO_0001334"", ""pato_label"": ""diameter"", ""negated"": false, ""value_low"": 5.0, ""value_high"": 15.0, ""unit"": ""mm"", ""value_text"": """", ""modifier"": """", ""source_text"": ""involucre de 5–15 mm de diam.""}, {""po_id"": ""PO_0009043"", ""po_label"": ""bracteole"", ""pato_id"": ""PATO_0001408"", ""pato_label"": ""ciliatedness"", ""negated"": false, ""value_low"": null, ""value_high"": null, ""unit"": null, ""value_text"": ""ciliate"", ""modifier"": """", ""source_text"": ""bractéoles ciliées""}]"	
paul-071	fdac	901123	Ancistrocarpus comperei R.Wilczek	feuilles	fr	à stipules lancéolées, atteignant 10 mm de long, ± persistantes; pétiole de 0,4–0,7 cm de long, tomenteux; limbe ovale, ovale-elliptique, cordé et ± asymétrique à la base, acuminé au sommet, à acumen atteignant 20 mm de long, de 10–22 cm de long et 5–9 cm de large, papyracé, densément pubérulent en dessus, densément pubescent à tomenteux en dessous; nervures latérales basilaires 3–5, les supérieures 5–7 paires; domaties absentes.	"[{""po_id"": ""PO_0020041"", ""po_label"": ""stipule"", ""pato_id"": ""PATO_0001877"", ""pato_label"": ""lanceolate"", ""negated"": false, ""value_low"": null, ""value_high"": null, ""unit"": null, ""value_text"": """", ""modifier"": """", ""source_text"": ""stipules lancéolées""}, {""po_id"": ""PO_0020041"", ""po_label"": ""stipule"", ""pato_id"": ""PATO_0000122"", ""pato_label"": ""length"", ""negated"": false, ""value_low"": null, ""value_high"": 10.0, ""unit"": ""mm"", ""value_text"": """", ""modifier"": """", ""source_text"": ""atteignant 10 mm de long""}, {""po_id"": ""PO_0020041"", ""po_label"": ""stipule"", ""pato_id"": ""PATO_0001732"", ""pato_label"": ""non-deciduous (any body part)"", ""negated"": false, ""value_low"": null, ""value_high"": null, ""unit"": null, ""value_text"": ""persistent"", ""modifier"": ""usually"", ""source_text"": ""± persistantes""}, {""po_id"": ""PO_0020038"", ""po_label"": ""petiole"", ""pato_id"": ""PATO_0000122"", ""pato_label"": ""length"", ""negated"": false, ""value_low"": 0.4, ""value_high"": 0.7, ""unit"": ""cm"", ""value_text"": """", ""modifier"": """", ""source_text"": ""pétiole de 0,4–0,7 cm de long""}, {""po_id"": ""PO_0020038"", ""po_label"": ""petiole"", ""pato_id"": ""PATO_0002341"", ""pato_label"": ""tomentose"", ""negated"": false, ""value_low"": null, ""value_high"": null, ""unit"": null, ""value_text"": """", ""modifier"": """", ""source_text"": ""tomenteux""}, {""po_id"": ""PO_0020039"", ""po_label"": ""leaf lamina"", ""pato_id"": ""PATO_0001891"", ""pato_label"": ""ovate"", ""negated"": false, ""value_low"": null, ""value_high"": null, ""unit"": null, ""value_text"": """", ""modifier"": """", ""source_text"": ""limbe ovale, ovale-elliptique""}, {""po_id"": ""PO_0020039"", ""po_label"": ""leaf lamina"", ""pato_id"": ""PATO_0000947"", ""pato_label"": ""elliptic"", ""negated"": false, ""value_low"": null, ""value_high"": null, ""unit"": null, ""value_text"": ""ovate-elliptic"", ""modifier"": """", ""source_text"": ""ovale-elliptique""}, {""po_id"": ""PO_0008019"", ""po_label"": ""leaf lamina base"", ""pato_id"": ""PATO_0000948"", ""pato_label"": ""heart shaped"", ""negated"": false, ""value_low"": null, ""value_high"": null, ""unit"": null, ""value_text"": ""cordate"", ""modifier"": """", ""source_text"": ""cordé ... à la base""}, {""po_id"": ""PO_0008019"", ""po_label"": ""leaf lamina base"", ""pato_id"": ""PATO_0000616"", ""pato_label"": ""asymmetrical"", ""negated"": false, ""value_low"": null, ""value_high"": null, ""unit"": null, ""value_text"": """", ""modifier"": ""usually"", ""source_text"": ""± asymétrique à la base""}, {""po_id"": ""PO_0020137"", ""po_label"": ""leaf apex"", ""pato_id"": ""PATO_0002228"", ""pato_label"": ""acuminate"", ""negated"": false, ""value_low"": null, ""value_high"": null, ""unit"": null, ""value_text"": """", ""modifier"": """", ""source_text"": ""acuminé au sommet""}, {""po_id"": ""PO_0020137"", ""po_label"": ""leaf apex"", ""pato_id"": ""PATO_0000122"", ""pato_label"": ""length"", ""negated"": false, ""value_low"": null, ""value_high"": 20.0, ""unit"": ""mm"", ""value_text"": ""acumen"", ""modifier"": """", ""source_text"": ""à acumen atteignant 20 mm de long""}, {""po_id"": ""PO_0020039"", ""po_label"": ""leaf lamina"", ""pato_id"": ""PATO_0000122"", ""pato_label"": ""length"", ""negated"": false, ""value_low"": 10.0, ""value_high"": 22.0, ""unit"": ""cm"", ""value_text"": """", ""modifier"": """", ""source_text"": ""de 10–22 cm de long""}, {""po_id"": ""PO_0020039"", ""po_label"": ""leaf lamina"", ""pato_id"": ""PATO_0000921"", ""pato_label"": ""width"", ""negated"": false, ""value_low"": 5.0, ""value_high"": 9.0, ""unit"": ""cm"", ""value_text"": """", ""modifier"": """", ""source_text"": ""5–9 cm de large""}, {""po_id"": ""PO_0000050"", ""po_label"": ""leaf lamina adaxial epidermis"", ""pato_id"": ""PATO_0000455"", ""pato_label"": ""pubescent"", ""negated"": false, ""value_low"": null, ""value_high"": null, ""unit"": null, ""value_text"": ""puberulous"", ""modifier"": """", ""source_text"": ""densément pubérulent en dessus""}, {""po_id"": ""PO_0000049"", ""po_label"": ""leaf lamina abaxial epidermis"", ""pato_id"": ""PATO_0000455"", ""pato_label"": ""pubescent"", ""negated"": false, ""value_low"": null, ""value_high"": null, ""unit"": null, ""value_text"": """", ""modifier"": """", ""source_text"": ""densément pubescent à tomenteux en dessous""}, {""po_id"": ""PO_0000049"", ""po_label"": ""leaf lamina abaxial epidermis"", ""pato_id"": ""PATO_0002341"", ""pato_label"": ""tomentose"", ""negated"": false, ""value_low"": null, ""value_high"": null, ""unit"": null, ""value_text"": """", ""modifier"": """", ""source_text"": ""densément pubescent à tomenteux en dessous""}, {""po_id"": ""PO_0006011"", ""po_label"": ""lateral leaf vein"", ""pato_id"": ""PATO_0000070"", ""pato_label"": ""count"", ""negated"": false, ""value_low"": 3, ""value_high"": 5, ""unit"": null, ""value_text"": ""3-5 basal pairs"", ""modifier"": """", ""source_text"": ""nervures latérales basilaires 3–5""}, {""po_id"": ""PO_0006011"", ""po_label"": ""lateral leaf vein"", ""pato_id"": ""PATO_0000070"", ""pato_label"": ""count"", ""negated"": false, ""value_low"": 5, ""value_high"": 7, ""unit"": null, ""value_text"": ""5-7 upper pairs"", ""modifier"": """", ""source_text"": ""les supérieures 5–7 paires""}]"	"[{""po_id"": ""PO_0020041"", ""po_label"": ""stipule"", ""pato_id"": ""PATO_0001877"", ""pato_label"": ""lanceolate"", ""negated"": false, ""value_low"": null, ""value_high"": null, ""unit"": null, ""value_text"": """", ""modifier"": """", ""source_text"": ""stipules lancéolées""}, {""po_id"": ""PO_0020041"", ""po_label"": ""stipule"", ""pato_id"": ""PATO_0000122"", ""pato_label"": ""length"", ""negated"": false, ""value_low"": null, ""value_high"": 10.0, ""unit"": ""mm"", ""value_text"": """", ""modifier"": """", ""source_text"": ""atteignant 10 mm de long""}, {""po_id"": ""PO_0020041"", ""po_label"": ""stipule"", ""pato_id"": ""PATO_0001732"", ""pato_label"": ""non-deciduous (any body part)"", ""negated"": false, ""value_low"": null, ""value_high"": null, ""unit"": null, ""value_text"": ""persistent"", ""modifier"": ""usually"", ""source_text"": ""± persistantes""}, {""po_id"": ""PO_0020038"", ""po_label"": ""petiole"", ""pato_id"": ""PATO_0000122"", ""pato_label"": ""length"", ""negated"": false, ""value_low"": 0.4, ""value_high"": 0.7, ""unit"": ""cm"", ""value_text"": """", ""modifier"": """", ""source_text"": ""pétiole de 0,4–0,7 cm de long""}, {""po_id"": ""PO_0020038"", ""po_label"": ""petiole"", ""pato_id"": ""PATO_0002341"", ""pato_label"": ""tomentose"", ""negated"": false, ""value_low"": null, ""value_high"": null, ""unit"": null, ""value_text"": """", ""modifier"": """", ""source_text"": ""tomenteux""}, {""po_id"": ""PO_0020039"", ""po_label"": ""leaf lamina"", ""pato_id"": ""PATO_0001891"", ""pato_label"": ""ovate"", ""negated"": false, ""value_low"": null, ""value_high"": null, ""unit"": null, ""value_text"": """", ""modifier"": """", ""source_text"": ""limbe ovale, ovale-elliptique""}, {""po_id"": ""PO_0020039"", ""po_label"": ""leaf lamina"", ""pato_id"": ""PATO_0000947"", ""pato_label"": ""elliptic"", ""negated"": false, ""value_low"": null, ""value_high"": null, ""unit"": null, ""value_text"": ""ovate-elliptic"", ""modifier"": """", ""source_text"": ""ovale-elliptique""}, {""po_id"": ""PO_0008019"", ""po_label"": ""leaf lamina base"", ""pato_id"": ""PATO_0000948"", ""pato_label"": ""heart shaped"", ""negated"": false, ""value_low"": null, ""value_high"": null, ""unit"": null, ""value_text"": ""cordate"", ""modifier"": """", ""source_text"": ""cordé ... à la base""}, {""po_id"": ""PO_0008019"", ""po_label"": ""leaf lamina base"", ""pato_id"": ""PATO_0000616"", ""pato_label"": ""asymmetrical"", ""negated"": false, ""value_low"": null, ""value_high"": null, ""unit"": null, ""value_text"": """", ""modifier"": ""usually"", ""source_text"": ""± asymétrique à la base""}, {""po_id"": ""PO_0020137"", ""po_label"": ""leaf apex"", ""pato_id"": ""PATO_0002228"", ""pato_label"": ""acuminate"", ""negated"": false, ""value_low"": null, ""value_high"": null, ""unit"": null, ""value_text"": """", ""modifier"": """", ""source_text"": ""acuminé au sommet""}, {""po_id"": ""PO_0020137"", ""po_label"": ""leaf apex"", ""pato_id"": ""PATO_0000122"", ""pato_label"": ""length"", ""negated"": false, ""value_low"": null, ""value_high"": 20.0, ""unit"": ""mm"", ""value_text"": ""acumen"", ""modifier"": """", ""source_text"": ""à acumen atteignant 20 mm de long""}, {""po_id"": ""PO_0020039"", ""po_label"": ""leaf lamina"", ""pato_id"": ""PATO_0000122"", ""pato_label"": ""length"", ""negated"": false, ""value_low"": 10.0, ""value_high"": 22.0, ""unit"": ""cm"", ""value_text"": """", ""modifier"": """", ""source_text"": ""de 10–22 cm de long""}, {""po_id"": ""PO_0020039"", ""po_label"": ""leaf lamina"", ""pato_id"": ""PATO_0000921"", ""pato_label"": ""width"", ""negated"": false, ""value_low"": 5.0, ""value_high"": 9.0, ""unit"": ""cm"", ""value_text"": """", ""modifier"": """", ""source_text"": ""5–9 cm de large""}, {""po_id"": ""PO_0000050"", ""po_label"": ""leaf lamina adaxial epidermis"", ""pato_id"": ""PATO_0000455"", ""pato_label"": ""pubescent"", ""negated"": false, ""value_low"": null, ""value_high"": null, ""unit"": null, ""value_text"": ""puberulous"", ""modifier"": """", ""source_text"": ""densément pubérulent en dessus""}, {""po_id"": ""PO_0000049"", ""po_label"": ""leaf lamina abaxial epidermis"", ""pato_id"": ""PATO_0000455"", ""pato_label"": ""pubescent"", ""negated"": false, ""value_low"": null, ""value_high"": null, ""unit"": null, ""value_text"": """", ""modifier"": """", ""source_text"": ""densément pubescent à tomenteux en dessous""}, {""po_id"": ""PO_0000049"", ""po_label"": ""leaf lamina abaxial epidermis"", ""pato_id"": ""PATO_0002341"", ""pato_label"": ""tomentose"", ""negated"": false, ""value_low"": null, ""value_high"": null, ""unit"": null, ""value_text"": """", ""modifier"": """", ""source_text"": ""densément pubescent à tomenteux en dessous""}, {""po_id"": ""PO_0006011"", ""po_label"": ""lateral leaf vein"", ""pato_id"": ""PATO_0000070"", ""pato_label"": ""count"", ""negated"": false, ""value_low"": 3, ""value_high"": 5, ""unit"": null, ""value_text"": ""3-5 basal pairs"", ""modifier"": """", ""source_text"": ""nervures latérales basilaires 3–5""}, {""po_id"": ""PO_0006011"", ""po_label"": ""lateral leaf vein"", ""pato_id"": ""PATO_0000070"", ""pato_label"": ""count"", ""negated"": false, ""value_low"": 5, ""value_high"": 7, ""unit"": null, ""value_text"": ""5-7 upper pairs"", ""modifier"": """", ""source_text"": ""les supérieures 5–7 paires""}]"	
paul-072	fdac	898670	Dalbergia arbutifolia Baker	panicules	fr	axillaires et terminales, apparaissant avant ou en même temps que les feuilles de la saison, de 5 cm de long ou moins; bractées indistinctes.	"[{""po_id"": ""PO_0009049"", ""po_label"": ""inflorescence"", ""pato_id"": ""PATO_0000122"", ""pato_label"": ""length"", ""negated"": false, ""value_low"": null, ""value_high"": 5.0, ""unit"": ""cm"", ""value_text"": """", ""modifier"": """", ""source_text"": ""de 5 cm de long ou moins""}, {""po_id"": ""PO_0009055"", ""po_label"": ""bract"", ""pato_id"": ""PATO_0000464"", ""pato_label"": ""inconspicuous"", ""negated"": false, ""value_low"": null, ""value_high"": null, ""unit"": null, ""value_text"": ""indistinct"", ""modifier"": """", ""source_text"": ""bractées indistinctes""}]"	"[{""po_id"": ""PO_0009049"", ""po_label"": ""inflorescence"", ""pato_id"": ""PATO_0000122"", ""pato_label"": ""length"", ""negated"": false, ""value_low"": null, ""value_high"": 5.0, ""unit"": ""cm"", ""value_text"": """", ""modifier"": """", ""source_text"": ""de 5 cm de long ou moins""}, {""po_id"": ""PO_0009055"", ""po_label"": ""bract"", ""pato_id"": ""PATO_0000464"", ""pato_label"": ""inconspicuous"", ""negated"": false, ""value_low"": null, ""value_high"": null, ""unit"": null, ""value_text"": ""indistinct"", ""modifier"": """", ""source_text"": ""bractées indistinctes""}]"	
paul-073	fdac	896362	Erucastrum arabicum Fisch. & Mey.	graines	fr	± 40, ellipsoïdes, de 1–1,2 mm de long et de 0,7–0,8 mm de large.	"[{""po_id"": ""PO_0009010"", ""po_label"": ""seed"", ""pato_id"": ""PATO_0000947"", ""pato_label"": ""elliptic"", ""negated"": false, ""value_low"": null, ""value_high"": null, ""unit"": null, ""value_text"": ""ellipsoid"", ""modifier"": """", ""source_text"": ""ellipsoïdes""}, {""po_id"": ""PO_0009010"", ""po_label"": ""seed"", ""pato_id"": ""PATO_0000122"", ""pato_label"": ""length"", ""negated"": false, ""value_low"": 1.0, ""value_high"": 1.2, ""unit"": ""mm"", ""value_text"": """", ""modifier"": """", ""source_text"": ""de 1–1,2 mm de long""}, {""po_id"": ""PO_0009010"", ""po_label"": ""seed"", ""pato_id"": ""PATO_0000921"", ""pato_label"": ""width"", ""negated"": false, ""value_low"": 0.7, ""value_high"": 0.8, ""unit"": ""mm"", ""value_text"": """", ""modifier"": """", ""source_text"": ""de 0,7–0,8 mm de large""}]"	"[{""po_id"": ""PO_0009010"", ""po_label"": ""seed"", ""pato_id"": ""PATO_0000947"", ""pato_label"": ""elliptic"", ""negated"": false, ""value_low"": null, ""value_high"": null, ""unit"": null, ""value_text"": ""ellipsoid"", ""modifier"": """", ""source_text"": ""ellipsoïdes""}, {""po_id"": ""PO_0009010"", ""po_label"": ""seed"", ""pato_id"": ""PATO_0000122"", ""pato_label"": ""length"", ""negated"": false, ""value_low"": 1.0, ""value_high"": 1.2, ""unit"": ""mm"", ""value_text"": """", ""modifier"": """", ""source_text"": ""de 1–1,2 mm de long""}, {""po_id"": ""PO_0009010"", ""po_label"": ""seed"", ""pato_id"": ""PATO_0000921"", ""pato_label"": ""width"", ""negated"": false, ""value_low"": 0.7, ""value_high"": 0.8, ""unit"": ""mm"", ""value_text"": """", ""modifier"": """", ""source_text"": ""de 0,7–0,8 mm de large""}]"	
paul-074	flora-gabon	fdgvol1_final.xml	Lecomtedoxa Biraudii Aubr. et Pellegr.	flowers	fr	Flores e ramorum vetustiorum pulvinis nascentes.	[]	[]	
paul-075	flora-gabon	fdgvol45_final.xml	Garcinia buchananii Baker	fruits	fr	Fruit subglobuleux, 2-2,5 cm de diamètre, lisse, glabre, jaune à rouge.	"[{""po_id"": ""PO_0009001"", ""po_label"": ""fruit"", ""pato_id"": ""PATO_0001499"", ""pato_label"": ""spherical"", ""negated"": false, ""value_low"": null, ""value_high"": null, ""unit"": null, ""value_text"": ""subglobose"", ""modifier"": """", ""source_text"": ""subglobuleux""}, {""po_id"": ""PO_0009001"", ""po_label"": ""fruit"", ""pato_id"": ""PATO_0001334"", ""pato_label"": ""diameter"", ""negated"": false, ""value_low"": 2.0, ""value_high"": 2.5, ""unit"": ""cm"", ""value_text"": """", ""modifier"": """", ""source_text"": ""2-2,5 cm de diamètre""}, {""po_id"": ""PO_0009001"", ""po_label"": ""fruit"", ""pato_id"": ""PATO_0000701"", ""pato_label"": ""smooth"", ""negated"": false, ""value_low"": null, ""value_high"": null, ""unit"": null, ""value_text"": """", ""modifier"": """", ""source_text"": ""lisse""}, {""po_id"": ""PO_0009001"", ""po_label"": ""fruit"", ""pato_id"": ""PATO_0000453"", ""pato_label"": ""glabrous"", ""negated"": false, ""value_low"": null, ""value_high"": null, ""unit"": null, ""value_text"": """", ""modifier"": """", ""source_text"": ""glabre""}, {""po_id"": ""PO_0009001"", ""po_label"": ""fruit"", ""pato_id"": ""PATO_0000324"", ""pato_label"": ""yellow"", ""negated"": false, ""value_low"": null, ""value_high"": null, ""unit"": null, ""value_text"": """", ""modifier"": """", ""source_text"": ""jaune à rouge""}, {""po_id"": ""PO_0009001"", ""po_label"": ""fruit"", ""pato_id"": ""PATO_0000322"", ""pato_label"": ""red"", ""negated"": false, ""value_low"": null, ""value_high"": null, ""unit"": null, ""value_text"": """", ""modifier"": """", ""source_text"": ""jaune à rouge""}]"	"[{""po_id"": ""PO_0009001"", ""po_label"": ""fruit"", ""pato_id"": ""PATO_0001499"", ""pato_label"": ""spherical"", ""negated"": false, ""value_low"": null, ""value_high"": null, ""unit"": null, ""value_text"": ""subglobose"", ""modifier"": """", ""source_text"": ""subglobuleux""}, {""po_id"": ""PO_0009001"", ""po_label"": ""fruit"", ""pato_id"": ""PATO_0001334"", ""pato_label"": ""diameter"", ""negated"": false, ""value_low"": 2.0, ""value_high"": 2.5, ""unit"": ""cm"", ""value_text"": """", ""modifier"": """", ""source_text"": ""2-2,5 cm de diamètre""}, {""po_id"": ""PO_0009001"", ""po_label"": ""fruit"", ""pato_id"": ""PATO_0000701"", ""pato_label"": ""smooth"", ""negated"": false, ""value_low"": null, ""value_high"": null, ""unit"": null, ""value_text"": """", ""modifier"": """", ""source_text"": ""lisse""}, {""po_id"": ""PO_0009001"", ""po_label"": ""fruit"", ""pato_id"": ""PATO_0000453"", ""pato_label"": ""glabrous"", ""negated"": false, ""value_low"": null, ""value_high"": null, ""unit"": null, ""value_text"": """", ""modifier"": """", ""source_text"": ""glabre""}, {""po_id"": ""PO_0009001"", ""po_label"": ""fruit"", ""pato_id"": ""PATO_0000324"", ""pato_label"": ""yellow"", ""negated"": false, ""value_low"": null, ""value_high"": null, ""unit"": null, ""value_text"": """", ""modifier"": """", ""source_text"": ""jaune à rouge""}, {""po_id"": ""PO_0009001"", ""po_label"": ""fruit"", ""pato_id"": ""PATO_0000322"", ""pato_label"": ""red"", ""negated"": false, ""value_low"": null, ""value_high"": null, ""unit"": null, ""value_text"": """", ""modifier"": """", ""source_text"": ""jaune à rouge""}]"	
paul-076	flora-gabon	fdgvol32_final.xml	Dichapetalum affine Breteler	habit	fr	Liane ou arbuste sarmenteux, parfois arbuste.	[]	[]	
paul-077	flora-gabon	fdgvol29_final.xml	Salacia tessmannii Loesener	inflorescences	fr	Glomérules floraux axillaires sessiles 1-4-flores.	"[{""po_id"": ""PO_0009049"", ""po_label"": ""inflorescence"", ""pato_id"": ""PATO_0001436"", ""pato_label"": ""sessile (sensu botany)"", ""negated"": false, ""value_low"": null, ""value_high"": null, ""unit"": null, ""value_text"": """", ""modifier"": """", ""source_text"": ""sessiles""}, {""po_id"": ""PO_0009049"", ""po_label"": ""inflorescence"", ""pato_id"": ""PATO_0000070"", ""pato_label"": ""count"", ""negated"": false, ""value_low"": 1, ""value_high"": 4, ""unit"": null, ""value_text"": ""1-4-flowered"", ""modifier"": """", ""source_text"": ""1-4-flores""}]"	"[{""po_id"": ""PO_0009049"", ""po_label"": ""inflorescence"", ""pato_id"": ""PATO_0001436"", ""pato_label"": ""sessile (sensu botany)"", ""negated"": false, ""value_low"": null, ""value_high"": null, ""unit"": null, ""value_text"": """", ""modifier"": """", ""source_text"": ""sessiles""}, {""po_id"": ""PO_0009049"", ""po_label"": ""inflorescence"", ""pato_id"": ""PATO_0000070"", ""pato_label"": ""count"", ""negated"": false, ""value_low"": 1, ""value_high"": 4, ""unit"": null, ""value_text"": ""1-4-flowered"", ""modifier"": """", ""source_text"": ""1-4-flores""}]"	
paul-078	flora-gabon	fdgvol8_final.xml	XIPHOPTERIS Kaulfuss	petiole	fr	Pétiole non articulé; limbe pinnatifide, ou penné, à pennes adnées; une seule nervure, simple ou pinnafide, par lobe.	"[{""po_id"": ""PO_0020039"", ""po_label"": ""leaf lamina"", ""pato_id"": ""PATO_0000410"", ""pato_label"": ""pinnate"", ""negated"": false, ""value_low"": null, ""value_high"": null, ""unit"": null, ""value_text"": ""pinnatifid or pinnate"", ""modifier"": """", ""source_text"": ""limbe pinnatifide, ou penné""}, {""po_id"": ""PO_0020049"", ""po_label"": ""leaflet"", ""pato_id"": ""PATO_0001984"", ""pato_label"": ""decurrent"", ""negated"": false, ""value_low"": null, ""value_high"": null, ""unit"": null, ""value_text"": ""adnate"", ""modifier"": """", ""source_text"": ""pennes adnées""}, {""po_id"": ""PO_0006011"", ""po_label"": ""lateral leaf vein"", ""pato_id"": ""PATO_0000070"", ""pato_label"": ""count"", ""negated"": false, ""value_low"": 1, ""value_high"": 1, ""unit"": null, ""value_text"": ""1 per lobe"", ""modifier"": """", ""source_text"": ""une seule nervure, simple ou pinnafide, par lobe""}]"	"[{""po_id"": ""PO_0020039"", ""po_label"": ""leaf lamina"", ""pato_id"": ""PATO_0000410"", ""pato_label"": ""pinnate"", ""negated"": false, ""value_low"": null, ""value_high"": null, ""unit"": null, ""value_text"": ""pinnatifid or pinnate"", ""modifier"": """", ""source_text"": ""limbe pinnatifide, ou penné""}, {""po_id"": ""PO_0020049"", ""po_label"": ""leaflet"", ""pato_id"": ""PATO_0001984"", ""pato_label"": ""decurrent"", ""negated"": false, ""value_low"": null, ""value_high"": null, ""unit"": null, ""value_text"": ""adnate"", ""modifier"": """", ""source_text"": ""pennes adnées""}, {""po_id"": ""PO_0006011"", ""po_label"": ""lateral leaf vein"", ""pato_id"": ""PATO_0000070"", ""pato_label"": ""count"", ""negated"": false, ""value_low"": 1, ""value_high"": 1, ""unit"": null, ""value_text"": ""1 per lobe"", ""modifier"": """", ""source_text"": ""une seule nervure, simple ou pinnafide, par lobe""}]"	
paul-079	flora-gabon	fdgvol31_final.xml	Newtonia leucocarpa Gilbert & Boutique	pinna axes	fr	Axe de la penne pubescent long de 1,8-9 cm, caréné dessus.	"[{""po_id"": ""PO_0020055"", ""po_label"": ""leaf rachis"", ""pato_id"": ""PATO_0000455"", ""pato_label"": ""pubescent"", ""negated"": false, ""value_low"": null, ""value_high"": null, ""unit"": null, ""value_text"": """", ""modifier"": """", ""source_text"": ""Axe de la penne pubescent""}, {""po_id"": ""PO_0020055"", ""po_label"": ""leaf rachis"", ""pato_id"": ""PATO_0000122"", ""pato_label"": ""length"", ""negated"": false, ""value_low"": 1.8, ""value_high"": 9.0, ""unit"": ""cm"", ""value_text"": """", ""modifier"": """", ""source_text"": ""long de 1,8-9 cm""}, {""po_id"": ""PO_0020055"", ""po_label"": ""leaf rachis"", ""pato_id"": ""PATO_0002358"", ""pato_label"": ""ridged"", ""negated"": false, ""value_low"": null, ""value_high"": null, ""unit"": null, ""value_text"": ""keeled above"", ""modifier"": """", ""source_text"": ""caréné dessus""}]"	"[{""po_id"": ""PO_0020055"", ""po_label"": ""leaf rachis"", ""pato_id"": ""PATO_0000455"", ""pato_label"": ""pubescent"", ""negated"": false, ""value_low"": null, ""value_high"": null, ""unit"": null, ""value_text"": """", ""modifier"": """", ""source_text"": ""Axe de la penne pubescent""}, {""po_id"": ""PO_0020055"", ""po_label"": ""leaf rachis"", ""pato_id"": ""PATO_0000122"", ""pato_label"": ""length"", ""negated"": false, ""value_low"": 1.8, ""value_high"": 9.0, ""unit"": ""cm"", ""value_text"": """", ""modifier"": """", ""source_text"": ""long de 1,8-9 cm""}, {""po_id"": ""PO_0020055"", ""po_label"": ""leaf rachis"", ""pato_id"": ""PATO_0002358"", ""pato_label"": ""ridged"", ""negated"": false, ""value_low"": null, ""value_high"": null, ""unit"": null, ""value_text"": ""keeled above"", ""modifier"": """", ""source_text"": ""caréné dessus""}]"	
paul-080	flora-gabon	fdgvol30_final.xml	CLEOME Linné	seeds	fr	Graines suborbiculaires ou réniformes vues de côté, subsphériques ou légèrement comprimées latéralement; fente du hile nette, parfois ± recouverte par un élaïosome labile; testa coriace, cassant, glabre ou poilu, lisse ou ornementé; embryon courbe, radicule à extrémité aiguë; cotylédons obtus ou arrondis au sommet, très développés, non plissés longidutinalement, riches en huile.	"[{""po_id"": ""PO_0009010"", ""po_label"": ""seed"", ""pato_id"": ""PATO_0002397"", ""pato_label"": ""subcircular"", ""negated"": false, ""value_low"": null, ""value_high"": null, ""unit"": null, ""value_text"": ""suborbicular"", ""modifier"": """", ""source_text"": ""suborbiculaires""}, {""po_id"": ""PO_0009010"", ""po_label"": ""seed"", ""pato_id"": ""PATO_0001871"", ""pato_label"": ""reniform"", ""negated"": false, ""value_low"": null, ""value_high"": null, ""unit"": null, ""value_text"": """", ""modifier"": """", ""source_text"": ""réniformes""}, {""po_id"": ""PO_0009010"", ""po_label"": ""seed"", ""pato_id"": ""PATO_0001499"", ""pato_label"": ""spherical"", ""negated"": false, ""value_low"": null, ""value_high"": null, ""unit"": null, ""value_text"": ""subspherical"", ""modifier"": """", ""source_text"": ""subsphériques""}, {""po_id"": ""PO_0009010"", ""po_label"": ""seed"", ""pato_id"": ""PATO_0002054"", ""pato_label"": ""laterally compressed"", ""negated"": false, ""value_low"": null, ""value_high"": null, ""unit"": null, ""value_text"": ""slightly laterally compressed"", ""modifier"": """", ""source_text"": ""légèrement comprimées latéralement""}, {""po_id"": ""PO_0020057"", ""po_label"": ""testa"", ""pato_id"": ""PATO_0002477"", ""pato_label"": ""brittle"", ""negated"": false, ""value_low"": null, ""value_high"": null, ""unit"": null, ""value_text"": """", ""modifier"": """", ""source_text"": ""cassant""}, {""po_id"": ""PO_0020057"", ""po_label"": ""testa"", ""pato_id"": ""PATO_0000453"", ""pato_label"": ""glabrous"", ""negated"": false, ""value_low"": null, ""value_high"": null, ""unit"": null, ""value_text"": """", ""modifier"": """", ""source_text"": ""glabre""}, {""po_id"": ""PO_0020057"", ""po_label"": ""testa"", ""pato_id"": ""PATO_0000454"", ""pato_label"": ""hairy"", ""negated"": false, ""value_low"": null, ""value_high"": null, ""unit"": null, ""value_text"": """", ""modifier"": """", ""source_text"": ""poilu""}, {""po_id"": ""PO_0020057"", ""po_label"": ""testa"", ""pato_id"": ""PATO_0000701"", ""pato_label"": ""smooth"", ""negated"": false, ""value_low"": null, ""value_high"": null, ""unit"": null, ""value_text"": """", ""modifier"": """", ""source_text"": ""lisse""}, {""po_id"": ""PO_0020057"", ""po_label"": ""testa"", ""pato_id"": ""PATO_0002441"", ""pato_label"": ""ornamented"", ""negated"": false, ""value_low"": null, ""value_high"": null, ""unit"": null, ""value_text"": """", ""modifier"": """", ""source_text"": ""ornementé""}, {""po_id"": ""PO_0009009"", ""po_label"": ""plant embryo"", ""pato_id"": ""PATO_0000406"", ""pato_label"": ""curved"", ""negated"": false, ""value_low"": null, ""value_high"": null, ""unit"": null, ""value_text"": """", ""modifier"": """", ""source_text"": ""embryon courbe""}, {""po_id"": ""PO_0020031"", ""po_label"": ""radicle"", ""pato_id"": ""PATO_0000389"", ""pato_label"": ""acute"", ""negated"": false, ""value_low"": null, ""value_high"": null, ""unit"": null, ""value_text"": ""acute at tip"", ""modifier"": """", ""source_text"": ""radicule à extrémité aiguë""}, {""po_id"": ""PO_0020030"", ""po_label"": ""cotyledon"", ""pato_id"": ""PATO_0001935"", ""pato_label"": ""obtuse"", ""negated"": false, ""value_low"": null, ""value_high"": null, ""unit"": null, ""value_text"": """", ""modifier"": """", ""source_text"": ""cotylédons obtus ou arrondis au sommet""}, {""po_id"": ""PO_0020030"", ""po_label"": ""cotyledon"", ""pato_id"": ""PATO_0000411"", ""pato_label"": ""circular"", ""negated"": false, ""value_low"": null, ""value_high"": null, ""unit"": null, ""value_text"": ""rounded at apex"", ""modifier"": """", ""source_text"": ""arrondis au sommet""}, {""po_id"": ""PO_0020030"", ""po_label"": ""cotyledon"", ""pato_id"": ""PATO_0000586"", ""pato_label"": ""increased size"", ""negated"": false, ""value_low"": null, ""value_high"": null, ""unit"": null, ""value_text"": ""well-developed"", ""modifier"": """", ""source_text"": ""très développés""}]"	"[{""po_id"": ""PO_0009010"", ""po_label"": ""seed"", ""pato_id"": ""PATO_0002397"", ""pato_label"": ""subcircular"", ""negated"": false, ""value_low"": null, ""value_high"": null, ""unit"": null, ""value_text"": ""suborbicular"", ""modifier"": """", ""source_text"": ""suborbiculaires""}, {""po_id"": ""PO_0009010"", ""po_label"": ""seed"", ""pato_id"": ""PATO_0001871"", ""pato_label"": ""reniform"", ""negated"": false, ""value_low"": null, ""value_high"": null, ""unit"": null, ""value_text"": """", ""modifier"": """", ""source_text"": ""réniformes""}, {""po_id"": ""PO_0009010"", ""po_label"": ""seed"", ""pato_id"": ""PATO_0001499"", ""pato_label"": ""spherical"", ""negated"": false, ""value_low"": null, ""value_high"": null, ""unit"": null, ""value_text"": ""subspherical"", ""modifier"": """", ""source_text"": ""subsphériques""}, {""po_id"": ""PO_0009010"", ""po_label"": ""seed"", ""pato_id"": ""PATO_0002054"", ""pato_label"": ""laterally compressed"", ""negated"": false, ""value_low"": null, ""value_high"": null, ""unit"": null, ""value_text"": ""slightly laterally compressed"", ""modifier"": """", ""source_text"": ""légèrement comprimées latéralement""}, {""po_id"": ""PO_0020057"", ""po_label"": ""testa"", ""pato_id"": ""PATO_0002477"", ""pato_label"": ""brittle"", ""negated"": false, ""value_low"": null, ""value_high"": null, ""unit"": null, ""value_text"": """", ""modifier"": """", ""source_text"": ""cassant""}, {""po_id"": ""PO_0020057"", ""po_label"": ""testa"", ""pato_id"": ""PATO_0000453"", ""pato_label"": ""glabrous"", ""negated"": false, ""value_low"": null, ""value_high"": null, ""unit"": null, ""value_text"": """", ""modifier"": """", ""source_text"": ""glabre""}, {""po_id"": ""PO_0020057"", ""po_label"": ""testa"", ""pato_id"": ""PATO_0000454"", ""pato_label"": ""hairy"", ""negated"": false, ""value_low"": null, ""value_high"": null, ""unit"": null, ""value_text"": """", ""modifier"": """", ""source_text"": ""poilu""}, {""po_id"": ""PO_0020057"", ""po_label"": ""testa"", ""pato_id"": ""PATO_0000701"", ""pato_label"": ""smooth"", ""negated"": false, ""value_low"": null, ""value_high"": null, ""unit"": null, ""value_text"": """", ""modifier"": """", ""source_text"": ""lisse""}, {""po_id"": ""PO_0020057"", ""po_label"": ""testa"", ""pato_id"": ""PATO_0002441"", ""pato_label"": ""ornamented"", ""negated"": false, ""value_low"": null, ""value_high"": null, ""unit"": null, ""value_text"": """", ""modifier"": """", ""source_text"": ""ornementé""}, {""po_id"": ""PO_0009009"", ""po_label"": ""plant embryo"", ""pato_id"": ""PATO_0000406"", ""pato_label"": ""curved"", ""negated"": false, ""value_low"": null, ""value_high"": null, ""unit"": null, ""value_text"": """", ""modifier"": """", ""source_text"": ""embryon courbe""}, {""po_id"": ""PO_0020031"", ""po_label"": ""radicle"", ""pato_id"": ""PATO_0000389"", ""pato_label"": ""acute"", ""negated"": false, ""value_low"": null, ""value_high"": null, ""unit"": null, ""value_text"": ""acute at tip"", ""modifier"": """", ""source_text"": ""radicule à extrémité aiguë""}, {""po_id"": ""PO_0020030"", ""po_label"": ""cotyledon"", ""pato_id"": ""PATO_0001935"", ""pato_label"": ""obtuse"", ""negated"": false, ""value_low"": null, ""value_high"": null, ""unit"": null, ""value_text"": """", ""modifier"": """", ""source_text"": ""cotylédons obtus ou arrondis au sommet""}, {""po_id"": ""PO_0020030"", ""po_label"": ""cotyledon"", ""pato_id"": ""PATO_0000411"", ""pato_label"": ""circular"", ""negated"": false, ""value_low"": null, ""value_high"": null, ""unit"": null, ""value_text"": ""rounded at apex"", ""modifier"": """", ""source_text"": ""arrondis au sommet""}, {""po_id"": ""PO_0020030"", ""po_label"": ""cotyledon"", ""pato_id"": ""PATO_0000586"", ""pato_label"": ""increased size"", ""negated"": false, ""value_low"": null, ""value_high"": null, ""unit"": null, ""value_text"": ""well-developed"", ""modifier"": """", ""source_text"": ""très développés""}]"	
paul-081	flora-malesiana	vol12_1_final.xml	Dysoxylum pettigrewianum F.M.Bailey	ovary	en	Ovary pubescent, 4-locular; style adpressed pubescent; stylehead discoid to subcapitate.	"[{""po_id"": ""PO_0009072"", ""po_label"": ""plant ovary"", ""pato_id"": ""PATO_0000455"", ""pato_label"": ""pubescent"", ""negated"": false, ""value_low"": null, ""value_high"": null, ""unit"": null, ""value_text"": """", ""modifier"": """", ""source_text"": ""Ovary pubescent""}, {""po_id"": ""PO_0009074"", ""po_label"": ""style"", ""pato_id"": ""PATO_0000455"", ""pato_label"": ""pubescent"", ""negated"": false, ""value_low"": null, ""value_high"": null, ""unit"": null, ""value_text"": """", ""modifier"": """", ""source_text"": ""style adpressed pubescent""}, {""po_id"": ""PO_0009073"", ""po_label"": ""stigma"", ""pato_id"": ""PATO_0001874"", ""pato_label"": ""discoid"", ""negated"": false, ""value_low"": null, ""value_high"": null, ""unit"": null, ""value_text"": """", ""modifier"": """", ""source_text"": ""stylehead discoid to subcapitate""}]"	"[{""po_id"": ""PO_0009072"", ""po_label"": ""plant ovary"", ""pato_id"": ""PATO_0000455"", ""pato_label"": ""pubescent"", ""negated"": false, ""value_low"": null, ""value_high"": null, ""unit"": null, ""value_text"": """", ""modifier"": """", ""source_text"": ""Ovary pubescent""}, {""po_id"": ""PO_0009074"", ""po_label"": ""style"", ""pato_id"": ""PATO_0000455"", ""pato_label"": ""pubescent"", ""negated"": false, ""value_low"": null, ""value_high"": null, ""unit"": null, ""value_text"": """", ""modifier"": """", ""source_text"": ""style adpressed pubescent""}, {""po_id"": ""PO_0009073"", ""po_label"": ""stigma"", ""pato_id"": ""PATO_0001874"", ""pato_label"": ""discoid"", ""negated"": false, ""value_low"": null, ""value_high"": null, ""unit"": null, ""value_text"": """", ""modifier"": """", ""source_text"": ""stylehead discoid to subcapitate""}]"	
paul-082	flora-malesiana	vol18_final.xml	Ochrosia oppositifolia K. Schum.	fruits	en	Fruit composed of 2 separate mericarps; mericarps ovoid to ellipsoid, sometimes subglobose, apex apiculate, acumen strongly curled, sometimes acuminate; endocarps split into fibres penetrating the mesocarps; fibres hard and thick or rather thin and slender, forming hard thick pointed ends or not.	"[{""po_id"": ""PO_0009001"", ""po_label"": ""fruit"", ""pato_id"": ""PATO_0000070"", ""pato_label"": ""count"", ""negated"": false, ""value_low"": 2, ""value_high"": 2, ""unit"": null, ""value_text"": ""2 mericarps"", ""modifier"": """", ""source_text"": ""Fruit composed of 2 separate mericarps""}, {""po_id"": ""PO_0009001"", ""po_label"": ""fruit"", ""pato_id"": ""PATO_0001891"", ""pato_label"": ""ovate"", ""negated"": false, ""value_low"": null, ""value_high"": null, ""unit"": null, ""value_text"": ""ovoid"", ""modifier"": """", ""source_text"": ""mericarps ovoid to ellipsoid""}, {""po_id"": ""PO_0009001"", ""po_label"": ""fruit"", ""pato_id"": ""PATO_0000947"", ""pato_label"": ""elliptic"", ""negated"": false, ""value_low"": null, ""value_high"": null, ""unit"": null, ""value_text"": ""ellipsoid"", ""modifier"": """", ""source_text"": ""mericarps ovoid to ellipsoid""}, {""po_id"": ""PO_0009001"", ""po_label"": ""fruit"", ""pato_id"": ""PATO_0001499"", ""pato_label"": ""spherical"", ""negated"": false, ""value_low"": null, ""value_high"": null, ""unit"": null, ""value_text"": ""subglobose"", ""modifier"": ""sometimes"", ""source_text"": ""sometimes subglobose""}, {""po_id"": ""PO_0009001"", ""po_label"": ""fruit"", ""pato_id"": ""PATO_0002228"", ""pato_label"": ""acuminate"", ""negated"": false, ""value_low"": null, ""value_high"": null, ""unit"": null, ""value_text"": """", ""modifier"": ""sometimes"", ""source_text"": ""sometimes acuminate""}, {""po_id"": ""PO_0009086"", ""po_label"": ""endocarp"", ""pato_id"": ""PATO_0000386"", ""pato_label"": ""hard"", ""negated"": false, ""value_low"": null, ""value_high"": null, ""unit"": null, ""value_text"": """", ""modifier"": """", ""source_text"": ""fibres hard and thick""}]"	"[{""po_id"": ""PO_0009001"", ""po_label"": ""fruit"", ""pato_id"": ""PATO_0000070"", ""pato_label"": ""count"", ""negated"": false, ""value_low"": 2, ""value_high"": 2, ""unit"": null, ""value_text"": ""2 mericarps"", ""modifier"": """", ""source_text"": ""Fruit composed of 2 separate mericarps""}, {""po_id"": ""PO_0009001"", ""po_label"": ""fruit"", ""pato_id"": ""PATO_0001891"", ""pato_label"": ""ovate"", ""negated"": false, ""value_low"": null, ""value_high"": null, ""unit"": null, ""value_text"": ""ovoid"", ""modifier"": """", ""source_text"": ""mericarps ovoid to ellipsoid""}, {""po_id"": ""PO_0009001"", ""po_label"": ""fruit"", ""pato_id"": ""PATO_0000947"", ""pato_label"": ""elliptic"", ""negated"": false, ""value_low"": null, ""value_high"": null, ""unit"": null, ""value_text"": ""ellipsoid"", ""modifier"": """", ""source_text"": ""mericarps ovoid to ellipsoid""}, {""po_id"": ""PO_0009001"", ""po_label"": ""fruit"", ""pato_id"": ""PATO_0001499"", ""pato_label"": ""spherical"", ""negated"": false, ""value_low"": null, ""value_high"": null, ""unit"": null, ""value_text"": ""subglobose"", ""modifier"": ""sometimes"", ""source_text"": ""sometimes subglobose""}, {""po_id"": ""PO_0009001"", ""po_label"": ""fruit"", ""pato_id"": ""PATO_0002228"", ""pato_label"": ""acuminate"", ""negated"": false, ""value_low"": null, ""value_high"": null, ""unit"": null, ""value_text"": """", ""modifier"": ""sometimes"", ""source_text"": ""sometimes acuminate""}, {""po_id"": ""PO_0009086"", ""po_label"": ""endocarp"", ""pato_id"": ""PATO_0000386"", ""pato_label"": ""hard"", ""negated"": false, ""value_low"": null, ""value_high"": null, ""unit"": null, ""value_text"": """", ""modifier"": """", ""source_text"": ""fibres hard and thick""}]"	
paul-083	flora-malesiana	vol14_final.xml	Knema elmeri Merr.	habit	en	Tree 5-15 m, sometimes with stilt-roots.	"[{""po_id"": ""PO_0000003"", ""po_label"": ""whole plant"", ""pato_id"": ""PATO_0000119"", ""pato_label"": ""height"", ""negated"": false, ""value_low"": 5, ""value_high"": 15, ""unit"": ""m"", ""value_text"": """", ""modifier"": """", ""source_text"": ""Tree 5-15 m""}]"	"[{""po_id"": ""PO_0000003"", ""po_label"": ""whole plant"", ""pato_id"": ""PATO_0000119"", ""pato_label"": ""height"", ""negated"": false, ""value_low"": 5, ""value_high"": 15, ""unit"": ""m"", ""value_text"": """", ""modifier"": """", ""source_text"": ""Tree 5-15 m""}]"	
paul-084	flora-malesiana	vol18_final.xml	Anodendron candolleanum Wight	inflorescences	en	Inflorescence mostly axillary delicate cymes, sometimes also terminal, glabrous, 3-23 cm long; pedicels 2.1-4 mm long, bracteoles at base.	"[{""po_id"": ""PO_0009049"", ""po_label"": ""inflorescence"", ""pato_id"": ""PATO_0000453"", ""pato_label"": ""glabrous"", ""negated"": false, ""value_low"": null, ""value_high"": null, ""unit"": null, ""value_text"": """", ""modifier"": """", ""source_text"": ""glabrous""}, {""po_id"": ""PO_0009049"", ""po_label"": ""inflorescence"", ""pato_id"": ""PATO_0000122"", ""pato_label"": ""length"", ""negated"": false, ""value_low"": 3, ""value_high"": 23, ""unit"": ""cm"", ""value_text"": """", ""modifier"": """", ""source_text"": ""3-23 cm long""}, {""po_id"": ""PO_0009052"", ""po_label"": ""pedicel"", ""pato_id"": ""PATO_0000122"", ""pato_label"": ""length"", ""negated"": false, ""value_low"": 2.1, ""value_high"": 4, ""unit"": ""mm"", ""value_text"": """", ""modifier"": """", ""source_text"": ""pedicels 2.1-4 mm long""}]"	"[{""po_id"": ""PO_0009049"", ""po_label"": ""inflorescence"", ""pato_id"": ""PATO_0000453"", ""pato_label"": ""glabrous"", ""negated"": false, ""value_low"": null, ""value_high"": null, ""unit"": null, ""value_text"": """", ""modifier"": """", ""source_text"": ""glabrous""}, {""po_id"": ""PO_0009049"", ""po_label"": ""inflorescence"", ""pato_id"": ""PATO_0000122"", ""pato_label"": ""length"", ""negated"": false, ""value_low"": 3, ""value_high"": 23, ""unit"": ""cm"", ""value_text"": """", ""modifier"": """", ""source_text"": ""3-23 cm long""}, {""po_id"": ""PO_0009052"", ""po_label"": ""pedicel"", ""pato_id"": ""PATO_0000122"", ""pato_label"": ""length"", ""negated"": false, ""value_low"": 2.1, ""value_high"": 4, ""unit"": ""mm"", ""value_text"": """", ""modifier"": """", ""source_text"": ""pedicels 2.1-4 mm long""}]"	
paul-085	flora-malesiana	fmvol17_part2_final.xml	Ficus gigantifolia Merr.	stipules	en	stipules 4-10 cm long, glabrous, caducous.	"[{""po_id"": ""PO_0020041"", ""po_label"": ""stipule"", ""pato_id"": ""PATO_0000122"", ""pato_label"": ""length"", ""negated"": false, ""value_low"": 4, ""value_high"": 10, ""unit"": ""cm"", ""value_text"": """", ""modifier"": """", ""source_text"": ""stipules 4-10 cm long""}, {""po_id"": ""PO_0020041"", ""po_label"": ""stipule"", ""pato_id"": ""PATO_0000453"", ""pato_label"": ""glabrous"", ""negated"": false, ""value_low"": null, ""value_high"": null, ""unit"": null, ""value_text"": """", ""modifier"": """", ""source_text"": ""glabrous""}, {""po_id"": ""PO_0020041"", ""po_label"": ""stipule"", ""pato_id"": ""PATO_0001731"", ""pato_label"": ""deciduous (plant)"", ""negated"": false, ""value_low"": null, ""value_high"": null, ""unit"": null, ""value_text"": ""caducous"", ""modifier"": """", ""source_text"": ""caducous""}]"	"[{""po_id"": ""PO_0020041"", ""po_label"": ""stipule"", ""pato_id"": ""PATO_0000122"", ""pato_label"": ""length"", ""negated"": false, ""value_low"": 4, ""value_high"": 10, ""unit"": ""cm"", ""value_text"": """", ""modifier"": """", ""source_text"": ""stipules 4-10 cm long""}, {""po_id"": ""PO_0020041"", ""po_label"": ""stipule"", ""pato_id"": ""PATO_0000453"", ""pato_label"": ""glabrous"", ""negated"": false, ""value_low"": null, ""value_high"": null, ""unit"": null, ""value_text"": """", ""modifier"": """", ""source_text"": ""glabrous""}, {""po_id"": ""PO_0020041"", ""po_label"": ""stipule"", ""pato_id"": ""PATO_0001731"", ""pato_label"": ""deciduous (plant)"", ""negated"": false, ""value_low"": null, ""value_high"": null, ""unit"": null, ""value_text"": ""caducous"", ""modifier"": """", ""source_text"": ""caducous""}]"	
paul-086	flora-malesiana	vol19_final.xml	Trichosanthes villosa Blume	male racemes	en	Male raceme sometimes co-axillary with a solitary male flower, hairy; peduncle 5-12 cm long, 2-3 mm thick; rachis not thickened, 5-18 cm long, c. 10-flowered; bracts subpersistent, inserted on the rachis or to 20 mm shifted upwards on the pedicel, broadly rhomboid or obovate, 20-50(-60) by 30-40 mm, margin entire or shallowly few-dentate, mostly with small glands.	"[{""po_id"": ""PO_0009049"", ""po_label"": ""inflorescence"", ""pato_id"": ""PATO_0000454"", ""pato_label"": ""hairy"", ""negated"": false, ""value_low"": null, ""value_high"": null, ""unit"": null, ""value_text"": """", ""modifier"": """", ""source_text"": ""hairy""}, {""po_id"": ""PO_0009053"", ""po_label"": ""peduncle"", ""pato_id"": ""PATO_0000122"", ""pato_label"": ""length"", ""negated"": false, ""value_low"": 5, ""value_high"": 12, ""unit"": ""cm"", ""value_text"": """", ""modifier"": """", ""source_text"": ""peduncle 5-12 cm long""}, {""po_id"": ""PO_0009053"", ""po_label"": ""peduncle"", ""pato_id"": ""PATO_0000915"", ""pato_label"": ""thickness"", ""negated"": false, ""value_low"": 2, ""value_high"": 3, ""unit"": ""mm"", ""value_text"": """", ""modifier"": """", ""source_text"": ""2-3 mm thick""}, {""po_id"": ""PO_0025104"", ""po_label"": ""first order inflorescence axis"", ""pato_id"": ""PATO_0000591"", ""pato_label"": ""increased thickness"", ""negated"": true, ""value_low"": null, ""value_high"": null, ""unit"": null, ""value_text"": """", ""modifier"": """", ""source_text"": ""rachis not thickened""}, {""po_id"": ""PO_0025104"", ""po_label"": ""first order inflorescence axis"", ""pato_id"": ""PATO_0000122"", ""pato_label"": ""length"", ""negated"": false, ""value_low"": 5, ""value_high"": 18, ""unit"": ""cm"", ""value_text"": """", ""modifier"": """", ""source_text"": ""5-18 cm long""}, {""po_id"": ""PO_0009054"", ""po_label"": ""inflorescence bract"", ""pato_id"": ""PATO_0001938"", ""pato_label"": ""rhomboid"", ""negated"": false, ""value_low"": null, ""value_high"": null, ""unit"": null, ""value_text"": ""broadly rhomboid"", ""modifier"": """", ""source_text"": ""broadly rhomboid or obovate""}, {""po_id"": ""PO_0009054"", ""po_label"": ""inflorescence bract"", ""pato_id"": ""PATO_0001936"", ""pato_label"": ""obovate"", ""negated"": false, ""value_low"": null, ""value_high"": null, ""unit"": null, ""value_text"": """", ""modifier"": """", ""source_text"": ""broadly rhomboid or obovate""}, {""po_id"": ""PO_0009054"", ""po_label"": ""inflorescence bract"", ""pato_id"": ""PATO_0000122"", ""pato_label"": ""length"", ""negated"": false, ""value_low"": 20, ""value_high"": 50, ""unit"": ""mm"", ""value_text"": """", ""modifier"": """", ""source_text"": ""20-50(-60) by 30-40 mm""}, {""po_id"": ""PO_0009054"", ""po_label"": ""inflorescence bract"", ""pato_id"": ""PATO_0000921"", ""pato_label"": ""width"", ""negated"": false, ""value_low"": 30, ""value_high"": 40, ""unit"": ""mm"", ""value_text"": """", ""modifier"": """", ""source_text"": ""20-50(-60) by 30-40 mm""}, {""po_id"": ""PO_0025011"", ""po_label"": ""bract margin"", ""pato_id"": ""PATO_0001975"", ""pato_label"": ""unserrated"", ""negated"": false, ""value_low"": null, ""value_high"": null, ""unit"": null, ""value_text"": ""entire"", ""modifier"": """", ""source_text"": ""margin entire or shallowly few-dentate""}]"	"[{""po_id"": ""PO_0009049"", ""po_label"": ""inflorescence"", ""pato_id"": ""PATO_0000454"", ""pato_label"": ""hairy"", ""negated"": false, ""value_low"": null, ""value_high"": null, ""unit"": null, ""value_text"": """", ""modifier"": """", ""source_text"": ""hairy""}, {""po_id"": ""PO_0009053"", ""po_label"": ""peduncle"", ""pato_id"": ""PATO_0000122"", ""pato_label"": ""length"", ""negated"": false, ""value_low"": 5, ""value_high"": 12, ""unit"": ""cm"", ""value_text"": """", ""modifier"": """", ""source_text"": ""peduncle 5-12 cm long""}, {""po_id"": ""PO_0009053"", ""po_label"": ""peduncle"", ""pato_id"": ""PATO_0000915"", ""pato_label"": ""thickness"", ""negated"": false, ""value_low"": 2, ""value_high"": 3, ""unit"": ""mm"", ""value_text"": """", ""modifier"": """", ""source_text"": ""2-3 mm thick""}, {""po_id"": ""PO_0025104"", ""po_label"": ""first order inflorescence axis"", ""pato_id"": ""PATO_0000591"", ""pato_label"": ""increased thickness"", ""negated"": true, ""value_low"": null, ""value_high"": null, ""unit"": null, ""value_text"": """", ""modifier"": """", ""source_text"": ""rachis not thickened""}, {""po_id"": ""PO_0025104"", ""po_label"": ""first order inflorescence axis"", ""pato_id"": ""PATO_0000122"", ""pato_label"": ""length"", ""negated"": false, ""value_low"": 5, ""value_high"": 18, ""unit"": ""cm"", ""value_text"": """", ""modifier"": """", ""source_text"": ""5-18 cm long""}, {""po_id"": ""PO_0009054"", ""po_label"": ""inflorescence bract"", ""pato_id"": ""PATO_0001938"", ""pato_label"": ""rhomboid"", ""negated"": false, ""value_low"": null, ""value_high"": null, ""unit"": null, ""value_text"": ""broadly rhomboid"", ""modifier"": """", ""source_text"": ""broadly rhomboid or obovate""}, {""po_id"": ""PO_0009054"", ""po_label"": ""inflorescence bract"", ""pato_id"": ""PATO_0001936"", ""pato_label"": ""obovate"", ""negated"": false, ""value_low"": null, ""value_high"": null, ""unit"": null, ""value_text"": """", ""modifier"": """", ""source_text"": ""broadly rhomboid or obovate""}, {""po_id"": ""PO_0009054"", ""po_label"": ""inflorescence bract"", ""pato_id"": ""PATO_0000122"", ""pato_label"": ""length"", ""negated"": false, ""value_low"": 20, ""value_high"": 50, ""unit"": ""mm"", ""value_text"": """", ""modifier"": """", ""source_text"": ""20-50(-60) by 30-40 mm""}, {""po_id"": ""PO_0009054"", ""po_label"": ""inflorescence bract"", ""pato_id"": ""PATO_0000921"", ""pato_label"": ""width"", ""negated"": false, ""value_low"": 30, ""value_high"": 40, ""unit"": ""mm"", ""value_text"": """", ""modifier"": """", ""source_text"": ""20-50(-60) by 30-40 mm""}, {""po_id"": ""PO_0025011"", ""po_label"": ""bract margin"", ""pato_id"": ""PATO_0001975"", ""pato_label"": ""unserrated"", ""negated"": false, ""value_low"": null, ""value_high"": null, ""unit"": null, ""value_text"": ""entire"", ""modifier"": """", ""source_text"": ""margin entire or shallowly few-dentate""}]"	
paul-087	flora-malesiana	vol19_final.xml	Urceodiscus arfakensis W.J.de Wilde & Duyfjes	seeds	en	Seeds numerous, whitish or pale brown, ovoid, 4.5-5.5 by 3-3.5 by 2 mm, margin narrow.	"[{""po_id"": ""PO_0009010"", ""po_label"": ""seed"", ""pato_id"": ""PATO_0000323"", ""pato_label"": ""white"", ""negated"": false, ""value_low"": null, ""value_high"": null, ""unit"": null, ""value_text"": ""whitish"", ""modifier"": """", ""source_text"": ""whitish or pale brown""}, {""po_id"": ""PO_0009010"", ""po_label"": ""seed"", ""pato_id"": ""PATO_0000952"", ""pato_label"": ""brown"", ""negated"": false, ""value_low"": null, ""value_high"": null, ""unit"": null, ""value_text"": ""pale brown"", ""modifier"": """", ""source_text"": ""whitish or pale brown""}, {""po_id"": ""PO_0009010"", ""po_label"": ""seed"", ""pato_id"": ""PATO_0001891"", ""pato_label"": ""ovate"", ""negated"": false, ""value_low"": null, ""value_high"": null, ""unit"": null, ""value_text"": ""ovoid"", ""modifier"": """", ""source_text"": ""ovoid""}, {""po_id"": ""PO_0009010"", ""po_label"": ""seed"", ""pato_id"": ""PATO_0000122"", ""pato_label"": ""length"", ""negated"": false, ""value_low"": 4.5, ""value_high"": 5.5, ""unit"": ""mm"", ""value_text"": """", ""modifier"": """", ""source_text"": ""4.5-5.5 by 3-3.5 by 2 mm""}, {""po_id"": ""PO_0009010"", ""po_label"": ""seed"", ""pato_id"": ""PATO_0000921"", ""pato_label"": ""width"", ""negated"": false, ""value_low"": 3, ""value_high"": 3.5, ""unit"": ""mm"", ""value_text"": """", ""modifier"": """", ""source_text"": ""4.5-5.5 by 3-3.5 by 2 mm""}, {""po_id"": ""PO_0009010"", ""po_label"": ""seed"", ""pato_id"": ""PATO_0000915"", ""pato_label"": ""thickness"", ""negated"": false, ""value_low"": 2, ""value_high"": 2, ""unit"": ""mm"", ""value_text"": """", ""modifier"": """", ""source_text"": ""4.5-5.5 by 3-3.5 by 2 mm""}]"	"[{""po_id"": ""PO_0009010"", ""po_label"": ""seed"", ""pato_id"": ""PATO_0000323"", ""pato_label"": ""white"", ""negated"": false, ""value_low"": null, ""value_high"": null, ""unit"": null, ""value_text"": ""whitish"", ""modifier"": """", ""source_text"": ""whitish or pale brown""}, {""po_id"": ""PO_0009010"", ""po_label"": ""seed"", ""pato_id"": ""PATO_0000952"", ""pato_label"": ""brown"", ""negated"": false, ""value_low"": null, ""value_high"": null, ""unit"": null, ""value_text"": ""pale brown"", ""modifier"": """", ""source_text"": ""whitish or pale brown""}, {""po_id"": ""PO_0009010"", ""po_label"": ""seed"", ""pato_id"": ""PATO_0001891"", ""pato_label"": ""ovate"", ""negated"": false, ""value_low"": null, ""value_high"": null, ""unit"": null, ""value_text"": ""ovoid"", ""modifier"": """", ""source_text"": ""ovoid""}, {""po_id"": ""PO_0009010"", ""po_label"": ""seed"", ""pato_id"": ""PATO_0000122"", ""pato_label"": ""length"", ""negated"": false, ""value_low"": 4.5, ""value_high"": 5.5, ""unit"": ""mm"", ""value_text"": """", ""modifier"": """", ""source_text"": ""4.5-5.5 by 3-3.5 by 2 mm""}, {""po_id"": ""PO_0009010"", ""po_label"": ""seed"", ""pato_id"": ""PATO_0000921"", ""pato_label"": ""width"", ""negated"": false, ""value_low"": 3, ""value_high"": 3.5, ""unit"": ""mm"", ""value_text"": """", ""modifier"": """", ""source_text"": ""4.5-5.5 by 3-3.5 by 2 mm""}, {""po_id"": ""PO_0009010"", ""po_label"": ""seed"", ""pato_id"": ""PATO_0000915"", ""pato_label"": ""thickness"", ""negated"": false, ""value_low"": 2, ""value_high"": 2, ""unit"": ""mm"", ""value_text"": """", ""modifier"": """", ""source_text"": ""4.5-5.5 by 3-3.5 by 2 mm""}]"	
paul-088	kew-african	80901	Oleaceae	description	en	Trees or shrubs, the latter sometimes trailers or scramblers. Leaves generally opposite, simple or compound, exstipulate; small depressions occupied by mites and termed acarodomatia occur on the under side of the leaves of some species. Inflorescences terminal or axillary, few- to many-flowered. Flowers hermaphrodite or rarely unisexual, regular. Calyx hypogynous, often campanulate and four-toothed. Corolla gamopetalous, rarely absent or with the segments nearly free; lobes or segments generally spreading and mostly four (except in <i>Jasminum</i>). Stamens usually two, epipetalous, with short filaments; no staminal disc. Ovary superior, bilocular with generally two pendulous or basal ovules in each loculus attached to the apex, side, or the base of the partition. Fruit variable, dry or fleshy, dehiscent or indehiscent. Seeds one to four per fruit; endosperm present but sometimes reduced to a thin membrane.	"[{""po_id"": ""PO_0009025"", ""po_label"": ""vascular leaf"", ""pato_id"": ""PATO_0001933"", ""pato_label"": ""opposite"", ""negated"": false, ""value_low"": null, ""value_high"": null, ""unit"": null, ""value_text"": """", ""modifier"": ""usually"", ""source_text"": ""Leaves generally opposite""}, {""po_id"": ""PO_0009029"", ""po_label"": ""stamen"", ""pato_id"": ""PATO_0000070"", ""pato_label"": ""count"", ""negated"": false, ""value_low"": 2, ""value_high"": 2, ""unit"": null, ""value_text"": ""two"", ""modifier"": ""usually"", ""source_text"": ""Stamens usually two""}]"	"[{""po_id"": ""PO_0009025"", ""po_label"": ""vascular leaf"", ""pato_id"": ""PATO_0001933"", ""pato_label"": ""opposite"", ""negated"": false, ""value_low"": null, ""value_high"": null, ""unit"": null, ""value_text"": """", ""modifier"": ""usually"", ""source_text"": ""Leaves generally opposite""}, {""po_id"": ""PO_0009029"", ""po_label"": ""stamen"", ""pato_id"": ""PATO_0000070"", ""pato_label"": ""count"", ""negated"": false, ""value_low"": 2, ""value_high"": 2, ""unit"": null, ""value_text"": ""two"", ""modifier"": ""usually"", ""source_text"": ""Stamens usually two""}]"	
paul-089	fdac	903854	Wahlenbergia paludicola Thulin	fleurs	fr	à pédicelle de 6–32 mm de long; hypanthium à 5(–10) nervures, glabre; calice à lobes de 0,6–1,4 mm de long; corolle de 2,4–3,5(–5) mm de long, blanche ou bleuâtre, divisée presque jusqu'à la base en lobes lancéolés; étamines à filet légèrement élargi à la base et ± cilié; anthères de 0,35–0,80 mm de long; ovaire 2-loculaire, semi-infère; style aussi long ou un peu plus court que la corolle, dépourvu de glandes, glabre ou ± poilu en dessous, légèrement épaissi dans sa partie supérieure, subcapité et à 2 lobes très courts au sommet. Capsules 2-loculaires, à 5(–10) nervures et à 2 valves de 0,6–1,4 mm de long.	"[{""po_id"": ""PO_0009052"", ""po_label"": ""pedicel"", ""pato_id"": ""PATO_0000122"", ""pato_label"": ""length"", ""negated"": false, ""value_low"": 6, ""value_high"": 32, ""unit"": ""mm"", ""value_text"": """", ""modifier"": """", ""source_text"": ""pédicelle de 6–32 mm de long""}, {""po_id"": ""PO_0009065"", ""po_label"": ""hypanthium"", ""pato_id"": ""PATO_0000453"", ""pato_label"": ""glabrous"", ""negated"": false, ""value_low"": null, ""value_high"": null, ""unit"": null, ""value_text"": """", ""modifier"": """", ""source_text"": ""hypanthium à 5(–10) nervures, glabre""}, {""po_id"": ""PO_0009031"", ""po_label"": ""sepal"", ""pato_id"": ""PATO_0000122"", ""pato_label"": ""length"", ""negated"": false, ""value_low"": 0.6, ""value_high"": 1.4, ""unit"": ""mm"", ""value_text"": """", ""modifier"": """", ""source_text"": ""calice à lobes de 0,6–1,4 mm de long""}, {""po_id"": ""PO_0009059"", ""po_label"": ""corolla"", ""pato_id"": ""PATO_0000122"", ""pato_label"": ""length"", ""negated"": false, ""value_low"": 2.4, ""value_high"": 3.5, ""unit"": ""mm"", ""value_text"": """", ""modifier"": """", ""source_text"": ""corolle de 2,4–3,5(–5) mm de long""}, {""po_id"": ""PO_0009059"", ""po_label"": ""corolla"", ""pato_id"": ""PATO_0000323"", ""pato_label"": ""white"", ""negated"": false, ""value_low"": null, ""value_high"": null, ""unit"": null, ""value_text"": ""blanche"", ""modifier"": """", ""source_text"": ""blanche ou bleuâtre""}, {""po_id"": ""PO_0009059"", ""po_label"": ""corolla"", ""pato_id"": ""PATO_0000318"", ""pato_label"": ""blue"", ""negated"": false, ""value_low"": null, ""value_high"": null, ""unit"": null, ""value_text"": ""bleuâtre"", ""modifier"": """", ""source_text"": ""blanche ou bleuâtre""}, {""po_id"": ""PO_0009059"", ""po_label"": ""corolla"", ""pato_id"": ""PATO_0001877"", ""pato_label"": ""lanceolate"", ""negated"": false, ""value_low"": null, ""value_high"": null, ""unit"": null, ""value_text"": """", ""modifier"": """", ""source_text"": ""lobes lancéolés""}, {""po_id"": ""PO_0009067"", ""po_label"": ""filament"", ""pato_id"": ""PATO_0001408"", ""pato_label"": ""ciliatedness"", ""negated"": false, ""value_low"": null, ""value_high"": null, ""unit"": null, ""value_text"": """", ""modifier"": """", ""source_text"": ""filet légèrement élargi à la base et ± cilié""}, {""po_id"": ""PO_0009066"", ""po_label"": ""anther"", ""pato_id"": ""PATO_0000122"", ""pato_label"": ""length"", ""negated"": false, ""value_low"": 0.35, ""value_high"": 0.8, ""unit"": ""mm"", ""value_text"": """", ""modifier"": """", ""source_text"": ""anthères de 0,35–0,80 mm de long""}, {""po_id"": ""PO_0009074"", ""po_label"": ""style"", ""pato_id"": ""PATO_0000591"", ""pato_label"": ""increased thickness"", ""negated"": false, ""value_low"": null, ""value_high"": null, ""unit"": null, ""value_text"": """", ""modifier"": """", ""source_text"": ""légèrement épaissi dans sa partie supérieure""}]"	"[{""po_id"": ""PO_0009052"", ""po_label"": ""pedicel"", ""pato_id"": ""PATO_0000122"", ""pato_label"": ""length"", ""negated"": false, ""value_low"": 6, ""value_high"": 32, ""unit"": ""mm"", ""value_text"": """", ""modifier"": """", ""source_text"": ""pédicelle de 6–32 mm de long""}, {""po_id"": ""PO_0009065"", ""po_label"": ""hypanthium"", ""pato_id"": ""PATO_0000453"", ""pato_label"": ""glabrous"", ""negated"": false, ""value_low"": null, ""value_high"": null, ""unit"": null, ""value_text"": """", ""modifier"": """", ""source_text"": ""hypanthium à 5(–10) nervures, glabre""}, {""po_id"": ""PO_0009031"", ""po_label"": ""sepal"", ""pato_id"": ""PATO_0000122"", ""pato_label"": ""length"", ""negated"": false, ""value_low"": 0.6, ""value_high"": 1.4, ""unit"": ""mm"", ""value_text"": """", ""modifier"": """", ""source_text"": ""calice à lobes de 0,6–1,4 mm de long""}, {""po_id"": ""PO_0009059"", ""po_label"": ""corolla"", ""pato_id"": ""PATO_0000122"", ""pato_label"": ""length"", ""negated"": false, ""value_low"": 2.4, ""value_high"": 3.5, ""unit"": ""mm"", ""value_text"": """", ""modifier"": """", ""source_text"": ""corolle de 2,4–3,5(–5) mm de long""}, {""po_id"": ""PO_0009059"", ""po_label"": ""corolla"", ""pato_id"": ""PATO_0000323"", ""pato_label"": ""white"", ""negated"": false, ""value_low"": null, ""value_high"": null, ""unit"": null, ""value_text"": ""blanche"", ""modifier"": """", ""source_text"": ""blanche ou bleuâtre""}, {""po_id"": ""PO_0009059"", ""po_label"": ""corolla"", ""pato_id"": ""PATO_0000318"", ""pato_label"": ""blue"", ""negated"": false, ""value_low"": null, ""value_high"": null, ""unit"": null, ""value_text"": ""bleuâtre"", ""modifier"": """", ""source_text"": ""blanche ou bleuâtre""}, {""po_id"": ""PO_0009059"", ""po_label"": ""corolla"", ""pato_id"": ""PATO_0001877"", ""pato_label"": ""lanceolate"", ""negated"": false, ""value_low"": null, ""value_high"": null, ""unit"": null, ""value_text"": """", ""modifier"": """", ""source_text"": ""lobes lancéolés""}, {""po_id"": ""PO_0009067"", ""po_label"": ""filament"", ""pato_id"": ""PATO_0001408"", ""pato_label"": ""ciliatedness"", ""negated"": false, ""value_low"": null, ""value_high"": null, ""unit"": null, ""value_text"": """", ""modifier"": """", ""source_text"": ""filet légèrement élargi à la base et ± cilié""}, {""po_id"": ""PO_0009066"", ""po_label"": ""anther"", ""pato_id"": ""PATO_0000122"", ""pato_label"": ""length"", ""negated"": false, ""value_low"": 0.35, ""value_high"": 0.8, ""unit"": ""mm"", ""value_text"": """", ""modifier"": """", ""source_text"": ""anthères de 0,35–0,80 mm de long""}, {""po_id"": ""PO_0009074"", ""po_label"": ""style"", ""pato_id"": ""PATO_0000591"", ""pato_label"": ""increased thickness"", ""negated"": false, ""value_low"": null, ""value_high"": null, ""unit"": null, ""value_text"": """", ""modifier"": """", ""source_text"": ""légèrement épaissi dans sa partie supérieure""}]"	
paul-090	fdac	901307	Sida rhombifolia L.	fruits	fr	± globuleux, à 8–10 méricarpes nettement prismatiques, 2-aristés, de 3,5–5 mm de long dont 0,5–2 pour les arêtes qui portent des poils étoilés ± espacés; déhiscence apicale.	"[{""po_id"": ""PO_0009001"", ""po_label"": ""fruit"", ""pato_id"": ""PATO_0001499"", ""pato_label"": ""spherical"", ""negated"": false, ""value_low"": null, ""value_high"": null, ""unit"": null, ""value_text"": ""globose"", ""modifier"": """", ""source_text"": ""± globuleux""}, {""po_id"": ""PO_0009001"", ""po_label"": ""fruit"", ""pato_id"": ""PATO_0002465"", ""pato_label"": ""prism shaped"", ""negated"": false, ""value_low"": null, ""value_high"": null, ""unit"": null, ""value_text"": ""prismatic"", ""modifier"": """", ""source_text"": ""méricarpes nettement prismatiques""}, {""po_id"": ""PO_0009001"", ""po_label"": ""fruit"", ""pato_id"": ""PATO_0000122"", ""pato_label"": ""length"", ""negated"": false, ""value_low"": 3.5, ""value_high"": 5, ""unit"": ""mm"", ""value_text"": """", ""modifier"": """", ""source_text"": ""de 3,5–5 mm de long""}]"	"[{""po_id"": ""PO_0009001"", ""po_label"": ""fruit"", ""pato_id"": ""PATO_0001499"", ""pato_label"": ""spherical"", ""negated"": false, ""value_low"": null, ""value_high"": null, ""unit"": null, ""value_text"": ""globose"", ""modifier"": """", ""source_text"": ""± globuleux""}, {""po_id"": ""PO_0009001"", ""po_label"": ""fruit"", ""pato_id"": ""PATO_0002465"", ""pato_label"": ""prism shaped"", ""negated"": false, ""value_low"": null, ""value_high"": null, ""unit"": null, ""value_text"": ""prismatic"", ""modifier"": """", ""source_text"": ""méricarpes nettement prismatiques""}, {""po_id"": ""PO_0009001"", ""po_label"": ""fruit"", ""pato_id"": ""PATO_0000122"", ""pato_label"": ""length"", ""negated"": false, ""value_low"": 3.5, ""value_high"": 5, ""unit"": ""mm"", ""value_text"": """", ""modifier"": """", ""source_text"": ""de 3,5–5 mm de long""}]"	
paul-091	fdac	894957	Ficus kamerunensis Warb. ex Mildbr. & Burret	habit	fr	Épiphyte; jeunes rameaux pubérulents à glabres; stipules persistantes, étroitement lancéolées de 8–13 mm de long, membraneuses et glabres.	"[{""po_id"": ""PO_0025029"", ""po_label"": ""shoot axis"", ""pato_id"": ""PATO_0000455"", ""pato_label"": ""pubescent"", ""negated"": false, ""value_low"": null, ""value_high"": null, ""unit"": null, ""value_text"": ""puberulent"", ""modifier"": """", ""source_text"": ""jeunes rameaux pubérulents à glabres""}, {""po_id"": ""PO_0020041"", ""po_label"": ""stipule"", ""pato_id"": ""PATO_0001732"", ""pato_label"": ""non-deciduous (any body part)"", ""negated"": false, ""value_low"": null, ""value_high"": null, ""unit"": null, ""value_text"": ""persistent"", ""modifier"": """", ""source_text"": ""stipules persistantes""}, {""po_id"": ""PO_0020041"", ""po_label"": ""stipule"", ""pato_id"": ""PATO_0001877"", ""pato_label"": ""lanceolate"", ""negated"": false, ""value_low"": null, ""value_high"": null, ""unit"": null, ""value_text"": ""narrowly lanceolate"", ""modifier"": """", ""source_text"": ""étroitement lancéolées""}, {""po_id"": ""PO_0020041"", ""po_label"": ""stipule"", ""pato_id"": ""PATO_0000122"", ""pato_label"": ""length"", ""negated"": false, ""value_low"": 8, ""value_high"": 13, ""unit"": ""mm"", ""value_text"": """", ""modifier"": """", ""source_text"": ""de 8–13 mm de long""}, {""po_id"": ""PO_0020041"", ""po_label"": ""stipule"", ""pato_id"": ""PATO_0000453"", ""pato_label"": ""glabrous"", ""negated"": false, ""value_low"": null, ""value_high"": null, ""unit"": null, ""value_text"": """", ""modifier"": """", ""source_text"": ""glabres""}]"	"[{""po_id"": ""PO_0025029"", ""po_label"": ""shoot axis"", ""pato_id"": ""PATO_0000455"", ""pato_label"": ""pubescent"", ""negated"": false, ""value_low"": null, ""value_high"": null, ""unit"": null, ""value_text"": ""puberulent"", ""modifier"": """", ""source_text"": ""jeunes rameaux pubérulents à glabres""}, {""po_id"": ""PO_0020041"", ""po_label"": ""stipule"", ""pato_id"": ""PATO_0001732"", ""pato_label"": ""non-deciduous (any body part)"", ""negated"": false, ""value_low"": null, ""value_high"": null, ""unit"": null, ""value_text"": ""persistent"", ""modifier"": """", ""source_text"": ""stipules persistantes""}, {""po_id"": ""PO_0020041"", ""po_label"": ""stipule"", ""pato_id"": ""PATO_0001877"", ""pato_label"": ""lanceolate"", ""negated"": false, ""value_low"": null, ""value_high"": null, ""unit"": null, ""value_text"": ""narrowly lanceolate"", ""modifier"": """", ""source_text"": ""étroitement lancéolées""}, {""po_id"": ""PO_0020041"", ""po_label"": ""stipule"", ""pato_id"": ""PATO_0000122"", ""pato_label"": ""length"", ""negated"": false, ""value_low"": 8, ""value_high"": 13, ""unit"": ""mm"", ""value_text"": """", ""modifier"": """", ""source_text"": ""de 8–13 mm de long""}, {""po_id"": ""PO_0020041"", ""po_label"": ""stipule"", ""pato_id"": ""PATO_0000453"", ""pato_label"": ""glabrous"", ""negated"": false, ""value_low"": null, ""value_high"": null, ""unit"": null, ""value_text"": """", ""modifier"": """", ""source_text"": ""glabres""}]"	
paul-092	fdac	895693	Hilleria latifolia (Lam.) Walter	inflorescences	fr	terminales et axillaires, en grappes cylindriques, dressées, généralement de même longueur que la feuille à l'aisselle de laquelle elles se trouvent; pédoncule de 1–3 cm de long; rachis grêle, persistant après la chute des fruits, de ± 5 cm de long à l'anthèse, atteignant 20 cm à maturité des fruits, portant 40–100 fleurs; pédicelles de ± 2 cm de long à l'anthèse, devenant 2 fois plus long à maturité des fruits; bractées lancéolées-aiguës, de ± 2 mm de long, visibles seulement sur les jeunes boutons; bractéoles de ± 0,1 mm de long.	"[{""po_id"": ""PO_0009049"", ""po_label"": ""inflorescence"", ""pato_id"": ""PATO_0001873"", ""pato_label"": ""cylindrical"", ""negated"": false, ""value_low"": null, ""value_high"": null, ""unit"": null, ""value_text"": """", ""modifier"": """", ""source_text"": ""grappes cylindriques""}, {""po_id"": ""PO_0009049"", ""po_label"": ""inflorescence"", ""pato_id"": ""PATO_0000622"", ""pato_label"": ""erect"", ""negated"": false, ""value_low"": null, ""value_high"": null, ""unit"": null, ""value_text"": """", ""modifier"": """", ""source_text"": ""dressées""}, {""po_id"": ""PO_0009053"", ""po_label"": ""peduncle"", ""pato_id"": ""PATO_0000122"", ""pato_label"": ""length"", ""negated"": false, ""value_low"": 1, ""value_high"": 3, ""unit"": ""cm"", ""value_text"": """", ""modifier"": """", ""source_text"": ""pédoncule de 1–3 cm de long""}, {""po_id"": ""PO_0025104"", ""po_label"": ""first order inflorescence axis"", ""pato_id"": ""PATO_0002212"", ""pato_label"": ""slender"", ""negated"": false, ""value_low"": null, ""value_high"": null, ""unit"": null, ""value_text"": """", ""modifier"": """", ""source_text"": ""rachis grêle""}, {""po_id"": ""PO_0025104"", ""po_label"": ""first order inflorescence axis"", ""pato_id"": ""PATO_0000122"", ""pato_label"": ""length"", ""negated"": false, ""value_low"": 5, ""value_high"": 5, ""unit"": ""cm"", ""value_text"": ""at anthesis"", ""modifier"": """", ""source_text"": ""de ± 5 cm de long à l'anthèse""}, {""po_id"": ""PO_0009052"", ""po_label"": ""pedicel"", ""pato_id"": ""PATO_0000122"", ""pato_label"": ""length"", ""negated"": false, ""value_low"": 2, ""value_high"": 2, ""unit"": ""cm"", ""value_text"": ""at anthesis"", ""modifier"": """", ""source_text"": ""pédicelles de ± 2 cm de long à l'anthèse""}, {""po_id"": ""PO_0009055"", ""po_label"": ""bract"", ""pato_id"": ""PATO_0001877"", ""pato_label"": ""lanceolate"", ""negated"": false, ""value_low"": null, ""value_high"": null, ""unit"": null, ""value_text"": ""lanceolate-acute"", ""modifier"": """", ""source_text"": ""bractées lancéolées-aiguës""}, {""po_id"": ""PO_0009055"", ""po_label"": ""bract"", ""pato_id"": ""PATO_0000122"", ""pato_label"": ""length"", ""negated"": false, ""value_low"": 2, ""value_high"": 2, ""unit"": ""mm"", ""value_text"": """", ""modifier"": """", ""source_text"": ""de ± 2 mm de long""}, {""po_id"": ""PO_0009043"", ""po_label"": ""bracteole"", ""pato_id"": ""PATO_0000122"", ""pato_label"": ""length"", ""negated"": false, ""value_low"": 0.1, ""value_high"": 0.1, ""unit"": ""mm"", ""value_text"": """", ""modifier"": """", ""source_text"": ""bractéoles de ± 0,1 mm de long""}]"	"[{""po_id"": ""PO_0009049"", ""po_label"": ""inflorescence"", ""pato_id"": ""PATO_0001873"", ""pato_label"": ""cylindrical"", ""negated"": false, ""value_low"": null, ""value_high"": null, ""unit"": null, ""value_text"": """", ""modifier"": """", ""source_text"": ""grappes cylindriques""}, {""po_id"": ""PO_0009049"", ""po_label"": ""inflorescence"", ""pato_id"": ""PATO_0000622"", ""pato_label"": ""erect"", ""negated"": false, ""value_low"": null, ""value_high"": null, ""unit"": null, ""value_text"": """", ""modifier"": """", ""source_text"": ""dressées""}, {""po_id"": ""PO_0009053"", ""po_label"": ""peduncle"", ""pato_id"": ""PATO_0000122"", ""pato_label"": ""length"", ""negated"": false, ""value_low"": 1, ""value_high"": 3, ""unit"": ""cm"", ""value_text"": """", ""modifier"": """", ""source_text"": ""pédoncule de 1–3 cm de long""}, {""po_id"": ""PO_0025104"", ""po_label"": ""first order inflorescence axis"", ""pato_id"": ""PATO_0002212"", ""pato_label"": ""slender"", ""negated"": false, ""value_low"": null, ""value_high"": null, ""unit"": null, ""value_text"": """", ""modifier"": """", ""source_text"": ""rachis grêle""}, {""po_id"": ""PO_0025104"", ""po_label"": ""first order inflorescence axis"", ""pato_id"": ""PATO_0000122"", ""pato_label"": ""length"", ""negated"": false, ""value_low"": 5, ""value_high"": 5, ""unit"": ""cm"", ""value_text"": ""at anthesis"", ""modifier"": """", ""source_text"": ""de ± 5 cm de long à l'anthèse""}, {""po_id"": ""PO_0009052"", ""po_label"": ""pedicel"", ""pato_id"": ""PATO_0000122"", ""pato_label"": ""length"", ""negated"": false, ""value_low"": 2, ""value_high"": 2, ""unit"": ""cm"", ""value_text"": ""at anthesis"", ""modifier"": """", ""source_text"": ""pédicelles de ± 2 cm de long à l'anthèse""}, {""po_id"": ""PO_0009055"", ""po_label"": ""bract"", ""pato_id"": ""PATO_0001877"", ""pato_label"": ""lanceolate"", ""negated"": false, ""value_low"": null, ""value_high"": null, ""unit"": null, ""value_text"": ""lanceolate-acute"", ""modifier"": """", ""source_text"": ""bractées lancéolées-aiguës""}, {""po_id"": ""PO_0009055"", ""po_label"": ""bract"", ""pato_id"": ""PATO_0000122"", ""pato_label"": ""length"", ""negated"": false, ""value_low"": 2, ""value_high"": 2, ""unit"": ""mm"", ""value_text"": """", ""modifier"": """", ""source_text"": ""de ± 2 mm de long""}, {""po_id"": ""PO_0009043"", ""po_label"": ""bracteole"", ""pato_id"": ""PATO_0000122"", ""pato_label"": ""length"", ""negated"": false, ""value_low"": 0.1, ""value_high"": 0.1, ""unit"": ""mm"", ""value_text"": """", ""modifier"": """", ""source_text"": ""bractéoles de ± 0,1 mm de long""}]"	
paul-093	fdac	904472	Anisopappus dentatus (DC.) Wild	feuilles	fr	à pétiole de 0,5–3,5 cm de long, pubescent; limbe membraneux, de 2–4 cm de long et 1–3 cm de large, ovale, triangulaire ou hasté, cordé, tronqué ou courtement cunéé à la base, aigu à obtus au sommet, denté, crénelé ou lobé sur le bord; nervures basilaires 3–5; nervures latérales 2–3 paires. Capitules hétérogames, de 1–2,2 cm de large et 0,8–1 cm de haut, solitaires au sommet de longs pédoncules pubescents, disposés en un corymbe lâche; involucre hémisphérique; bractées involucrales 3–4-sériées, les externes plus petites et étroites, oblongues, de 2,5–3 mm de long, les médianes et les internes subégales, de 4 mm de long, oblancéolées, pubérulentes, aiguës au sommet, à onglet pâle et induré; paillettes réceptaculaires de 4 mm de long, étroites, carénées, fimbriées dans la partie supérieure, acuminées au sommet.	"[{""po_id"": ""PO_0020038"", ""po_label"": ""petiole"", ""pato_id"": ""PATO_0000122"", ""pato_label"": ""length"", ""negated"": false, ""value_low"": 0.5, ""value_high"": 3.5, ""unit"": ""cm"", ""value_text"": """", ""modifier"": """", ""source_text"": ""pétiole de 0,5–3,5 cm de long""}, {""po_id"": ""PO_0020038"", ""po_label"": ""petiole"", ""pato_id"": ""PATO_0000455"", ""pato_label"": ""pubescent"", ""negated"": false, ""value_low"": null, ""value_high"": null, ""unit"": null, ""value_text"": """", ""modifier"": """", ""source_text"": ""pubescent""}, {""po_id"": ""PO_0020039"", ""po_label"": ""leaf lamina"", ""pato_id"": ""PATO_0000122"", ""pato_label"": ""length"", ""negated"": false, ""value_low"": 2, ""value_high"": 4, ""unit"": ""cm"", ""value_text"": """", ""modifier"": """", ""source_text"": ""de 2–4 cm de long""}, {""po_id"": ""PO_0020039"", ""po_label"": ""leaf lamina"", ""pato_id"": ""PATO_0000921"", ""pato_label"": ""width"", ""negated"": false, ""value_low"": 1, ""value_high"": 3, ""unit"": ""cm"", ""value_text"": """", ""modifier"": """", ""source_text"": ""1–3 cm de large""}, {""po_id"": ""PO_0020039"", ""po_label"": ""leaf lamina"", ""pato_id"": ""PATO_0001891"", ""pato_label"": ""ovate"", ""negated"": false, ""value_low"": null, ""value_high"": null, ""unit"": null, ""value_text"": ""oval"", ""modifier"": """", ""source_text"": ""ovale""}, {""po_id"": ""PO_0020039"", ""po_label"": ""leaf lamina"", ""pato_id"": ""PATO_0001875"", ""pato_label"": ""triangular"", ""negated"": false, ""value_low"": null, ""value_high"": null, ""unit"": null, ""value_text"": """", ""modifier"": """", ""source_text"": ""triangulaire""}, {""po_id"": ""PO_0008019"", ""po_label"": ""leaf lamina base"", ""pato_id"": ""PATO_0000948"", ""pato_label"": ""heart shaped"", ""negated"": false, ""value_low"": null, ""value_high"": null, ""unit"": null, ""value_text"": ""cordate"", ""modifier"": """", ""source_text"": ""cordé""}, {""po_id"": ""PO_0008019"", ""po_label"": ""leaf lamina base"", ""pato_id"": ""PATO_0000936"", ""pato_label"": ""truncated"", ""negated"": false, ""value_low"": null, ""value_high"": null, ""unit"": null, ""value_text"": """", ""modifier"": """", ""source_text"": ""tronqué""}, {""po_id"": ""PO_0008019"", ""po_label"": ""leaf lamina base"", ""pato_id"": ""PATO_0001955"", ""pato_label"": ""cuneate"", ""negated"": false, ""value_low"": null, ""value_high"": null, ""unit"": null, ""value_text"": ""shortly cuneate"", ""modifier"": """", ""source_text"": ""courtement cunéé à la base""}, {""po_id"": ""PO_0020137"", ""po_label"": ""leaf apex"", ""pato_id"": ""PATO_0000389"", ""pato_label"": ""acute"", ""negated"": false, ""value_low"": null, ""value_high"": null, ""unit"": null, ""value_text"": """", ""modifier"": """", ""source_text"": ""aigu à obtus au sommet""}, {""po_id"": ""PO_0020137"", ""po_label"": ""leaf apex"", ""pato_id"": ""PATO_0001935"", ""pato_label"": ""obtuse"", ""negated"": false, ""value_low"": null, ""value_high"": null, ""unit"": null, ""value_text"": """", ""modifier"": """", ""source_text"": ""aigu à obtus au sommet""}, {""po_id"": ""PO_0025009"", ""po_label"": ""leaf lamina margin"", ""pato_id"": ""PATO_0001205"", ""pato_label"": ""dentated"", ""negated"": false, ""value_low"": null, ""value_high"": null, ""unit"": null, ""value_text"": """", ""modifier"": """", ""source_text"": ""denté""}, {""po_id"": ""PO_0025009"", ""po_label"": ""leaf lamina margin"", ""pato_id"": ""PATO_0001889"", ""pato_label"": ""scalloped"", ""negated"": false, ""value_low"": null, ""value_high"": null, ""unit"": null, ""value_text"": ""crenate"", ""modifier"": """", ""source_text"": ""crénelé""}, {""po_id"": ""PO_0025009"", ""po_label"": ""leaf lamina margin"", ""pato_id"": ""PATO_0001979"", ""pato_label"": ""lobed"", ""negated"": false, ""value_low"": null, ""value_high"": null, ""unit"": null, ""value_text"": """", ""modifier"": """", ""source_text"": ""lobé sur le bord""}]"	"[{""po_id"": ""PO_0020038"", ""po_label"": ""petiole"", ""pato_id"": ""PATO_0000122"", ""pato_label"": ""length"", ""negated"": false, ""value_low"": 0.5, ""value_high"": 3.5, ""unit"": ""cm"", ""value_text"": """", ""modifier"": """", ""source_text"": ""pétiole de 0,5–3,5 cm de long""}, {""po_id"": ""PO_0020038"", ""po_label"": ""petiole"", ""pato_id"": ""PATO_0000455"", ""pato_label"": ""pubescent"", ""negated"": false, ""value_low"": null, ""value_high"": null, ""unit"": null, ""value_text"": """", ""modifier"": """", ""source_text"": ""pubescent""}, {""po_id"": ""PO_0020039"", ""po_label"": ""leaf lamina"", ""pato_id"": ""PATO_0000122"", ""pato_label"": ""length"", ""negated"": false, ""value_low"": 2, ""value_high"": 4, ""unit"": ""cm"", ""value_text"": """", ""modifier"": """", ""source_text"": ""de 2–4 cm de long""}, {""po_id"": ""PO_0020039"", ""po_label"": ""leaf lamina"", ""pato_id"": ""PATO_0000921"", ""pato_label"": ""width"", ""negated"": false, ""value_low"": 1, ""value_high"": 3, ""unit"": ""cm"", ""value_text"": """", ""modifier"": """", ""source_text"": ""1–3 cm de large""}, {""po_id"": ""PO_0020039"", ""po_label"": ""leaf lamina"", ""pato_id"": ""PATO_0001891"", ""pato_label"": ""ovate"", ""negated"": false, ""value_low"": null, ""value_high"": null, ""unit"": null, ""value_text"": ""oval"", ""modifier"": """", ""source_text"": ""ovale""}, {""po_id"": ""PO_0020039"", ""po_label"": ""leaf lamina"", ""pato_id"": ""PATO_0001875"", ""pato_label"": ""triangular"", ""negated"": false, ""value_low"": null, ""value_high"": null, ""unit"": null, ""value_text"": """", ""modifier"": """", ""source_text"": ""triangulaire""}, {""po_id"": ""PO_0008019"", ""po_label"": ""leaf lamina base"", ""pato_id"": ""PATO_0000948"", ""pato_label"": ""heart shaped"", ""negated"": false, ""value_low"": null, ""value_high"": null, ""unit"": null, ""value_text"": ""cordate"", ""modifier"": """", ""source_text"": ""cordé""}, {""po_id"": ""PO_0008019"", ""po_label"": ""leaf lamina base"", ""pato_id"": ""PATO_0000936"", ""pato_label"": ""truncated"", ""negated"": false, ""value_low"": null, ""value_high"": null, ""unit"": null, ""value_text"": """", ""modifier"": """", ""source_text"": ""tronqué""}, {""po_id"": ""PO_0008019"", ""po_label"": ""leaf lamina base"", ""pato_id"": ""PATO_0001955"", ""pato_label"": ""cuneate"", ""negated"": false, ""value_low"": null, ""value_high"": null, ""unit"": null, ""value_text"": ""shortly cuneate"", ""modifier"": """", ""source_text"": ""courtement cunéé à la base""}, {""po_id"": ""PO_0020137"", ""po_label"": ""leaf apex"", ""pato_id"": ""PATO_0000389"", ""pato_label"": ""acute"", ""negated"": false, ""value_low"": null, ""value_high"": null, ""unit"": null, ""value_text"": """", ""modifier"": """", ""source_text"": ""aigu à obtus au sommet""}, {""po_id"": ""PO_0020137"", ""po_label"": ""leaf apex"", ""pato_id"": ""PATO_0001935"", ""pato_label"": ""obtuse"", ""negated"": false, ""value_low"": null, ""value_high"": null, ""unit"": null, ""value_text"": """", ""modifier"": """", ""source_text"": ""aigu à obtus au sommet""}, {""po_id"": ""PO_0025009"", ""po_label"": ""leaf lamina margin"", ""pato_id"": ""PATO_0001205"", ""pato_label"": ""dentated"", ""negated"": false, ""value_low"": null, ""value_high"": null, ""unit"": null, ""value_text"": """", ""modifier"": """", ""source_text"": ""denté""}, {""po_id"": ""PO_0025009"", ""po_label"": ""leaf lamina margin"", ""pato_id"": ""PATO_0001889"", ""pato_label"": ""scalloped"", ""negated"": false, ""value_low"": null, ""value_high"": null, ""unit"": null, ""value_text"": ""crenate"", ""modifier"": """", ""source_text"": ""crénelé""}, {""po_id"": ""PO_0025009"", ""po_label"": ""leaf lamina margin"", ""pato_id"": ""PATO_0001979"", ""pato_label"": ""lobed"", ""negated"": false, ""value_low"": null, ""value_high"": null, ""unit"": null, ""value_text"": """", ""modifier"": """", ""source_text"": ""lobé sur le bord""}]"	
paul-094	fdac	896376	Rorippa microcapsa (Engl. et Gilg) Robyns & Boutique	siliques	fr	linéaires-oblongues à ellipsoïdes, de 5–8 mm de long et de 2–3,5 mm de large, à 2–4 valves; pédicelle de 2–3 mm de long.	"[{""po_id"": ""PO_0009001"", ""po_label"": ""fruit"", ""pato_id"": ""PATO_0001199"", ""pato_label"": ""linear"", ""negated"": false, ""value_low"": null, ""value_high"": null, ""unit"": null, ""value_text"": ""linear-oblong"", ""modifier"": """", ""source_text"": ""linéaires-oblongues""}, {""po_id"": ""PO_0009001"", ""po_label"": ""fruit"", ""pato_id"": ""PATO_0000946"", ""pato_label"": ""oblong"", ""negated"": false, ""value_low"": null, ""value_high"": null, ""unit"": null, ""value_text"": """", ""modifier"": """", ""source_text"": ""linéaires-oblongues""}, {""po_id"": ""PO_0009001"", ""po_label"": ""fruit"", ""pato_id"": ""PATO_0000947"", ""pato_label"": ""elliptic"", ""negated"": false, ""value_low"": null, ""value_high"": null, ""unit"": null, ""value_text"": ""ellipsoid"", ""modifier"": """", ""source_text"": ""ellipsoïdes""}, {""po_id"": ""PO_0009001"", ""po_label"": ""fruit"", ""pato_id"": ""PATO_0000122"", ""pato_label"": ""length"", ""negated"": false, ""value_low"": 5, ""value_high"": 8, ""unit"": ""mm"", ""value_text"": """", ""modifier"": """", ""source_text"": ""de 5–8 mm de long""}, {""po_id"": ""PO_0009001"", ""po_label"": ""fruit"", ""pato_id"": ""PATO_0000921"", ""pato_label"": ""width"", ""negated"": false, ""value_low"": 2, ""value_high"": 3.5, ""unit"": ""mm"", ""value_text"": """", ""modifier"": """", ""source_text"": ""de 2–3,5 mm de large""}, {""po_id"": ""PO_0004536"", ""po_label"": ""fruit pedicel"", ""pato_id"": ""PATO_0000122"", ""pato_label"": ""length"", ""negated"": false, ""value_low"": 2, ""value_high"": 3, ""unit"": ""mm"", ""value_text"": """", ""modifier"": """", ""source_text"": ""pédicelle de 2–3 mm de long""}]"	"[{""po_id"": ""PO_0009001"", ""po_label"": ""fruit"", ""pato_id"": ""PATO_0001199"", ""pato_label"": ""linear"", ""negated"": false, ""value_low"": null, ""value_high"": null, ""unit"": null, ""value_text"": ""linear-oblong"", ""modifier"": """", ""source_text"": ""linéaires-oblongues""}, {""po_id"": ""PO_0009001"", ""po_label"": ""fruit"", ""pato_id"": ""PATO_0000946"", ""pato_label"": ""oblong"", ""negated"": false, ""value_low"": null, ""value_high"": null, ""unit"": null, ""value_text"": """", ""modifier"": """", ""source_text"": ""linéaires-oblongues""}, {""po_id"": ""PO_0009001"", ""po_label"": ""fruit"", ""pato_id"": ""PATO_0000947"", ""pato_label"": ""elliptic"", ""negated"": false, ""value_low"": null, ""value_high"": null, ""unit"": null, ""value_text"": ""ellipsoid"", ""modifier"": """", ""source_text"": ""ellipsoïdes""}, {""po_id"": ""PO_0009001"", ""po_label"": ""fruit"", ""pato_id"": ""PATO_0000122"", ""pato_label"": ""length"", ""negated"": false, ""value_low"": 5, ""value_high"": 8, ""unit"": ""mm"", ""value_text"": """", ""modifier"": """", ""source_text"": ""de 5–8 mm de long""}, {""po_id"": ""PO_0009001"", ""po_label"": ""fruit"", ""pato_id"": ""PATO_0000921"", ""pato_label"": ""width"", ""negated"": false, ""value_low"": 2, ""value_high"": 3.5, ""unit"": ""mm"", ""value_text"": """", ""modifier"": """", ""source_text"": ""de 2–3,5 mm de large""}, {""po_id"": ""PO_0004536"", ""po_label"": ""fruit pedicel"", ""pato_id"": ""PATO_0000122"", ""pato_label"": ""length"", ""negated"": false, ""value_low"": 2, ""value_high"": 3, ""unit"": ""mm"", ""value_text"": """", ""modifier"": """", ""source_text"": ""pédicelle de 2–3 mm de long""}]"	
paul-095	fdac	898618	Leptoderris laurentii De Wild.	graines	fr	solitaires, fortement réniformes, à arête aiguë, de 12–20 mm de long, 10 de large et 4 d’épaisseur, à tégument ridé, brun et mat.	"[{""po_id"": ""PO_0009010"", ""po_label"": ""seed"", ""pato_id"": ""PATO_0001871"", ""pato_label"": ""reniform"", ""negated"": false, ""value_low"": null, ""value_high"": null, ""unit"": null, ""value_text"": ""strongly reniform"", ""modifier"": """", ""source_text"": ""fortement réniformes""}, {""po_id"": ""PO_0009010"", ""po_label"": ""seed"", ""pato_id"": ""PATO_0000122"", ""pato_label"": ""length"", ""negated"": false, ""value_low"": 12, ""value_high"": 20, ""unit"": ""mm"", ""value_text"": """", ""modifier"": """", ""source_text"": ""de 12–20 mm de long""}, {""po_id"": ""PO_0009010"", ""po_label"": ""seed"", ""pato_id"": ""PATO_0000921"", ""pato_label"": ""width"", ""negated"": false, ""value_low"": 10, ""value_high"": 10, ""unit"": ""mm"", ""value_text"": """", ""modifier"": """", ""source_text"": ""10 de large""}, {""po_id"": ""PO_0009010"", ""po_label"": ""seed"", ""pato_id"": ""PATO_0000915"", ""pato_label"": ""thickness"", ""negated"": false, ""value_low"": 4, ""value_high"": 4, ""unit"": ""mm"", ""value_text"": """", ""modifier"": """", ""source_text"": ""4 d’épaisseur""}, {""po_id"": ""PO_0020057"", ""po_label"": ""testa"", ""pato_id"": ""PATO_0001810"", ""pato_label"": ""wrinkled"", ""negated"": false, ""value_low"": null, ""value_high"": null, ""unit"": null, ""value_text"": """", ""modifier"": """", ""source_text"": ""tégument ridé""}, {""po_id"": ""PO_0020057"", ""po_label"": ""testa"", ""pato_id"": ""PATO_0000952"", ""pato_label"": ""brown"", ""negated"": false, ""value_low"": null, ""value_high"": null, ""unit"": null, ""value_text"": """", ""modifier"": """", ""source_text"": ""brun et mat""}, {""po_id"": ""PO_0020057"", ""po_label"": ""testa"", ""pato_id"": ""PATO_0001607"", ""pato_label"": ""matted"", ""negated"": false, ""value_low"": null, ""value_high"": null, ""unit"": null, ""value_text"": ""dull"", ""modifier"": """", ""source_text"": ""brun et mat""}]"	"[{""po_id"": ""PO_0009010"", ""po_label"": ""seed"", ""pato_id"": ""PATO_0001871"", ""pato_label"": ""reniform"", ""negated"": false, ""value_low"": null, ""value_high"": null, ""unit"": null, ""value_text"": ""strongly reniform"", ""modifier"": """", ""source_text"": ""fortement réniformes""}, {""po_id"": ""PO_0009010"", ""po_label"": ""seed"", ""pato_id"": ""PATO_0000122"", ""pato_label"": ""length"", ""negated"": false, ""value_low"": 12, ""value_high"": 20, ""unit"": ""mm"", ""value_text"": """", ""modifier"": """", ""source_text"": ""de 12–20 mm de long""}, {""po_id"": ""PO_0009010"", ""po_label"": ""seed"", ""pato_id"": ""PATO_0000921"", ""pato_label"": ""width"", ""negated"": false, ""value_low"": 10, ""value_high"": 10, ""unit"": ""mm"", ""value_text"": """", ""modifier"": """", ""source_text"": ""10 de large""}, {""po_id"": ""PO_0009010"", ""po_label"": ""seed"", ""pato_id"": ""PATO_0000915"", ""pato_label"": ""thickness"", ""negated"": false, ""value_low"": 4, ""value_high"": 4, ""unit"": ""mm"", ""value_text"": """", ""modifier"": """", ""source_text"": ""4 d’épaisseur""}, {""po_id"": ""PO_0020057"", ""po_label"": ""testa"", ""pato_id"": ""PATO_0001810"", ""pato_label"": ""wrinkled"", ""negated"": false, ""value_low"": null, ""value_high"": null, ""unit"": null, ""value_text"": """", ""modifier"": """", ""source_text"": ""tégument ridé""}, {""po_id"": ""PO_0020057"", ""po_label"": ""testa"", ""pato_id"": ""PATO_0000952"", ""pato_label"": ""brown"", ""negated"": false, ""value_low"": null, ""value_high"": null, ""unit"": null, ""value_text"": """", ""modifier"": """", ""source_text"": ""brun et mat""}, {""po_id"": ""PO_0020057"", ""po_label"": ""testa"", ""pato_id"": ""PATO_0001607"", ""pato_label"": ""matted"", ""negated"": false, ""value_low"": null, ""value_high"": null, ""unit"": null, ""value_text"": ""dull"", ""modifier"": """", ""source_text"": ""brun et mat""}]"	
paul-096	flora-gabon	fdgvol19_final.xml	Strychnos scheffleri Gilg	corolla	fr	Corolle dans le bouton mûr de 7-9,5 mm de longueur, blanche ou crème, à l'extérieur glabre ou exceptionnellement avec quelques poils, à l'intérieur densément pileuse dans le tube mais avec base glabre; tube 0,6-1,3 fois plus long que les lobes, de 3-4,5 mm de longueur; lobes oblongs, de 3-5,5 X 1-1,5 mm, aigus, recourbés (sauf pour les jeunes fleurs).	"[{""po_id"": ""PO_0009059"", ""po_label"": ""corolla"", ""pato_id"": ""PATO_0000122"", ""pato_label"": ""length"", ""negated"": false, ""value_low"": 7, ""value_high"": 9.5, ""unit"": ""mm"", ""value_text"": """", ""modifier"": """", ""source_text"": ""Corolle dans le bouton mûr de 7-9,5 mm de longueur""}, {""po_id"": ""PO_0009059"", ""po_label"": ""corolla"", ""pato_id"": ""PATO_0000323"", ""pato_label"": ""white"", ""negated"": false, ""value_low"": null, ""value_high"": null, ""unit"": null, ""value_text"": ""white"", ""modifier"": """", ""source_text"": ""blanche ou crème""}, {""po_id"": ""PO_0009059"", ""po_label"": ""corolla"", ""pato_id"": ""PATO_0002149"", ""pato_label"": ""ivory"", ""negated"": false, ""value_low"": null, ""value_high"": null, ""unit"": null, ""value_text"": ""cream"", ""modifier"": """", ""source_text"": ""blanche ou crème""}, {""po_id"": ""PO_0009059"", ""po_label"": ""corolla"", ""pato_id"": ""PATO_0000453"", ""pato_label"": ""glabrous"", ""negated"": false, ""value_low"": null, ""value_high"": null, ""unit"": null, ""value_text"": ""exterior"", ""modifier"": """", ""source_text"": ""à l'extérieur glabre""}, {""po_id"": ""PO_0009059"", ""po_label"": ""corolla"", ""pato_id"": ""PATO_0000454"", ""pato_label"": ""hairy"", ""negated"": false, ""value_low"": null, ""value_high"": null, ""unit"": null, ""value_text"": ""densely pilose inside tube"", ""modifier"": """", ""source_text"": ""à l'intérieur densément pileuse dans le tube""}, {""po_id"": ""PO_0009032"", ""po_label"": ""petal"", ""pato_id"": ""PATO_0000946"", ""pato_label"": ""oblong"", ""negated"": false, ""value_low"": null, ""value_high"": null, ""unit"": null, ""value_text"": """", ""modifier"": """", ""source_text"": ""lobes oblongs""}, {""po_id"": ""PO_0009032"", ""po_label"": ""petal"", ""pato_id"": ""PATO_0000122"", ""pato_label"": ""length"", ""negated"": false, ""value_low"": 3, ""value_high"": 5.5, ""unit"": ""mm"", ""value_text"": """", ""modifier"": """", ""source_text"": ""de 3-5,5 X 1-1,5 mm""}, {""po_id"": ""PO_0009032"", ""po_label"": ""petal"", ""pato_id"": ""PATO_0000921"", ""pato_label"": ""width"", ""negated"": false, ""value_low"": 1, ""value_high"": 1.5, ""unit"": ""mm"", ""value_text"": """", ""modifier"": """", ""source_text"": ""de 3-5,5 X 1-1,5 mm""}, {""po_id"": ""PO_0009032"", ""po_label"": ""petal"", ""pato_id"": ""PATO_0000389"", ""pato_label"": ""acute"", ""negated"": false, ""value_low"": null, ""value_high"": null, ""unit"": null, ""value_text"": """", ""modifier"": """", ""source_text"": ""aigus""}, {""po_id"": ""PO_0009032"", ""po_label"": ""petal"", ""pato_id"": ""PATO_0000406"", ""pato_label"": ""curved"", ""negated"": false, ""value_low"": null, ""value_high"": null, ""unit"": null, ""value_text"": ""recurved"", ""modifier"": """", ""source_text"": ""recourbés""}]"	"[{""po_id"": ""PO_0009059"", ""po_label"": ""corolla"", ""pato_id"": ""PATO_0000122"", ""pato_label"": ""length"", ""negated"": false, ""value_low"": 7, ""value_high"": 9.5, ""unit"": ""mm"", ""value_text"": """", ""modifier"": """", ""source_text"": ""Corolle dans le bouton mûr de 7-9,5 mm de longueur""}, {""po_id"": ""PO_0009059"", ""po_label"": ""corolla"", ""pato_id"": ""PATO_0000323"", ""pato_label"": ""white"", ""negated"": false, ""value_low"": null, ""value_high"": null, ""unit"": null, ""value_text"": ""white"", ""modifier"": """", ""source_text"": ""blanche ou crème""}, {""po_id"": ""PO_0009059"", ""po_label"": ""corolla"", ""pato_id"": ""PATO_0002149"", ""pato_label"": ""ivory"", ""negated"": false, ""value_low"": null, ""value_high"": null, ""unit"": null, ""value_text"": ""cream"", ""modifier"": """", ""source_text"": ""blanche ou crème""}, {""po_id"": ""PO_0009059"", ""po_label"": ""corolla"", ""pato_id"": ""PATO_0000453"", ""pato_label"": ""glabrous"", ""negated"": false, ""value_low"": null, ""value_high"": null, ""unit"": null, ""value_text"": ""exterior"", ""modifier"": """", ""source_text"": ""à l'extérieur glabre""}, {""po_id"": ""PO_0009059"", ""po_label"": ""corolla"", ""pato_id"": ""PATO_0000454"", ""pato_label"": ""hairy"", ""negated"": false, ""value_low"": null, ""value_high"": null, ""unit"": null, ""value_text"": ""densely pilose inside tube"", ""modifier"": """", ""source_text"": ""à l'intérieur densément pileuse dans le tube""}, {""po_id"": ""PO_0009032"", ""po_label"": ""petal"", ""pato_id"": ""PATO_0000946"", ""pato_label"": ""oblong"", ""negated"": false, ""value_low"": null, ""value_high"": null, ""unit"": null, ""value_text"": """", ""modifier"": """", ""source_text"": ""lobes oblongs""}, {""po_id"": ""PO_0009032"", ""po_label"": ""petal"", ""pato_id"": ""PATO_0000122"", ""pato_label"": ""length"", ""negated"": false, ""value_low"": 3, ""value_high"": 5.5, ""unit"": ""mm"", ""value_text"": """", ""modifier"": """", ""source_text"": ""de 3-5,5 X 1-1,5 mm""}, {""po_id"": ""PO_0009032"", ""po_label"": ""petal"", ""pato_id"": ""PATO_0000921"", ""pato_label"": ""width"", ""negated"": false, ""value_low"": 1, ""value_high"": 1.5, ""unit"": ""mm"", ""value_text"": """", ""modifier"": """", ""source_text"": ""de 3-5,5 X 1-1,5 mm""}, {""po_id"": ""PO_0009032"", ""po_label"": ""petal"", ""pato_id"": ""PATO_0000389"", ""pato_label"": ""acute"", ""negated"": false, ""value_low"": null, ""value_high"": null, ""unit"": null, ""value_text"": """", ""modifier"": """", ""source_text"": ""aigus""}, {""po_id"": ""PO_0009032"", ""po_label"": ""petal"", ""pato_id"": ""PATO_0000406"", ""pato_label"": ""curved"", ""negated"": false, ""value_low"": null, ""value_high"": null, ""unit"": null, ""value_text"": ""recurved"", ""modifier"": """", ""source_text"": ""recourbés""}]"	
paul-097	flora-gabon	fdgvol45_final.xml	Hibiscus squamosus Hochr.	fruits	fr	Fruit ovoïde, 1-1,5 cm de longueur, aigu, à pubescence dense apprimée, gris argenté, chaque loge portant 4 graines.	"[{""po_id"": ""PO_0009001"", ""po_label"": ""fruit"", ""pato_id"": ""PATO_0001891"", ""pato_label"": ""ovate"", ""negated"": false, ""value_low"": null, ""value_high"": null, ""unit"": null, ""value_text"": """", ""modifier"": """", ""source_text"": ""Fruit ovoïde""}, {""po_id"": ""PO_0009001"", ""po_label"": ""fruit"", ""pato_id"": ""PATO_0000122"", ""pato_label"": ""length"", ""negated"": false, ""value_low"": 1.0, ""value_high"": 1.5, ""unit"": ""cm"", ""value_text"": """", ""modifier"": """", ""source_text"": ""1-1,5 cm de longueur""}, {""po_id"": ""PO_0009001"", ""po_label"": ""fruit"", ""pato_id"": ""PATO_0000389"", ""pato_label"": ""acute"", ""negated"": false, ""value_low"": null, ""value_high"": null, ""unit"": null, ""value_text"": """", ""modifier"": """", ""source_text"": ""aigu""}, {""po_id"": ""PO_0009001"", ""po_label"": ""fruit"", ""pato_id"": ""PATO_0000455"", ""pato_label"": ""pubescent"", ""negated"": false, ""value_low"": null, ""value_high"": null, ""unit"": null, ""value_text"": """", ""modifier"": """", ""source_text"": ""pubescence dense apprimée""}, {""po_id"": ""PO_0009001"", ""po_label"": ""fruit"", ""pato_id"": ""PATO_0000950"", ""pato_label"": ""grey"", ""negated"": false, ""value_low"": null, ""value_high"": null, ""unit"": null, ""value_text"": """", ""modifier"": """", ""source_text"": ""gris argenté""}]"	"[{""po_id"": ""PO_0009001"", ""po_label"": ""fruit"", ""pato_id"": ""PATO_0001891"", ""pato_label"": ""ovate"", ""negated"": false, ""value_low"": null, ""value_high"": null, ""unit"": null, ""value_text"": """", ""modifier"": """", ""source_text"": ""Fruit ovoïde""}, {""po_id"": ""PO_0009001"", ""po_label"": ""fruit"", ""pato_id"": ""PATO_0000122"", ""pato_label"": ""length"", ""negated"": false, ""value_low"": 1.0, ""value_high"": 1.5, ""unit"": ""cm"", ""value_text"": """", ""modifier"": """", ""source_text"": ""1-1,5 cm de longueur""}, {""po_id"": ""PO_0009001"", ""po_label"": ""fruit"", ""pato_id"": ""PATO_0000389"", ""pato_label"": ""acute"", ""negated"": false, ""value_low"": null, ""value_high"": null, ""unit"": null, ""value_text"": """", ""modifier"": """", ""source_text"": ""aigu""}, {""po_id"": ""PO_0009001"", ""po_label"": ""fruit"", ""pato_id"": ""PATO_0000455"", ""pato_label"": ""pubescent"", ""negated"": false, ""value_low"": null, ""value_high"": null, ""unit"": null, ""value_text"": """", ""modifier"": """", ""source_text"": ""pubescence dense apprimée""}, {""po_id"": ""PO_0009001"", ""po_label"": ""fruit"", ""pato_id"": ""PATO_0000950"", ""pato_label"": ""grey"", ""negated"": false, ""value_low"": null, ""value_high"": null, ""unit"": null, ""value_text"": """", ""modifier"": """", ""source_text"": ""gris argenté""}]"	
paul-098	flora-gabon	fdgvol32_final.xml	Dichapetalum altescandens Engler	habit	fr	Liane souvent de grande taille ou arbuste lianescent.	"[{""po_id"": ""PO_0000003"", ""po_label"": ""whole plant"", ""pato_id"": ""PATO_0000586"", ""pato_label"": ""increased size"", ""negated"": false, ""value_low"": null, ""value_high"": null, ""unit"": null, ""value_text"": """", ""modifier"": ""often"", ""source_text"": ""souvent de grande taille""}]"	"[{""po_id"": ""PO_0000003"", ""po_label"": ""whole plant"", ""pato_id"": ""PATO_0000586"", ""pato_label"": ""increased size"", ""negated"": false, ""value_low"": null, ""value_high"": null, ""unit"": null, ""value_text"": """", ""modifier"": ""often"", ""source_text"": ""souvent de grande taille""}]"	
paul-099	flora-gabon	fdgvol29_final.xml	Salacia lucida Oliver	inflorescences	fr	Inflorescences multiflores axillaires pédonculées, ± dissymétrique-ment dichasiales, les ramifications étant souvent ± alternes; le bouquet floral de 2 inflorescences opposées peut mesurer 3-5 cm de diamètre.	"[{""po_id"": ""PO_0009049"", ""po_label"": ""inflorescence"", ""pato_id"": ""PATO_0000616"", ""pato_label"": ""asymmetrical"", ""negated"": false, ""value_low"": null, ""value_high"": null, ""unit"": null, ""value_text"": """", ""modifier"": """", ""source_text"": ""dissymétrique-ment dichasiales""}, {""po_id"": ""PO_0009049"", ""po_label"": ""inflorescence"", ""pato_id"": ""PATO_0001334"", ""pato_label"": ""diameter"", ""negated"": false, ""value_low"": 3.0, ""value_high"": 5.0, ""unit"": ""cm"", ""value_text"": """", ""modifier"": """", ""source_text"": ""3-5 cm de diamètre""}]"	"[{""po_id"": ""PO_0009049"", ""po_label"": ""inflorescence"", ""pato_id"": ""PATO_0000616"", ""pato_label"": ""asymmetrical"", ""negated"": false, ""value_low"": null, ""value_high"": null, ""unit"": null, ""value_text"": """", ""modifier"": """", ""source_text"": ""dissymétrique-ment dichasiales""}, {""po_id"": ""PO_0009049"", ""po_label"": ""inflorescence"", ""pato_id"": ""PATO_0001334"", ""pato_label"": ""diameter"", ""negated"": false, ""value_low"": 3.0, ""value_high"": 5.0, ""unit"": ""cm"", ""value_text"": """", ""modifier"": """", ""source_text"": ""3-5 cm de diamètre""}]"	
paul-100	flora-gabon	fdgvol26_final.xml	Myrianthus serratus Bentham & Hooker	stipules	fr	Stipules caduques ou subpersistantes, longues de 0,5-1,5 cm, non entièrement amplexicaules, avec des poils blancs épars, apprimés.	"[{""po_id"": ""PO_0020041"", ""po_label"": ""stipule"", ""pato_id"": ""PATO_0001731"", ""pato_label"": ""deciduous (plant)"", ""negated"": false, ""value_low"": null, ""value_high"": null, ""unit"": null, ""value_text"": """", ""modifier"": """", ""source_text"": ""caduques""}, {""po_id"": ""PO_0020041"", ""po_label"": ""stipule"", ""pato_id"": ""PATO_0000122"", ""pato_label"": ""length"", ""negated"": false, ""value_low"": 0.5, ""value_high"": 1.5, ""unit"": ""cm"", ""value_text"": """", ""modifier"": """", ""source_text"": ""longues de 0,5-1,5 cm""}, {""po_id"": ""PO_0020041"", ""po_label"": ""stipule"", ""pato_id"": ""PATO_0000454"", ""pato_label"": ""hairy"", ""negated"": false, ""value_low"": null, ""value_high"": null, ""unit"": null, ""value_text"": """", ""modifier"": """", ""source_text"": ""des poils blancs épars, apprimés""}]"	"[{""po_id"": ""PO_0020041"", ""po_label"": ""stipule"", ""pato_id"": ""PATO_0001731"", ""pato_label"": ""deciduous (plant)"", ""negated"": false, ""value_low"": null, ""value_high"": null, ""unit"": null, ""value_text"": """", ""modifier"": """", ""source_text"": ""caduques""}, {""po_id"": ""PO_0020041"", ""po_label"": ""stipule"", ""pato_id"": ""PATO_0000122"", ""pato_label"": ""length"", ""negated"": false, ""value_low"": 0.5, ""value_high"": 1.5, ""unit"": ""cm"", ""value_text"": """", ""modifier"": """", ""source_text"": ""longues de 0,5-1,5 cm""}, {""po_id"": ""PO_0020041"", ""po_label"": ""stipule"", ""pato_id"": ""PATO_0000454"", ""pato_label"": ""hairy"", ""negated"": false, ""value_low"": null, ""value_high"": null, ""unit"": null, ""value_text"": """", ""modifier"": """", ""source_text"": ""des poils blancs épars, apprimés""}]"	
