proposal_id	surface_forms	corpus_frequency	intended_ontology	recommendation	preferred_label	definition	definition_sources	direct_parent_ids	part_of_ids	other_axioms	evidence_status	current_ontology_status	counterexample_or_caveat	curator_decision	curator_notes
PATO-CAND:campanulate	campanulate|bell shaped	8	PATO	accept_proposal	campanulate	A shape quality inhering in a bearer by virtue of having an inflated tubular basal portion that widens gradually toward a distal limb or lobes.	EVID:UPOV_TGP14|EVID:MOBOT_CAMPANULATE	PATO:0000052		Keep as a sibling of tubular, funnel-shaped, and cup-shaped; do not make it a subclass of every bell-bearing anatomical entity.	definition_and_boundary_verified	Absent from pinned PATO master@83ec8697a02e3ef07beb9f5ea0256670ab1a4b15.	The term is commonly applied to a corolla, but the quality itself is bearer-independent; no fixed size ratio is asserted.		
PATO-CAND:filiform	filiform	1	PATO	accept_proposal	filiform	A shape quality inhering in a bearer by virtue of being long, very slender, and terete, thereby resembling a thread.	EVID:UPOV_TGP14|EVID:MOBOT_FILIFORM	PATO:0000052		Sibling rather than synonym of linear; do not assert disjointness because borderline usages occur.	definition_and_boundary_verified	Absent from pinned PATO master; PATO:0001199 linear and PATO:0104016 terete are present but not equivalent.	Some glossaries use thread-like loosely; the operational definition follows the independently attested terete sense.		
PATO-CAND:hastate	hastate	5	PATO	accept_proposal	hastate	A shape quality inhering in a flat bearer by virtue of having two approximately triangular basal lobes directed outward to either side of the main axis.	EVID:UPOV_TGP14|EVID:MOBOT_HASTATE|EVID:PLANTNET_HASTATE	PATO:0000052		Sibling of PATO:0001881 arrow-shaped/sagittate; do not add hastate as its synonym and do not assert hard disjointness.	definition_and_boundary_verified	Absent from pinned PATO master; sagittate is an exact synonym of PATO:0001881.	Sagittate lobes are directed downward whereas hastate lobes are directed outward; transitional descriptions such as sagittate-hastate argue against disjointness.		
PATO-CAND:crimson	crimson|deep crimson	37	PATO	reject_current_proposal	crimson		EVID:NIST_SP440|EVID:NIST_CENTROIDS			Do not assign one exact ISCC-NBS block or prototype unless the class is explicitly scoped to a named color standard.	evidence_refutes_single_prototype	No atomic crimson class in pinned PATO; FLOPO contains corpus-specific crimson derivatives currently placed under red.	NBS SP 440 maps crimson to several blocks across source dictionaries, so a single vivid-red or purplish-red prototype would misrepresent botanical usage.		
PATO-CAND:scarlet	scarlet|bright scarlet|pale scarlet|light scarlet	26	PATO	reject_current_proposal	scarlet		EVID:NIST_SP440|EVID:NIST_CENTROIDS			Do not assign one exact vivid-red or vivid-reddish-orange block unless the class is explicitly scoped to a named color standard.	evidence_refutes_single_prototype	No atomic scarlet class in pinned PATO; FLOPO contains corpus-specific scarlet derivatives currently placed under red.	NBS SP 440 records multiple source-dependent placements, spanning red and reddish-orange families.		
SURFACE-CAND:silver_silvery	silver|silvery	22	FLOPO	revise_and_sense_split	silvery appearance	A plant appearance having a pale white-to-grey visual field with metallic or specular lustre; when the field usage instead denotes pale hairs, wax, or bloom, that causal phenotype is represented separately.	EVID:SACCARDO_CHROMOTAXIA	FLOPO:0000000		Use Saccardo category 1 as the source-qualified prototype for silver-coloured, composed from a white or pale colour component and reflectivity such as PATO:0001373 glistening; distinguish dense pale trichomes and wax or bloom rather than inferring one mechanism from the word alone.	botanical_prototype_found_corpus_sense_split_required	FLOPO:0980092 silvery is currently a subclass of PATO:0000950 grey, but Saccardo defines silver-coloured by white plus metallic lustre and no atomic silver term exists in pinned PATO.	The same field appearance can arise through different colours, reflective properties, hairs, or coatings. The historic plate may have aged, and an sRGB value would not encode metallic reflectance.		
SURFACE-CAND:lip	lip	103	PO	sense_split			EVID:AOS_ORCHID_GLOSSARY|EVID:ORCHID_LABELLUM_REVIEW|EVID:BILABIATE_REVIEW			Disambiguate at mention level among orchid labellum, a lip of a fused bilabiate corolla, other functional lip structures, and non-anatomical topographic uses.	multiple_senses_verified	No general lip class in pinned PO.	A taxon-free exact mapping is unsafe because the structures called lip are not homologous and some corpus uses are geographical prose.		
PO-CAND:orchid_labellum	labellum	0	PO	accept_proposal	orchid labellum	A petal that is the specialized median member of the inner perianth whorl of a flower of Orchidaceae.	EVID:AOS_ORCHID_GLOSSARY|EVID:ORCHID_LABELLUM_REVIEW	PO:0009032	PO:0009059	Record the Orchidaceae scope in the label, definition, and taxon constraint or scope note; lip is only a taxon/context-dependent synonym.	definition_and_homology_verified	Absent from pinned PO v2026-01-09.	Do not merge with staminode-derived labella in Cannaceae or with a lip made from fused portions of multiple petals.		
PO-CAND:corolla_lip	corolla lip	0	PO	revise_proposal	corolla lip	A collective organ part structure composed of distal portions of one or more fused petals that form one side of a bilabiate corolla.	EVID:BILABIATE_REVIEW	PO:0025269	PO:0025581	Upper corolla lip and lower corolla lip may be subclasses; bare lip remains a related, context-dependent synonym.	concept_supported_parent_needs_po_review	Absent from pinned PO v2026-01-09.	The broader functional notion of a floral lip can be realized by structures other than fused petals, so this class must remain explicitly corolla-specific.		
PO-CAND:corolla_tube	corolla tube|corolla-tube	4	PO	accept_proposal	corolla tube	A collective organ part structure composed of the proximal fused portions of two or more petals in a fused corolla, extending distally to where the petal portions diverge or become free.	EVID:NYBG_COROLLA_TUBE|EVID:UPOV_TGP14	PO:0025269	PO:0025581	Do not assert has_part some fused petal, because the tube contains portions of the petals rather than each entire petal.	definition_and_parthood_verified	Absent from pinned PO; PO:0025581 fused corolla and PO:0025583 fused petal are present.	In a gradually widening corolla the distal boundary can be conventional rather than sharply demarcated.		
PO-CAND:corolla_throat	throat|corolla throat	24	PO	revise_and_sense_split	corolla throat	A plant anatomical entity at the distal entrance to a corolla tube.	EVID:NYBG_COROLLA_THROAT		PO-CAND:corolla_tube	Resolve whether PO should distinguish the opening, which is a plant anatomical space, from the surrounding distal tube region, which is structural tissue.	conflicting_glossary_senses_identified	Absent from pinned PO.	NYBG defines the opening, while flora phrases assigning color or markings in the throat generally target the surrounding tissue; one class cannot safely serve both without an explicit sense decision.		
PO-CAND:pseudobulb	pseudobulb|pseudobulbs	3	PO	revise_proposal	orchid pseudobulb	A swollen portion of a shoot axis in an orchid that stores water or nutrients and is not a true bulb.	EVID:AOS_ORCHID_GLOSSARY|EVID:NYBG_PSEUDOBULB			Choose between shoot axis and cardinal organ part after PO modeling review; remove or narrow the current pseudobulb synonym under corm if a distinct class is accepted.	definition_verified_parent_unresolved	PO:0025355 corm has pseudobulb as a NARROW synonym, but corm is defined as an entire shoot system with a short enlarged stem.	Pseudobulbs may contain one or several internodes and can be above ground; treating every pseudobulb as a corm or every one as an entire shoot system overclaims.		
PO-CAND:storage_shoot_tunic	tunic|tunics	3	PO	revise_and_split	storage shoot tunic	A dry, papery outer covering of a bulb or corm formed from outer leaf bases.	EVID:NYBG_TUNIC			Prefer separate bulb tunic and corm tunic subclasses with the appropriate part_of target; decide whether each tunic is a leaf base/scale leaf or a collective phyllome structure.	definition_verified_cardinality_unresolved	No current live PO tunic class; PO:0006302 obsolete tunica is an unrelated meristem-layer term.	Not every bulb has a tunic, so only tunic part_of bulb is safe; bulb has_part tunic is not universal. Singular tunic and plural tunics may denote a covering versus its individual layers.		
PO-CAND:parasitic_plant_haustorium	haustorium|haustoria	1	PO	accept_proposal	parasitic plant haustorium	A plant organ of a parasitic plant that penetrates host tissue and forms a connection through which water or nutrients can be transferred between host and parasite.	EVID:HAUSTORIUM_REVIEW	PO:0009008	PO:0000003	Do not assert generic part_of root or stem; root haustorium and stem haustorium may be subclasses when developmental origin is known.	definition_and_nonuniversal_parthood_verified	PO:0003004 haustorial root is obsolete without a replacement; no generic live haustorium class exists in pinned PO.	Terminal haustoria are root-derived, but lateral haustoria can arise from root or stem tissues, including Cuscuta stem haustoria.		
SURFACE-CAND:corona	corona	16	PO	sense_split	floral corona	A ring or series of floral appendages situated between the corolla and androecium and derived from petals, stamens, or both.	EVID:NYBG_CORONA|EVID:CORONA_ONTOGENY	PO:0025269	PO:0009046	Use an origin-neutral generic class only as a parent; map a mention to corolline, staminal, or gynostegial corona when its developmental origin is supported.	multiple_developmental_origins_verified	No floral corona or gynostegium class in pinned PO.	Attachment position does not prove developmental origin, and a generic corona must not be universally part_of either corolla or androecium.		
PO-CAND:corolline_corona	corolline corona	0	PO	revise_proposal	corolline corona	A floral corona whose appendages develop from the corolla.	EVID:CORONA_ONTOGENY	SURFACE-CAND:corona	PO:0009059	Assert the corolla parthood only for this origin-specific subtype.	developmental_origin_verified_in_studied_taxa	Absent from pinned PO.	Evidence is taxon-specific; the definition is general but each annotation still requires origin evidence.		
PO-CAND:staminal_corona	staminal corona	0	PO	revise_proposal	staminal corona	A floral corona whose appendages develop from stamen filaments or a filament tube.	EVID:CORONA_ONTOGENY	SURFACE-CAND:corona	PO:0009061	Assert androecium parthood only for this origin-specific subtype.	developmental_origin_verified_in_studied_taxa	Absent from pinned PO.	Do not infer staminal origin merely because a corona is adjacent or secondarily adnate to stamens.		
PO-CAND:gynostegial_corona	gynostegial corona	0	PO	blocked_by_dependency	gynostegial corona	A floral corona associated developmentally and structurally with a gynostegium.	EVID:NYBG_CORONA|EVID:CORONA_ONTOGENY	SURFACE-CAND:corona		Define gynostegium in PO and verify the origin of the relevant corona parts before asserting parthood.	term_supported_dependency_unmodeled	Neither gynostegium nor gynostegial corona exists in pinned PO.	Gynostegial position alone does not determine whether every component is corolline or androecial.		
FLOPO-CAND:climber	climber|climbing|scandent	28	FLOPO	revise_existing	whole plant climbing phenotype	A whole-plant phenotype in which, after some growth, the plant cannot mechanically sustain its stem without an external support.	EVID:CLIMBING_TERMINOLOGY	FLOPO:0900032		Retain as a primitive evidence-defined phenotype until a suitable relation to an external support is selected; make liana and vine narrower phenotypes.	definition_and_boundary_verified	FLOPO:0900035 whole plant lianescent currently has climber and liana as exact synonyms but no definition or logical characterization.	Climbing is support dependence, not merely a coiled, flexible, long, or prostrate stem; those qualities alone are insufficient.		
FLOPO-CAND:liana	liana|lianas	0	FLOPO	revise_existing	whole plant liana phenotype	A whole-plant climbing phenotype in which the climbing axes are woody throughout their length.	EVID:CLIMBING_TERMINOLOGY	FLOPO-CAND:climber		Combine the support-dependent climber phenotype with PATO:0002348 ligneous on the relevant shoot axes.	definition_verified	Liana is currently an exact synonym of FLOPO:0900035, conflated with the broader climber sense.	The historical word can be used more broadly, but the cited standardization recommends the woody restriction.		
FLOPO-CAND:vine	vine|vines	49	FLOPO	revise_existing	whole plant vine phenotype	A whole-plant climbing phenotype in which the climbing axes are herbaceous or otherwise non-woody.	EVID:CLIMBING_TERMINOLOGY	FLOPO-CAND:climber		Combine the support-dependent climber phenotype with PATO:0002352 herbaceous on the relevant shoot axes.	definition_verified	PO:0000003 carries vine only as a NARROW synonym; FLOPO lacks a distinct defined vine phenotype.	Some English usage calls woody climbers vines; the proposed class follows the cited standardized technical sense.		
FLOPO-CAND:simple_scrambling	scrambling|clambering|scrambler	28	FLOPO	new_compositional_phenotype	simple scrambling climbing phenotype	A climbing phenotype in which the plant grows over support without active searching movement or a specialized attachment structure.	EVID:CLIMBING_TERMINOLOGY	FLOPO-CAND:climber		Represent as a narrower climbing mechanism; avoid inventing a PATO shape that equates absence of a specialized attachment organ with a bearer-intrinsic form.	definition_verified	No corresponding PO/PATO/FLOPO class in the pinned artifacts.	Some scramblers possess hooks or spines; the source distinguishes simple scrambling from hook-assisted passive climbing, so context may require a narrower mechanism.		
FLOPO-CAND:twining	twining|twiner	14	FLOPO	new_compositional_phenotype	twining climbing phenotype	A climbing phenotype in which the main stem coils helically around an external support.	EVID:CLIMBING_TERMINOLOGY	FLOPO-CAND:climber		Use PATO:0000404 coiled for stem shape only as one component; retain the relation to an external support so a free coil is not classified as twining.	definition_verified	No corresponding defined FLOPO class; PATO:0000404 coiled is necessary but not sufficient.	Twining petioles, tendrils, and inflorescences are different mechanisms and must not be normalized to main-stem twining.		
FLOPO-PATTERN:compound_colour	compound color|compound colour	0	FLOPO	modeling_pattern	compound botanical color phenotype	A botanical color phenotype whose description records two or more color components without asserting that the phenotype is a subclass of each component color.				Use FLOPO has_quality_component restrictions to the PATO components; do not create every compound in PATO and do not use multiple PATO is_a parents.	policy_confirmed	FLOPO already defines a has_quality_component property and uses it for imported compound values.	A mixture, transition, spotting pattern, and region-qualified combination are not interchangeable; preserve the construction and location from the source phrase.		
FLOPO-PATTERN:colour_alternative	greenish or pinkish|color or color|colour or colour	0	FLOPO	modeling_pattern	alternative botanical color phenotype	A botanical color phenotype for which the source leaves two or more color values as alternatives.				Define the class with owl:unionOf the alternatives; never encode an or phrase as conjunctive parents or as multiple component restrictions.	policy_and_current_axiom_verified	FLOPO:0980199 greenish or pinkish and other imported alternatives already use owl:unionOf in ontology/flopo.owl.	A union preserves uncertainty in the source; it does not mean one specimen simultaneously bears every alternative.		
FLOPO-CAND:leafless	leafless	36	FLOPO	new_compositional_phenotype	whole plant leafless phenotype	A whole-plant phenotype in which the plant lacks all leaves at the described life stage.		FLOPO:0900032		Compose PO:0000003 whole plant with PATO:0002000 lacks all parts of type toward PO:0025034 leaf, while retaining life-stage context.	logical_components_available	No dedicated defined FLOPO class identified; the required PO/PATO components exist.	Deciduous plants can be leafless temporarily, and reduced scales may or may not count as leaves for a particular description; do not infer a permanent taxon property.		
FLOPO-CAND:leafy	leafy	602	FLOPO	definition_required	whole plant leafy phenotype	A whole-plant phenotype in which leaves are sufficiently numerous or conspicuous to dominate the described shoot appearance.		FLOPO:0900032		Do not reduce leafy to has_part some leaf. Select a comparative amount, density, or coverage model only after corpus examples establish the intended baseline.	common_term_semantics_not_operationalized	No dedicated defined FLOPO class identified; PATO cardinality and amount qualities exist but none is yet proven exact.	Almost every normal vascular plant has at least one leaf, so simple presence would make the phenotype uninformative and wrong.		
FLOPO-CAND:bushy	bushy	229	FLOPO	definition_required	whole plant bushy phenotype	A whole-plant phenotype characterized by dense branching and a compact, spreading shoot architecture.		FLOPO:0900032		Likely compose branchiness, branch density, and branch position; do not map automatically to shrub because herbs and other non-woody plants can be bushy.	common_term_semantics_not_operationalized	FLOPO:0900034 whole plant frutescent has bush and shrub as exact synonyms, but bushy is not equivalent to being a shrub.	A bushy herb is not a shrub; an evidence-backed operational threshold or comparative reference is still needed.		
FLOPO-CAND:branching	branching	296	FLOPO	contextual_composition	shoot or whole-plant branching phenotype	A phenotype in which the described plant structure has branches.				Use PATO:0000402 branched on the actual bearer recovered from context; create a whole-plant convenience class only if corpus normalization requires it.	logical_component_available	PATO:0000402 branched exists; the missing normalization is chiefly bearer/context resolution rather than an ontology gap.	Branching can describe a stem, inflorescence, root, or whole-plant habit, so one context-free FLOPO target would conflate bearers.		
MAP-CAND:sexed_flower	male flower|male flowers|female flower|female flowers|staminate flower|staminate flowers|pistillate flower|pistillate flowers	23	PO	map_existing						Map staminate/male flower senses to PO:0025600 and pistillate/female flower senses to PO:0025599 after corpus-sense review; consider promoting the current RELATED male/female synonyms only through a PO proposal.	existing_classes_verified	PO:0025599 pistillate flower and PO:0025600 staminate flower are current defined classes; male flower and female flower are RELATED synonyms.	Male/female may describe the plant, reproductive function, or a flower with aborted organs; do not compose generic PATO sex qualities without checking that the PO definitions match.		
MAP-CAND:shrub_bush	shrub|shrubs|bush|bushes	213	FLOPO	map_existing	whole plant frutescent			FLOPO:0900034		Map a focal plant growth-form mention to FLOPO:0900034; retain PO:0000003 only as a broader anatomical target when an entity rather than a phenotype is required.	pinned_ontology_and_corpus_context_checked	FLOPO:0900034 has shrub and bush as exact synonyms; PO:0000003 has both only as NARROW synonyms.	Many bush occurrences describe a support or habitat plant rather than the focal taxon, so extraction must bind the mention before asserting a phenotype.		
MAP-CAND:tree	tree|trees	103	FLOPO	map_existing	whole plant arborescent			FLOPO:0900033		Map focal growth-form uses to FLOPO:0900033; retain PO:0000003 only as the broader entity target when appropriate.	pinned_ontology_and_corpus_context_checked	FLOPO:0900033 has tree as an exact synonym; PO:0000003 has tree only as a NARROW synonym.	The word also occurs in comparisons and habitat prose; normalization does not by itself establish that the focal taxon is a tree.		
MAP-CAND:woody	woody	113	FLOPO	map_existing	shoot axis ligneous			FLOPO:0900039		Use FLOPO:0900039 when woody describes the focal shoot axis; PATO:0002348 ligneous is the underlying quality but does not currently carry woody as an exact synonym.	pinned_ontology_and_corpus_context_checked	FLOPO:0900039 has woody as an exact synonym but lacks a textual definition and explicit EQ characterization.	Corpus uses include woody herb, woody shrub, and woody fruit/stem contexts; verify the bearer rather than attaching the shoot-axis phenotype blindly.		
MAP-CAND:rosette	rosette	44	PO	map_existing	rosette			PO:0025615		Map the anatomical entity to PO:0025615; construct a FLOPO assertion only after binding its qualities or relation to the focal plant.	pinned_ontology_definition_and_corpus_context_checked	PO:0025615 is a defined collective leaf structure; its exact preferred label is rosette.	Most corpus uses are basal leaf rosettes, but OCR and comparative prose still require mention-level verification.		
MAP-CAND:spike	spike	41	PO	sense_split	spike inflorescence			PO:0030117		Use PO:0030117 for the anatomical inflorescence and FLOPO:0900001 when the desired output is the corresponding inflorescence-type phenotype.	pinned_po_flopo_collision_and_corpus_context_checked	Both PO:0030117 spike inflorescence and FLOPO:0900001 inflorescence type spike are exact lexical candidates.	Spike can also occur in non-inflorescence compounds and OCR fragments; the PO/FLOPO collision is a representation choice, not evidence that both should be asserted automatically.		
MAP-CAND:head	head|heads	189	PO	sense_split	capitulum inflorescence			PO:0030121		Use PO:0030121 or FLOPO:0900005 only for the flower-head/capitulum sense; reject topographic head of wadi, road, or descent uses.	pinned_ontology_and_polysemy_checked	PO:0030121 has head as a BROAD synonym; FLOPO:0900005 has head as an exact synonym.	The corpus contains several topographic occurrences and generic rounded heads that may not satisfy the capitulum definition.		
MAP-CAND:capsule	capsule	5	PO	sense_split	capsule fruit			PO:0030091		Use PO:0030091 for the fruit entity and FLOPO:0900012 for the corresponding fruit-type phenotype.	pinned_po_flopo_collision_and_corpus_context_checked	Both PO:0030091 capsule fruit and FLOPO:0900012 fruit type capsule are exact lexical candidates.	Do not confuse a botanical capsule fruit with non-botanical capsule senses; extraction must also distinguish entity mention from phenotype assertion.		
MAP-CAND:berry	berry|berries	9	PO	sense_split	berry fruit			PO:0030108		Use PO:0030108 for the fruit entity and FLOPO:0900015 for the corresponding fruit-type phenotype.	pinned_po_flopo_collision_and_corpus_context_checked	Both PO:0030108 berry fruit and FLOPO:0900015 fruit type berry are exact lexical candidates.	A fruit called berry in vernacular prose may not meet the botanical definition; retain context and do not infer type from unrelated comparisons.		
MAP-CAND:cyme	cyme|cymes	3	PO	sense_split	cyme inflorescence			PO:0030126		Use PO:0030126 for the anatomical entity and FLOPO:0900006 for the corresponding inflorescence-type phenotype.	pinned_po_flopo_collision_and_corpus_context_checked	Both PO:0030126 cyme inflorescence and FLOPO:0900006 inflorescence type cyme are exact lexical candidates.	The corpus includes comparative statements about cyme shapes; the extractor must identify the focal bearer and assertion.		
MAP-CAND:capitulum	capitulum	1	PO	sense_split	capitulum inflorescence			PO:0030121		Use PO:0030121 for the entity and FLOPO:0900005 for its phenotype representation.	pinned_po_flopo_collision_and_corpus_context_checked	PO:0030121 and FLOPO:0900005 are both exact candidates after removing PO's editorial synonym-scope suffix.	The frozen occurrence is explanatory prose comparing a capitulum with a flower, not necessarily a phenotype assertion about the focal taxon.		
MAP-CAND:umbel	umbel|umbels	19	PO	sense_split	umbel inflorescence			PO:0030129		Use PO:0030129 for the anatomical entity and FLOPO:0900003 for the corresponding inflorescence-type phenotype.	pinned_po_flopo_collision_and_corpus_context_checked	Both PO:0030129 umbel inflorescence and FLOPO:0900003 inflorescence type umbel are exact lexical candidates.	The source context must still distinguish the entity from the phenotype class and from umbel-like arrangements.		
MAP-CAND:pod	pod|pods	1	PO	sense_split	pod fruit			PO:0030100|PO:0030105		Use PO:0030100 legume fruit or PO:0030105 follicle fruit only when morphology/taxon resolves the broad word pod; use FLOPO:0900013 only for the legume-phenotype sense.	pinned_scoped_synonyms_and_polysemy_checked	PO treats pod as NARROW for both legume fruit and follicle fruit; FLOPO:0900013 has pod as an exact synonym of fruit type legume.	Pod is not universally equivalent to legume fruit, so FLOPO's current exact synonym is too strong for unqualified normalization.		
MAP-CAND:radiating	radiating	17	PATO	map_existing	radiating			PATO:0005005		Map the shape quality to PATO:0005005 after binding the bearer.	pinned_ontology_definition_and_corpus_context_checked	PATO:0005005 is a current defined exact-label match.	The corpus predominantly describes stems expanding from a center; radiating energy or process senses would require rejection.		
MAP-CAND:fringed	fringed	11	PATO	map_existing	fringed			PATO:0040008		Map the edge-shape quality to PATO:0040008 after binding the bearer.	pinned_ontology_definition_and_corpus_context_checked	PATO:0040008 is a current defined exact-label match.	Some botanical fringes are hairs or appendages rather than textile-like threads; the current PATO definition should be checked for adequate biological breadth.		
MAP-CAND:pear_shaped	pear shaped|pear-shaped	3	PATO	map_existing	pear shaped			PATO:0005002		Map the shape quality to PATO:0005002 after binding the bearer.	pinned_ontology_definition_and_corpus_context_checked	PATO:0005002 is a current defined exact-label match.	One OCR-fragment context is incomplete; mapping the term does not validate the surrounding extraction.		
FLOPO-CAND:herb	herb|herbs	909	FLOPO	revise_existing	whole plant herbaceous	A whole-plant phenotype in which the plant is non-woody, usually with soft stems.	EVID:UPOV_TGP14	FLOPO:0900032		Add herb as an exact synonym of FLOPO:0022142 whole plant herbaceous rather than leaving only the non-discriminating broad mapping to PO:0000003.	definition_and_existing_logical_class_verified	FLOPO:0022142 already defines whole plant has-quality some PATO:0002352 herbaceous; PO:0000003 has herb only as a NARROW synonym.	Herb can occur in habitat or comparison prose, and some subshrubs are described informally as herbs; extraction still requires focal-taxon binding.		
SURFACE-CAND:width_measurement	wide	1238	PATO	contextual_composition	width measurement construction	A text construction in which wide links a numeric quantity and unit to the width attribute of a bearer.				When preceded by a numeric quantity, normalize to PATO:0000921 width plus the parsed value and unit, not to PATO:0000600 increased width; retain a separate closeMatch candidate for genuinely comparative wide.	corpus_context_quantified_2026_07_15	PATO:0000600 carries wide only as a RELATED synonym.	At least 1051 of 1201 raw whole-word occurrences (87.5%) match a conservative number-plus-unit pattern; treating these as increased width would discard the measurement and assert a comparison absent from the text.		
SURFACE-CAND:height_measurement	tall|high	892	PATO	contextual_composition	height measurement construction	A text construction in which tall or high links a numeric quantity and unit to the height attribute of a bearer.				When preceded by a numeric quantity, normalize to PATO:0000119 height plus the parsed value and unit, not to PATO:0000570 increased height; use context to reject altitude and non-focal uses.	corpus_context_quantified_2026_07_15	PATO:0000570 carries tall only as a RELATED synonym; high has no safe single lexical target in the current report.	The conservative number-plus-unit pattern covers 322 of 333 raw tall occurrences (96.7%) and 533 of 553 high occurrences (96.4%); high also frequently denotes altitude.		
MAP-CAND:decreased_size_words	small|tiny	401	PATO	map_existing	decreased size			PATO:0000587		Propose reviewed skos:closeMatch mappings while preserving PATO's RELATED synonym scope; bind the adjective to the focal botanical bearer before using it.	pinned_ontology_and_corpus_context_checked	PATO:0000587 has small and tiny as RELATED synonyms.	Small and tiny are context-dependent comparisons and also modify habitats or groups; do not convert them to absolute size ranges or accept every mention as a focal phenotype.		
MAP-CAND:narrow	narrow	179	PATO	map_existing	decreased width			PATO:0000599		Propose a reviewed skos:closeMatch while preserving PATO's RELATED synonym scope; use PATO:0000921 width with a number when an explicit measurement is supplied.	pinned_ontology_and_corpus_context_checked	PATO:0000599 has narrow as a RELATED synonym.	Narrow is relative to a comparison class and also modifies ravines and other habitat entities, so bearer binding is mandatory.		
MAP-CAND:large	large	157	PATO	map_existing	increased size			PATO:0000586		Propose a reviewed skos:closeMatch while preserving PATO's RELATED synonym scope and requiring focal-bearer binding.	pinned_ontology_and_corpus_context_checked	PATO:0000586 has large as a RELATED synonym.	Corpus uses include large groves, gullies, and other habitat objects; a lexical match alone is not a taxon phenotype.		
MAP-CAND:thick	thick	26	PATO	map_existing	increased thickness			PATO:0000591		Propose a reviewed skos:closeMatch while preserving PATO's RELATED synonym scope; route explicit numeric thickness to the thickness attribute and value instead.	pinned_ontology_and_corpus_context_checked	PATO:0000591 has thick as a RELATED synonym.	Thick may describe roots, leaves, stems, hair tufts, or a numeric measurement, so the bearer and construction must be retained.		
MAP-CAND:thin	thin	16	PATO	map_existing	decreased thickness			PATO:0000592		Propose a reviewed skos:closeMatch while preserving PATO's RELATED synonym scope; route explicit numeric thickness to the thickness attribute and value instead.	pinned_ontology_and_corpus_context_checked	PATO:0000592 has thin as a RELATED synonym.	Thin can express thickness, width, sparseness, or consistency; context must establish the intended attribute.		
PATO-CAND:botanical_pubescent	pubescent|pubescence|downy	75	PATO	revise_existing	botanically pubescent	A pilosity quality inhering in a bearer by virtue of the bearer being covered with short hairs or soft down.	EVID:UPOV_TGP14|EVID:AOS_DOWNY	PATO:0000454		Use and revise PATO:0001320; add botanical pubescent/pubescence and downy as synonyms, and never map the botanical sense to PATO:0000455. Prepare a FLOPO signature migration from PATO:0000455 to PATO:0001320 for all affected pubescent phenotypes.	definition_and_homonym_verified	PATO:0001320 already has essentially this definition and is a child of hairy; PATO:0000455 is a maturity quality meaning onset of sexual puberty.	Downy emphasizes especially short, weak, soft hairs and may merit a narrower subclass if curators require that distinction; the migration itself is unambiguous because all affected FLOPO bearers are plant structures.		
NOISE:saudi_habitat_geology	crevice|sandstone|limestone|foot|shade|halfway|buttes|stony|salt flats	377	NONE	reject_as_noise						Exclude these surface hits from phenotype normalization when their concordance is a substrate, geological feature, illumination environment, or locality phrase; retain the text for ecological or provenance extraction.	full_saudi_corpus_concordance_checked_2026_07_15	These misses are not evidence of missing PO, PATO, or FLOPO classes for the phenotype task.	The same words can have anatomical or quality senses in another corpus, so rejection must be construction- and context-specific rather than a global stop-word rule.		
NOISE:saudi_population_abundance	abundant	61	NONE	reject_as_noise						Exclude current uses such as locally abundant, nowhere abundant, and abundant in a region from individual-plant phenotype extraction; retain them for population or occurrence modeling.	full_saudi_corpus_concordance_checked_2026_07_15	The Saudi uses express population abundance or geographic occurrence rather than a quality of a focal plant structure.	Abundant hairs, flowers, or other bearer-bound parts could express a phenotype in future text and must not be rejected by token alone.		
SURFACE-CAND:compound_suffix_fragments	stemmed|leaved|flowered|seeded|foliolate|shaped|topped|edged|tubed	257	FLOPO	contextual_composition	botanical compound construction	A text construction in which a botanical head or suffix combines with one or more preceding modifiers to describe the entity, number, shape, colour, or other quality of a bearer.				Parse the complete compound, including hyphen-separated and OCR-separated forms, then normalize its head and modifiers compositionally; do not coin a class or value for the isolated suffix fragment.	full_saudi_corpus_concordance_checked_2026_07_15	The current misses are chiefly fragments of forms such as weak-stemmed, fleshy-leaved, two-seeded, mango-shaped, red-edged, and long-tubed.	Foliolate and similar adjectives can be legitimate full terms in other constructions; preserve the exact source span and only apply this treatment when the larger compound is recoverable.		
SURFACE-CAND:degree_modifiers	sparsely|strongly|faintly|coarsely|tightly|barely|abruptly	86	FLOPO	contextual_composition	quality degree or manner construction	A text construction in which an adverb modifies the degree, density, manner, or transition of an explicitly stated botanical quality.				Attach the modifier to the quality in the same syntactic construction, for example sparsely branched or strongly reflexed; do not normalize the adverb as a standalone phenotype value.	full_saudi_corpus_concordance_checked_2026_07_15	The current registry treats these modifiers as isolated missing surfaces even though their semantics depend on the modified quality.	Some modifiers require different models: sparsely may change density, abruptly may describe a transition, and barely may fall below an assertion threshold; one generic PATO class would conflate them.		
MAP-CAND:whole_plant_words	plant|plants	155	PO	revise_existing	whole plant	A plant structure that is a whole organism.		PO:0000003		Add plant as an exact English synonym and plants as its exact plural synonym on PO:0000003, then require focal-taxon or bearer binding during extraction.	pinned_ontology_definition_and_corpus_context_checked	PO:0000003 is the defined whole-organism class but lacks the ordinary English singular and plural words plant and plants.	The Saudi text also uses plant in taxonomic, comparative, and discourse statements; a lexical match identifies an entity mention but does not itself assert a phenotype.		
MAP-CAND:clusters	clusters	46	PATO	map_existing	aggregated			PATO:0001629		Normalize constructions such as flowers in clusters or clustered flowers to PATO:0001629 only after binding the repeated bearer; preserve an anatomical collective entity when the text names one instead.	pinned_ontology_definition_and_corpus_context_checked	PATO:0001629 is defined as an irregular spatial pattern and has clustered as an exact synonym.	A cluster noun can denote an entity or inflorescence rather than a spatial quality, and among clusters of bracts does not license attaching aggregated to every nearby bearer.		
MAP-CAND:plant_organ_margin	margin|margins	45	PO	map_existing	plant organ margin			PO:0025005		Use PO:0025005 only when context identifies a laminar plant organ, and prefer an existing bearer-specific descendant such as leaf lamina margin when the bearer is known.	pinned_ontology_definition_and_corpus_context_checked	PO:0025005 is a defined cardinal organ part, part of a plant organ lamina; the missing normalization is mainly bearer resolution and ordinary-word synonymy.	Margin may denote a leaf, petal, lobe, geographical edge, or page boundary, so the unqualified token is not a context-free exact mapping.		
PO-CAND:plant_structure_apex	apex|apices	34	PO	accept_proposal	plant structure apex	A plant structure that is the distal portion of another plant structure.	EVID:NYBG_APEX	PO:0009011	PO:0009011	Use as a generic parent for compatible existing organ, axis, and trichome apex classes; add apices as the exact plural and retain PO's distinction between an extended apex region and its apical-most tip.	definition_and_generic_parthood_supported	PO contains many bearer-specific apex classes but no generic plant structure apex that can normalize an unqualified, context-bound apex mention.	Distal depends on the bearer's axis, and the NYBG glossary uses tip more broadly than PO; do not make all existing tip classes exact synonyms of apex.		
PO-CAND:plant_structure_base	base	83	PO	accept_proposal	plant structure base	A plant structure that is the proximal portion of another plant structure.	EVID:NYBG_BASE	PO:0009011	PO:0009011	Use as a generic parent for compatible existing base classes while retaining bearer-specific subclasses such as leaf base and stem base.	definition_and_generic_parthood_supported	PO contains multiple bearer-specific base classes but no generic plant structure base for a context-bound unqualified mention.	Proximal orientation must be established from the bearer; base can also denote a support, attachment site, chemical base, locality, or numerical radix outside this botanical construction.		
PO-CAND:plant_organ_lamina_lobe	lobe|lobes	61	PO	revise_proposal	plant organ lamina lobe	A cardinal organ part that is a projection arising from the margin or base of a plant organ lamina.	EVID:NYBG_LOBE|EVID:NYBG_LEAF_MARGIN_LOBED	PO:0025001	PO:0025513	Introduce only after reconciling the generic boundary, then place PO:0025514 phyllome lamina lobe beneath it and resolve corolla- and petal-lobe mentions through their actual bearer.	concept_supported_boundary_requires_po_decision	PO has phyllome and leaf lamina lobe classes but no generic lamina-lobe parent; PO:0025514 uses a one-quarter-or-more sinus threshold.	NYBG specifies rounded projections and elsewhere a less-than-half cut for lobed leaf margins, while PO allows rounded or angular lobes and uses a different depth threshold; the generic definition must not silently erase that disagreement.		
PO-CAND:plant_hair_synonym	hair|hairs	52	PO	revise_existing	trichome	A hair-like outgrowth of the plant epidermis.	EVID:NYBG_HAIR|EVID:NYBG_TRICHOME|EVID:AOS_HAIR_TRICHOME	PO:0009011	PO:0005679	Do not mint a hair subclass without a distinguishing characteristic. Review changing botanical hair from a NARROW synonym of PO:0000282 to an exact or related synonym, and add the plural with OMO:0003004.	definition_and_synonym_usage_verified	PO:0000282 already defines trichome and carries hair as a NARROW synonym, but the botanical glossaries redirect hair to trichome rather than defining a narrower anatomical kind.	Both singular Saudi occurrences are the place name Hair, whereas plural hairs is anatomical; extraction must retain case and bearer context even if PO revises the synonym scope.		
PO-CAND:trunk	trunk	7	PO	accept_proposal	trunk	A stem that is the main stem of a tree.	EVID:NYBG_TRUNK_UNBRANCHED|EVID:NYBG_TRUNK_MAIN_STEM	PO:0009047	PO:0000003	Promote the current NARROW synonym on stem to an exact synonym of this subclass; keep bole as a candidate synonym subject to the narrower unbranched-portion convention.	definition_and_parent_supported	PO:0009047 has trunk only as a NARROW synonym and no defined trunk subclass.	One source equates trunk with an unbranched bole, while another includes buttresses and prop roots; the proposed class conservatively includes only the main stem and does not misclassify roots as stem parts.		
PO-CAND:frond	frond|fronds	12	PO	accept_proposal	frond	A vascular leaf of a fern, cycad, or palm, including its lamina and stipe or petiole when present.	EVID:NYBG_FROND_FERN|EVID:USF_FLIP_FROND|EVID:FLORA_AUSTRALIA_FROND|EVID:PLANTNET_FH	PO:0009025		Promote the current NARROW synonym on vascular leaf to the exact label of this subclass; do not assert a universal whole-plant, stipe, or petiole restriction because a frond may be detached and a stipe or petiole may be absent or reduced.	definition_taxonomic_scope_and_corpus_sense_verified	PO:0009025 carries frond as a NARROW synonym but lacks a defined subclass; 11 of 12 Saudi mentions describe palm leaves.	Some botanists restrict frond to ferns, while broader authoritative glossaries include palms and cycads; the lone Saudi singular occurrence is frond-like and must remain a resemblance rather than an entity assertion.		
PO-CAND:pinna	pinna|pinnae	1	PO	accept_proposal	pinna	A cardinal organ part that is a primary division of a pinnately compound leaf.	EVID:NYBG_PINNA	PO:0025001	PO:0020043	Promote the current NARROW synonym on leaflet to this class, with pinnae as the exact plural; do not assert pinna SubClassOf leaflet because a primary pinna need not be an ultimate segment in a multiply divided leaf.	definition_parent_and_parthood_supported	PO:0020049 leaflet carries pinna and pinnae as NARROW synonyms even though leaflet is defined as an ultimate compound-leaf segment.	In a once-pinnate leaf a pinna can also satisfy leaflet, but that overlap does not hold for a bipinnate or more-divided leaf.		
PO-CAND:pinnule	pinnule|pinnules	0	PO	accept_proposal	pinnule	A cardinal organ part that is a secondary or higher-order division of a pinnately compound leaf.	EVID:NYBG_PINNULE	PO:0025001	PO-CAND:pinna|PO:0020043	Promote the current NARROW synonym on leaflet to this class; retain the transitive part-of relation to the compound leaf and add an exact plural synonym.	definition_parent_and_parthood_supported	PO:0020049 carries pinnule as a NARROW synonym but an intermediate pinnule is not necessarily the ultimate segment required by the leaflet definition.	Higher-order terminology varies among fern treatments, and the source's worked-example sentence is corrupt; only the clear secondary-or-higher division is used.		
PO-CAND:cyathium	cyathium|cyathia	4	PO	accept_proposal	cyathium	An inflorescence consisting of several naked staminate flowers, usually one naked pistillate flower, and a subtending cup-shaped involucre.	EVID:NYBG_CYATHIUM	PO:0009049		Remove cyathium and cyathia as NARROW synonyms of PO:0030126 cyme inflorescence; add them as exact singular and plural labels here; assert has_part some PO:0025600 and has_part some PO:0009100, but not a universal pistillate-flower or whole-plant parthood restriction.	definition_parent_and_universal_parts_supported	PO currently puts cyathium under cyme only as a NARROW synonym, but the cyme definition requires paired determinate higher-order axes and pedicellate flowers and does not define a cyathium.	The pistillate flower is only usual, not universal; sexed-flower and involucre axioms should use existing PO classes without treating every nearby bract as part of the cyathium.		
MAP-CAND:sticky_viscid	sticky	14	PATO	sense_split	sticky botanical material or coating			PATO:0001370|PATO:0002331		Use PATO:0001370 viscid when a bearer has a sticky liquid coating and PATO:0002331 adhesive when the bearer itself, such as gum, exhibits contact adhesion; do not add one unrestricted exact synonym to both.	definition_and_corpus_senses_verified	PATO:0001370 is a coating quality that is sticky or clammy, while PATO:0002331 is the value of molecular adhesivity; NYBG equates viscid with sticky and UPOV distinguishes it from resinous.	Sticky gum, stems, foliage, and whole herbs occur. The surface word alone does not determine whether a coating or the material itself realizes the adhesion, nor whether glands or resin cause it.		
MAP-CAND:arching_arched	arching	22	PATO	map_existing	arched			PATO:0001594		Add arching as an exact morphological variant of PATO:0001594 when the bearer forms or resembles an arch.	pinned_definition_and_full_corpus_concordance_checked	PATO:0001594 already defines arched as forming or resembling an arch; the Saudi mentions describe arching stems and branches.	Do not use arched for any merely curved stem: the recognizable arch form is the differentia, and growth direction remains a separate quality when asserted.		
MAP-CAND:botanical_sessile	sessile	2	PATO	map_existing	sessile (sensu botany)			PATO:0001436		Add sessile as an exact synonym of the botanical sense and retain the distinct zoological homonym.	definition_and_homonym_verified	PATO:0001436 is defined as attachment without a stalk; both UPOV and the Saudi flower examples use that sense.	The current PATO wording begins with a flower bearer but mentions leaves; curators may wish to make the genus definition bearer-independent before adding the plain synonym.		
MAP-CAND:scented_odorous	scented	12	PATO	map_existing	odorous			PATO:0001331		Add scented as an exact synonym of PATO:0001331 for unmodified odor-presence assertions; model sweetly, faintly, or strongly scented compositionally.	pinned_definition_and_corpus_context_checked	PATO:0001331 denotes having odor, whereas PATO:0002191 aromatic is an unrelated molecular aromaticity class.	Scented does not say whether the odor is pleasant, strong, or chemically aromatic; those modifiers require distinct evidence and must not be inferred.		
MAP-CAND:ripe_mature	ripe	22	PATO	sense_split	mature			PATO:0001701		Use a non-exact mapping to mature for fruit contexts unless PATO accepts a narrower ripe subclass; retain PO developmental-stage mappings where the text supports a specific stage.	pinned_maturity_branch_and_corpus_context_checked	PATO:0001701 denotes complete growth, differentiation, or development; PO contains several fruit-ripening stages but no generic exact entity target for ripe.	Ripe is fruit- and use-context sensitive and is narrower than mature; green ripe fruit, edible ripeness, seed-dispersal maturity, and dry grain stages need not coincide.		
PATO-CAND:reflexed	reflexed	23	PATO	accept_proposal	reflexed	A shape and orientation quality inhering in a bearer by virtue of the bearer being abruptly bent backward or abaxially downward.	EVID:UPOV_TGP14|EVID:NYBG_REFLEXED	PATO:0000617		Keep distinct from PATO:0002211 recurved, which is smoothly curved backward or inward; record deflexed as an exact synonym only if PATO curators accept UPOV usage.	definition_boundary_and_corpus_sense_verified	No reflexed class or synonym occurs in pinned PATO; bent and recurved are present but neither captures the abrupt directional differentia.	UPOV also uses reflexed for an angle greater than 180 degrees; the proposed wording covers the shared abrupt-backward form without asserting a numeric angle for every bearer.		
PATO-CAND:winged	winged|alate	13	PATO	accept_proposal	winged	A shape quality inhering in a bearer by virtue of the bearer having one or more conspicuous, thin, flattened extensions that project from its main body.	EVID:NYBG_WINGED|EVID:AOS_ORCHID_GLOSSARY	PATO:0000052		Add alate as an exact synonym; do not place the class under ridged because botanical wings include both ridge-like and broader laminar extensions, and keep anatomical wing entities such as wing petals separate from this bearer-independent quality.	definition_and_broad_bearer_range_verified	PATO has ridged but no winged/alate shape; PO has bearer-specific structures such as a petiole lamina and wing petal.	Context must distinguish a winged bearer from an anatomical structure named a wing; the broad physical definition deliberately covers both narrow ridge-like and broader laminar botanical wings.		
PATO-CAND:ascending	ascending	21	PATO	accept_proposal	ascending	An orientation quality inhering in a bearer by virtue of the bearer being directed gradually upward at an oblique angle.	EVID:UPOV_TGP14	PATO:0000133		Place under orientation, and compare with the established erect, decumbent, procumbent, and prostrate vocabulary without asserting a total ordering among those classes.	definition_parent_and_corpus_stem_sense_verified	Pinned PATO has erect, prostrate, decumbent, and procumbent but no ascending value; UPOV routes ascending to its gradually-upward definition.	Some sources restrict ascending to an initially horizontal or spreading base; UPOV does not, so that narrower differentia is not asserted universally.		
PATO-CAND:spreading	spreading	37	PATO	accept_proposal	spreading	An orientation quality inhering in a bearer by virtue of the bearer being directed outward and diverging from a principal axis.	EVID:UPOV_TGP14	PATO:0000133		Compare PATO:0005005 radiating, whose definition requires expansion from a center point; spreading need not be radial or prostrate. Model a whole-plant spreading growth form in FLOPO through the outward orientation of its branches or shoots rather than asserting this atomic orientation directly on the whole plant.	definition_parent_and_organ_orientation_sense_verified	Pinned PATO has no spreading value; UPOV explicitly applies spreading both to divergent branches and to whole-plant growth habit.	The same word denotes an organ orientation and a whole-plant architecture; only the former is the atomic PATO quality, while FLOPO must compose the latter over the relevant parts.		
PATO-CAND:lanate	woolly|lanate	11	PATO	accept_proposal	lanate	A pilosity quality inhering in a bearer by virtue of the bearer being covered with long, somewhat matted and tangled trichomes that give a wool-like appearance.	EVID:UPOV_TGP14|EVID:NYBG_LANATE	PATO:0000454		Add woolly only as a related synonym and distinguish PATO:0002341 tomentose, whose hairs are shorter, denser, and more matted.	definition_and_indumentum_boundary_verified	Pinned PATO contains hairy, pubescent hair, arachnose, and tomentose but no lanate or woolly class.	Woolly can also describe a non-hair material by resemblance; accept the mapping only when plant hairs, trichomes, or pubescence are the bearer-realizing structures.		
PATO-CAND:sericeous	silky|sericeous	3	PATO	accept_proposal	sericeous	A pilosity quality inhering in a bearer by virtue of the bearer being covered with long, soft, slender, appressed trichomes that give a silk-like appearance.	EVID:UPOV_TGP14|EVID:NYBG_SERICEOUS	PATO:0000454		Add silky only as a related synonym because it also denotes non-trichome texture and gloss.	definition_and_indumentum_boundary_verified	Pinned PATO has no sericeous or botanical silky pilosity class.	Silky may describe texture, gloss, or a non-trichome surface outside botanical indumentum; context must establish the hair-covering sense.		
PATO-CAND:entire_margin	entire	13	PATO	revise_and_sense_split	entire margin	A plant-organ margin shape quality inhering in a bearer by virtue of the margin being undivided and lacking teeth or lobes.	EVID:UPOV_TGP14|EVID:NYBG_LEAF_MARGIN_ENTIRE	PATO:0000052		Use only for a plant-organ margin; the unrestricted adjective entire remains ordinary-language quantification and is not a synonym of this class in every context.	definition_supported_surface_polysemy_verified	Pinned PATO has dentate, serrate, and crenate terms but no entire-margin counterpart.	Several Saudi occurrences mean the whole or complete plant rather than an untoothed margin; an exact lexical mapping without bearer/context gating would be wrong.		
FLOPO-CAND:trifoliolate_leaf	trifoliolate	24	FLOPO	revise_existing	trifoliolate leaf phenotype	A leaf phenotype in which the bearer is a compound leaf with exactly three leaflets.	EVID:NYBG_TRIFOLIOLATE|EVID:PLANTNET_TU	FLOPO:0000004		Revise FLOPO:0900067 in place: remove its leaf-shape parent, place it under leaf phenotype and the proposed composition/cardinality facet, assert has_part exactly 3 PO:0020049, and associate it with a FLOPO-local trifoliolate quality under PATO:0001555. Add trifoliate only as a related synonym if curators confirm that usage.	definition_parent_and_exact_cardinality_supported_existing_class_needs_repair	FLOPO:0900067 leaf trifoliolate already exists but is asserted under FLOPO:0000149 leaf shape and has neither a definition nor a logical characterization. PO supplies compound leaf and leaflet; the phenotype and its supporting quality belong in FLOPO rather than multiplying PO leaf entities.	The exact cardinality concerns ultimate leaflets: a leaf with three primary pinnae that are themselves divided need not have exactly three ultimate leaflets. Correcting the parent and definition preserves the intended referent, so this is an in-place repair rather than obsoletion.		
PATO-CAND:annual_life_span	annual|annuals	13	PATO	accept_proposal	annual life span	A life span quality inhering in a bearer by virtue of the bearer's expected natural life span being no more than one year.	EVID:NYBG_ANNUAL|EVID:RHS_FOLIAGE	PATO:0000050		Use annual as an exact synonym in botanical life-history context; represent the one-year boundary explicitly rather than as merely decreased life span.	definition_and_numeric_boundary_supported	Pinned PATO has the life span attribute but no annual, biennial, or perennial values.	The definition concerns expected natural life span, not the bearer's current age; plural annuals denotes plants bearing this quality and must be composed with the whole-plant entity during extraction.		
PATO-CAND:perennial_life_span	perennial	15	PATO	accept_proposal	perennial life span	A life span quality inhering in a bearer by virtue of the bearer's expected natural life span being at least three years.	EVID:NYBG_PERENNIAL|EVID:RHS_FOLIAGE	PATO:0000050		Represent the three-year lower boundary explicitly and contrast annual and biennial life histories.	definition_and_numeric_boundary_supported	Pinned PATO has the life span attribute but no perennial value.	The definition concerns expected natural life span, not current age or successful seed production; the latter is not universal for sterile or vegetatively reproducing perennial plants.		
FLOPO-CAND:caespitose_growth	tufted|caespitose|cespitose	35	FLOPO	new_compositional_phenotype	whole plant caespitose phenotype	A whole-plant growth phenotype in which shoots arise in dense clumps or tufts from a compact base.	EVID:NYBG_CAESPITOSE	FLOPO:0900032		Model the whole plant as having multiple spatially aggregated shoot axes; do not map hair tufts or a noun tuft to this growth-form class.	definition_and_dominant_corpus_sense_verified	No atomic caespitose quality exists in pinned PATO and no equivalent whole-plant class exists in released FLOPO.	Tufted is polysemous: it can describe trichomes, appendage clusters, or plants growing in tussocks; the Saudi adjective predominantly denotes the whole-plant habit, while noun tufts need separate bearer analysis.		
FLOPO-PATTERN:solitary_cardinality	solitary|single|singly	52	FLOPO	modeling_pattern	solitary botanical structure phenotype	A contextual phenotype pattern in which exactly one instance of a specified botanical structure occurs at the relevant bearer or site rather than in a cluster.	EVID:NYBG_SOLITARY_FLOWER			Bind the counted PO entity and bearer, then represent exact cardinality one; do not coin a PATO value or a FLOPO class for every bearer-cardinality combination.	definition_and_polysemy_verified	PO defines inflorescence as having two or more flowers, so the glossary's solitary-flower wording cannot be promoted as an inflorescence subclass under current PO semantics.	Single also modifies locality, stem, specimen, and discourse expressions; only bearer-bound botanical cardinality constructions instantiate this pattern.		
FLOPO-PATTERN:veined_colour	veined|nerved	25	FLOPO	contextual_composition	contrastingly veined botanical phenotype	A phenotype in which veins of a plant structure are visibly distinguished from surrounding tissue by a stated colour or contrast.				Bind the bearer and its PO vein or vascular structure, and attach the explicitly stated colour to that structure; preserve generic prominent venation separately when no colour is stated.	full_corpus_concordance_and_compositional_structure_checked	The Saudi uses include red-veined sepals, silvery-veined leaves, coloured petals, palmately veined leaves, and prominent uncoloured venation; no single atomic PATO quality captures all senses.	Do not infer a colour when only venation topology is asserted, and do not attach the nearby colour to the whole leaf or flower when it specifically modifies the veins.		
FLOPO-PATTERN:sweet_scent	sweet	108	FLOPO	contextual_composition	sweet-scent description	A botanical odor description in which a scent is characterized as sweet by resemblance to familiar sweet-smelling prototypes rather than by a sugar taste assertion.				Map the scent-presence component to PATO:0001331 odorous, retain sweet as an unresolved odor-character modifier, and preserve independent faint/strong intensity modifiers.	full_corpus_concordance_checked	The Saudi occurrences overwhelmingly occur in sweet scent or sweetly scented constructions; pinned PATO has odorous but no supported sweet-odor value.	Do not map to a sweet taste or generic flavor class, and do not infer pleasantness: several descriptions combine sweetish character with a bad or rotting smell.		
FLOPO-PATTERN:milky_exudate	milky	24	FLOPO	contextual_composition	milky plant exudate phenotype	A phenotype in which a plant liquid or exudate has an opaque, pale appearance resembling milk.				Compose the context-bound plant substance with PATO:0000963 opaque and an explicitly supported white or pale colour; leave a possible latex entity unresolved rather than inferring chemical identity from appearance.	full_corpus_concordance_checked	Nearly all Saudi uses modify juice or sap; PO:0025161 covers portions of plant substance and explicitly mentions latex in its comment but PO has no generic latex class.	Milky can denote appearance without establishing that the substance is latex, contains milk-like compounds, or has a particular viscosity; those claims need independent evidence.		
FLOPO-PATTERN:botanical_armature	prickly|thorny|armed	34	FLOPO	contextual_composition	botanical armature phenotype	A phenotype in which a plant or plant structure bears pointed defensive projections such as prickles, thorns, or spines.	EVID:UPOV_TGP14			Use PATO:0001365 spiny as the broad surface-feature quality; when morphology is known, retain PO:0025169 prickle, PO:0025172 thorn, or the applicable spine entity rather than collapsing them.	definitions_existing_ids_and_corpus_senses_checked	PATO:0001365 explicitly includes spines, thorns, and similar projections; PO distinguishes a superficial epidermal prickle from a branch-derived thorn.	Prickly and thorny are narrower than PATO spiny and flora prose may use them loosely; exact PO organ identity cannot be inferred from the adjective alone.		
SURFACE-CAND:low_context	low	67	PATO	sense_split	contextual low			PATO:0000569|PATO:0000587		Use PATO:0000569 only for relative height and PATO:0000587 only for relative overall size; route numeric low-height constructions through the measurement parser and reject habitat/locality uses.	full_corpus_concordance_checked	Pinned PATO already contains decreased height and decreased size; most Saudi occurrences describe low hills, valleys, or elevations, while a minority describe low-growing plants.	Low is a relational or scalar comparison whose attribute and reference population must come from context; it is not an unrestricted exact synonym of either target.		
FLOPO-PATTERN:phenology_timing	flowering|fruiting|summer|winter	102	FLOPO	modeling_pattern	plant phenology timing phenotype	A contextual phenotype that relates a plant developmental process or stage to an explicitly stated season or time interval.	EVID:RHS_FOLIAGE			Bind flowering or fruiting to the applicable PO plant structure development stage and model summer or winter as temporal context; do not mint atomic qualities for the isolated words.	full_corpus_concordance_checked	The corpus uses night-, summer-, and winter-flowering and fruiting expressions; PO supplies development stages, while the season is contextual information rather than a plant quality.	The same season word can describe collection time or habitat climate, and flowering can be a process mention rather than a phenotype value.		
NOISE:taxonomic_editorial_language	species|new|form|forms|distinctive|same|type|true|varying	150	NONE	reject_as_noise						Reject taxonomic rank, editorial comparison, and discourse uses; re-run phrase-level extraction before rejection so constructions such as new shoots or new growth retain their actual developmental meaning.	full_corpus_concordance_checked	These isolated spans predominantly arise from taxonomic or descriptive prose rather than phenotype values.	This is a context-specific rejection, not a global stop list: form can denote morphology and new can modify a genuine plant structure or developmental stage.		
FLOPO-PATTERN:relative_plant_position	basal|apical|lower|upper|outer|inner|central|mid|median|axillary	98	FLOPO	modeling_pattern	contextual plant-structure position phenotype	A phenotype in which a specified plant structure occupies a relative position along, within, or around an explicitly identified bearer or axis.	EVID:NYBG_APEX			Bind the located PO entity, reference bearer, and axis before selecting PATO:0002349 basal to, PATO:0001195 proximal to, PATO:0001234 distal to, an axil relation, or another directionally correct relation; do not equate basal with proximal or apical with distal without that frame.	corpus_concordance_and_existing_relations_checked	PATO has relational position vocabulary, and PO has axil and axillary-structure classes, but each adjective omits the reference entity and coordinate frame needed for a complete assertion.	Lower and upper may express vertical position, serial rank, surface, or comparison; outer and inner likewise require a container or radial frame, while axillary requires the relevant axil.		
FLOPO-PATTERN:indefinite_cardinality	few|several|numerous|none	53	FLOPO	modeling_pattern	contextual botanical cardinality phenotype	A phenotype that constrains the number of instances of a specified plant structure at an explicitly identified bearer or site.				Represent the counted PO entity and bearer, retaining few, several, or numerous as source-language cardinality bands until a glossary or dataset supplies numeric boundaries; model none as qualified absence rather than the number zero detached from a bearer.	full_corpus_concordance_checked	PATO:0001997 decreased amount and PATO:0000470 increased amount are comparative qualities but do not define the botanical count ranges expressed here.	The words have no universal numeric boundary and do not identify what is being counted; mapping few directly to decreased amount would silently add a comparison class.		
FLOPO-CAND:shrubby_growth	shrubby	37	FLOPO	revise_and_sense_split	whole plant shrubby growth phenotype	A whole-plant growth phenotype in which the bearer is woody, perennial, and has multiple branches arising at or near its base.	EVID:PLANTNET_S	FLOPO:0900034		Provide an evidence-backed definition for the existing whole plant frutescent/shrub class; map shrubby only when it asserts that growth form, and retain resemblance constructions such as shrubby herb for contextual composition.	definition_supported_corpus_polysemy_verified	FLOPO:0900034 has exact synonyms bush and shrub but no textual definition; Saudi occurrences often modify tree or herb and therefore do not all denote literal membership in the shrub growth form.	A shrubby tree can have a low-branched habit without being a shrub, and a shrubby herb may merely resemble one; an unrestricted exact mapping would overclassify both.		
MAP-CAND:botanical_spots	spot|spots	46	PATO	sense_split	spotted colour pattern			PATO:0000333		Use PATO:0000333 when a bearer has round areas of differing hue or saturation; reject locality constructions such as beauty spot and keep anatomical spots lacking colour evidence separate.	existing_definition_and_corpus_senses_checked	PATO:0000333 already defines the coloured round-marking sense.	Most plural occurrences are genuine colour markings, but singular spot includes locality prose and a spot need not be round or chromatically distinct in every domain.		
MAP-CAND:botanical_blotches	blotch|blotches	15	PATO	map_existing	blotchy			PATO:0000329		Map corpus colour-marking occurrences to PATO:0000329 and add blotch/blotches only as lexical retrieval forms, not exact synonyms of a quality noun.	existing_definition_and_corpus_senses_checked	PATO:0000329 defines irregularly shaped spots or blots of a different hue or saturation and already has blotched as an exact synonym.	A noun names a marking while PATO:0000329 denotes the bearer's pattern; extraction must preserve that bearer shift.		
PATO-CAND:striped_colour_pattern	line|lines|lined|stripes|streaked	20	PATO	revise_and_sense_split	striped	A colour pattern inhering in a bearer by virtue of the bearer having one or more elongated markings that differ in hue, lightness, or saturation from adjacent areas.	EVID:PLANTNET_IL	PATO:0001533		Create the orientation-neutral pattern only after a colour-pattern source is added; make PATO:0001946 banded its transverse-stripe subtype and remove the current unsafe exact synonym striped from banded.	provisional_definition_source_incomplete	PATO:0001946 defines only transverse stripes but treats striped as exact; PlantNET defines lineolate as fine or obscure lines without requiring colour.	Line, lined, and streaked can denote grooves, veins, ranks, margins, or text rather than colour. The proposed definition is not yet evidence-complete and must remain unaccepted.		
MAP-CAND:botanical_patches	patch|patches	7	PATO	sense_split	patchy spatial pattern			PATO:0001608		Use PATO:0001608 for a bearer diversified with patches; reject habitat/population patches and retain coloured-patch entity mentions until bearer and colour are bound.	existing_definition_and_corpus_senses_checked	PATO:0001608 already defines a spatial pattern marked by or consisting of patches.	Patch can name the marked region rather than a quality, and several flora uses concern vegetation or locality patches.		
MAP-CAND:botanical_mottling	mottling	1	PATO	map_existing	mottled			PATO:0002274		Normalize the colour-pattern use to PATO:0002274 while preserving the source noun as the evidence span.	existing_definition_and_corpus_sense_checked	PATO:0002274 defines multicoloured dappling with spots, patches, or blotches.	Do not use for non-colour material heterogeneity unless the different colours are stated or visually entailed.		
PATO-CAND:dissected	dissected	22	PATO	accept_proposal	dissected	A shape quality inhering in a bearer by virtue of the bearer being divided, at least partially, by incisions into visibly distinct segments.	EVID:PLANTNET_DE	PATO:0000052		Compare with PATO:0001979 lobed before fixing asserted parentage; dissected requires segment-forming divisions but the available glossary does not impose one universal incision-depth threshold.	definition_and_corpus_sense_supported	Pinned PATO has lobed and cleft but no dissected class; the Saudi uses describe leaves or leaf-like structures divided into segments.	Some floras reserve dissected for deep divisions and others use it broadly. The proposal deliberately avoids an invented fractional-depth boundary and should not be made equivalent to lobed.		
FLOPO-CAND:foliage	foliage	20	FLOPO	new_local_entity_and_phenotype_branch	foliage phenotype	A flora phenotype affecting the leaves borne by one plant or shoot system at a specified time, considered collectively.	EVID:RHS_FOLIAGE	FLOPO:0000000		Create a FLOPO-local support class foliage directly under PO:0025131 plant anatomical entity, not PO:0025497 collective plant structure, and place a new foliage phenotype branch under the proposed plant-material-aggregate phenotype branch. Require leaf members but do not require spatial adjacency or anatomical connectedness.	lexical_definition_verified_flopo_upper_model_required	PO:0009025 uses foliage leaf for one vascular leaf, whereas the surface foliage denotes a collection. PO:0025497 requires adjacent organs, so the distributed collection and its phenotype branch are intentionally developed inside FLOPO.	Foliage is temporally indexed and may be distributed across a whole plant or shoot. A generic has_part some leaf axiom is necessary but not sufficient, and a membership relation must be selected before an equivalence axiom is released.		
SURFACE-CAND:dwarf_habit	dwarf	17	PATO	sense_split	naturally small plant habit			PATO:0000587|PATO:0000969		Use decreased size only when a reference population is established; do not map naturally small or horticultural dwarf growth forms to PATO:0000969 dwarf-like, whose definition requires abnormal smallness.	full_corpus_concordance_checked	The Saudi occurrences describe naturally small herbs and shrubs; PATO:0000969 is explicitly abnormal and therefore not an exact lexical target.	Dwarf can denote a taxon, cultivar class, naturally low habit, pathological growth reduction, or relative size. Those senses require different assertions.		
FLOPO-PATTERN:plant_parasitism	parasite|parasitic|host|hosts	35	FLOPO	contextual_composition	plant parasitism phenotype	A phenotype in which a plant obtains resources through a parasitic relationship to an explicitly identified host organism.				Bind parasite and host as separate organisms and represent the ecological relation; assert a haustorium part only when the description or taxon evidence establishes one.	full_corpus_concordance_checked	PO contains haustorium but PO and PATO do not supply an atomic quality equivalent to being parasitic; the relation belongs in a contextual phenotype assertion.	Host can occur in habitat or taxonomic prose, and not every resource-parasitic interaction described at species level licenses an observed haustorium for the individual.		
FLOPO-PATTERN:botanical_structural_relations	arising|subtended|covering|bearing|origin	35	FLOPO	modeling_pattern	contextual botanical structural relation	A phenotype assertion that relates one explicitly identified plant structure to another by origin, support, coverage, production, or relative attachment.				Parse the complete predicate and both PO arguments before selecting develops_from, has_part, part_of, adjacent_to, or a more specific relation; do not normalize isolated participles as qualities.	full_corpus_concordance_checked	The corpus spans are fragments of relational constructions such as arising from, subtended by, covered with, and bearing structures.	The verbs are not interchangeable: a bract subtending a flower is not necessarily part of it, and a structure arising near another need not develop from it.		
NOISE:coral_substrate	coral	14	NONE	reject_as_noise						Reject corpus occurrences in coral-rock, coral-limestone, and fossil-coral habitat descriptions; retain any future explicitly chromatic coral-coloured construction for separate colour evidence.	full_corpus_concordance_checked	The inspected Saudi uses describe geological substrate rather than plant colour.	Coral is also a conventional colour name in other contexts, so this is a construction-specific rejection rather than a global lexical ban.		
MAP-CAND:whorled_arrangement	whorls	14	PATO	map_existing	whorled		EVID:PLANTNET_VZ	PATO:0001951		Normalize bearer-bound arrangements in one or more rings around an axis to PATO:0001951; keep the noun phrase and identified organ count in the phenotype assertion.	existing_definition_and_corpus_sense_checked	PATO:0001951 already represents the whorled arrangement quality and PlantNET defines a whorl as a ring of organs at one axis level.	A whorl is the group of organs while whorled is the arrangement quality; this lexical mapping must not erase the bearer or turn every ring-shaped object into a whorl.		
SURFACE-CAND:botanical_wings	wing|wings	15	PO	sense_split	botanical wing structures		EVID:PLANTNET_VZ			Resolve Fabaceae wing petals to their PO entity and fruit, seed, stem, petiole, or rachis flanges to the applicable organ part; use the PATO winged quality only when homology is unspecified.	distinct_homologies_and_corpus_senses_verified	PlantNET explicitly separates wing-petal and flange senses; PO already has wing petal, while the generic surface form does not determine which structure is present.	Collapsing all wings into one PO class would conflate non-homologous structures. The singular corpus use is also syntactically ambiguous.		
FLOPO-PATTERN:comparative_morphology	darker|larger|smaller|wider|largest|longer|flatter|narrowed|narrower|smallest|stouter|thickish|thinner	65	FLOPO	modeling_pattern	contextual comparative morphology phenotype	A phenotype assertion that compares a specified morphological attribute of a plant structure with an explicit or discourse-supplied reference.				Bind the PO bearer, PATO attribute, direction, and comparison target; retain modifiers such as -ish as uncertainty and do not coerce superlatives into absolute qualities.	full_corpus_concordance_checked	The isolated forms omit at least the attribute or reference required by PATO's increased/decreased values; several are local comparisons among organ parts.	Darker may concern colour lightness rather than saturation, wider is usually numeric or relational, and narrowed can describe shape change rather than decreased width.		
FLOPO-PATTERN:tuft_entity_context	tuft|tufts	13	FLOPO	sense_split	contextual tuft phenotype			PATO:0001629|FLOPO-CAND:caespitose_growth		Use the caespitose whole-plant proposal only for basal shoot clumps; otherwise bind the repeated entity and represent its clustered arrangement; never normalize the generic noun to PO:0020061 coma unless it is specifically a seed-micropyle trichome tuft.	full_corpus_concordance_checked	Saudi uses include tufts of hairs, anthers, or appendages as well as whole-plant clumping, so the noun is not an exact synonym of caespitose or of the seed-specific PO coma.	A tuft is a cluster configuration whose members and bearer must be stated; it is not itself a bearer-independent quality.		
PO-CAND:tree_crown	crown	11	PO	revise_and_sense_split	tree crown	The above-ground portion of a tree shoot system comprising the branches and foliage above the lowest principal branch.	EVID:FLORA_AUSTRALIA_TERMS	PO:0009006		Promote the current NARROW synonym tree crown on shoot system to an explicit subclass; map crown only when the tree architecture sense is established.	definition_and_synonym_status_supported	PO:0009006 has tree crown as a NARROW synonym but no corresponding subclass.	Corpus uses also describe floral crowns, open crown shapes, shoot branching sites, and host locations; those senses must not map to the tree-crown entity.		
MAP-CAND:plant_teeth	teeth	11	PO	sense_split	plant organ teeth			PO:0025515|PO:0025518		Use PO:0025518 for angular projections on a leaf margin and PO:0025515 for a phyllome-lamina tooth; keep non-laminar stem or fruit projections as separate shape/entity descriptions.	existing_definitions_and_corpus_senses_checked	PO already defines phyllome and leaf lamina teeth, including the plural exact synonym for leaf lamina teeth.	The corpus also calls succulent stem projections teeth. A surface-only mapping to leaf anatomy would therefore be wrong.		
FLOPO-PATTERN:developmental_change	aging|dying|developing|enlarging	19	FLOPO	modeling_pattern	contextual plant developmental change phenotype	A phenotype assertion that relates a specified plant structure or whole plant to a developmental stage or directional change over time.				Bind the bearer and stage or process; map enlarging to increased size only when the changing attribute is size and retain senescence, death, and development as processes or stages rather than static atomic qualities.	full_corpus_concordance_checked	These participles occur in temporal descriptions of flowers, fruits, leaves, or plants and do not identify a complete quality by themselves.	Colour changes while aging and organ death require the changed attribute and time relation; treating aging itself as a quality would lose that structure.		
PATO-CAND:nodding	nodding	10	PATO	revise_proposal	nodding	A shape and orientation quality inhering in a bearer by virtue of its distal portion being curved or bent downward from a more upright supporting axis.	EVID:UPOV_TGP14	PATO:0002165		First revise the malformed definition of PATO:0002165 drooping, then consider nodding as its distal-portion subtype; do not equate it with PATO:0104035 pendent, which describes a more fully downward-hanging orientation.	partial_definition_support_boundary_requires_review	PATO:0002165 currently says only 'To bent or hang downwards'; UPOV operationally distinguishes drooping and pendent but does not itself define nodding.	The cited source supports the parent contrast, not the complete nodding differentia. This row is deliberately not an accept proposal until a botanical glossary definition is pinned.		
PATO-CAND:persistent_organ	persistent	9	PATO	revise_existing	persistent	A disposition inhering in a plant structure by virtue of the structure remaining attached to its bearer beyond the developmental stage at which structures of that type ordinarily detach.	EVID:PLANTNET_P|EVID:FLORA_AUSTRALIA_TERMS	PATO:0001729		Revise PATO:0001732, whose current label and definition incorrectly require a plant to shed no body part, into a generic persistent-organ counterpart of PATO:0001730; preserve evergreen plant separately as PATO:0001733.	definition_and_existing_model_problem_verified	PATO has generic deciduous, deciduous plant, non-deciduous any body part, and evergreen plant, but no correctly defined generic persistent organ quality.	Persistence is relative to organ type and developmental stage: persistent sepals do not imply an evergreen plant or a plant that sheds no parts.		
MAP-CAND:plant_sap	sap	9	PO	map_existing	plant sap			PO:0025538		Normalize aqueous transported plant sap to PO:0025538; retain resin, gum, latex, and generic exudate as distinct substances.	existing_definition_and_corpus_sense_checked	PO:0025538 is current and explicitly warns that plant sap is not latex, resin, or cytoplasm.	Flora prose can use sap loosely for exudates; nearby descriptors such as milky do not prove that the substance satisfies PO's transport definition.		
FLOPO-PATTERN:spicy_odor	spicy	9	FLOPO	contextual_composition	spicy-scent description	A botanical odor description in which an odor is characterized by resemblance to familiar pungent spices.				Map the presence of odor to PATO:0001331 and retain spicy as an unresolved odor-character modifier until a controlled odor vocabulary supplies an operational prototype.	full_corpus_concordance_checked	The Saudi uses concern scent rather than taste; pinned PATO has odorous but no defined spicy-odor value.	Spicy is prototype-based and culture-dependent, and it must not be inferred as a taste, chemical composition, pleasantness, or odor intensity.		
FLOPO-PATTERN:aquatic_position	aquatic|submerged|floating	16	FLOPO	contextual_composition	aquatic whole-plant phenotype	A whole-plant ecological phenotype in which the plant grows in water, with its relevant structures submerged below or floating at the water surface as explicitly stated.	EVID:FLORA_AUSTRALIA_TERMS	FLOPO:0900043		Represent aquatic ecology separately from the relational positions submerged and floating; bind the water body and the plant structure whose position is described.	definition_and_corpus_senses_supported	Released FLOPO has a whole-plant ecology branch but no reviewed atomic PATO quality that captures the organism-water relation.	Aquatic does not entail that every plant part is submerged, and floating can describe detached organs or buoyancy rather than a whole-plant life form.		
PATO-CAND:clasping	clasping	8	PATO	accept_proposal	clasping	A relational positional quality inhering in a plant structure by virtue of the structure at least partially enclosing an axis to which it is attached.	EVID:NYBG_CLASPING|EVID:PLANTNET_C	PATO:0000140		Add amplexicaul only as a narrow synonym for the stem-clasping botanical use; do not place clasping under PATO:0001772 surrounding, whose definition requires extension on all sides simultaneously.	definition_and_boundary_verified	Pinned PATO has surrounding/encircling but no quality for partial enclosure by an attached plant part.	Clasping usually concerns a leaf base around a stem, but the quality is bearer-independent only if the enclosed axis remains an explicit relational argument.		
PATO-CAND:mealy_surface	mealy	8	PATO	accept_proposal	mealy	A surface texture quality inhering in a bearer by virtue of the bearer being covered with a coarse, flour-like powder.	EVID:PLANTNET_MO|EVID:PLANTNET_FH|EVID:FLORA_AUSTRALIA_TERMS	PATO:0000150		Add farinose and farinaceous as related or exact synonyms only after confirming whether their finer powder boundary overlaps mealy; represent the powder material separately when known.	definition_and_surface_sense_supported	Pinned PATO has texture and coating but no mealy/farinose botanical surface value.	PlantNET distinguishes coarse mealy powder from fine farina, so treating mealy and farinose as exact may erase a granularity distinction used by some floras.		
MAP-CAND:united_fused	united	7	PATO	map_existing	fused with		EVID:PLANTNET_TU	PATO:0000642		Map fused-together plant parts to the relational quality PATO:0000642 with both entities bound; do not treat united as a monadic structural value.	existing_definition_and_corpus_sense_checked	PlantNET defines united as fused together and PATO:0000642 already represents fused with another entity.	United can mean politically or collectively joined in ordinary prose, and the relation requires a second anatomical argument.		
MAP-CAND:alternate_arrangement	alternate	6	PATO	map_existing	alternate placement			PATO:0001932		Normalize bearer-bound alternate organ arrangements to PATO:0001932 and retain the repeated organ type and axis.	existing_definition_and_corpus_sense_checked	PATO:0001932 defines elements placed alternately one above another.	Alternate may also express a logical alternative or alternating developmental state; surface matching alone is insufficient.		
FLOPO-PATTERN:palmate_context	palmately	6	FLOPO	sense_split	palmate plant-structure phenotype		EVID:PLANTNET_P	PO:0020046		Use PO:0020046 only for a once-compound palmate leaf; otherwise bind PATO shape or venation topology for palmately lobed, divided, or veined structures.	distinct_botanical_senses_verified	PlantNET separates palmate leaf shape/division and venation uses; PO:0020046 has a narrower compound-leaf definition.	An adverb modifying venation or lobing cannot be normalized to the palmate-leaf anatomical class.		
SURFACE-CAND:papillae	papillae	6	PO	revise_and_sense_split	plant papilla structures	A small nipple-like projection produced by or forming part of a plant epidermal cell or surface.		PO:0009011		Do not revive obsolete PO:0002001. Map an explicitly cellular bearer to PO:0025166 or its leaf/stigma subclasses; send subcellular papillae to GO and leave multicellular corolla-surface projections unresolved.	current_obsolescence_and_corpus_gap_verified	PO:0002001 papillae is obsolete because its stigma-cell sense was redirected to GO, while PO retains papilla cell classes.	Saudi corolla papillae may be multicellular surface projections, so neither a papilla cell nor a GO subcellular component is safe without histological context; the provisional definition lacks sufficient evidence.		
FLOPO-PATTERN:rolled_plant_part	rolled	6	FLOPO	sense_split	rolled plant-part phenotype			PATO:0001910|PATO:0001962|PATO:0001963		Map inward-rolled margins to involute, backward/outward-rolled margins to revolute, and layered folds to folded only after direction and bearer are recovered.	existing_directional_qualities_and_corpus_senses_checked	PATO already distinguishes folded, involute, and revolute; isolated rolled does not select among them.	Rolled petals, leaf margins, and whole laminas differ in geometry, and a rolled organ is not necessarily curled spirally on both sides.		
FLOPO-PATTERN:sex_distribution	separate|unisexual	9	FLOPO	contextual_composition	plant reproductive-sex distribution phenotype	A phenotype describing the distribution of staminate and pistillate reproductive structures within or among flowers, individuals, or populations.	EVID:PLANTNET_TU			Bind the level of organization before using PO staminate/pistillate flower classes or modeling monoecious, dioecious, and unisexual conditions; do not equate separate with unfused.	definition_and_polysemy_verified	PlantNET defines unisexual at the reproductive-organ level, while corpus phrases such as sexes separate may concern flowers or different plants.	Separate also means physically distinct or unfused in morphology; the isolated token cannot determine reproductive semantics.		
MAP-CAND:lax_loose	lax	5	PATO	map_existing	loose		EVID:PLANTNET_IL	PATO:0001802		Add lax as an exact botanical synonym of PATO:0001802 for non-compact arrangements.	definition_and_corpus_sense_supported	PlantNET defines lax as loose or not compact, matching PATO:0001802.	Lax can describe posture or physiological tone outside botany; accept only the botanical arrangement sense.		
FLOPO-PATTERN:creeping_trailing_sprawling	creeping|trailing|sprawling|rooting|rooted	32	FLOPO	revise_and_sense_split	ground-oriented whole-plant growth phenotype	A whole-plant growth phenotype in which shoot axes extend along or close to the ground, with rooting at nodes represented separately when it occurs.	EVID:PLANTNET_P|EVID:PLANTNET_S|EVID:FLORA_AUSTRALIA_TERMS	FLOPO:0900032		Use PATO:0002389 procumbent only for horizontal growth without rooting; distinguish stoloniferous/rooting axes, unsupported trailing axes, and broadly spreading architecture rather than declaring them exact synonyms.	definitions_and_corpus_polysemy_verified	The glossaries distinguish procumbent from stolons that root at nodes; released FLOPO lacks evidence-backed definitions for several growth-form labels.	Creeping can imply rooting in some sources but merely low horizontal growth in others, and rooted alone can describe an individual specimen rather than a growth form.		
FLOPO-PATTERN:spatial_relation_fragments	enclosed|buried|embedded|hidden|included|protected|underground|visible|extended|pointing|horizontally|descending|close|wedged	41	FLOPO	modeling_pattern	contextual plant spatial-relation phenotype	A phenotype assertion that locates or orients a specified plant structure relative to another structure, medium, surface, or coordinate frame.				Recover both relata and direction before selecting a PATO relation; reject habitat uses such as protected desert or road descending, and distinguish occlusion, enclosure, insertion, burial, and below-ground location.	full_corpus_concordance_checked	The isolated words are incomplete relational predicates, with corpus uses spanning fruits enclosed by calyces, seeds embedded in flesh, organs hidden by petals, structures buried in wool or sand, and locality prose.	Enclosed does not entail fused or contained as a proper part, visible/hidden depend on an observer and occluder, and underground applies to the relevant organ rather than automatically to the whole plant.		
FLOPO-PATTERN:segmented_jointed_structures	segments|jointed|joints|division|splitting	15	FLOPO	modeling_pattern	contextual plant segmentation phenotype	A phenotype assertion in which a specified plant structure is divided into, composed of, or separates into discrete connected or disconnected portions.				Bind the bearer and resulting parts, and distinguish pre-existing articulations from developmental or dehiscence processes; do not coin one PO segment class spanning stems, fruits, leaves, and inflorescences.	full_corpus_concordance_checked	Saudi uses include succulent shoot segments, jointed stems, fruit segments, joints, and fruits splitting at maturity.	Segments in different organs are not necessarily homologous, and splitting is a process rather than evidence that every resulting portion is a stable anatomical class.		
SURFACE-CAND:plant_structure_surface	surface	9	PO	revise_and_sense_split	plant structure surface	A boundary region of a plant structure at which that structure is externally exposed or contacts another material entity.		PO:0009011		Evaluate whether PO should import or define a generic anatomical-surface boundary; meanwhile bind surface-of to the stated organ and reject water-surface uses.	corpus_senses_verified_definition_and_upper_ontology_review_required	PO has epidermis and organ-specific structures but no generic surface class in the pinned release.	A mathematical/anatomical boundary is not automatically a material plant structure, and the corpus also uses surface of water. The proposed category and parent therefore need upper-ontology review.		
SURFACE-CAND:plant_structure_tip	tip	9	PO	sense_split	plant structure tip		EVID:NYBG_APEX	PO-CAND:plant_structure_apex		Map a terminal point or very small terminal region only after the bearer is known; do not make tip an exact synonym of apex, which can denote an extended distal region.	definition_boundary_and_corpus_senses_checked	PO has several organ-specific tip and apex classes but no safe unrestricted target for the surface word.	Tips of leaves, fruits, spines, flower stems, and corolla lobes need different bearer-bound entities, and some occurrences participate in leaf-tip tendril constructions.		
SURFACE-CAND:degree_frequency_modifiers	fine|extreme|intermediate|rare|fresh	17	NONE	sense_split	contextual modifiers					Retain fine with its modified hair, line, or texture; treat extreme and rare as degree/frequency evidence; reject taxonomic intermediate form, locality extreme edge, and fresh-water uses outside an individual phenotype.	full_corpus_concordance_checked	These words either modify another phenotype component or belong to population, taxonomy, or habitat prose.	Fine can mean small diameter, narrow marking, or high granularity, while rare is population frequency rather than an organism quality.		
FLOPO-PATTERN:hair_like_resemblance	hair like	6	FLOPO	contextual_composition	hair-like botanical structure phenotype	A phenotype in which a specified plant structure resembles a hair in being slender and elongated without thereby being identified as a trichome.				Use PO:0000282 trichome only when developmental or anatomical context establishes a trichome; otherwise retain resemblance and bind the actual bract, scale, or other structure.	full_corpus_concordance_checked	Saudi uses include hair-like bracts and scales, not only true hairs.	Shape resemblance does not establish homology, epidermal origin, or the unicellular/multicellular criteria in PO's trichome definition.		
FLOPO-PATTERN:floral_hood	hood	6	FLOPO	contextual_composition	hooded floral-region phenotype	A phenotype in which a specified floral organ or group of floral organs forms a concave covering region resembling a hood.				Model the hood-like shape on the explicitly identified petal, sepal, lip, or fused floral region rather than minting one PO hood entity across non-homologous structures.	full_corpus_concordance_checked	The corpus places a hood in different flowers and sometimes uses quotation marks, indicating a descriptive region rather than a stable homology.	A hood can be formed by one petal or several fused organs; the word alone does not identify the bearer or developmental origin.		
MAP-CAND:shoot_axis_nodes	nodes	6	PO	map_existing	shoot axis node			PO:0005004|PO:0020141		Use PO:0020141 when the node is explicitly part of a stem and the broader PO:0005004 otherwise.	existing_definitions_and_corpus_senses_checked	PO already defines shoot axis node and stem node; Saudi uses concern rooting, hairs, flowers, or swelling at stem nodes.	Node is used in other graph and anatomical domains, so the botanical shoot-axis bearer remains necessary.		
FLOPO-PATTERN:prototype_shape_descriptions	spire shaped|flat topped|budlike|spike like|star|stars|pea like|pitcher shaped|umbrella shaped|squat	22	FLOPO	modeling_pattern	prototype-based botanical shape phenotype	A phenotype in which the shape of a specified plant structure is described by resemblance to a named prototype or by a relative compactness profile.				Retrieve an existing PATO shape only when its operational geometry matches; otherwise preserve the prototype phrase and bearer instead of adding one PATO class for every everyday-object comparison.	full_corpus_concordance_checked	The terms describe whole-plant habit, flowers, fruits, heads, calyces, or stems by analogy and currently lack uniformly sourced operational boundaries.	Prototype resemblance is not homology, and squat is a relative height-to-width judgment requiring a reference; no class in this row is proposed for automatic acceptance.		
NOISE:built_or_geological_substrate	wall|walls|bay|stone|stock	14	NONE	reject_as_noise						Reject retaining-wall, rock-wall, bay, stone, and livestock-stock habitat or narrative uses from individual phenotype extraction.	full_corpus_concordance_checked	The inspected occurrences are localities, substrates, water bodies, or grazing narrative.	Stone can describe a fruit endocarp and stock can describe plant material in other corpora, so this rejection is limited to the verified Saudi constructions.		
SURFACE-CAND:hanging_context	hanging	5	PATO	sense_split	hanging orientation			PATO:0104035|PATO:0002165		Use pendent for an organ hanging downward and drooping for a bent-downward form only when the plant bearer is explicit; reject locality phrases such as hanging valley.	full_corpus_concordance_checked	Most Saudi occurrences are habitat/locality prose; one describes hanging roots.	The surface form does not distinguish suspension, curvature, or a geographical overhang.		
SURFACE-CAND:compound_context	compound	4	PO	sense_split	compound plant structure			PO:0020043		Map compound leaf only when leaf is the bearer; retain compound inflorescence, fruit, and ordinary compositional uses separately.	full_corpus_concordance_checked	PO:0020043 defines compound leaf, and several Saudi uses explicitly modify leaves.	Compound is a structural operator, not an unrestricted synonym of compound leaf.		
SURFACE-CAND:crest_context	crest	4	FLOPO	sense_split	crest-like plant feature			PATO:0002358		Use a ridged or raised plant-feature phenotype only when a plant bearer is explicit; reject dune and rocky-spur crest localities.	full_corpus_concordance_checked	The Saudi occurrences are predominantly topographic.	A crest can be an anatomical outgrowth, an inflorescence shape, or the top of a landform; the isolated noun is not a safe ontology class.		
PO-CAND:floret	florets	4	PO	revise_proposal	floret	A flower that is one of multiple small flowers composing a compact inflorescence or spikelet.		PO:0009046	PO:0009049	Promote a generic floret subclass only after a botanical definition is pinned; retain PO's existing spikelet-floret descendants and do not classify a solitary small flower as a floret solely by size.	corpus_sense_verified_definition_source_required	PO has taxon- and spikelet-specific floret classes but no generic class matching Asteraceae ray-floret use.	The provisional definition combines size and inflorescence membership; different botanical traditions may use floret outside compact inflorescences, so this is not ready for acceptance.		
NOISE:habit_discourse	habit	4	NONE	reject_as_noise						Reject phrases saying that habit is variable or differs; extract the separately stated growth-form descriptors instead.	full_corpus_concordance_checked	The occurrences are metalinguistic references to overall growth form rather than values such as erect, lax, or bushy.	Habit is a legitimate phenotype category, but the category word alone does not assert a value.		
FLOPO-PATTERN:horn_and_hook_projections	horn|horns|horned|hooks	8	FLOPO	contextual_composition	horn- or hook-like projection phenotype	A phenotype in which a specified plant structure bears or terminates in a curved, pointed, or elongated projection described as a horn or hook.				Bind the projection and bearer; use PATO:0002215 falciform only for genuinely sickle-shaped curvature and do not infer a PO spine, prickle, or horn homology from the nickname.	full_corpus_concordance_checked	Saudi uses include fruit horns, cyathium horns, leaf-base horns, and adhesive fruit hooks.	PATO currently treats hooked as exactly falciform, but a small attachment hook need not have a full sickle shape, and horn-shaped projections are not homologous across organs.		
FLOPO-PATTERN:naked_plant_part	naked	4	FLOPO	contextual_composition	naked plant-part phenotype	A phenotype in which a specified plant structure lacks the leaves, hairs, bracts, covering, or other structures normally expected in the stated context.				Represent absence of the explicitly recoverable covering or appendage; do not map naked globally to leafless or glabrous.	full_corpus_concordance_checked	Corpus uses include naked stems and naked parasitic stems, with different omitted structures.	The word is elliptical and reference-dependent; a naked stem can be leafless while still hairy, and a naked flower can lack a perianth rather than leaves.		
MAP-CAND:nonaromatic_odorless	nonaromatic	4	PATO	map_existing	odorless			PATO:0001208		Normalize the flora smell sense to PATO:0001208 odorless; never use PATO:0002192 non-aromatic, which is a molecular ring-structure quality.	existing_definition_and_homonym_hazard_checked	The corpus contrasts aromatic and nonaromatic plants by smell, while PATO:0001208 represents lacking odor.	A specimen described as nonaromatic may still have a non-aromatic-category odor; curator review should decide whether the flora author means fully odorless or merely lacking a notable aroma.		
PATO-CAND:oily_surface	oily	4	PATO	revise_proposal	oily	A surface quality inhering in a bearer by virtue of the bearer having a perceptibly oil-like liquid or greasy coating.		PATO:0002012		Add only after evidence distinguishes an actual oil coating from glossy appearance, glandular secretion, and tactile greasiness.	full_corpus_concordance_checked_definition_source_required	Saudi uses describe oily glandular foliage or a plant oily to touch; PATO has generic liquid coating but no reviewed oily subtype.	The description does not establish chemical composition as oil, and the provisional definition lacks a pinned botanical or material-science boundary.		
FLOPO-PATTERN:spacing_density	spaced|packed	6	FLOPO	sense_split	contextual spacing phenotype			PATO:0000619|PATO:0000633|PATO:0001485		Map tightly packed structures to crowded or condensed and widely spaced structures to uncrowded only with the repeated entity and bearer bound.	full_corpus_concordance_and_existing_targets_checked	PATO distinguishes crowded, uncrowded, and condensed, while Saudi phrases supply degree modifiers such as widely and tightly.	Physical mass density is not asserted, and packed may describe enclosure rather than a regular spatial pattern.		
FLOPO-CAND:stinging_trichome	stinging	4	FLOPO	new_compositional_phenotype	stinging trichome phenotype	A trichome phenotype in which the trichome has the disposition to deliver an irritating portion of plant substance to an animal upon contact or breakage.	EVID:PLANTNET_S	FLOPO:0000355		Create a FLOPO-local stinging disposition under PATO:0001727 and compose it with PO:0000282 trichome; add stinging hair as an exact synonym of the phenotype. Do not classify the trichome under PO:0004509 glandular trichome or universally assert a lumen without additional evidence.	definition_bearer_and_disposition_supported	PO supplies the anatomical bearer and FLOPO:0000355 supplies its phenotype branch, but the corpus needs the bearer-plus-disposition phenotype rather than a new PO anatomical kind.	PlantNET describes a hollow hair seated on a secreting gland. This supports the delivery disposition and trichome bearer, but it does not show that every stinging trichome satisfies PO's glandular-trichome differentia.		
PATO-CAND:wiry	wiry	4	PATO	revise_proposal	wiry	A structural quality inhering in a slender bearer by virtue of the bearer being tough and capable of bending without readily breaking.		PATO:0001544		Seek a botanical glossary definition and compare with flexible, tough, slender, and filiform before acceptance.	full_corpus_concordance_checked_definition_source_required	All Saudi uses describe slender black fern stems; PATO has flexible but no evidence-backed wiry composite.	Wiry jointly conveys diameter, toughness, and flexibility, so it may be better modeled compositionally than as one atomic PATO quality.		
FLOPO-PATTERN:woolly_material_context	wool	4	FLOPO	sense_split	wool-like indumentum phenotype			PATO-CAND:lanate		Map quoted botanical wool to lanate only when it denotes a covering of long tangled trichomes; otherwise retain the actual hair cluster or fibrous material.	full_corpus_concordance_checked	The descriptions use wool metaphorically for masses of white hairs around flowers or fruits.	A noun naming accumulated hairs is not automatically the same as the bearer's lanate pilosity quality, and some woolly masses may be short, dense, or papery rather than lanate.		
SURFACE-CAND:floral_annulus	annulus	3	PO	revise_and_sense_split	floral annulus	A ring-shaped plant structure or region surrounding another floral structure.		PO:0009011		Do not map to PO growth ring; bind the corolla or corona bearer and determine whether the annulus is a ridge, hair ring, disc, or other tissue before proposing an anatomical subclass.	full_corpus_concordance_checked_definition_and_homology_required	Saudi uses include a raised ring encircling a corona and a hairy corolla annulus; PO has no generic floral-annulus class.	The two structures need not be homologous or even the same material category, so the provisional label is a surface grouping rather than an accept proposal.		
FLOPO-PATTERN:arrangement_predicate	arranged	3	FLOPO	modeling_pattern	contextual botanical arrangement phenotype	A phenotype assertion specifying the spatial organization of repeated plant structures relative to an axis, level, side, or one another.				Parse the complete construction before selecting alternate, whorled, opposite, spiral, paired, ranked, or clustered pattern values.	full_corpus_concordance_checked	The verb introduces an arrangement but does not itself state which arrangement applies.	Normalizing arranged as a quality would discard the actual pattern expressed later in the sentence.		
PATO-CAND:chaffy	chaffy	3	PATO	revise_proposal	chaffy	A texture and composition quality inhering in a plant structure by virtue of the bearer being thin, dry, and membranous like a chaff scale or bract.	EVID:PLANTNET_FH|EVID:PLANTNET_C	PATO:0000150		Compare with scarious and membranous terminology and decide whether resemblance to chaff should remain a FLOPO composition rather than one atomic PATO quality.	definition_components_supported_atomicity_requires_review	PlantNET defines chaff as membranous scales or bracts and glumaceous as chaffy or membranous; the Saudi bearer is a bract.	The sources do not state that every chaffy structure is simultaneously thin, dry, and membranous, so this composed differentia is not yet an accept proposal.		
SURFACE-CAND:cone_context	cone|cones|female cones|male cones	6	PO	sense_split	botanical cone structures			PO:0025083|PO:0005031|PO:0005032		Use strobilus only when reproductive sporophyll or ovule-bearing anatomy is established; map male cone to microsporangiate strobilus and female cone to megasporangiate strobilus only in the applicable botanical sense.	existing_classes_and_related_synonyms_checked	PO carries cone as a related term for strobilus and male/female cone as related synonyms on the two sexed strobilus classes.	Saudi cone-shaped bodies and quoted cones sometimes merely describe clustered bracts or fruits, so the related scope is justified and must not be promoted by string alone.		
MAP-CAND:curving_curved	curving	3	PATO	map_existing	curved			PATO:0000406		Normalize a smoothly bending plant organ to curved while preserving directional modifiers such as upward or backward.	existing_definition_and_corpus_sense_checked	PATO:0000406 defines a curve or smoothly rounded bend.	Curving can describe an ongoing change rather than a static form, and direction must remain in the phenotype assertion.		
MAP-CAND:deciduous_evergreen	deciduous|evergreen	4	PATO	sense_split	plant shedability qualities		EVID:PLANTNET_DE|EVID:RHS_FOLIAGE	PATO:0001730|PATO:0001731|PATO:0001733		Use plant deciduous PATO:0001731 for whole-plant foliage shedding, generic deciduous PATO:0001730 for a stated organ, and evergreen plant PATO:0001733 for foliage retention.	existing_definitions_and_bearer_senses_checked	Pinned PATO distinguishes generic and plant deciduous from evergreen plant; the glossaries support the botanical meanings.	A deciduous flower spike is not a deciduous plant, and evergreen does not mean that no organ is ever shed.		
SURFACE-CAND:fringe_context	fringe	3	PATO	sense_split	fringed margin			PATO:0001989		Use the existing fringed quality only for a bearer with a border of hair-like or finger-like projections; reject village-fringe and field-fringe locality uses.	full_corpus_concordance_and_existing_target_checked	PATO:0001989 is the candidate used by the existing fringed proposal, while the Saudi noun occurs in both anatomy and locality prose.	The noun can name the border itself rather than the bearer's quality, so entity-to-quality coercion requires a bearer.		
PATO-CAND:gnarled	gnarled	3	PATO	revise_proposal	gnarled	A shape quality inhering in a woody bearer by virtue of the bearer having an irregular, twisted form with conspicuous knots or contortions.		PATO:0000052		Find a dendrological definition that separates gnarled shape from rough bark, branching complexity, and age before acceptance.	full_corpus_concordance_checked_definition_source_required	All Saudi occurrences describe old-looking tree trunks or whole trees; pinned PATO has no gnarled value.	The provisional definition combines independent form and surface features and may be taxon- or age-dependent.		
SURFACE-CAND:unstandardized_botanical_colours	gold|golden|lemon|mahogany|salmon|chestnut|chocolate|olive|rose|straw	28	PATO	revise_and_split	source-qualified botanical colour values	A curation group for botanical colour descriptors whose individual members are recognized against a named physical chip, Munsell notation, or botanical exemplar specified by a cited standard.	EVID:SACCARDO_CHROMOTAXIA|EVID:RIDGWAY_1912|EVID:UPOV_RHS_COLOUR_NAMES	PATO:0000014		Split the group using curation/botanical_colour_prototypes.tsv. Source-qualified lemon-yellow, mahogany-red, salmon, chocolate-brown, and straw-yellow can receive operational proposals; chestnut, olive, and rose require sense/source splits; golden and silvery include lustre and remain FLOPO appearance compositions unless a pure colour standard is explicit.	physical_and_botanical_prototypes_found_source_scope_requires_review	Saccardo supplies botanical exemplars and plates; Ridgway supplies named chips with Hamly Munsell approximations; RHS/UPOV demonstrates the modern chip-based method. The Saudi flora does not declare that it used any of these standards.	A prototype defines the standard-qualified concept, not every unqualified occurrence. Olive and rose are often resemblance or taxonomic prose, natural-object exemplars vary, historical plates age, and Hamly advises using its conversion for legacy interpretation rather than new observations.		
MAP-CAND:main_stem	main stem	3	PO	map_existing	stem			PO:0009047		Normalize the primary-axis sense to PO:0009047, whose definition already states that a stem is the primary axis of a plant.	existing_definition_and_corpus_sense_checked	PO:0009047 makes main stem lexically redundant in the observed sense.	Some plants have multiple co-dominant stems; use the mapping only where the description identifies the primary axis.		
PATO-CAND:plicate	pleated	3	PATO	accept_proposal	plicate	A folded quality inhering in a bearer by virtue of the bearer being folded back and forth longitudinally like a fan.	EVID:PLANTNET_P|EVID:FLORA_AUSTRALIA_TERMS	PATO:0001910		Add pleated only as a related synonym because ordinary pleating need not be longitudinal; preserve the repeated longitudinal-fold differentia relative to generic folded.	definition_and_corpus_sense_supported	Pinned PATO has folded but no plicate subtype; both pinned glossaries give the longitudinal-fold criterion.	A single longitudinal fold is not necessarily plicate if it does not alternate back and forth; the Flora of Australia wording supplies that stricter boundary.		
FLOPO-PATTERN:botanical_spine_context	spine|soft spines|stout spines|spine tipped|spineless	8	FLOPO	sense_split	contextual botanical spine phenotype			PATO:0001365		Bind the PO spine entity when homology is known; otherwise use the broad spiny quality and model spineless as qualified absence, retaining soft, stout, and tipped modifiers on the actual spine or bearer.	full_corpus_concordance_checked	The corpus includes leaf, stipular, stem, and succulent armature plus absence and modifier phrases.	Botanical spines have different developmental origins, and PATO spiny does not identify which organ bears them.		
SURFACE-CAND:capitate_context	capitate	2	FLOPO	sense_split	capitate botanical phenotype		EVID:PLANTNET_C|EVID:FLORA_AUSTRALIA_TERMS			Use compact clustered-flower composition for an inflorescence, globose shape for a stigma, and rounded-apical-cell shape for a hair; do not coin one atomic value spanning all three.	distinct_glossary_senses_and_corpus_context_checked	The official glossaries explicitly define separate inflorescence, stigma, and hair senses.	The Saudi occurrences modify flower heads and do not justify a universal head-shaped quality on every bearer called capitate.		
FLOPO-PATTERN:surface_discontinuities	crack|cracks|depression|hole|fissured|fissured bark	9	FLOPO	sense_split	contextual plant surface-discontinuity phenotype	A phenotype in which a specified plant surface contains an opening, groove, fissure, or depressed region of stated shape and depth.				Bind the plant bearer and select a PATO concavity, groove, or fissure only when the occurrence is anatomical; reject rock cracks, sand depressions, water-holes, and volcanic blow-holes.	full_corpus_concordance_checked	Most singular crack, depression, and hole uses are habitat prose, while fissured bark and one trunk crack are genuine plant morphology.	These features differ topologically and quantitatively, so the grouping is an extraction decision, not a proposed common ontology class.		
MAP-CAND:crinkled_crisped	crinkled|crisped	3	PATO	sense_split	curled or wrinkled plant surface		EVID:FLORA_AUSTRALIA_TERMS	PATO:0000405|PATO:0001810		Map crisped to curled in the pinned glossary sense and crinkled leaves to wrinkled only when their creases, rather than marginal curl, are described.	glossary_definition_and_corpus_senses_checked	Flora of Australia defines crisped as curled; PATO already has curled and wrinkled.	Crinkled may combine small folds, wrinkles, and curl, so an unrestricted exact synonym of wrinkled is not proposed.		
MAP-CAND:basic_shape_variants	elongate|tapering|bifurcate|dome shaped	6	PATO	sense_split	existing basic shape values			PATO:0001154|PATO:0001500|PATO:0001784|PATO:0001789		Map elongate to elongated, tapering to tapered, bifurcate to bifurcated, and dome shaped to domed after recovering the bearer.	existing_definitions_and_corpus_senses_checked	Pinned PATO contains all four candidate values.	Morphological inflection is safe only after word sense, and bifurcate appears in an OCR-damaged phrase whose bearer must be recovered.		
FLOPO-PATTERN:petaloid_composition	petaloid	2	FLOPO	contextual_composition	petaloid plant-structure phenotype	A phenotype in which a non-petal plant structure resembles a petal by having soft texture and conspicuous colour.	EVID:FLORA_AUSTRALIA_TERMS			Compose texture and an explicitly stated or prototype-backed colour on the identified PO bearer; do not create one atomic PATO class or identify the bearer as a petal.	definition_and_corpus_sense_supported	The glossary defines petaloid through both texture and colour; the Saudi bearer is a sepal or appendage.	Petal resemblance does not establish homology, and conspicuous colour still needs its actual value when available.		
FLOPO-PATTERN:cross_section_and_lip_shape	triangular in cross section|cross section|two lipped	4	FLOPO	contextual_composition	contextual section or bilabiate shape phenotype	A phenotype describing either the shape of a specified transverse section or a floral structure divided into two lip-like regions.	EVID:FLORA_AUSTRALIA_TERMS			Compose triangular cross section with PATO:0001875 on the section, and model bilabiate/two-lipped corollas only after the fused anterior and posterior organ groups are identified.	definition_components_and_corpus_senses_checked	PATO has triangular, while Flora of Australia defines bilabiate through two fused groups of corolla parts.	The cross section is a fiat/reference region rather than automatically a PO organ, and two-lipped morphology can be formed by different floral organs.		
FLOPO-PATTERN:apomixis_narrative	apomictic|reproduction|fusion	3	FLOPO	contextual_composition	apomictic reproduction phenotype	A reproductive phenotype in which seed is formed without sexual fusion of gametes.				Link the applicable plant reproductive process to the whole plant or taxon and retain the source's explanatory statement; do not normalize reproduction or fusion in isolation as PATO structural qualities.	corpus_definition_verified_external_source_required	The Saudi text itself explicitly defines apomictic in these terms, but no independent scientific source is yet pinned for an ontology proposal.	Apomixis has multiple developmental mechanisms, and this occurrence is family-level narrative rather than a direct observation of one specimen.		
SURFACE-CAND:plant_appendage	appendage	1	PO	revise_and_sense_split	plant appendage	A plant structure that projects from or is attached to a larger plant structure.		PO:0009011		Do not add a generic class until PO curators decide whether it has a coherent anatomical differentia; map the corpus petaloid appendage to its actual cyathium structure when recoverable.	corpus_sense_checked_definition_too_broad	PO definitions use the ordinary word appendage but the pinned ontology has no generic plant-appendage class.	The provisional definition is merely relational and groups non-homologous organs and organ parts, so it is not ready for acceptance.		
FLOPO-CAND:arborescent_growth	arborescent	1	FLOPO	new_compositional_phenotype	whole plant arborescent phenotype	A whole-plant growth phenotype in which a non-tree plant or shrub develops a tree-like stature or architecture.	EVID:FLORA_AUSTRALIA_TERMS	FLOPO:0900032		Represent resemblance to the tree growth form without inferring that the bearer is a tree anatomical entity.	definition_and_corpus_sense_supported	Flora of Australia explicitly applies arborescent to non-woody plants attaining tree height and shrubs tending toward tree-like size.	Tree-like is still a prototype comparison and may concern height, a single main stem, or crown architecture; the source supports the broad growth phenotype, not all of those components universally.		
NOISE:ocr_fragments	ate|lowers|tri|pores|discolor	5	NONE	reject_as_noise						Reject the verified OCR/tokenization fragments: lowers is flowers missing its initial letter, tri is part of tri-lobed, ate occurs in corrupt text, pores is stray page noise, and discolor is a taxon epithet.	full_corpus_concordance_checked	None of these isolated spans is a phenotype value in the source context.	The correctly spelled complete words can be meaningful elsewhere; rejection applies only to the verified spans and should feed OCR repair rules.		
FLOPO-CAND:bifoliolate_leaf	bifoliolate	1	FLOPO	new_compositional_phenotype	bifoliolate leaf phenotype	A leaf phenotype in which the bearer is a compound leaf with exactly two leaflets.	EVID:FLORA_AUSTRALIA_TERMS	FLOPO:0000004		Place under leaf phenotype and the proposed composition/cardinality facet, assert has_part exactly 2 PO:0020049, and associate it with a FLOPO-local bifoliolate quality under PATO:0001555.	definition_parent_and_exact_cardinality_supported	PO supplies compound leaf and leaflet but need not coin every leaflet-count combination; the compositional phenotype and supporting value are intentionally local to FLOPO.	The exact cardinality concerns ultimate leaflets; two primary divisions that are themselves divided do not satisfy the proposed definition.		
FLOPO-PATTERN:bright_orange_red	bright orange red	1	FLOPO	contextual_composition	bright orange-red phenotype	A colour phenotype combining the operational orange-red colour value with explicitly increased brightness relative to the relevant comparison.				Use PATO:0104112 orange red for the prototype-backed hue component and preserve bright as a contextual lightness/brightness modifier; do not mint another atomic colour without an operational brightness boundary.	existing_operational_colour_component_verified	PATO:0104112 has an RHS Colour Chart prototype and occurs in the current checked-in PATO source.	Bright lacks a stated comparison or numeric lightness range in the flora description, so only the orange-red component is eligible for deterministic normalization.		
FLOPO-PATTERN:corky_or_fissured_bark	corky	1	FLOPO	contextual_composition	corky bark phenotype	A bark phenotype in which the bearer has a conspicuous cork-rich, thickened, or cork-like outer surface.				Bind PO bark and retain corky as unresolved composition until an anatomical or texture definition distinguishes cork tissue abundance from mere resemblance.	full_corpus_concordance_checked_definition_source_required	The sole Saudi use is corky-barked vine; no pinned glossary in the evidence set defines corky.	Appearance does not prove chemical or tissue composition, and the provisional wording presents alternatives rather than a sufficient differentia.		
FLOPO-PATTERN:odor_character	foul smelling|smelling|balsam	3	FLOPO	contextual_composition	contextual botanical odor-character phenotype	A phenotype in which a bearer has an odor characterized by an explicitly stated prototype or hedonic descriptor.				Map odor presence to PATO:0001331 and retain foul or balsam-like character as source evidence; do not infer chemical composition, taste, or a universal pleasantness scale.	full_corpus_concordance_checked_operational_prototypes_missing	The corpus uses foul smelling fruit, sweet-smelling flesh, and balsam-like aroma; PATO has odorous but no supported prototype classes for these character words.	Hedonic judgments and prototype resemblance vary among observers, so new atomic PATO values require controlled definitions and evaluation.		
FLOPO-CAND:plant_latex	latex	1	FLOPO	revise_existing	plant latex phenotype	A flora phenotype affecting plant latex, where plant latex is the cytoplasmic fluid of laticifer cells, commonly containing particles suspended or emulsified in an aqueous phase and capable of exuding when laticiferous tissue is damaged.	EVID:LATICIFER_CELLS|EVID:PLANTNET_IL	FLOPO:0900048		Create a FLOPO-local plant latex support class under PO:0025161 portion of plant substance and use it to define and extend the existing FLOPO:0900048 latex phenotype branch. Keep it distinct from PO:0025538 plant sap; do not make universal colour, milkiness, stickiness, or post-exudation-location axioms.	definition_and_existing_branch_supported	FLOPO:0900048--0900051 already provide an undeveloped latex phenotype/presence branch. The literature defines in-situ latex through laticifer cells, and PlantNET supplies the field-recognition criterion after cutting.	Latex composition and appearance vary. A strict part_of some laticifer-cell axiom would fail for already exuded latex, so containment should be stated temporally in text or modeled with a relation that permits former containment.		
SURFACE-CAND:plant_gum	gum	1	PO	revise_proposal	plant gum	A plant exudate that becomes sticky or viscous at the exposed plant surface.		PO:0025161		Find a pharmacognostic or botanical definition separating gum, resin, latex, mucilage, and sap before proposing a PO class.	corpus_sense_checked_definition_source_required	The Saudi occurrence describes a very sticky gum, but the pinned evidence set does not define the substance.	Stickiness is a quality and does not by itself establish the chemical or anatomical identity of gum.		
MAP-CAND:floral_symmetry_language	regular|irregular	2	PATO	sense_split	floral symmetry qualities			PATO:0001328|PATO:0001327		Use actinomorphic for radially symmetric flowers and zygomorphic for flowers divisible into symmetric halves in only one longitudinal plane when the flora's regular/irregular terminology clearly has that sense.	existing_definitions_and_corpus_narrative_checked	PATO already defines both botanical symmetry values; the Saudi text uses regular and irregular in family-level explanatory prose.	Irregular need not always mean bilaterally symmetric, and regular has ordinary non-symmetry senses; no exact lexical synonym is proposed.		
MAP-CAND:rigid_inflexible	rigid	1	PATO	map_existing	inflexible			PATO:0001545		Use inflexible for a leaf described as rigid, retaining pointed shape separately.	existing_definition_and_corpus_sense_checked	PATO:0001545 defines inability to bend or twist without breaking and has stiff as an exact synonym.	Rigid can also mean geometrically fixed or hard under pressure; the mapping is specific to the botanical flexibility sense.		
FLOPO-PATTERN:rib_keel_ridge	ribbed|ridge|keeled	3	FLOPO	revise_and_sense_split	ribbed or keeled plant-structure phenotype	A phenotype in which a specified plant structure bears one or more elongated raised ridges, with keeled structures additionally folded and ridged along a midline.	EVID:FLORA_AUSTRALIA_TERMS			Use PATO:0002358 ridged for the generic raised feature; propose keeled only as the conjunction of folded and midline-ridged conditions, and retain the noun ridge as the feature rather than automatically coercing it to a quality.	definition_components_and_corpus_senses_supported	Flora of Australia defines keel as a ridge and keeled leaves, petals, or bracts as folded and ridged along the midrib; it equates costate with ribbed.	A boat-shaped Fabaceae keel is an anatomical petal complex, not merely the keeled quality, and rib number/orientation is not specified by generic ridged.		
MAP-CAND:rudimentary_vestigial	rudimentary	1	PATO	sense_split	vestigial or underdeveloped structure			PATO:0000588		Use vestigial only when the spine is a remnant structure from development or evolution; otherwise model decreased size or incomplete development without asserting evolutionary history.	existing_definition_and_corpus_sense_checked	PATO:0000588 has the closest existing meaning, while the Saudi occurrence describes very small rudimentary spines.	Every small or poorly developed structure is not vestigial, and the flora description does not state evolutionary loss of function.		
FLOPO-PATTERN:leaf_shape_analogies	needle like leaves|scale like leaves	2	FLOPO	contextual_composition	needle- or scale-like leaf phenotype	A leaf phenotype in which a leaf resembles a needle or scale in explicitly recoverable shape and size characteristics without being identified as a non-leaf structure.		PO:0025034		Bind the leaf entity and preserve resemblance; map to an existing PATO acicular or scale-like shape only if its definition matches the observed geometry.	corpus_sense_checked_existing_shape_audit_required	The source phrases already identify the bearers as leaves.	Needle-like and scale-like are prototype descriptions, not evidence that the leaf is a needle, scale, or particular taxonomic leaf subtype.		
MAP-CAND:plant_ovary	ovary	1	PO	map_existing	plant ovary			PO:0009072		Normalize the floral-organ sense to PO:0009072.	existing_definition_and_corpus_sense_checked	PO defines the basal carpel or fused-carpel region enclosing ovules, matching the Saudi context.	Ovary is an animal homonym outside botanical context, and nearby pointed-oval wording must not be parsed as part of the label.		
SURFACE-CAND:leaf_sheath	sheath|sheaths	2	PO	sense_split	leaf sheath		EVID:PLANTNET_S|EVID:FLORA_AUSTRALIA_TERMS	PO:0020104		Use PO:0020104 for the lower leaf part encasing a stem; retain salt sheath and generic rolled/tubular coverings as material or contextual structures.	existing_class_definition_and_corpus_polysemy_checked	PO and both glossaries define leaf sheath, but one Saudi occurrence is a sheath of exuded salt rather than anatomy.	The bare word does not establish that the structure is part of a vascular leaf.		
MAP-CAND:stipule_forms	stipular|stipules	2	PO	sense_split	stipule		EVID:PLANTNET_S	PO:0020041		Map stipules to PO:0020041 and interpret stipular as a relational modifier meaning borne by or derived from a stipule, preserving the modified spine or thorn.	existing_definition_and_corpus_senses_checked	PO and PlantNET define stipule as an appendage at the leaf base.	A stipular thorn may be a modified stipule, but the adjective alone does not license identity without the anatomical context.		
FLOPO-PATTERN:stem_number_or_absence	many stemmed|stemless	3	FLOPO	contextual_composition	whole-plant stem-number phenotype	A whole-plant phenotype that constrains the number or conspicuous presence of stem axes.				Bind PO stem and represent many-stemmed cardinality or qualified stem absence/reduction; do not assert literal absence when a stemless plant has a highly reduced or subterranean stem.	full_corpus_concordance_checked	The corpus uses many-stemmed and usually stemless as growth-habit descriptions.	Many has no fixed numeric boundary, and stemless can mean acaulescent rather than anatomically lacking every stem.		
FLOPO-PATTERN:plant_colony_or_thicket	colonies|thicket|thickets	12	FLOPO	contextual_composition	plant aggregation phenotype	A population- or stand-level phenotype in which multiple plant individuals or densely interwoven shoots occupy a localized area.				Route colony formation and thicket growth to population/ecology annotation, distinguishing clonal ramets from separate individuals and a single highly branched plant.	full_corpus_concordance_checked	Saudi descriptions say plants grow or sucker in colonies and shrubs form dense thickets.	The unit of observation is often above the individual-plant level, so these assertions must not be attached to one whole plant without resolving genet/ramet structure.		
SURFACE-CAND:floral_tube	tube	2	PO	sense_split	floral tube structures			PO-CAND:corolla_tube		Use the corolla-tube proposal only when the bearer is fused petals; retain other tubes, inflation regions, and ordinary geometric tubular qualities separately.	full_corpus_concordance_checked	The Saudi fragments concern a corolla tube or a portion of a tubular flower, but the isolated noun does not state homology.	A hollow cylindrical region can be formed by sepals, petals, tepals, stamens, or non-floral organs.		
FLOPO-PATTERN:ringed_context	ringed	1	FLOPO	sense_split	ringed botanical phenotype			PATO:0001946|PATO:0001772		Use banded only for transverse colour rings and surrounding for structures encircling a bearer; the Saudi occurrence says leaves are ringed by dead leaf bases and is relational rather than a colour pattern.	full_corpus_concordance_checked	Existing PATO candidates cover distinct colour-pattern and positional senses.	Ringed does not specify whether the ring is a separate structure, marking, scar, or arrangement.		
FLOPO-PATTERN:ranks_and_pairs	ranks|twin	2	FLOPO	modeling_pattern	contextual ranked or paired arrangement phenotype	A phenotype arranging repeated botanical structures in a specified number of longitudinal rows or in a pair.				Bind the repeated PO entity, bearer, and exact count; represent two-ranked and paired constructions rather than normalizing rank or twin in isolation.	full_corpus_concordance_checked	The corpus describes four leaves in two ranks and twin leaflets.	Rank can be taxonomic outside this construction, and twin does not state whether the paired structures are homologous, fused, or merely adjacent.		
MAP-CAND:warty_surface	wart|warts	2	PATO	sense_split	warty			PATO:0001361		Use PATO:0001361 when a bearer is covered with hard rough wart-like projections; preserve an individual wart as a surface-feature entity mention.	existing_definition_and_corpus_senses_checked	PATO:0001361 already defines the bearer-level warty texture and the Saudi occurrences describe raised warts or wart-like glands.	A gland resembling a wart need not have the hard rough texture in PATO's definition, so that occurrence remains a resemblance composition.		
FLOPO-PATTERN:colour_transition	shading|tinged	3	FLOPO	contextual_composition	botanical colour-transition phenotype	A colour phenotype in which a specified bearer gradually changes toward, or has a weak admixture of, an explicitly named colour.				Bind both colours and the affected region; model shading as a gradient and tinged as a low-extent admixture without inventing an atomic PATO term for every combination.	full_corpus_concordance_checked	Saudi phrases include greenish shading to chestnut and white tinged with pink.	Neither word supplies a colour value by itself, and tinged does not establish a universal proportion or spatial pattern.		
FLOPO-PATTERN:transverse_modifier	transverse	1	FLOPO	modeling_pattern	contextual transverse orientation phenotype	A phenotype in which a specified plant structure or marking is oriented perpendicular to the principal longitudinal axis of its bearer.				Bind the bearer axis and the transverse stripe or structure; use PATO:0001946 only when the transverse feature is a colour stripe.	full_corpus_concordance_checked	The Saudi occurrence modifies black stripes across corolla lobes.	Transverse is an orientation relation, not a colour or stripe class by itself.		
FLOPO-PATTERN:colour_degree_modifiers	bright yellow|bright green|bright blue|bright red|bright pink|bright magenta|bright brown|bright purple|bright orange|vivid|dull|whitish|brilliant	92	FLOPO	contextual_composition	contextual colour lightness and chroma phenotype	A colour phenotype in which an operational base colour is modified by a context-dependent description of lightness, chroma, or proximity to that colour.				Retain the base PATO colour and the modifier separately; do not equate bright or brilliant universally with saturated, dull universally with low saturation, or whitish with white without an operational range or prototype.	existing_related_mappings_and_full_corpus_context_checked	PATO carries the bright-colour phrases only as RELATED synonyms of saturated colours, vivid as RELATED to high saturation, dull as RELATED to low saturation, and whitish as RELATED to white.	Brightness can reflect luminance, chroma, or both, and whitish denotes proximity rather than identity. This row deliberately creates no atomic colour and supplies no invented numeric bounds.		
FLOPO-PATTERN:odor_intensity	strong|faint	53	FLOPO	sense_split	contextual odor-intensity phenotype	A phenotype in which the odor of a specified bearer has relatively increased or decreased perceived intensity in an explicit comparison context.				Use PATO:0001893 increased odor and PATO:0001892 decreased odor for smell constructions; reject the lexical candidates non-fragile and inconspicuous in those contexts and retain non-odor strong/faint senses separately.	full_corpus_concordance_and_existing_targets_checked	The Saudi occurrences overwhelmingly modify scent, smell, or aroma, often with prototype character such as sweet, sour, or garlic.	Strong also describes thorns or degree and faint can describe colour markings; both values are relative and observer-dependent.		
MAP-CAND:standard_banner_petal	standard	23	PO	map_existing	banner petal			PO:0025324		Normalize standard or standard petal to PO:0025324 when it is the upper petal of a papilionaceous corolla; retain the current BROAD synonym scope for unrestricted lexical retrieval.	full_corpus_concordance_and_existing_definition_checked	All Saudi occurrences concern Fabaceae flowers and match PO's banner-petal definition.	Standard is highly polysemous outside the organ context, and a surface-only global exact synonym would create false mappings.		
FLOPO-PATTERN:divided_plant_part	divided	10	FLOPO	sense_split	contextual divided plant-part phenotype	A phenotype in which a specified plant structure is separated by incisions into lobes, segments, or parts to a stated depth or degree.				Use the dissected proposal, PATO lobed, or an organ-specific PO segmentation only after the bearer and incision depth are recovered; do not map botanical divided leaves automatically to PATO:0001786 split.	full_corpus_concordance_and_existing_candidate_checked	Saudi uses concern partly, finely, or deeply divided petals, leaves, and fronds.	PATO split can imply separation into pieces, while a divided lamina may remain one connected organ; degree modifiers carry essential semantics.		
FLOPO-PATTERN:compact_habit_or_arrangement	compact	6	FLOPO	sense_split	contextual compact phenotype	A phenotype in which a specified whole plant or arrangement occupies relatively little space because its parts are closely grouped.			PATO:0001485	Use PATO condensed only for a structure whose parts are closely packed; retain whole-plant compact habit as a FLOPO growth-form composition with its comparison context.	full_corpus_concordance_and_scoped_synonym_checked	PATO treats compact as BROAD for condensed, and Saudi uses describe compact bushy herbs or shrublets.	Compact whole-plant habit may result from short internodes, dense branching, or small stature and does not entail one specific structural mechanism.		
MAP-CAND:distinct_conspicuous	distinct	5	PATO	sense_split	conspicuous or differentiated structure			PATO:0000463		Use conspicuous only where distinct means clearly visible; otherwise retain a structural-differentiation assertion such as a distinct petiole, keel, stalk, or knob.	full_corpus_concordance_and_existing_related_mapping_checked	PATO has distinct only as RELATED to conspicuous, and corpus uses often mean separately discernible anatomical regions rather than visually prominent colour.	Two regions can be structurally distinct without either being conspicuous, so the related scope must not be upgraded globally.		
MAP-CAND:speckled_and_dotted	speckled|dotted	6	PATO	sense_split	small-marking colour pattern			PATO:0001535|PATO:0000333|PATO:0001512		Use dappled for small chromatically different specks, spotted for round colour marks, and punctate only when dots, pits, punctures, or points are asserted without necessarily being chromatic.	full_corpus_concordance_and_existing_definitions_checked	PATO marks speckled RELATED to dappled and dotted RELATED to punctate; Saudi occurrences are mainly coloured specks and dots.	The same surface can denote a colour pattern or structural punctures, and the noun-to-bearer pattern coercion requires a host structure.		
PO-CAND:floral_callus	callus	3	PO	revise_proposal	floral callus	A thickened or raised region on a floral organ, especially a labellum, that is developmentally part of that organ.		PO:0009011		Do not map to PO:0005052 plant callus, which is undifferentiated tissue; find an orchid or floral-morphology source and determine whether calli across floral organs are homologous before proposing a class.	corpus_sense_and_false_existing_candidate_verified_definition_source_required	All Saudi occurrences describe a coloured callus on a floral lip; they do not describe wound or culture callus tissue.	The provisional definition may group independently evolved thickenings and gives no histological criterion, so it remains a PO gap proposal rather than an accepted mapping.		
FLOPO-PATTERN:early_late_timing	early|late	10	FLOPO	modeling_pattern	contextual phenological timing phenotype	A phenotype relating a plant process, flowering event, or developmental stage to an earlier or later time than an explicit seasonal, daily, or population reference.				Model early morning, early spring, and late afternoon as clock or season context; use PATO premature or delayed only when abnormal developmental timing relative to a stated norm is actually asserted.	full_corpus_concordance_and_scoped_candidates_checked	The Saudi uses are normal phenological timing expressions, not pathology or delayed development.	Early and late have no meaning without a temporal reference and must not be normalized to PATO:0000694 or PATO:0000502 merely by related-synonym lookup.		
MAP-CAND:canal_groove	groove|channel	4	PO	sense_split	plant canal or groove			PO:0025132		Use PO canal when the occurrence denotes a surface groove or internal tube in a plant structure; retain a purely PATO grooved texture when no anatomical space is intended.	full_corpus_concordance_and_existing_definition_checked	PO:0025132 explicitly includes surface grooves and internal tubes, and the Saudi anatomical occurrence is a deep fruit groove.	Channel and groove can describe habitat waterways or a shallow surface pattern rather than a discrete anatomical space.		
MAP-CAND:leaf_midrib	mid rib	3	PO	sense_split	leaf midvein or costa			PO:0020139|PO:0030072		Use leaf midvein for a vascular leaf and costa for the central strand of a non-vascular leaf; do not choose between them without the bearer taxon or leaf type.	existing_definitions_and_scoped_synonyms_checked	PO deliberately makes mid rib BROAD on both classes because the common word spans vascular and non-vascular leaves.	Costa also has other botanical senses, and the two target classes differ in tissue and bearer.		
SURFACE-CAND:rootstock_context	rootstock	3	PO	sense_split	rhizome or plant base			PO:0004542		Use rhizome only when the structure is a swollen horizontal shoot axis producing shoots and roots; retain root crown, woody base, and horticultural graft-stock senses separately.	full_corpus_concordance_and_existing_related_mapping_checked	Saudi occurrences describe creeping rootstocks and plausibly denote rhizomes; PO keeps rootstock RELATED rather than exact.	A rootstock need not be swollen or a shoot axis in every botanical usage, so lexical promotion would overstate PO's definition.		
FLOPO-PATTERN:paired_cardinality	paired	2	FLOPO	modeling_pattern	contextual paired botanical structures phenotype	A phenotype in which exactly two instances of a specified botanical structure occur as a contextually associated pair.				Bind the repeated PO entity and bearer; do not use PATO:0040024 bilaterally paired unless the bilateral/comparative-organism semantics in its definition are satisfied.	full_corpus_concordance_and_existing_candidate_checked	Saudi uses include paired spines and paired structures without stating the unusual unpaired-comparator condition in PATO:0040024.	A pair need not be bilateral, opposite, homologous, or unusual relative to a comparable organism.		
MAP-CAND:free_unfused	free	1	PATO	map_existing	unfused from			PATO:0000651		Map free petals to the relational quality unfused from with the other petals or organ group bound; reject PATO:0002316 autogenous, whose definition concerns separate skeletal elements.	full_corpus_concordance_and_homonym_hazard_checked	The Saudi occurrence explicitly contrasts free petals with fused floral structures.	Free has many non-structural senses and the relation requires the entity from which the petal is unfused.		
MAP-CAND:hairless_glabrous	hairless	1	PATO	map_existing	glabrous			PATO:0000453		Normalize the plant-surface sense to glabrous while preserving the actual bearer.	existing_definition_and_corpus_sense_checked	PATO:0000453 represents lacking hairs, and the Saudi occurrence describes an almost hairless fruit.	Almost is a degree/exception modifier and prevents an unqualified glabrous assertion unless the extraction preserves that uncertainty.		
SURFACE-CAND:fruit_husk	husk	1	PO	revise_and_sense_split	fruit husk	A dry outer covering of a fruit or seed that remains after removal of its internal contents.		PO:0009011		Do not map the Saudi fruit container to PO:0009054 inflorescence bract; find a carpological definition and resolve pericarp, rind, shell, and bract-derived husk senses before proposing a PO class.	corpus_sense_and_false_existing_candidate_verified_definition_source_required	The occurrence concerns the emptied outer covering of Citrullus fruit, not a maize ear or inflorescence bract.	Husk is polysemous and can be pericarp-derived, bract-derived, or a loose seed covering; the provisional definition is functional rather than homologous.		
NOISE:number_discourse	number	1	NONE	reject_as_noise						Reject the family-level phrase a large number of species from individual phenotype extraction; retain numeric cardinalities only when a botanical bearer is explicitly counted.	full_corpus_concordance_checked	The sole occurrence is taxonomic narrative.	Number is an attribute in other contexts, but the surface word alone supplies neither a count nor a phenotype bearer.		
SURFACE-CAND:grass_context	grass	9	NONE	sense_split	grass habitat or resemblance					Reject among-grass habitat uses; retain grass-like leaf or whole-plant descriptions as resemblance evidence and bind their actual PO bearer without treating grass as an anatomical entity.	full_corpus_concordance_checked	The surface appears inside both grass habitat phrases and grass-like morphology; neither requires a new PO or PATO class.	Grass is a taxonomic/common-name category, while grass-like is a contextual resemblance that can concern leaves, stems, or whole plants.		
NOISE:spread_distribution_fragment	spread	2	NONE	reject_as_noise						Repair or reject OCR-separated widespread and hyphenated wide-spread population-distribution constructions; do not map them to PATO spreading.	full_corpus_concordance_checked	Both Saudi occurrences describe geographic frequency and distribution, not the orientation of a plant or its organs.	A correctly parsed spread growth-habit verb in another context would require separate review.		
SURFACE-CAND:floral_lid	lid	1	PO	revise_and_sense_split	floral lid-like structure	A plant structure that closes or covers an opening of another plant structure and can be displaced or opened to expose it.		PO:0009011		Treat the Saudi pitcher-flower lid as a context-bound region until its organ identity is established; compare operculum terminology and do not infer homology from quotation marks.	corpus_sense_checked_definition_and_homology_required	PO has no generic lid class in the pinned release, and the flora description does not identify whether the lid is petal, sepal, corolla lobe, or another region.	The provisional functional definition spans non-homologous covers and therefore is not an accept proposal.		
SURFACE-CAND:textured_suffix	textured	1	PATO	sense_split	rough texture construction			PATO:0000700		Parse rough-textured as a complete construction and normalize the stated rough value; do not create a value named textured, which merely signals the texture attribute.	full_corpus_concordance_checked	The sole occurrence is rough-textured stems.	Textured alone does not state which texture value applies and is analogous to an attribute-name suffix rather than a phenotype value.		
PO-CAND:twig	twigs	1	PO	revise_proposal	twig	A small, slender, distal branch representing recent shoot growth.		PO:0025073		Promote the current NARROW synonym twig on PO branch only after a dendrological definition establishes size, developmental age, and distal-position boundaries; add twigs as the exact plural.	current_narrow_synonym_and_corpus_sense_verified_definition_source_required	PO:0025073 branch carries twig as a NARROW synonym but lacks a defined subclass; the Saudi occurrence describes young flowering twigs.	Small branch, branchlet, current-year shoot, and twig can overlap without being universally equivalent, so the provisional differentia needs authoritative support.		
MAP-CAND:feathery_plumose	feathery	7	PATO	map_existing	plumose			PATO:0005010		Normalize a bearer with many fine feather-like branches or filaments to PATO:0005010; retire the duplicate temporary FLOPO:0980122 only after reviewing every class that references it.	existing_definition_exact_synonym_and_corpus_sense_checked	Current PATO defines plumose operationally and already carries feathery as an exact synonym; the released FLOPO temporary value duplicates that target.	Feathery can also describe texture or motion outside branching morphology, so the bearer and fine-branch criterion remain required.		
MAP-CAND:three_angled_cross_section	three angled	6	PATO	map_existing	triangular		EVID:PLANTNET_TU|EVID:FLORA_AUSTRALIA_TERMS	PATO:0001875		Apply triangular to the cross-section reference region and preserve rounded-angle trigonous versus sharp-ridged triquetrous detail when stated; replace the erroneous FLOPO:0980163 parent PATO:0000617 bent.	definition_and_existing_target_checked_released_flopo_error_found	PATO:0001875 already defines having three angles; the glossaries define trigonous and triquetrous as triangular cross sections with different angle profiles.	The whole three-dimensional organ is not itself a triangle, and a triquetrous organ additionally has three longitudinal ridges; those assertions require the section and angle context.		
PATO-CAND:floccose_cottony	cottony	2	PATO	accept_proposal	floccose	A pilosity quality inhering in a bearer by virtue of the bearer having tufts of long, soft hairs that tend to rub off as small wool-like masses.	EVID:UPOV_TGP14|EVID:PLANTNET_FH|EVID:FLORA_AUSTRALIA_TERMS	PATO:0000454		Add flocculose as a narrow diminutive and cottony as a related botanical synonym; migrate FLOPO:0980342 only when the corpus bearer satisfies the tufted, soft-hair and rub-off criteria.	definition_and_parent_supported_corpus_mapping_requires_review	Pinned glossaries independently define floccose; released FLOPO:0980342 cottony has only a label-paraphrase definition under generic texture.	Cottony can describe colour, bulk texture, or a mass of hairs without establishing that the hairs rub off, so it is not proposed as an unrestricted exact synonym.		
FLOPO-PATTERN:rose_pink_and_magenta_compounds	rose pink|pale rose pink|purple magenta	7	FLOPO	revise_existing	contextual compound colour expressions	A source-language colour phenotype preserving a compound or modified colour expression whose operational colour-space region is not supplied by the flora text.				Keep these expressions in FLOPO, link them to component colour candidates with an explicit mixture or modification relation rather than conjunctive is_a parents, and do not assert an operational colour value until a physical prototype or range is cited.	corpus_expressions_and_released_classes_checked_operational_definitions_missing	Released FLOPO:0980131, FLOPO:0980205, and FLOPO:0980366 exist but their definitions only paraphrase labels and list component colours.	Rose-pink is not logically every red and every pink instance, pale is a degree modifier, and purple-magenta needs a mixture/continuum model; the current component restrictions must not be read as conjunctive colour subsumption.		
SURFACE-CAND:plant_glands	glands	5	PO	sense_split	plant gland structures			PO:0005656|PO:0009035|PO:0004509		Use portion of secretory tissue for a verified tissue gland, nectary for Euphorbia cyathium nectar glands when applicable, and glandular trichome only for secretory epidermal outgrowths.	full_corpus_concordance_and_existing_classes_checked	Saudi uses include cyathium glands and wart-like glands; PO deliberately keeps gland only RELATED to portion of secretory tissue.	A visible gland may be a tissue, cavity, trichome, or organ region, and secretion cannot be inferred solely from a wart-like appearance.		
MAP-CAND:catkin_inflorescence	catkins	1	PO	map_existing	catkin inflorescence			PO:0030119		Normalize the male reproductive structure to PO:0030119 when it has the monopodial, sessile-unisexual-flower and bract criteria in the PO definition.	existing_definition_exact_synonym_and_corpus_sense_checked	Current PO already has catkin as an exact synonym of catkin inflorescence.	The vernacular word can be applied loosely to catkin-like spikes; extraction should retain sex and structural context rather than rely only on the plural.		
FLOPO-PATTERN:claw_shaped_fruit	claw	1	FLOPO	contextual_composition	claw-shaped fruit phenotype	A fruit-shape phenotype in which the bearer resembles a curved, tapered animal claw without thereby being identified as a claw structure.				Retain the prototype comparison and measured curvature/taper when available; do not mint a PO claw entity or equate it automatically with PATO falciform.	full_corpus_concordance_checked_operational_shape_source_required	The sole Saudi occurrence is a claw-shaped fruit with short outer-edge spines.	Claws vary in curvature and cross-section, and the source gives no quantitative boundary separating claw-shaped from hooked, falcate, or tapered.		
MAP-CAND:corymb_inflorescence	corymbs	1	PO	map_existing	corymb inflorescence			PO:0030124		Normalize the flower arrangement to PO:0030124 when the axes and convex flower plane meet its definition.	existing_definition_exact_synonym_and_corpus_sense_checked	Current PO already has corymb as an exact synonym of corymb inflorescence.	Flat-topped or convex clusters that lack the specified growth habits and axes are not automatically corymbs.		
FLOPO-PATTERN:fading_colour	fading	1	FLOPO	contextual_composition	fading colour phenotype	A temporal colour phenotype in which a specified bearer changes from a stated initial colour toward a stated later colour over time.				Bind the bearer, initial colour, later colour, and temporal relation; do not model fading as a static low-saturation value when the endpoint is explicitly white.	full_corpus_concordance_checked	The Saudi occurrence says pale blue-lilac flowers fade to white.	Fading can reduce chroma, change lightness, or change hue, so it has no single PATO colour endpoint without the source context.		
FLOPO-PATTERN:longitudinal_orientation	longitudinal	1	FLOPO	modeling_pattern	contextual longitudinal orientation phenotype	A phenotype in which a specified marking or plant structure is aligned parallel to the principal long axis of its bearer.				Bind the bearer axis and the pale-green lines; retain the line colour pattern separately from its orientation.	full_corpus_concordance_checked	The Saudi occurrence modifies colour lines along a corolla.	Longitudinal is a relation to an axis, not a line, colour, or bearer-independent object quality by itself.		
MAP-CAND:separated_from	separated	1	PATO	map_existing	separated from			PATO:0001505		Represent the fruit as not in contact with or connected to the other fruits, supplying the second relational argument.	existing_definition_and_corpus_sense_checked	PATO:0001505 matches the structural separated sense in the Saudi description.	Separated can also describe taxonomic, spatial-distance, or post-detachment states, and the target relation is incomplete without the entity separated from.		
