po_id	po_label	pato_id	pato_label	proposed_label	review_scope	pato_is_attribute	evidence_count	origins	example_1	example_2	example_3	review_status	reviewer	review_date	review_notes
PO_0020104	leaf sheath	PATO_0000122	length	leaf sheath length	reusable_trait	true	1	missing_bearer:1	gaine foliaire … long 5–8 mm			approved	https://orcid.org/0000-0001-8149-5890	2026-09-18	Surfaced 2026-09-18 (missing_bearer:1); passed strict sanity screen; Approved by Robert Hoehndorf (all pairs surfaced 2026-09-18, after strict sanity screen; exclusions in scratchpad/pair-approvals-20260918/excluded.tsv).
FLOPO_0980978	orchid labellum	PATO_0000701	smooth	orchid labellum smooth	reusable_phenotype	false	8	missing_bearer:8	labelle … lisse			approved	https://orcid.org/0000-0001-8149-5890	2026-09-18	Surfaced 2026-09-18 (missing_bearer:8); passed strict sanity screen; Approved by Robert Hoehndorf (all pairs surfaced 2026-09-18, after strict sanity screen; exclusions in scratchpad/pair-approvals-20260918/excluded.tsv).
FLOPO_0980978	orchid labellum	PATO_0001334	diameter	orchid labellum diameter	reusable_trait	true	1	missing_bearer:1	labelle … environ 4 mm de diamètre			approved	https://orcid.org/0000-0001-8149-5890	2026-09-18	Surfaced 2026-09-18 (missing_bearer:1); passed strict sanity screen; Approved by Robert Hoehndorf (all pairs surfaced 2026-09-18, after strict sanity screen; exclusions in scratchpad/pair-approvals-20260918/excluded.tsv).
PO_0030100	legume fruit	PATO_0000622	erect	legume fruit erect	reusable_phenotype	false	15	missing_bearer:14|saudi_ncvc:1	gousses … dressées	Pods … erect	Pod … erect	approved	https://orcid.org/0000-0001-8149-5890	2026-09-18	Surfaced 2026-09-18 (missing_bearer:14|saudi_ncvc:1); passed strict sanity screen; Approved by Robert Hoehndorf (all pairs surfaced 2026-09-18, after strict sanity screen; exclusions in scratchpad/pair-approvals-20260918/excluded.tsv).
PO_0030103	drupe fruit	PATO_0000915	thickness	drupe fruit thickness	reusable_trait	true	2	missing_bearer:2	drupes … 1,2–1,7 cm d'épaisseur	drupes … 2,5 cm d'épaisseur		approved	https://orcid.org/0000-0001-8149-5890	2026-09-18	Surfaced 2026-09-18 (missing_bearer:2); passed strict sanity screen; Approved by Robert Hoehndorf (all pairs surfaced 2026-09-18, after strict sanity screen; exclusions in scratchpad/pair-approvals-20260918/excluded.tsv).
PO_0030100	legume fruit	PATO_0001436	sessile (sensu botany)	legume fruit sessile (sensu botany)	reusable_phenotype	false	72	missing_bearer:72	gousses … sessiles	Pods … sessile	Pod … sessile	approved	https://orcid.org/0000-0001-8149-5890	2026-09-18	Surfaced 2026-09-18 (missing_bearer:72); passed strict sanity screen; Approved by Robert Hoehndorf (all pairs surfaced 2026-09-18, after strict sanity screen; exclusions in scratchpad/pair-approvals-20260918/excluded.tsv).
PO_0030105	follicle fruit	PATO_0000915	thickness	follicle fruit thickness	reusable_trait	true	1	missing_bearer:1	follicules …  1 cm d'épaisseur			approved	https://orcid.org/0000-0001-8149-5890	2026-09-18	Surfaced 2026-09-18 (missing_bearer:1); passed strict sanity screen; Approved by Robert Hoehndorf (all pairs surfaced 2026-09-18, after strict sanity screen; exclusions in scratchpad/pair-approvals-20260918/excluded.tsv).
PO_0005005	shoot axis internode	PATO_0000921	width	shoot axis internode width	reusable_trait	true	1	missing_bearer:1	Entrenoeuds … 4-9 mm de largeur			approved	https://orcid.org/0000-0001-8149-5890	2026-09-18	Surfaced 2026-09-18 (missing_bearer:1); passed strict sanity screen; Approved by Robert Hoehndorf (all pairs surfaced 2026-09-18, after strict sanity screen; exclusions in scratchpad/pair-approvals-20260918/excluded.tsv).
PO_0020003	plant ovule	PATO_0000622	erect	plant ovule erect	reusable_phenotype	false	12	missing_bearer:12	Ovule … dressé	Ovules … dressés	ovules … erect	approved	https://orcid.org/0000-0001-8149-5890	2026-09-18	Surfaced 2026-09-18 (missing_bearer:12); passed strict sanity screen; Approved by Robert Hoehndorf (all pairs surfaced 2026-09-18, after strict sanity screen; exclusions in scratchpad/pair-approvals-20260918/excluded.tsv).
PO_0009078	pistillode	PATO_0002358	ridged	pistillode ridged	reusable_phenotype	false	1	missing_bearer:1	pistillode … côtelé			approved	https://orcid.org/0000-0001-8149-5890	2026-09-18	Surfaced 2026-09-18 (missing_bearer:1); passed strict sanity screen; Approved by Robert Hoehndorf (all pairs surfaced 2026-09-18, after strict sanity screen; exclusions in scratchpad/pair-approvals-20260918/excluded.tsv).
PO_0020055	leaf rachis	PATO_0000122	length	leaf rachis length	reusable_trait	true	2	missing_bearer:2	Rachis foliaire … 85 cm de longueur	Rachis foliaire … long de 27-40 cm		approved	https://orcid.org/0000-0001-8149-5890	2026-09-18	Surfaced 2026-09-18 (missing_bearer:2); passed strict sanity screen; Approved by Robert Hoehndorf (all pairs surfaced 2026-09-18, after strict sanity screen; exclusions in scratchpad/pair-approvals-20260918/excluded.tsv).
PO_0030091	capsule fruit	PATO_0001334	diameter	capsule fruit diameter	reusable_trait	true	5	missing_bearer:2|saudi_ncvc:3	Capsule … 25 mm de diamètre	Capsule … 4 cm diam.	Dombeya torrida (J.F.Gmel.) Bamps (p69): 5-6 mm in diameter	approved	https://orcid.org/0000-0001-8149-5890	2026-09-18	Surfaced 2026-09-18 (missing_bearer:2|saudi_ncvc:3); passed strict sanity screen; Approved by Robert Hoehndorf (all pairs surfaced 2026-09-18, after strict sanity screen; exclusions in scratchpad/pair-approvals-20260918/excluded.tsv).
PO_0009058	perianth	PATO_0000119	height	perianth height	reusable_trait	true	12	missing_bearer:12	Périanthe … haut de 2-2,5 mm	périanthe … haut de 3-6 mm	périanthe … haut de 2,5-3 mm	approved	https://orcid.org/0000-0001-8149-5890	2026-09-18	Surfaced 2026-09-18 (missing_bearer:12); passed strict sanity screen; Approved by Robert Hoehndorf (all pairs surfaced 2026-09-18, after strict sanity screen; exclusions in scratchpad/pair-approvals-20260918/excluded.tsv).
PO_0030091	capsule fruit	PATO_0000921	width	capsule fruit width	reusable_trait	true	5	missing_bearer:1|saudi_ncvc:4	Capsule … large de 1,4-1,6 cm	Pittosporum viridiflorum Sims (p84): 8 mm wide	Hypericum revolutum Vahl (p199): capsule 12 × 10 mm	approved	https://orcid.org/0000-0001-8149-5890	2026-09-18	Surfaced 2026-09-18 (missing_bearer:1|saudi_ncvc:4); passed strict sanity screen; Approved by Robert Hoehndorf (all pairs surfaced 2026-09-18, after strict sanity screen; exclusions in scratchpad/pair-approvals-20260918/excluded.tsv).
PO_0020003	plant ovule	PATO_0001436	sessile (sensu botany)	plant ovule sessile (sensu botany)	reusable_phenotype	false	6	missing_bearer:6	ovule … sessile	ovules … sessile		approved	https://orcid.org/0000-0001-8149-5890	2026-09-18	Surfaced 2026-09-18 (missing_bearer:6); passed strict sanity screen; Approved by Robert Hoehndorf (all pairs surfaced 2026-09-18, after strict sanity screen; exclusions in scratchpad/pair-approvals-20260918/excluded.tsv).
PO_0030100	legume fruit	PATO_0104032	coriaceous	legume fruit coriaceous	reusable_phenotype	false	5	missing_bearer:4|saudi_ncvc:1	Pods … coriaceous	Pod … coriaceous	Vachellia johnwoodii (Boulos) Ragup., Seigler, Ebinger & Maslin (p61): leathery in texture	approved	https://orcid.org/0000-0001-8149-5890	2026-09-18	Surfaced 2026-09-18 (missing_bearer:4|saudi_ncvc:1); passed strict sanity screen; Approved by Robert Hoehndorf (all pairs surfaced 2026-09-18, after strict sanity screen; exclusions in scratchpad/pair-approvals-20260918/excluded.tsv).
PO_0030100	legume fruit	PATO_0000701	smooth	legume fruit smooth	reusable_phenotype	false	13	missing_bearer:13	Pod … smooth	Pods … smooth		approved	https://orcid.org/0000-0001-8149-5890	2026-09-18	Surfaced 2026-09-18 (missing_bearer:13); passed strict sanity screen; Approved by Robert Hoehndorf (all pairs surfaced 2026-09-18, after strict sanity screen; exclusions in scratchpad/pair-approvals-20260918/excluded.tsv).
PO_0030123	panicle inflorescence	PATO_0000402	branched	panicle inflorescence branched	reusable_phenotype	false	17	missing_bearer:17	Panicles … branched	Panicle … branched		approved	https://orcid.org/0000-0001-8149-5890	2026-09-18	Surfaced 2026-09-18 (missing_bearer:17); passed strict sanity screen; Approved by Robert Hoehndorf (all pairs surfaced 2026-09-18, after strict sanity screen; exclusions in scratchpad/pair-approvals-20260918/excluded.tsv).
PO_0030123	panicle inflorescence	PATO_0000622	erect	panicle inflorescence erect	reusable_phenotype	false	4	missing_bearer:4	Panicle … erect			approved	https://orcid.org/0000-0001-8149-5890	2026-09-18	Surfaced 2026-09-18 (missing_bearer:4); passed strict sanity screen; Approved by Robert Hoehndorf (all pairs surfaced 2026-09-18, after strict sanity screen; exclusions in scratchpad/pair-approvals-20260918/excluded.tsv).
PO_0025060	lamina	PATO_0104032	coriaceous	lamina coriaceous	reusable_phenotype	false	28	missing_bearer:28	blade … coriaceous	blades … coriaceous		approved	https://orcid.org/0000-0001-8149-5890	2026-09-18	Surfaced 2026-09-18 (missing_bearer:28); passed strict sanity screen; Approved by Robert Hoehndorf (all pairs surfaced 2026-09-18, after strict sanity screen; exclusions in scratchpad/pair-approvals-20260918/excluded.tsv).
FLOPO_0980978	orchid labellum	PATO_0000622	erect	orchid labellum erect	reusable_phenotype	false	9	missing_bearer:9	Lip … erect			approved	https://orcid.org/0000-0001-8149-5890	2026-09-18	Surfaced 2026-09-18 (missing_bearer:9); passed strict sanity screen; Approved by Robert Hoehndorf (all pairs surfaced 2026-09-18, after strict sanity screen; exclusions in scratchpad/pair-approvals-20260918/excluded.tsv).
PO_0030117	spike inflorescence	PATO_0000622	erect	spike inflorescence erect	reusable_phenotype	false	3	missing_bearer:3	Spikes … erect			approved	https://orcid.org/0000-0001-8149-5890	2026-09-18	Surfaced 2026-09-18 (missing_bearer:3); passed strict sanity screen; Approved by Robert Hoehndorf (all pairs surfaced 2026-09-18, after strict sanity screen; exclusions in scratchpad/pair-approvals-20260918/excluded.tsv).
FLOPO_0980978	orchid labellum	PATO_0001436	sessile (sensu botany)	orchid labellum sessile (sensu botany)	reusable_phenotype	false	6	missing_bearer:6	Lip … sessile			approved	https://orcid.org/0000-0001-8149-5890	2026-09-18	Surfaced 2026-09-18 (missing_bearer:6); passed strict sanity screen; Approved by Robert Hoehndorf (all pairs surfaced 2026-09-18, after strict sanity screen; exclusions in scratchpad/pair-approvals-20260918/excluded.tsv).
PO_0025355	corm	PATO_0104032	coriaceous	corm coriaceous	reusable_phenotype	false	1	missing_bearer:1	Pseudobulbs … coriaceous			approved	https://orcid.org/0000-0001-8149-5890	2026-09-18	Surfaced 2026-09-18 (missing_bearer:1); passed strict sanity screen; Approved by Robert Hoehndorf (all pairs surfaced 2026-09-18, after strict sanity screen; exclusions in scratchpad/pair-approvals-20260918/excluded.tsv).
PO_0030102	nut fruit	PATO_0000622	erect	nut fruit erect	reusable_phenotype	false	2	missing_bearer:2	Nutlets … erect			approved	https://orcid.org/0000-0001-8149-5890	2026-09-18	Surfaced 2026-09-18 (missing_bearer:2); passed strict sanity screen; Approved by Robert Hoehndorf (all pairs surfaced 2026-09-18, after strict sanity screen; exclusions in scratchpad/pair-approvals-20260918/excluded.tsv).
PO_0009045	involucral bract	PATO_0000122	length	involucral bract length	reusable_trait	true	318	missing_bearer:318	phyllaries … 2–6 mm long	phyllaries … 9–18 mm long	phyllaries … 5–18 mm long	approved	https://orcid.org/0000-0001-8149-5890	2026-09-18	Surfaced 2026-09-18 (missing_bearer:318); passed strict sanity screen; Approved by Robert Hoehndorf (all pairs surfaced 2026-09-18, after strict sanity screen; exclusions in scratchpad/pair-approvals-20260918/excluded.tsv).
PO_0009045	involucral bract	PATO_0000921	width	involucral bract width	reusable_trait	true	36	missing_bearer:36	phyllaries … 1.5-2 mm wide	phyllaries … 3.5 mm wide	phyllaries … 1–2 mm wide	approved	https://orcid.org/0000-0001-8149-5890	2026-09-18	Surfaced 2026-09-18 (missing_bearer:36); passed strict sanity screen; Approved by Robert Hoehndorf (all pairs surfaced 2026-09-18, after strict sanity screen; exclusions in scratchpad/pair-approvals-20260918/excluded.tsv).
PO_0009045	involucral bract	PATO_0000622	erect	involucral bract erect	reusable_phenotype	false	1	missing_bearer:1	phyllaries … erect			approved	https://orcid.org/0000-0001-8149-5890	2026-09-18	Surfaced 2026-09-18 (missing_bearer:1); passed strict sanity screen; Approved by Robert Hoehndorf (all pairs surfaced 2026-09-18, after strict sanity screen; exclusions in scratchpad/pair-approvals-20260918/excluded.tsv).
PO_0009100	involucre	PATO_0000119	height	involucre height	reusable_trait	true	2	missing_bearer:2	involucre … 2-2.8 cm high	Involucre … 4–7.5 mm high		approved	https://orcid.org/0000-0001-8149-5890	2026-09-18	Surfaced 2026-09-18 (missing_bearer:2); passed strict sanity screen; Approved by Robert Hoehndorf (all pairs surfaced 2026-09-18, after strict sanity screen; exclusions in scratchpad/pair-approvals-20260918/excluded.tsv).
PO_0025331	ray flower	PATO_0000622	erect	ray flower erect	reusable_phenotype	false	1	missing_bearer:1	Ray florets … erect			approved	https://orcid.org/0000-0001-8149-5890	2026-09-18	Surfaced 2026-09-18 (missing_bearer:1); passed strict sanity screen; Approved by Robert Hoehndorf (all pairs surfaced 2026-09-18, after strict sanity screen; exclusions in scratchpad/pair-approvals-20260918/excluded.tsv).
PO_0030121	capitulum inflorescence	PATO_0001436	sessile (sensu botany)	capitulum inflorescence sessile (sensu botany)	reusable_phenotype	false	1	missing_bearer:1	Capitula … sessile			approved	https://orcid.org/0000-0001-8149-5890	2026-09-18	Surfaced 2026-09-18 (missing_bearer:1); passed strict sanity screen; Approved by Robert Hoehndorf (all pairs surfaced 2026-09-18, after strict sanity screen; exclusions in scratchpad/pair-approvals-20260918/excluded.tsv).
PO_0030107	achene fruit	PATO_0000921	width	achene fruit width	reusable_trait	true	1	missing_bearer:1	Achenes … 0.5–0.8 mm wide			approved	https://orcid.org/0000-0001-8149-5890	2026-09-18	Surfaced 2026-09-18 (missing_bearer:1); passed strict sanity screen; Approved by Robert Hoehndorf (all pairs surfaced 2026-09-18, after strict sanity screen; exclusions in scratchpad/pair-approvals-20260918/excluded.tsv).
PO_0030107	achene fruit	PATO_0000915	thickness	achene fruit thickness	reusable_trait	true	2	missing_bearer:2	Achenes …  0.2 mm thick			approved	https://orcid.org/0000-0001-8149-5890	2026-09-18	Surfaced 2026-09-18 (missing_bearer:2); passed strict sanity screen; Approved by Robert Hoehndorf (all pairs surfaced 2026-09-18, after strict sanity screen; exclusions in scratchpad/pair-approvals-20260918/excluded.tsv).
PO_0009006	shoot system	PATO_0001334	diameter	shoot system diameter	reusable_trait	true	3	missing_bearer:3	shoots … 5 mm diameter	Shoots … 3-4 mm diam.	shoots … 1.5-4 mm diam.	approved	https://orcid.org/0000-0001-8149-5890	2026-09-18	Surfaced 2026-09-18 (missing_bearer:3); passed strict sanity screen; Approved by Robert Hoehndorf (all pairs surfaced 2026-09-18, after strict sanity screen; exclusions in scratchpad/pair-approvals-20260918/excluded.tsv).
PO_0025331	ray flower	PATO_0000921	width	ray flower width	reusable_trait	true	5	missing_bearer:5	Ray florets … 1.5–3 mm wide	Ray florets … 2–4 mm wide	Ray florets … 0.5–0.8 mm wide	approved	https://orcid.org/0000-0001-8149-5890	2026-09-18	Surfaced 2026-09-18 (missing_bearer:5); passed strict sanity screen; Approved by Robert Hoehndorf (all pairs surfaced 2026-09-18, after strict sanity screen; exclusions in scratchpad/pair-approvals-20260918/excluded.tsv).
PO_0025331	ray flower	PATO_0000122	length	ray flower length	reusable_trait	true	18	missing_bearer:18	Ray florets … 9–13 mm long	Ray florets … 29 mm long	Ray florets … 25 mm long	approved	https://orcid.org/0000-0001-8149-5890	2026-09-18	Surfaced 2026-09-18 (missing_bearer:18); passed strict sanity screen; Approved by Robert Hoehndorf (all pairs surfaced 2026-09-18, after strict sanity screen; exclusions in scratchpad/pair-approvals-20260918/excluded.tsv).
PO_0025094	sporangium	PATO_0001334	diameter	sporangium diameter	reusable_trait	true	1	missing_bearer:1	sporangia …  320 µm diameter			approved	https://orcid.org/0000-0001-8149-5890	2026-09-18	Surfaced 2026-09-18 (missing_bearer:1); passed strict sanity screen; Approved by Robert Hoehndorf (all pairs surfaced 2026-09-18, after strict sanity screen; exclusions in scratchpad/pair-approvals-20260918/excluded.tsv).
PO_0025355	corm	PATO_0000122	length	corm length	reusable_trait	true	6	missing_bearer:6	Corm … 1.5–2.5 cm long	corm … 1–2.2 cm long	corm …  1.2 cm long	approved	https://orcid.org/0000-0001-8149-5890	2026-09-18	Surfaced 2026-09-18 (missing_bearer:6); passed strict sanity screen; Approved by Robert Hoehndorf (all pairs surfaced 2026-09-18, after strict sanity screen; exclusions in scratchpad/pair-approvals-20260918/excluded.tsv).
PO_0009100	involucre	PATO_0000921	width	involucre width	reusable_trait	true	7	missing_bearer:7	Involucres … 7–10 mm wide	Involucres … 2.5–3 mm wide	Involucre … 2–2.5 mm wide	approved	https://orcid.org/0000-0001-8149-5890	2026-09-18	Surfaced 2026-09-18 (missing_bearer:7); passed strict sanity screen; Approved by Robert Hoehndorf (all pairs surfaced 2026-09-18, after strict sanity screen; exclusions in scratchpad/pair-approvals-20260918/excluded.tsv).
PO_0030121	capitulum inflorescence	PATO_0000622	erect	capitulum inflorescence erect	reusable_phenotype	false	25	missing_bearer:25	Capitula … erect			approved	https://orcid.org/0000-0001-8149-5890	2026-09-18	Surfaced 2026-09-18 (missing_bearer:25); passed strict sanity screen; Approved by Robert Hoehndorf (all pairs surfaced 2026-09-18, after strict sanity screen; exclusions in scratchpad/pair-approvals-20260918/excluded.tsv).
PO_0030121	capitulum inflorescence	PATO_0001334	diameter	capitulum inflorescence diameter	reusable_trait	true	9	missing_bearer:5|saudi_ncvc:4	Capitula … 4–6 mm in diameter	Capitula … 11–17 mm in diameter	capitula … 1.5–2 mm diameter	approved	https://orcid.org/0000-0001-8149-5890	2026-09-18	Surfaced 2026-09-18 (missing_bearer:5|saudi_ncvc:4); passed strict sanity screen; Approved by Robert Hoehndorf (all pairs surfaced 2026-09-18, after strict sanity screen; exclusions in scratchpad/pair-approvals-20260918/excluded.tsv).
PO_0025355	corm	PATO_0000921	width	corm width	reusable_trait	true	1	missing_bearer:1	Corm … 4–10 mm wide			approved	https://orcid.org/0000-0001-8149-5890	2026-09-18	Surfaced 2026-09-18 (missing_bearer:1); passed strict sanity screen; Approved by Robert Hoehndorf (all pairs surfaced 2026-09-18, after strict sanity screen; exclusions in scratchpad/pair-approvals-20260918/excluded.tsv).
PO_0025094	sporangium	PATO_0000122	length	sporangium length	reusable_trait	true	3	missing_bearer:3	Sporangia … 5–6 mm long	Sporangium … 2.2 mm long	sporangia … 1.5–2 mm long	approved	https://orcid.org/0000-0001-8149-5890	2026-09-18	Surfaced 2026-09-18 (missing_bearer:3); passed strict sanity screen; Approved by Robert Hoehndorf (all pairs surfaced 2026-09-18, after strict sanity screen; exclusions in scratchpad/pair-approvals-20260918/excluded.tsv).
PO_0025094	sporangium	PATO_0000921	width	sporangium width	reusable_trait	true	4	missing_bearer:4	Sporangium … 1.7 mm wide	Sporangia … 1.5–2 mm wide	Sporangia … 1.2–1.5 mm wide	approved	https://orcid.org/0000-0001-8149-5890	2026-09-18	Surfaced 2026-09-18 (missing_bearer:4); passed strict sanity screen; Approved by Robert Hoehndorf (all pairs surfaced 2026-09-18, after strict sanity screen; exclusions in scratchpad/pair-approvals-20260918/excluded.tsv).
PO_0009026	sporophyll	PATO_0000921	width	sporophyll width	reusable_trait	true	15	missing_bearer:15	Sporophylls … 1.75–2.5 mm wide	Sporophylls … 1.8–2 mm wide	Sporophylls … 1–1.5 mm wide	approved	https://orcid.org/0000-0001-8149-5890	2026-09-18	Surfaced 2026-09-18 (missing_bearer:15); passed strict sanity screen; Approved by Robert Hoehndorf (all pairs surfaced 2026-09-18, after strict sanity screen; exclusions in scratchpad/pair-approvals-20260918/excluded.tsv).
PO_0025083	strobilus	PATO_0000122	length	strobilus length	reusable_trait	true	5	missing_bearer:4|saudi_ncvc:1	Strobili … 10–21 mm long	Strobili … 2.5–4 mm long	Strobili … 5–8 mm long	approved	https://orcid.org/0000-0001-8149-5890	2026-09-18	Surfaced 2026-09-18 (missing_bearer:4|saudi_ncvc:1); passed strict sanity screen; Approved by Robert Hoehndorf (all pairs surfaced 2026-09-18, after strict sanity screen; exclusions in scratchpad/pair-approvals-20260918/excluded.tsv).
PO_0025083	strobilus	PATO_0000921	width	strobilus width	reusable_trait	true	10	missing_bearer:10	Strobili … 1.2–1.3 mm wide	Strobili … 1–2 mm wide	Strobili …  2 mm wide	approved	https://orcid.org/0000-0001-8149-5890	2026-09-18	Surfaced 2026-09-18 (missing_bearer:10); passed strict sanity screen; Approved by Robert Hoehndorf (all pairs surfaced 2026-09-18, after strict sanity screen; exclusions in scratchpad/pair-approvals-20260918/excluded.tsv).
PO_0025359	sorus	PATO_0001334	diameter	sorus diameter	reusable_trait	true	2	missing_bearer:2	Sori … 1-3 mm diam.			approved	https://orcid.org/0000-0001-8149-5890	2026-09-18	Surfaced 2026-09-18 (missing_bearer:2); passed strict sanity screen; Approved by Robert Hoehndorf (all pairs surfaced 2026-09-18, after strict sanity screen; exclusions in scratchpad/pair-approvals-20260918/excluded.tsv).
PO_0025017	plant spore	PATO_0001334	diameter	plant spore diameter	reusable_trait	true	2	missing_bearer:2	Spores … 50-63 mm in diam.	Spores … 55-63 mm in diam.		approved	https://orcid.org/0000-0001-8149-5890	2026-09-18	Surfaced 2026-09-18 (missing_bearer:2); passed strict sanity screen; Approved by Robert Hoehndorf (all pairs surfaced 2026-09-18, after strict sanity screen; exclusions in scratchpad/pair-approvals-20260918/excluded.tsv).
PO_0030128	determinate thyrse inflorescence	PATO_0000122	length	determinate thyrse inflorescence length	reusable_trait	true	9	missing_bearer:9	Thyrses … 8–21 cm long	Thyrse … 1.2 m long	Thyrses … 70 cm long	approved	https://orcid.org/0000-0001-8149-5890	2026-09-18	Surfaced 2026-09-18 (missing_bearer:9); passed strict sanity screen; Approved by Robert Hoehndorf (all pairs surfaced 2026-09-18, after strict sanity screen; exclusions in scratchpad/pair-approvals-20260918/excluded.tsv).
PO_0030128	determinate thyrse inflorescence	PATO_0000402	branched	determinate thyrse inflorescence branched	reusable_phenotype	false	2	missing_bearer:2	Thyrse … branched	Thyrses … branched		approved	https://orcid.org/0000-0001-8149-5890	2026-09-18	Surfaced 2026-09-18 (missing_bearer:2); passed strict sanity screen; Approved by Robert Hoehndorf (all pairs surfaced 2026-09-18, after strict sanity screen; exclusions in scratchpad/pair-approvals-20260918/excluded.tsv).
PO_0025599	pistillate flower	PATO_0001436	sessile (sensu botany)	pistillate flower sessile (sensu botany)	reusable_phenotype	false	1	missing_bearer:1	Female flowers … sessile			approved	https://orcid.org/0000-0001-8149-5890	2026-09-18	Surfaced 2026-09-18 (missing_bearer:1); passed strict sanity screen; Approved by Robert Hoehndorf (all pairs surfaced 2026-09-18, after strict sanity screen; exclusions in scratchpad/pair-approvals-20260918/excluded.tsv).
PO_0030128	determinate thyrse inflorescence	PATO_0000622	erect	determinate thyrse inflorescence erect	reusable_phenotype	false	1	missing_bearer:1	Thyrses … erect			approved	https://orcid.org/0000-0001-8149-5890	2026-09-18	Surfaced 2026-09-18 (missing_bearer:1); passed strict sanity screen; Approved by Robert Hoehndorf (all pairs surfaced 2026-09-18, after strict sanity screen; exclusions in scratchpad/pair-approvals-20260918/excluded.tsv).
PO_0030100	legume fruit	PATO_0000915	thickness	legume fruit thickness	reusable_trait	true	4	missing_bearer:4	Pods … 1.5-2 cm thick	Pods … c. 1.5 cm thick	Pods … up to 1.6 cm thick	approved	https://orcid.org/0000-0001-8149-5890	2026-09-18	Surfaced 2026-09-18 (missing_bearer:4); passed strict sanity screen; Approved by Robert Hoehndorf (all pairs surfaced 2026-09-18, after strict sanity screen; exclusions in scratchpad/pair-approvals-20260918/excluded.tsv).
PO_0030100	legume fruit	PATO_0000122	length	legume fruit length	reusable_trait	true	24	missing_bearer:3|saudi_ncvc:21	Pods … up to 30 cm long	Pods … up to 10 cm long	Pods … c. 15 cm long	approved	https://orcid.org/0000-0001-8149-5890	2026-09-18	Surfaced 2026-09-18 (missing_bearer:3|saudi_ncvc:21); passed strict sanity screen; Approved by Robert Hoehndorf (all pairs surfaced 2026-09-18, after strict sanity screen; exclusions in scratchpad/pair-approvals-20260918/excluded.tsv).
PO_0030102	nut fruit	PATO_0000122	length	nut fruit length	reusable_trait	true	11	missing_bearer:7|saudi_ncvc:4	Nutlets … 4-4.5 mm long	Nutlets … 4.5 mm long	Nutlets … 2-2.5 mm long	approved	https://orcid.org/0000-0001-8149-5890	2026-09-18	Surfaced 2026-09-18 (missing_bearer:7|saudi_ncvc:4); passed strict sanity screen; Approved by Robert Hoehndorf (all pairs surfaced 2026-09-18, after strict sanity screen; exclusions in scratchpad/pair-approvals-20260918/excluded.tsv).
PO_0030102	nut fruit	PATO_0000921	width	nut fruit width	reusable_trait	true	8	missing_bearer:4|saudi_ncvc:4	Nutlets … 2.5 mm wide	Nutlets … 3.5-4 mm wide	Nutlets … 1.5 mm wide	approved	https://orcid.org/0000-0001-8149-5890	2026-09-18	Surfaced 2026-09-18 (missing_bearer:4|saudi_ncvc:4); passed strict sanity screen; Approved by Robert Hoehndorf (all pairs surfaced 2026-09-18, after strict sanity screen; exclusions in scratchpad/pair-approvals-20260918/excluded.tsv).
PO_0030102	nut fruit	PATO_0000701	smooth	nut fruit smooth	reusable_phenotype	false	1	missing_bearer:1	Nutlets … smooth			approved	https://orcid.org/0000-0001-8149-5890	2026-09-18	Surfaced 2026-09-18 (missing_bearer:1); passed strict sanity screen; Approved by Robert Hoehndorf (all pairs surfaced 2026-09-18, after strict sanity screen; exclusions in scratchpad/pair-approvals-20260918/excluded.tsv).
PO_0020139	leaf midvein	PATO_0000921	width	leaf midvein width	reusable_trait	true	2	missing_bearer:2	midrib … 1-2 mm wide	midrib … 1-3 mm wide		approved	https://orcid.org/0000-0001-8149-5890	2026-09-18	Surfaced 2026-09-18 (missing_bearer:2); passed strict sanity screen; Approved by Robert Hoehndorf (all pairs surfaced 2026-09-18, after strict sanity screen; exclusions in scratchpad/pair-approvals-20260918/excluded.tsv).
PO_0025601	staminate inflorescence	PATO_0000122	length	staminate inflorescence length	reusable_trait	true	1	missing_bearer:1	Male inflorescence …  15 cm long			approved	https://orcid.org/0000-0001-8149-5890	2026-09-18	Surfaced 2026-09-18 (missing_bearer:1); passed strict sanity screen; Approved by Robert Hoehndorf (all pairs surfaced 2026-09-18, after strict sanity screen; exclusions in scratchpad/pair-approvals-20260918/excluded.tsv).
PO_0009078	pistillode	PATO_0001334	diameter	pistillode diameter	reusable_trait	true	1	missing_bearer:1	pistillode … 0.3-0.5 mm diam.			approved	https://orcid.org/0000-0001-8149-5890	2026-09-18	Surfaced 2026-09-18 (missing_bearer:1); passed strict sanity screen; Approved by Robert Hoehndorf (all pairs surfaced 2026-09-18, after strict sanity screen; exclusions in scratchpad/pair-approvals-20260918/excluded.tsv).
PO_0030112	pedicel	PATO_0000066	pilosity	pedicel pilosity	reusable_trait	true	9	explicit_disjunction:9	fleurs … pédicelle de 1–2 cm de long, tomenteux ou hispide	fleurs … pédicelle de 10–20 mm de long, glabre ou éparsement poilu	description … pedicels short, up to 1 mm. long, glabrous or hairy	approved	https://orcid.org/0000-0001-8149-5890	2026-09-18	Surfaced 2026-09-18 (explicit_disjunction:9); passed strict sanity screen; Approved by Robert Hoehndorf (all pairs surfaced 2026-09-18, after strict sanity screen; exclusions in scratchpad/pair-approvals-20260918/excluded.tsv).
PO_0009072	plant ovary	PATO_0000066	pilosity	plant ovary pilosity	reusable_trait	true	23	explicit_disjunction:23	fleurs … ovaire poilu ou glabre	male flowers … ovaire glabre ou pubescent	description … Ovary conical, 5-10 mm. long, glabrous or hairy	approved	https://orcid.org/0000-0001-8149-5890	2026-09-18	Surfaced 2026-09-18 (explicit_disjunction:23); passed strict sanity screen; Approved by Robert Hoehndorf (all pairs surfaced 2026-09-18, after strict sanity screen; exclusions in scratchpad/pair-approvals-20260918/excluded.tsv).
PO_0030091	capsule fruit	PATO_0000066	pilosity	capsule fruit pilosity	reusable_trait	true	4	explicit_disjunction:4	fleurs … Capsules glabres ou pubescentes	description … Capsule glabrous or hairy	description … Capsule subglobose, 2.5–3.6 mm. long, glabrous or hairy	approved	https://orcid.org/0000-0001-8149-5890	2026-09-18	Surfaced 2026-09-18 (explicit_disjunction:4); passed strict sanity screen; Approved by Robert Hoehndorf (all pairs surfaced 2026-09-18, after strict sanity screen; exclusions in scratchpad/pair-approvals-20260918/excluded.tsv).
PO_0020039	leaf lamina	PATO_0000150	texture	leaf lamina texture	reusable_trait	true	3	explicit_disjunction:3	leaves … limbe papyracé ou coriace	lamina … Limbe entier, glabre, papyracé ou coriace		approved	https://orcid.org/0000-0001-8149-5890	2026-09-18	Surfaced 2026-09-18 (explicit_disjunction:3); passed strict sanity screen; Approved by Robert Hoehndorf (all pairs surfaced 2026-09-18, after strict sanity screen; exclusions in scratchpad/pair-approvals-20260918/excluded.tsv).
PO_0030108	berry fruit	PATO_0000014	color	berry fruit color	reusable_trait	true	6	explicit_disjunction:6	description … Berry red, purple or black	description … Berries globose, bright red or orange	description … Berry purple or black	approved	https://orcid.org/0000-0001-8149-5890	2026-09-18	Surfaced 2026-09-18 (explicit_disjunction:6); passed strict sanity screen; Approved by Robert Hoehndorf (all pairs surfaced 2026-09-18, after strict sanity screen; exclusions in scratchpad/pair-approvals-20260918/excluded.tsv).
PO_0009072	plant ovary	PATO_0000052	shape	plant ovary shape	reusable_trait	true	5	explicit_disjunction:5	description … Ovary globose or cylindrical	description … ovary cylindrical or subglobose	female flowers … ovary subglobose or conical	approved	https://orcid.org/0000-0001-8149-5890	2026-09-18	Surfaced 2026-09-18 (explicit_disjunction:5); passed strict sanity screen; Approved by Robert Hoehndorf (all pairs surfaced 2026-09-18, after strict sanity screen; exclusions in scratchpad/pair-approvals-20260918/excluded.tsv).
PO_0009072	plant ovary	PATO_0000014	color	plant ovary color	reusable_trait	true	1	explicit_disjunction:1	description … ovary purple or red			approved	https://orcid.org/0000-0001-8149-5890	2026-09-18	Surfaced 2026-09-18 (explicit_disjunction:1); passed strict sanity screen; Approved by Robert Hoehndorf (all pairs surfaced 2026-09-18, after strict sanity screen; exclusions in scratchpad/pair-approvals-20260918/excluded.tsv).
PO_0030103	drupe fruit	PATO_0000014	color	drupe fruit color	reusable_trait	true	1	explicit_disjunction:1	description … Drupes red or orange-red			approved	https://orcid.org/0000-0001-8149-5890	2026-09-18	Surfaced 2026-09-18 (explicit_disjunction:1); passed strict sanity screen; Approved by Robert Hoehndorf (all pairs surfaced 2026-09-18, after strict sanity screen; exclusions in scratchpad/pair-approvals-20260918/excluded.tsv).
PO_0005848	secondary xylem	PATO_0000014	color	secondary xylem color	reusable_trait	true	4	explicit_disjunction:4	description … Wood soft, white or pink	description … Wood white or pale brown	description … wood yellow or light brown	approved	https://orcid.org/0000-0001-8149-5890	2026-09-18	Surfaced 2026-09-18 (explicit_disjunction:4); passed strict sanity screen; Approved by Robert Hoehndorf (all pairs surfaced 2026-09-18, after strict sanity screen; exclusions in scratchpad/pair-approvals-20260918/excluded.tsv).
PO_0025599	pistillate flower	PATO_0001435	attachment quality	pistillate flower attachment quality	reusable_trait	true	2	explicit_disjunction:2	description … Pistillate flowers sessile or pedicellate	pistillate flowers … pistillate flowers sessile or pedicellate		approved	https://orcid.org/0000-0001-8149-5890	2026-09-18	Surfaced 2026-09-18 (explicit_disjunction:2); passed strict sanity screen; Approved by Robert Hoehndorf (all pairs surfaced 2026-09-18, after strict sanity screen; exclusions in scratchpad/pair-approvals-20260918/excluded.tsv).
PO_0030102	nut fruit	PATO_0000014	color	nut fruit color	reusable_trait	true	1	explicit_disjunction:1	description … Nutlets dark brown or black			approved	https://orcid.org/0000-0001-8149-5890	2026-09-18	Surfaced 2026-09-18 (explicit_disjunction:1); passed strict sanity screen; Approved by Robert Hoehndorf (all pairs surfaced 2026-09-18, after strict sanity screen; exclusions in scratchpad/pair-approvals-20260918/excluded.tsv).
PO_0030112	pedicel	PATO_0000014	color	pedicel color	reusable_trait	true	1	explicit_disjunction:1	description … pedicels red or pink			approved	https://orcid.org/0000-0001-8149-5890	2026-09-18	Surfaced 2026-09-18 (explicit_disjunction:1); passed strict sanity screen; Approved by Robert Hoehndorf (all pairs surfaced 2026-09-18, after strict sanity screen; exclusions in scratchpad/pair-approvals-20260918/excluded.tsv).
PO_0030117	spike inflorescence	PATO_0000052	shape	spike inflorescence shape	reusable_trait	true	1	explicit_disjunction:1	description … Spikes cylindrical or subglobose			approved	https://orcid.org/0000-0001-8149-5890	2026-09-18	Surfaced 2026-09-18 (explicit_disjunction:1); passed strict sanity screen; Approved by Robert Hoehndorf (all pairs surfaced 2026-09-18, after strict sanity screen; exclusions in scratchpad/pair-approvals-20260918/excluded.tsv).
PO_0030121	capitulum inflorescence	PATO_0000014	color	capitulum inflorescence color	reusable_trait	true	2	explicit_disjunction:2	description … Capitulum scarious, white or brown	description … Capitula white or cream		approved	https://orcid.org/0000-0001-8149-5890	2026-09-18	Surfaced 2026-09-18 (explicit_disjunction:2); passed strict sanity screen; Approved by Robert Hoehndorf (all pairs surfaced 2026-09-18, after strict sanity screen; exclusions in scratchpad/pair-approvals-20260918/excluded.tsv).
PO_0030117	spike inflorescence	PATO_0000014	color	spike inflorescence color	reusable_trait	true	2	explicit_disjunction:2	description … Spikes greenish white or yellow	description … Spikes green or yellow-green		approved	https://orcid.org/0000-0001-8149-5890	2026-09-18	Surfaced 2026-09-18 (explicit_disjunction:2); passed strict sanity screen; Approved by Robert Hoehndorf (all pairs surfaced 2026-09-18, after strict sanity screen; exclusions in scratchpad/pair-approvals-20260918/excluded.tsv).
PO_0030091	capsule fruit	PATO_0000014	color	capsule fruit color	reusable_trait	true	1	explicit_disjunction:1	description … Capsule red or purple			approved	https://orcid.org/0000-0001-8149-5890	2026-09-18	Surfaced 2026-09-18 (explicit_disjunction:1); passed strict sanity screen; Approved by Robert Hoehndorf (all pairs surfaced 2026-09-18, after strict sanity screen; exclusions in scratchpad/pair-approvals-20260918/excluded.tsv).
PO_0030107	achene fruit	PATO_0000066	pilosity	achene fruit pilosity	reusable_trait	true	7	explicit_disjunction:7	description … Achenes glabrous or hairy	description … Achenes 2.5–3.5 mm long, sparsely hairy or glabrous	description … Achenes 3–4.5 mm long, slightly hairy or glabrous	approved	https://orcid.org/0000-0001-8149-5890	2026-09-18	Surfaced 2026-09-18 (explicit_disjunction:7); passed strict sanity screen; Approved by Robert Hoehndorf (all pairs surfaced 2026-09-18, after strict sanity screen; exclusions in scratchpad/pair-approvals-20260918/excluded.tsv).
PO_0000013	cauline leaf	PATO_0000052	shape	cauline leaf shape	reusable_trait	true	1	explicit_disjunction:1	description … cauline leaves few, linear or narrowly lanceolate			approved	https://orcid.org/0000-0001-8149-5890	2026-09-18	Surfaced 2026-09-18 (explicit_disjunction:1); passed strict sanity screen; Approved by Robert Hoehndorf (all pairs surfaced 2026-09-18, after strict sanity screen; exclusions in scratchpad/pair-approvals-20260918/excluded.tsv).
PO_0025331	ray flower	PATO_0000014	color	ray flower color	reusable_trait	true	14	explicit_disjunction:14	description … Ray florets white or cream	description … ray florets white or cream	description … Ray florets 6–20, orange-yellow or yellow	approved	https://orcid.org/0000-0001-8149-5890	2026-09-18	Surfaced 2026-09-18 (explicit_disjunction:14); passed strict sanity screen; Approved by Robert Hoehndorf (all pairs surfaced 2026-09-18, after strict sanity screen; exclusions in scratchpad/pair-approvals-20260918/excluded.tsv).
PO_0009025	vascular leaf	PATO_0000014	color	vascular leaf color	reusable_trait	true	1	explicit_disjunction:1	description … Leaves sessile, light green or grey-green			approved	https://orcid.org/0000-0001-8149-5890	2026-09-18	Surfaced 2026-09-18 (explicit_disjunction:1); passed strict sanity screen; Approved by Robert Hoehndorf (all pairs surfaced 2026-09-18, after strict sanity screen; exclusions in scratchpad/pair-approvals-20260918/excluded.tsv).
PO_0030107	achene fruit	PATO_0000014	color	achene fruit color	reusable_trait	true	2	explicit_disjunction:2	description … Achenes brown or red-brown	description … Achenes grey or black		approved	https://orcid.org/0000-0001-8149-5890	2026-09-18	Surfaced 2026-09-18 (explicit_disjunction:2); passed strict sanity screen; Approved by Robert Hoehndorf (all pairs surfaced 2026-09-18, after strict sanity screen; exclusions in scratchpad/pair-approvals-20260918/excluded.tsv).
PO_0020019	megaspore	PATO_0000014	color	megaspore color	reusable_trait	true	1	explicit_disjunction:1	description … Megaspores white or pale brown			approved	https://orcid.org/0000-0001-8149-5890	2026-09-18	Surfaced 2026-09-18 (explicit_disjunction:1); passed strict sanity screen; Approved by Robert Hoehndorf (all pairs surfaced 2026-09-18, after strict sanity screen; exclusions in scratchpad/pair-approvals-20260918/excluded.tsv).
PO_0020048	microspore	PATO_0000014	color	microspore color	reusable_trait	true	1	explicit_disjunction:1	description … microspores white or yellow			approved	https://orcid.org/0000-0001-8149-5890	2026-09-18	Surfaced 2026-09-18 (explicit_disjunction:1); passed strict sanity screen; Approved by Robert Hoehndorf (all pairs surfaced 2026-09-18, after strict sanity screen; exclusions in scratchpad/pair-approvals-20260918/excluded.tsv).
PO_0025600	staminate flower	PATO_0001435	attachment quality	staminate flower attachment quality	reusable_trait	true	1	explicit_disjunction:1	staminate flowers … staminate flowers sessile or pedicellate			approved	https://orcid.org/0000-0001-8149-5890	2026-09-18	Surfaced 2026-09-18 (explicit_disjunction:1); passed strict sanity screen; Approved by Robert Hoehndorf (all pairs surfaced 2026-09-18, after strict sanity screen; exclusions in scratchpad/pair-approvals-20260918/excluded.tsv).
PO_0030091	capsule fruit	PATO_0000467	present	capsule fruit present	reusable_phenotype	false	57	saudi_ncvc:57	Avicennia marina (p15): Fruit a small green capsule	Commiphora gileadensis (L.) C.Chr. (p29): a subglobose capsule		approved	https://orcid.org/0000-0001-8149-5890	2026-09-18	Surfaced 2026-09-18 (saudi_ncvc:57); passed strict sanity screen; Approved by Robert Hoehndorf (all pairs surfaced 2026-09-18, after strict sanity screen; exclusions in scratchpad/pair-approvals-20260918/excluded.tsv).
PO_0030100	legume fruit	PATO_0000467	present	legume fruit present	reusable_phenotype	false	37	saudi_ncvc:37	Prosopis cineraria (L.) Druce (p52): fruit is an oblong, subcylindrical pod	Prosopis koelziana Burkart (p53): fruit is a pod		approved	https://orcid.org/0000-0001-8149-5890	2026-09-18	Surfaced 2026-09-18 (saudi_ncvc:37); passed strict sanity screen; Approved by Robert Hoehndorf (all pairs surfaced 2026-09-18, after strict sanity screen; exclusions in scratchpad/pair-approvals-20260918/excluded.tsv).
PO_0030115	raceme inflorescence	PATO_0000467	present	raceme inflorescence present	reusable_phenotype	false	37	saudi_ncvc:37	Pistacia falcata Becc. (p16): Inflorescences racemose	Tarchonanthus camphoratus L. (p23): racemose		approved	https://orcid.org/0000-0001-8149-5890	2026-09-18	Surfaced 2026-09-18 (saudi_ncvc:37); passed strict sanity screen; Approved by Robert Hoehndorf (all pairs surfaced 2026-09-18, after strict sanity screen; exclusions in scratchpad/pair-approvals-20260918/excluded.tsv).
PO_0000003	whole plant	PATO_0001731	deciduous (plant)	whole plant deciduous (plant)	reusable_phenotype	false	29	saudi_ncvc:29	Pistacia falcata Becc. (p16): deciduous tree	Pistacia khinjuk Stocks (p17): deciduous		approved	https://orcid.org/0000-0001-8149-5890	2026-09-18	Surfaced 2026-09-18 (saudi_ncvc:29); passed strict sanity screen; Approved by Robert Hoehndorf (all pairs surfaced 2026-09-18, after strict sanity screen; exclusions in scratchpad/pair-approvals-20260918/excluded.tsv).
PO_0009046	flower	PATO_0001340	hermaphrodite	flower hermaphrodite	reusable_phenotype	false	23	saudi_ncvc:23	Celtis toka (Forssk.) Hepper & J.R.I.Wood (p35): hermaphrodite flowers	Prunus arabica (Olivier) Meikle (p92): flowers are bisexual		approved	https://orcid.org/0000-0001-8149-5890	2026-09-18	Surfaced 2026-09-18 (saudi_ncvc:23); passed strict sanity screen; Approved by Robert Hoehndorf (all pairs surfaced 2026-09-18, after strict sanity screen; exclusions in scratchpad/pair-approvals-20260918/excluded.tsv).
PO_0025034	leaf	PATO_0104032	coriaceous	leaf coriaceous	reusable_phenotype	false	23	saudi_ncvc:23	Cordia sinensis Lam. (p26): leathery in texture	Gymnosporia arbutifolia (Hochst. ex A.Rich.) Loes. (p39): leathery in texture		approved	https://orcid.org/0000-0001-8149-5890	2026-09-18	Surfaced 2026-09-18 (saudi_ncvc:23); passed strict sanity screen; Approved by Robert Hoehndorf (all pairs surfaced 2026-09-18, after strict sanity screen; exclusions in scratchpad/pair-approvals-20260918/excluded.tsv).
PO_0030103	drupe fruit	PATO_0000467	present	drupe fruit present	reusable_phenotype	false	20	saudi_ncvc:20	Searsia retinorrhoea (Steud. ex Oliv.) Moffett (p18): Fruit a drupe	Commiphora myrrha (Nees) Engl. (p32): fruits drupes		approved	https://orcid.org/0000-0001-8149-5890	2026-09-18	Surfaced 2026-09-18 (saudi_ncvc:20); passed strict sanity screen; Approved by Robert Hoehndorf (all pairs surfaced 2026-09-18, after strict sanity screen; exclusions in scratchpad/pair-approvals-20260918/excluded.tsv).
PO_0025034	leaf	PATO_0001436	sessile (sensu botany)	leaf sessile (sensu botany)	reusable_phenotype	false	18	saudi_ncvc:18	Euphorbia ammak Schweinf. (p48): leaves sessile	Tamarix aphylla (L.) H.Karst. (p104): leaves are sessile		approved	https://orcid.org/0000-0001-8149-5890	2026-09-18	Surfaced 2026-09-18 (saudi_ncvc:18); passed strict sanity screen; Approved by Robert Hoehndorf (all pairs surfaced 2026-09-18, after strict sanity screen; exclusions in scratchpad/pair-approvals-20260918/excluded.tsv).
PO_0000003	whole plant	PATO_0104019	succulent	whole plant succulent	reusable_phenotype	false	16	saudi_ncvc:16	Euphorbia ammak Schweinf. (p48): succulent	Agathophora alopecuroides (Delile) Fenzl ex Bunge (p114): succulent		approved	https://orcid.org/0000-0001-8149-5890	2026-09-18	Surfaced 2026-09-18 (saudi_ncvc:16); passed strict sanity screen; Approved by Robert Hoehndorf (all pairs surfaced 2026-09-18, after strict sanity screen; exclusions in scratchpad/pair-approvals-20260918/excluded.tsv).
PO_0030100	legume fruit	PATO_0000921	width	legume fruit width	reusable_trait	true	15	saudi_ncvc:15	Delonix elata (L.) Gamble (p50): dimensions (16 cm and 2 cm)	Prosopis koelziana Burkart (p53): 1 cm wide		approved	https://orcid.org/0000-0001-8149-5890	2026-09-18	Surfaced 2026-09-18 (saudi_ncvc:15); passed strict sanity screen; Approved by Robert Hoehndorf (all pairs surfaced 2026-09-18, after strict sanity screen; exclusions in scratchpad/pair-approvals-20260918/excluded.tsv).
PO_0030107	achene fruit	PATO_0000467	present	achene fruit present	reusable_phenotype	false	15	saudi_ncvc:15	Tarchonanthus camphoratus L. (p23): Fruit an achene	Anvillea garcinii (Burm.f.) DC. (p152): Fruit an achene		approved	https://orcid.org/0000-0001-8149-5890	2026-09-18	Surfaced 2026-09-18 (saudi_ncvc:15); passed strict sanity screen; Approved by Robert Hoehndorf (all pairs surfaced 2026-09-18, after strict sanity screen; exclusions in scratchpad/pair-approvals-20260918/excluded.tsv).
PO_0030108	berry fruit	PATO_0000467	present	berry fruit present	reusable_phenotype	false	13	saudi_ncvc:13	Maerua crassifolia Forssk. (p38): fruit a berry	Maesa lanceolata Forssk. (p85): fruit is a globose berry		approved	https://orcid.org/0000-0001-8149-5890	2026-09-18	Surfaced 2026-09-18 (saudi_ncvc:13); passed strict sanity screen; Approved by Robert Hoehndorf (all pairs surfaced 2026-09-18, after strict sanity screen; exclusions in scratchpad/pair-approvals-20260918/excluded.tsv).
PO_0030121	capitulum inflorescence	PATO_0001499	spherical	capitulum inflorescence spherical	reusable_phenotype	false	13	saudi_ncvc:13	Vachellia flava (Forssk.) Kyal. & Boatwr. (p59): flowers [heads] globose	Vachellia gerrardii var. najdensis (Chaudhary) Ragup., Seigler, Ebinger & Maslin (p60): globose inflorescences		approved	https://orcid.org/0000-0001-8149-5890	2026-09-18	Surfaced 2026-09-18 (saudi_ncvc:13); passed strict sanity screen; Approved by Robert Hoehndorf (all pairs surfaced 2026-09-18, after strict sanity screen; exclusions in scratchpad/pair-approvals-20260918/excluded.tsv).
PO_0020043	compound leaf	PATO_0000410	pinnate	compound leaf pinnate	reusable_phenotype	false	12	saudi_ncvc:12	Senegalia asak (Forssk.) Kyal. & Boatwr. (p54): leaves pinnately compound	Vachellia gerrardii var. najdensis (Chaudhary) Ragup., Seigler, Ebinger & Maslin (p60): leaves pinnately compound		approved	https://orcid.org/0000-0001-8149-5890	2026-09-18	Surfaced 2026-09-18 (saudi_ncvc:12); passed strict sanity screen; Approved by Robert Hoehndorf (all pairs surfaced 2026-09-18, after strict sanity screen; exclusions in scratchpad/pair-approvals-20260918/excluded.tsv).
PO_0030105	follicle fruit	PATO_0000467	present	follicle fruit present	reusable_phenotype	false	12	saudi_ncvc:12	Adenium obesum (Forssk.) Roem. & Schult. (p137): The fruit is a follicle	Gomphocarpus fruticosus (L.) W.T.Aiton (p138): The fruit is a follicle		approved	https://orcid.org/0000-0001-8149-5890	2026-09-18	Surfaced 2026-09-18 (saudi_ncvc:12); passed strict sanity screen; Approved by Robert Hoehndorf (all pairs surfaced 2026-09-18, after strict sanity screen; exclusions in scratchpad/pair-approvals-20260918/excluded.tsv).
PO_0025034	leaf	PATO_0104019	succulent	leaf succulent	reusable_phenotype	false	11	saudi_ncvc:11	Agathophora alopecuroides (Delile) Fenzl ex Bunge (p114): succulent	Soda rosmarinus (Bunge ex Boiss.) (p126): succulent		approved	https://orcid.org/0000-0001-8149-5890	2026-09-18	Surfaced 2026-09-18 (saudi_ncvc:11); passed strict sanity screen; Approved by Robert Hoehndorf (all pairs surfaced 2026-09-18, after strict sanity screen; exclusions in scratchpad/pair-approvals-20260918/excluded.tsv).
PO_0025034	leaf	PATO_0001730	deciduous (generic)	leaf deciduous (generic)	reusable_phenotype	false	10	saudi_ncvc:10	Traganum nudatum Delile (p131): deciduous on the young twigs	Deverra tortuosa (Desf.) DC. (p133): the leaves are deciduous		approved	https://orcid.org/0000-0001-8149-5890	2026-09-18	Surfaced 2026-09-18 (saudi_ncvc:10); passed strict sanity screen; Approved by Robert Hoehndorf (all pairs surfaced 2026-09-18, after strict sanity screen; exclusions in scratchpad/pair-approvals-20260918/excluded.tsv).
PO_0030102	nut fruit	PATO_0000467	present	nut fruit present	reusable_phenotype	false	9	saudi_ncvc:9	Cornulaca monacantha Delile (p122): the fruit is a nut	Lavandula atriplicifolia Benth. (p200): fruit is a nutlet		approved	https://orcid.org/0000-0001-8149-5890	2026-09-18	Surfaced 2026-09-18 (saudi_ncvc:9); passed strict sanity screen; Approved by Robert Hoehndorf (all pairs surfaced 2026-09-18, after strict sanity screen; exclusions in scratchpad/pair-approvals-20260918/excluded.tsv).
PO_0025073	branch	PATO_0001365	spiny	branch spiny	reusable_phenotype	false	8	saudi_ncvc:8	Vachellia tortilis subsp. tortilis (p67): bear thorns	Searsia tripartita (Ucria) Moffett (p132): and spiny		approved	https://orcid.org/0000-0001-8149-5890	2026-09-18	Surfaced 2026-09-18 (saudi_ncvc:8); passed strict sanity screen; Approved by Robert Hoehndorf (all pairs surfaced 2026-09-18, after strict sanity screen; exclusions in scratchpad/pair-approvals-20260918/excluded.tsv).
PO_0030117	spike inflorescence	PATO_0000467	present	spike inflorescence present	reusable_phenotype	false	8	saudi_ncvc:8	Combretum mole R.Br. ex G.Don (p41): in spikes	Faidherbia albida (Delile) A.Chev. (p51): in spikes		approved	https://orcid.org/0000-0001-8149-5890	2026-09-18	Surfaced 2026-09-18 (saudi_ncvc:8); passed strict sanity screen; Approved by Robert Hoehndorf (all pairs surfaced 2026-09-18, after strict sanity screen; exclusions in scratchpad/pair-approvals-20260918/excluded.tsv).
PO_0009046	flower	PATO_0104031	cream	flower cream	reusable_phenotype	false	7	saudi_ncvc:7	Rhizophora mucronata Poir. (p91): flowers are creamy white	Nuxia congesta R.Br. ex Fresen. (p102): creamy white		approved	https://orcid.org/0000-0001-8149-5890	2026-09-18	Surfaced 2026-09-18 (saudi_ncvc:7); passed strict sanity screen; Approved by Robert Hoehndorf (all pairs surfaced 2026-09-18, after strict sanity screen; exclusions in scratchpad/pair-approvals-20260918/excluded.tsv).
PO_0030100	legume fruit	PATO_0000407	flat	legume fruit flat	reusable_phenotype	false	7	saudi_ncvc:7	Delonix elata (L.) Gamble (p50): flat	Prosopis koelziana Burkart (p53): flat		approved	https://orcid.org/0000-0001-8149-5890	2026-09-18	Surfaced 2026-09-18 (saudi_ncvc:7); passed strict sanity screen; Approved by Robert Hoehndorf (all pairs surfaced 2026-09-18, after strict sanity screen; exclusions in scratchpad/pair-approvals-20260918/excluded.tsv).
PO_0000003	whole plant	PATO_0002348	ligneous	whole plant ligneous	reusable_phenotype	false	6	saudi_ncvc:6	Gomphocarpus sinaicus Boiss. (p139): woody perennial shrub	Cleome droserifolia (Forssk.) Delile (p179): woody		approved	https://orcid.org/0000-0001-8149-5890	2026-09-18	Surfaced 2026-09-18 (saudi_ncvc:6); passed strict sanity screen; Approved by Robert Hoehndorf (all pairs surfaced 2026-09-18, after strict sanity screen; exclusions in scratchpad/pair-approvals-20260918/excluded.tsv).
PO_0008039	stem base	PATO_0002348	ligneous	stem base ligneous	reusable_phenotype	false	6	saudi_ncvc:6	Suaeda monoica Forssk. ex J.F.Gmel. (p129): woody at the base	Artemisia sieberi Besser (p155): with a woody base		approved	https://orcid.org/0000-0001-8149-5890	2026-09-18	Surfaced 2026-09-18 (saudi_ncvc:6); passed strict sanity screen; Approved by Robert Hoehndorf (all pairs surfaced 2026-09-18, after strict sanity screen; exclusions in scratchpad/pair-approvals-20260918/excluded.tsv).
PO_0025174	spine stipule	PATO_0000122	length	spine stipule length	reusable_trait	true	6	saudi_ncvc:6	Faidherbia albida (Delile) A.Chev. (p51): 3.5 cm long	Vachellia etbaica (Schweinf.) Kyal. & Boatwr. (p58): 5 mm long, and the spines may reach 3 cm		approved	https://orcid.org/0000-0001-8149-5890	2026-09-18	Surfaced 2026-09-18 (saudi_ncvc:6); passed strict sanity screen; Approved by Robert Hoehndorf (all pairs surfaced 2026-09-18, after strict sanity screen; exclusions in scratchpad/pair-approvals-20260918/excluded.tsv).
PO_0030121	capitulum inflorescence	PATO_0000324	yellow	capitulum inflorescence yellow	reusable_phenotype	false	6	saudi_ncvc:6	Vachellia seyal var. fistula (p64): shiny yellow	Anvillea garcinii (Burm.f.) DC. (p152): golden-yellow in colour		approved	https://orcid.org/0000-0001-8149-5890	2026-09-18	Surfaced 2026-09-18 (saudi_ncvc:6); passed strict sanity screen; Approved by Robert Hoehndorf (all pairs surfaced 2026-09-18, after strict sanity screen; exclusions in scratchpad/pair-approvals-20260918/excluded.tsv).
PO_0009046	flower	PATO_0001286	desaturated yellow	flower desaturated yellow	reusable_phenotype	false	5	saudi_ncvc:5	Vachellia tortilis subsp. raddiana (Savi) Kyal. & Boatwr. (p66): pale yellow	Ficus vasta Forssk. (p76): flowers are pale yellow		approved	https://orcid.org/0000-0001-8149-5890	2026-09-18	Surfaced 2026-09-18 (saudi_ncvc:5); passed strict sanity screen; Approved by Robert Hoehndorf (all pairs surfaced 2026-09-18, after strict sanity screen; exclusions in scratchpad/pair-approvals-20260918/excluded.tsv).
PO_0020043	compound leaf	PATO_0000467	present	compound leaf present	reusable_phenotype	false	5	saudi_ncvc:5	Commiphora myrrha (Nees) Engl. (p32): leaves compound	Vachellia nilotica subsp. indica (Benth.) Kyal. & Boatwr. (p62): compound		approved	https://orcid.org/0000-0001-8149-5890	2026-09-18	Surfaced 2026-09-18 (saudi_ncvc:5); passed strict sanity screen; Approved by Robert Hoehndorf (all pairs surfaced 2026-09-18, after strict sanity screen; exclusions in scratchpad/pair-approvals-20260918/excluded.tsv).
PO_0020128	leaf margin	PATO_0001205	dentated	leaf margin dentated	reusable_phenotype	false	5	saudi_ncvc:5	Tarchonanthus camphoratus L. (p23): finely toothed margins	Ziziphus mucronata Willd. (p88): toothed margins		approved	https://orcid.org/0000-0001-8149-5890	2026-09-18	Surfaced 2026-09-18 (saudi_ncvc:5); passed strict sanity screen; Approved by Robert Hoehndorf (all pairs surfaced 2026-09-18, after strict sanity screen; exclusions in scratchpad/pair-approvals-20260918/excluded.tsv).
PO_0020137	leaf apex	PATO_0000389	acute	leaf apex acute	reusable_phenotype	false	5	saudi_ncvc:5	Commiphora myrrha (Nees) Engl. (p32): acute	Psydrax schimperianus (A.Rich.) Bridson (p68): the leaf apex acute		approved	https://orcid.org/0000-0001-8149-5890	2026-09-18	Surfaced 2026-09-18 (saudi_ncvc:5); passed strict sanity screen; Approved by Robert Hoehndorf (all pairs surfaced 2026-09-18, after strict sanity screen; exclusions in scratchpad/pair-approvals-20260918/excluded.tsv).
PO_0030113	flower pedicel	PATO_0000122	length	flower pedicel length	reusable_trait	true	5	saudi_ncvc:5	Commiphora kataf (Forssk.) Engl. (p30): pedicel 2–4 mm long	Erica arborea L. (p47): 2.25 mm long		approved	https://orcid.org/0000-0001-8149-5890	2026-09-18	Surfaced 2026-09-18 (saudi_ncvc:5); passed strict sanity screen; Approved by Robert Hoehndorf (all pairs surfaced 2026-09-18, after strict sanity screen; exclusions in scratchpad/pair-approvals-20260918/excluded.tsv).
PO_0030126	cyme inflorescence	PATO_0000467	present	cyme inflorescence present	reusable_phenotype	false	5	saudi_ncvc:5	Gymnosporia arbutifolia (Hochst. ex A.Rich.) Loes. (p39): inflorescences cymose	Ziziphus glabrata (B.Heyne ex Schult.) B.Heyne ex Wight & Arn. (p87): determinate		approved	https://orcid.org/0000-0001-8149-5890	2026-09-18	Surfaced 2026-09-18 (saudi_ncvc:5); passed strict sanity screen; Approved by Robert Hoehndorf (all pairs surfaced 2026-09-18, after strict sanity screen; exclusions in scratchpad/pair-approvals-20260918/excluded.tsv).
PO_0009047	stem	PATO_0002348	ligneous	stem ligneous	reusable_phenotype	false	4	saudi_ncvc:4	Commicarpus grandiflorus (A.Rich.) Standl. (p80): woody stem	Atriplex farinosa Forssk. (p116): The stem is woody		approved	https://orcid.org/0000-0001-8149-5890	2026-09-18	Surfaced 2026-09-18 (saudi_ncvc:4); passed strict sanity screen; Approved by Robert Hoehndorf (all pairs surfaced 2026-09-18, after strict sanity screen; exclusions in scratchpad/pair-approvals-20260918/excluded.tsv).
PO_0030091	capsule fruit	PATO_0001499	spherical	capsule fruit spherical	reusable_phenotype	false	4	saudi_ncvc:4	Dombeya torrida (J.F.Gmel.) Bamps (p69): globose	Trichilia emetica Vahl (p70): globose		approved	https://orcid.org/0000-0001-8149-5890	2026-09-18	Surfaced 2026-09-18 (saudi_ncvc:4); passed strict sanity screen; Approved by Robert Hoehndorf (all pairs surfaced 2026-09-18, after strict sanity screen; exclusions in scratchpad/pair-approvals-20260918/excluded.tsv).
PO_0030100	legume fruit	PATO_0000406	curved	legume fruit curved	reusable_phenotype	false	4	saudi_ncvc:4	Tamarindus indica L. (p57): curved (hooked)	Vachellia seyal var. fistula (p64): slightly curved		approved	https://orcid.org/0000-0001-8149-5890	2026-09-18	Surfaced 2026-09-18 (saudi_ncvc:4); passed strict sanity screen; Approved by Robert Hoehndorf (all pairs surfaced 2026-09-18, after strict sanity screen; exclusions in scratchpad/pair-approvals-20260918/excluded.tsv).
PO_0030117	spike inflorescence	PATO_0002476	terminal	spike inflorescence terminal	reusable_phenotype	false	4	saudi_ncvc:4	Ecbolium gymnostachyum (Nees) Milne-Redh. (p110): terminal	Ecbolium viride (Forssk.) Alston (p111): flowers are in terminal spikes		approved	https://orcid.org/0000-0001-8149-5890	2026-09-18	Surfaced 2026-09-18 (saudi_ncvc:4); passed strict sanity screen; Approved by Robert Hoehndorf (all pairs surfaced 2026-09-18, after strict sanity screen; exclusions in scratchpad/pair-approvals-20260918/excluded.tsv).
PO_0030121	capitulum inflorescence	PATO_0002476	terminal	capitulum inflorescence terminal	reusable_phenotype	false	4	saudi_ncvc:4	Baccharoides schimperi (DC.) Isawumi, El-Ghazaly & B.Nord. (p156): Inflorescences (heads) terminal	Kleinia odora (Forssk.) DC. (p158): Flowers terminal in few heads		approved	https://orcid.org/0000-0001-8149-5890	2026-09-18	Surfaced 2026-09-18 (saudi_ncvc:4); passed strict sanity screen; Approved by Robert Hoehndorf (all pairs surfaced 2026-09-18, after strict sanity screen; exclusions in scratchpad/pair-approvals-20260918/excluded.tsv).
PO_0030129	umbel inflorescence	PATO_0000467	present	umbel inflorescence present	reusable_phenotype	false	4	saudi_ncvc:4	Commicarpus grandiflorus (A.Rich.) Standl. (p80): flowers are in umbellate inflorescences	Solenostemma oleifolium (Nectoux) Bullock & E.A.Bruce ex Maire (p145): umbellate		approved	https://orcid.org/0000-0001-8149-5890	2026-09-18	Surfaced 2026-09-18 (saudi_ncvc:4); passed strict sanity screen; Approved by Robert Hoehndorf (all pairs surfaced 2026-09-18, after strict sanity screen; exclusions in scratchpad/pair-approvals-20260918/excluded.tsv).
FLOPO_0980431	plant latex	PATO_0000467	present	plant latex present	reusable_phenotype	false	3	saudi_ncvc:3	Ficus glumosa (p71): with a milky fluid	Ficus palmata subsp. palmata (p73): with milky sap		approved	https://orcid.org/0000-0001-8149-5890	2026-09-18	Surfaced 2026-09-18 (saudi_ncvc:3); passed strict sanity screen; Approved by Robert Hoehndorf (all pairs surfaced 2026-09-18, after strict sanity screen; exclusions in scratchpad/pair-approvals-20260918/excluded.tsv).
PO_0000282	trichome	PATO_0000387	soft	trichome soft	reusable_phenotype	false	3	saudi_ncvc:3	Sophora gibbosa (DC.) Yakovlev (p193): soft, silky, grey hairs	Withania somnifera (L.) Dunal (p249): soft, silvery-grey hairs;		approved	https://orcid.org/0000-0001-8149-5890	2026-09-18	Surfaced 2026-09-18 (saudi_ncvc:3); passed strict sanity screen; Approved by Robert Hoehndorf (all pairs surfaced 2026-09-18, after strict sanity screen; exclusions in scratchpad/pair-approvals-20260918/excluded.tsv).
PO_0000282	trichome	PATO_0000950	grey	trichome grey	reusable_phenotype	false	3	saudi_ncvc:3	Sophora gibbosa (DC.) Yakovlev (p193): grey hairs	Withania somnifera (L.) Dunal (p249): silvery-grey hairs		approved	https://orcid.org/0000-0001-8149-5890	2026-09-18	Surfaced 2026-09-18 (saudi_ncvc:3); passed strict sanity screen; Approved by Robert Hoehndorf (all pairs surfaced 2026-09-18, after strict sanity screen; exclusions in scratchpad/pair-approvals-20260918/excluded.tsv).
PO_0009001	fruit	PATO_0104311	purplish red	fruit purplish red	reusable_phenotype	false	3	saudi_ncvc:3	Gymnosporia arbutifolia (Hochst. ex A.Rich.) Loes. (p39): purplish-red	Terminalia brownii Fresen. (p42): Fruits purple-red in colour		approved	https://orcid.org/0000-0001-8149-5890	2026-09-18	Surfaced 2026-09-18 (saudi_ncvc:3); passed strict sanity screen; Approved by Robert Hoehndorf (all pairs surfaced 2026-09-18, after strict sanity screen; exclusions in scratchpad/pair-approvals-20260918/excluded.tsv).
PO_0020041	stipule	PATO_0001730	deciduous (generic)	stipule deciduous (generic)	reusable_phenotype	false	3	saudi_ncvc:3	Ficus glumosa (p71): and deciduous	Ficus sycomorus L. (p75): and deciduous		approved	https://orcid.org/0000-0001-8149-5890	2026-09-18	Surfaced 2026-09-18 (saudi_ncvc:3); passed strict sanity screen; Approved by Robert Hoehndorf (all pairs surfaced 2026-09-18, after strict sanity screen; exclusions in scratchpad/pair-approvals-20260918/excluded.tsv).
PO_0025034	leaf	PATO_0001272	desaturated green	leaf desaturated green	reusable_phenotype	false	3	saudi_ncvc:3	Ziziphus nummularia (Burm.f.) Wight & Arn. (p89): pale green	Aloe woodii Lavranos & Collen. (p150): pale green		approved	https://orcid.org/0000-0001-8149-5890	2026-09-18	Surfaced 2026-09-18 (saudi_ncvc:3); passed strict sanity screen; Approved by Robert Hoehndorf (all pairs surfaced 2026-09-18, after strict sanity screen; exclusions in scratchpad/pair-approvals-20260918/excluded.tsv).
PO_0025034	leaf	PATO_0104007	greyish green	leaf greyish green	reusable_phenotype	false	3	saudi_ncvc:3	Achillea fragrantissima (Forssk.) Sch.Bip. (p151): grey-green in colour	Capparis spinosa L. (p171): tending to greyish green		approved	https://orcid.org/0000-0001-8149-5890	2026-09-18	Surfaced 2026-09-18 (saudi_ncvc:3); passed strict sanity screen; Approved by Robert Hoehndorf (all pairs surfaced 2026-09-18, after strict sanity screen; exclusions in scratchpad/pair-approvals-20260918/excluded.tsv).
PO_0025034	leaf	PATO_0104020	blue green	leaf blue green	reusable_phenotype	false	3	saudi_ncvc:3	Solenostemma oleifolium (Nectoux) Bullock & E.A.Bruce ex Maire (p145): bluish-green	Aloe rubroviolacea Schweinf. (p149): Leaves bluish-green in colour		approved	https://orcid.org/0000-0001-8149-5890	2026-09-18	Surfaced 2026-09-18 (saudi_ncvc:3); passed strict sanity screen; Approved by Robert Hoehndorf (all pairs surfaced 2026-09-18, after strict sanity screen; exclusions in scratchpad/pair-approvals-20260918/excluded.tsv).
PO_0025073	branch	PATO_0001287	red brown	branch red brown	reusable_phenotype	false	3	saudi_ncvc:3	Vachellia johnwoodii (Boulos) Ragup., Seigler, Ebinger & Maslin (p61): branches reddish brown	Flueggea virosa (Roxb. ex Willd.) Royle (p83): usually reddish brown		approved	https://orcid.org/0000-0001-8149-5890	2026-09-18	Surfaced 2026-09-18 (saudi_ncvc:3); passed strict sanity screen; Approved by Robert Hoehndorf (all pairs surfaced 2026-09-18, after strict sanity screen; exclusions in scratchpad/pair-approvals-20260918/excluded.tsv).
PO_0025073	branch	PATO_0002348	ligneous	branch ligneous	reusable_phenotype	false	3	saudi_ncvc:3	Cornulaca monacantha Delile (p122): woody branches	Capparis spinosa L. (p171): woody, creeping and spiny climbing branches		approved	https://orcid.org/0000-0001-8149-5890	2026-09-18	Surfaced 2026-09-18 (saudi_ncvc:3); passed strict sanity screen; Approved by Robert Hoehndorf (all pairs surfaced 2026-09-18, after strict sanity screen; exclusions in scratchpad/pair-approvals-20260918/excluded.tsv).
PO_0025073	branch	PATO_0104019	succulent	branch succulent	reusable_phenotype	false	3	saudi_ncvc:3	Anabasis articulata (Forssk.) Moq. (p115): The branches are succulent	Zygophyllum mandavillei Hadidi (p255): succulent branches		approved	https://orcid.org/0000-0001-8149-5890	2026-09-18	Surfaced 2026-09-18 (saudi_ncvc:3); passed strict sanity screen; Approved by Robert Hoehndorf (all pairs surfaced 2026-09-18, after strict sanity screen; exclusions in scratchpad/pair-approvals-20260918/excluded.tsv).
PO_0025172	thorn	PATO_0000462	absent	thorn absent	reusable_phenotype	false	3	saudi_ncvc:3	Commiphora gileadensis (L.) C.Chr. (p29): spineless trunk	Commiphora kataf (Forssk.) Engl. (p30): spineless		approved	https://orcid.org/0000-0001-8149-5890	2026-09-18	Surfaced 2026-09-18 (saudi_ncvc:3); passed strict sanity screen; Approved by Robert Hoehndorf (all pairs surfaced 2026-09-18, after strict sanity screen; exclusions in scratchpad/pair-approvals-20260918/excluded.tsv).
PO_0025172	thorn	PATO_0002180	straight	thorn straight	reusable_phenotype	false	3	saudi_ncvc:3	Vachellia seyal var. fistula (p64): Large straight thorns	Vachellia tortilis subsp. raddiana (Savi) Kyal. & Boatwr. (p66): most thorns are straight		approved	https://orcid.org/0000-0001-8149-5890	2026-09-18	Surfaced 2026-09-18 (saudi_ncvc:3); passed strict sanity screen; Approved by Robert Hoehndorf (all pairs surfaced 2026-09-18, after strict sanity screen; exclusions in scratchpad/pair-approvals-20260918/excluded.tsv).
PO_0030091	capsule fruit	PATO_0000322	red	capsule fruit red	reusable_phenotype	false	3	saudi_ncvc:3	Euphorbia cactus Ehrenb. ex Boiss. (p285): red in colour	Euphorbia fractiflexa S.Carter & J.R.I.Wood (p286): red in colour		approved	https://orcid.org/0000-0001-8149-5890	2026-09-18	Surfaced 2026-09-18 (saudi_ncvc:3); passed strict sanity screen; Approved by Robert Hoehndorf (all pairs surfaced 2026-09-18, after strict sanity screen; exclusions in scratchpad/pair-approvals-20260918/excluded.tsv).
PO_0030100	legume fruit	PATO_0000946	oblong	legume fruit oblong	reusable_phenotype	false	3	saudi_ncvc:3	Prosopis cineraria (L.) Druce (p52): oblong	Senna alexandrina Mill. (p190): oblong, compressed and flat pods		approved	https://orcid.org/0000-0001-8149-5890	2026-09-18	Surfaced 2026-09-18 (saudi_ncvc:3); passed strict sanity screen; Approved by Robert Hoehndorf (all pairs surfaced 2026-09-18, after strict sanity screen; exclusions in scratchpad/pair-approvals-20260918/excluded.tsv).
PO_0030100	legume fruit	PATO_0001873	cylindrical	legume fruit cylindrical	reusable_phenotype	false	3	saudi_ncvc:3	Indigofera arrecta Hochst. ex A.Rich. (p291): cylindrical pod	Indigofera colutea (Burm.f.) Merr. (p293): cylindrical pod		approved	https://orcid.org/0000-0001-8149-5890	2026-09-18	Surfaced 2026-09-18 (saudi_ncvc:3); passed strict sanity screen; Approved by Robert Hoehndorf (all pairs surfaced 2026-09-18, after strict sanity screen; exclusions in scratchpad/pair-approvals-20260918/excluded.tsv).
PO_0030102	nut fruit	PATO_0001245	dark brown	nut fruit dark brown	reusable_phenotype	false	3	saudi_ncvc:3	Lavandula atriplicifolia Benth. (p200): dark brown	Lavandula pubescens Decne. (p202): dark brown		approved	https://orcid.org/0000-0001-8149-5890	2026-09-18	Surfaced 2026-09-18 (saudi_ncvc:3); passed strict sanity screen; Approved by Robert Hoehndorf (all pairs surfaced 2026-09-18, after strict sanity screen; exclusions in scratchpad/pair-approvals-20260918/excluded.tsv).
PO_0030103	drupe fruit	PATO_0000921	width	drupe fruit width	reusable_trait	true	3	saudi_ncvc:3	Ziziphus mucronata Willd. (p88): 10-15 mm wide	Tinospora bakis (A.Rich.) Miers (p307): 4 mm wide		approved	https://orcid.org/0000-0001-8149-5890	2026-09-18	Surfaced 2026-09-18 (saudi_ncvc:3); passed strict sanity screen; Approved by Robert Hoehndorf (all pairs surfaced 2026-09-18, after strict sanity screen; exclusions in scratchpad/pair-approvals-20260918/excluded.tsv).
PO_0030106	silique fruit	PATO_0000467	present	silique fruit present	reusable_phenotype	false	3	saudi_ncvc:3	Diplotaxis harra (Forssk.) Boiss. (p275): Fruit a silique	Matthiola arabica Boiss. (p276): Fruit a silique		approved	https://orcid.org/0000-0001-8149-5890	2026-09-18	Surfaced 2026-09-18 (saudi_ncvc:3); passed strict sanity screen; Approved by Robert Hoehndorf (all pairs surfaced 2026-09-18, after strict sanity screen; exclusions in scratchpad/pair-approvals-20260918/excluded.tsv).
PO_0030115	raceme inflorescence	PATO_0002476	terminal	raceme inflorescence terminal	reusable_phenotype	false	3	saudi_ncvc:3	Sophora gibbosa (DC.) Yakovlev (p193): in terminal racemes	Rumex nervosus Vahl (p226): in terminal racemes		approved	https://orcid.org/0000-0001-8149-5890	2026-09-18	Surfaced 2026-09-18 (saudi_ncvc:3); passed strict sanity screen; Approved by Robert Hoehndorf (all pairs surfaced 2026-09-18, after strict sanity screen; exclusions in scratchpad/pair-approvals-20260918/excluded.tsv).
PO_0000003	whole plant	PATO_0001331	odorous	whole plant odorous	reusable_phenotype	false	2	saudi_ncvc:2	Pluchea dioscoridis (L.) DC. (p160): aromatic	Lavandula dentata L. (p201): distinguished by its pleasant fragrance		approved	https://orcid.org/0000-0001-8149-5890	2026-09-18	Surfaced 2026-09-18 (saudi_ncvc:2); passed strict sanity screen; Approved by Robert Hoehndorf (all pairs surfaced 2026-09-18, after strict sanity screen; exclusions in scratchpad/pair-approvals-20260918/excluded.tsv).
PO_0000049	leaf lamina abaxial epidermis	PATO_0000454	hairy	leaf lamina abaxial epidermis hairy	reusable_phenotype	false	2	saudi_ncvc:2	Cordia africana L. (p24): hairs beneath;	Cotoneaster nummularius Fisch. & C.A.Mey. (p234): hairy beneath		approved	https://orcid.org/0000-0001-8149-5890	2026-09-18	Surfaced 2026-09-18 (saudi_ncvc:2); passed strict sanity screen; Approved by Robert Hoehndorf (all pairs surfaced 2026-09-18, after strict sanity screen; exclusions in scratchpad/pair-approvals-20260918/excluded.tsv).
PO_0000050	leaf lamina adaxial epidermis	PATO_0000453	glabrous	leaf lamina adaxial epidermis glabrous	reusable_phenotype	false	2	saudi_ncvc:2	Maerua triphylla A.Rich. (p175): upper surface glabrous	Cotoneaster nummularius Fisch. & C.A.Mey. (p234): glabrous above		approved	https://orcid.org/0000-0001-8149-5890	2026-09-18	Surfaced 2026-09-18 (saudi_ncvc:2); passed strict sanity screen; Approved by Robert Hoehndorf (all pairs surfaced 2026-09-18, after strict sanity screen; exclusions in scratchpad/pair-approvals-20260918/excluded.tsv).
PO_0004518	bark	PATO_0001268	desaturated brown	bark desaturated brown	reusable_phenotype	false	2	saudi_ncvc:2	Tarchonanthus camphoratus L. (p23): Bark pale brown	Cordia africana L. (p24): bark pale brown		approved	https://orcid.org/0000-0001-8149-5890	2026-09-18	Surfaced 2026-09-18 (saudi_ncvc:2); passed strict sanity screen; Approved by Robert Hoehndorf (all pairs surfaced 2026-09-18, after strict sanity screen; exclusions in scratchpad/pair-approvals-20260918/excluded.tsv).
PO_0004545	shoot-borne shoot system	PATO_0000122	length	shoot-borne shoot system length	reusable_trait	true	2	saudi_ncvc:2	Lotus goetzei Harms (p297): Branches 30 cm long	Lotus quinatus (Forssk.) J.B.Gillett (p298): Branches 50 cm long		approved	https://orcid.org/0000-0001-8149-5890	2026-09-18	Surfaced 2026-09-18 (saudi_ncvc:2); passed strict sanity screen; Approved by Robert Hoehndorf (all pairs surfaced 2026-09-18, after strict sanity screen; exclusions in scratchpad/pair-approvals-20260918/excluded.tsv).
PO_0004545	shoot-borne shoot system	PATO_0000454	hairy	shoot-borne shoot system hairy	reusable_phenotype	false	2	saudi_ncvc:2	Geranium trilophum Boiss. (p302): and hairy	Rhoicissus revoilii Planch. (p317): hairs on the branches		approved	https://orcid.org/0000-0001-8149-5890	2026-09-18	Surfaced 2026-09-18 (saudi_ncvc:2); passed strict sanity screen; Approved by Robert Hoehndorf (all pairs surfaced 2026-09-18, after strict sanity screen; exclusions in scratchpad/pair-approvals-20260918/excluded.tsv).
PO_0005031	microsporangiate strobilus	PATO_0001629	aggregated	microsporangiate strobilus aggregated	reusable_phenotype	false	2	saudi_ncvc:2	Ephedra foeminea Forssk. (p183): Male cones clustered in the axils	Ephedra pachyclada Boiss. (p184): male cones axillary and clustered		approved	https://orcid.org/0000-0001-8149-5890	2026-09-18	Surfaced 2026-09-18 (saudi_ncvc:2); passed strict sanity screen; Approved by Robert Hoehndorf (all pairs surfaced 2026-09-18, after strict sanity screen; exclusions in scratchpad/pair-approvals-20260918/excluded.tsv).
PO_0005031	microsporangiate strobilus	PATO_0002476	terminal	microsporangiate strobilus terminal	reusable_phenotype	false	2	saudi_ncvc:2	Ephedra ciliata Fisch. & C.A.Mey. (p182): male cones are at the end [as] projections on the branches;	Ephedra ciliata Fisch. & C.A.Mey. (p284): male cones are borne terminally as protuberances on the branches		approved	https://orcid.org/0000-0001-8149-5890	2026-09-18	Surfaced 2026-09-18 (saudi_ncvc:2); passed strict sanity screen; Approved by Robert Hoehndorf (all pairs surfaced 2026-09-18, after strict sanity screen; exclusions in scratchpad/pair-approvals-20260918/excluded.tsv).
PO_0006018	leaf adaxial epidermis	PATO_0000320	green	leaf adaxial epidermis green	reusable_phenotype	false	2	saudi_ncvc:2	Orbivestus leopoldii (Sch.Bip. ex Walp.) H.Rob. (p159): green above	Stephanotis schimperi (Decne.) S.Reuss, Liede & Meve (p266): green on the upper surface		approved	https://orcid.org/0000-0001-8149-5890	2026-09-18	Surfaced 2026-09-18 (saudi_ncvc:2); passed strict sanity screen; Approved by Robert Hoehndorf (all pairs surfaced 2026-09-18, after strict sanity screen; exclusions in scratchpad/pair-approvals-20260918/excluded.tsv).
PO_0006018	leaf adaxial epidermis	PATO_0001249	dark green	leaf adaxial epidermis dark green	reusable_phenotype	false	2	saudi_ncvc:2	Prunus arabica (Olivier) Meikle (p92): upper surface dark green	Lepidagathis scariosa Nees (p112): upper surface is dark green		approved	https://orcid.org/0000-0001-8149-5890	2026-09-18	Surfaced 2026-09-18 (saudi_ncvc:2); passed strict sanity screen; Approved by Robert Hoehndorf (all pairs surfaced 2026-09-18, after strict sanity screen; exclusions in scratchpad/pair-approvals-20260918/excluded.tsv).
PO_0009001	fruit	PATO_0104019	succulent	fruit succulent	reusable_phenotype	false	2	saudi_ncvc:2	Olea europaea subsp. cuspidata (Wall. & G.Don) Cif. (p81): fruits are fleshy	Crinum album (Forssk.) Herb. (p260): succulent		approved	https://orcid.org/0000-0001-8149-5890	2026-09-18	Surfaced 2026-09-18 (saudi_ncvc:2); passed strict sanity screen; Approved by Robert Hoehndorf (all pairs surfaced 2026-09-18, after strict sanity screen; exclusions in scratchpad/pair-approvals-20260918/excluded.tsv).
PO_0009006	shoot system	PATO_0000407	flat	shoot system flat	reusable_phenotype	false	2	saudi_ncvc:2	Vachellia johnwoodii (Boulos) Ragup., Seigler, Ebinger & Maslin (p61): with a flat crown	Vachellia origena (Hunde) Kyal. & Boatwr. (p63): flat-topped		approved	https://orcid.org/0000-0001-8149-5890	2026-09-18	Surfaced 2026-09-18 (saudi_ncvc:2); passed strict sanity screen; Approved by Robert Hoehndorf (all pairs surfaced 2026-09-18, after strict sanity screen; exclusions in scratchpad/pair-approvals-20260918/excluded.tsv).
PO_0009006	shoot system	PATO_0001164	dense	shoot system dense	reusable_phenotype	false	2	saudi_ncvc:2	Vachellia tortilis subsp. raddiana (Savi) Kyal. & Boatwr. (p66): a dense, rounded crown	Trichilia emetica Vahl (p70): dense spreading crown		approved	https://orcid.org/0000-0001-8149-5890	2026-09-18	Surfaced 2026-09-18 (saudi_ncvc:2); passed strict sanity screen; Approved by Robert Hoehndorf (all pairs surfaced 2026-09-18, after strict sanity screen; exclusions in scratchpad/pair-approvals-20260918/excluded.tsv).
PO_0009010	seed	PATO_0001947	netted	seed netted	reusable_phenotype	false	2	saudi_ncvc:2	Geranium biuncinatum Kokwaro (p301): seeds are reticulately veined	Geranium trilophum Boiss. (p302): seeds are reticulately veined		approved	https://orcid.org/0000-0001-8149-5890	2026-09-18	Surfaced 2026-09-18 (saudi_ncvc:2); passed strict sanity screen; Approved by Robert Hoehndorf (all pairs surfaced 2026-09-18, after strict sanity screen; exclusions in scratchpad/pair-approvals-20260918/excluded.tsv).
PO_0009047	stem	PATO_0104016	terete	stem terete	reusable_phenotype	false	2	saudi_ncvc:2	Aerva javanica (Burm.f.) Juss. ex Schult. (p113): rounded stems	Kleinia odora (Forssk.) DC. (p158): round		approved	https://orcid.org/0000-0001-8149-5890	2026-09-18	Surfaced 2026-09-18 (saudi_ncvc:2); passed strict sanity screen; Approved by Robert Hoehndorf (all pairs surfaced 2026-09-18, after strict sanity screen; exclusions in scratchpad/pair-approvals-20260918/excluded.tsv).
PO_0009047	stem	PATO_0104019	succulent	stem succulent	reusable_phenotype	false	2	saudi_ncvc:2	Haloxylon persicum Bunge (p124): succulent stems	Haloxylon salicornicum (Moq.) Bunge ex Boiss. (p125): succulent		approved	https://orcid.org/0000-0001-8149-5890	2026-09-18	Surfaced 2026-09-18 (saudi_ncvc:2); passed strict sanity screen; Approved by Robert Hoehndorf (all pairs surfaced 2026-09-18, after strict sanity screen; exclusions in scratchpad/pair-approvals-20260918/excluded.tsv).
PO_0009049	inflorescence	PATO_0104031	cream	inflorescence cream	reusable_phenotype	false	2	saudi_ncvc:2	Senegalia mellifera (Benth.) Seigler & Ebinger (p56): inflorescences creamy white	Vachellia etbaica (Schweinf.) Kyal. & Boatwr. (p58): inflorescences creamy white		approved	https://orcid.org/0000-0001-8149-5890	2026-09-18	Surfaced 2026-09-18 (saudi_ncvc:2); passed strict sanity screen; Approved by Robert Hoehndorf (all pairs surfaced 2026-09-18, after strict sanity screen; exclusions in scratchpad/pair-approvals-20260918/excluded.tsv).
PO_0020041	stipule	PATO_0001365	spiny	stipule spiny	reusable_phenotype	false	2	saudi_ncvc:2	Ziziphus spina-christi (L.) Desf. (p90): spiny	Capparis decidua (Forssk.) Edgew. (p170): stipules spiny		approved	https://orcid.org/0000-0001-8149-5890	2026-09-18	Surfaced 2026-09-18 (saudi_ncvc:2); passed strict sanity screen; Approved by Robert Hoehndorf (all pairs surfaced 2026-09-18, after strict sanity screen; exclusions in scratchpad/pair-approvals-20260918/excluded.tsv).
PO_0020041	stipule	PATO_0001436	sessile (sensu botany)	stipule sessile (sensu botany)	reusable_phenotype	false	2	saudi_ncvc:2	Ficus glumosa (p71): stipules are sessile	Ficus sycomorus L. (p75): stipules are sessile		approved	https://orcid.org/0000-0001-8149-5890	2026-09-18	Surfaced 2026-09-18 (saudi_ncvc:2); passed strict sanity screen; Approved by Robert Hoehndorf (all pairs surfaced 2026-09-18, after strict sanity screen; exclusions in scratchpad/pair-approvals-20260918/excluded.tsv).
PO_0020075	mericarp	PATO_0000467	present	mericarp present	reusable_phenotype	false	2	saudi_ncvc:2	Geranium biuncinatum Kokwaro (p301): fruit is a mericarp	Geranium trilophum Boiss. (p302): fruit is a mericarp		approved	https://orcid.org/0000-0001-8149-5890	2026-09-18	Surfaced 2026-09-18 (saudi_ncvc:2); passed strict sanity screen; Approved by Robert Hoehndorf (all pairs surfaced 2026-09-18, after strict sanity screen; exclusions in scratchpad/pair-approvals-20260918/excluded.tsv).
PO_0020128	leaf margin	PATO_0002359	broad	leaf margin broad	reusable_phenotype	false	2	saudi_ncvc:2	Deverra triradiata Hochst. ex Boiss. (p134): the upper cauline leaves have broad membranous margins	Deverra triradiata subsp. musilii Hochst. ex Boiss. (p135): broad white margins		approved	https://orcid.org/0000-0001-8149-5890	2026-09-18	Surfaced 2026-09-18 (saudi_ncvc:2); passed strict sanity screen; Approved by Robert Hoehndorf (all pairs surfaced 2026-09-18, after strict sanity screen; exclusions in scratchpad/pair-approvals-20260918/excluded.tsv).
PO_0020137	leaf apex	PATO_0002258	pointed	leaf apex pointed	reusable_phenotype	false	2	saudi_ncvc:2	Retama raetam (Forssk.) Webb & Berthel. (p188): with a pointed tip	Panicum turgidum Forssk. (p222): with a pointed tip		approved	https://orcid.org/0000-0001-8149-5890	2026-09-18	Surfaced 2026-09-18 (saudi_ncvc:2); passed strict sanity screen; Approved by Robert Hoehndorf (all pairs surfaced 2026-09-18, after strict sanity screen; exclusions in scratchpad/pair-approvals-20260918/excluded.tsv).
PO_0025034	leaf	PATO_0104041	velutinous	leaf velutinous	reusable_phenotype	false	2	saudi_ncvc:2	Dombeya torrida (J.F.Gmel.) Bamps (p69): velvety-hairy	Aerva javanica (Burm.f.) Juss. ex Schult. (p113): velvety in texture		approved	https://orcid.org/0000-0001-8149-5890	2026-09-18	Surfaced 2026-09-18 (saudi_ncvc:2); passed strict sanity screen; Approved by Robert Hoehndorf (all pairs surfaced 2026-09-18, after strict sanity screen; exclusions in scratchpad/pair-approvals-20260918/excluded.tsv).
PO_0025073	branch	PATO_0001544	flexible	branch flexible	reusable_phenotype	false	2	saudi_ncvc:2	Calligonum comosum L'Hér. (p223): characterized by their flexibility	Calligonum crinitum subsp. arabicum (Soskov) Soskov (p224): characterized by their flexibility		approved	https://orcid.org/0000-0001-8149-5890	2026-09-18	Surfaced 2026-09-18 (saudi_ncvc:2); passed strict sanity screen; Approved by Robert Hoehndorf (all pairs surfaced 2026-09-18, after strict sanity screen; exclusions in scratchpad/pair-approvals-20260918/excluded.tsv).
PO_0025073	branch	PATO_0002445	torsioned	branch torsioned	reusable_phenotype	false	2	saudi_ncvc:2	Maerua crassifolia Forssk. (p38): twisted branches	Searsia tripartita (Ucria) Moffett (p132): The branches are twisted		approved	https://orcid.org/0000-0001-8149-5890	2026-09-18	Surfaced 2026-09-18 (saudi_ncvc:2); passed strict sanity screen; Approved by Robert Hoehndorf (all pairs surfaced 2026-09-18, after strict sanity screen; exclusions in scratchpad/pair-approvals-20260918/excluded.tsv).
PO_0025083	strobilus	PATO_0001891	ovate	strobilus ovate	reusable_phenotype	false	2	saudi_ncvc:2	Ephedra ciliata Fisch. & C.A.Mey. (p182): the small cones ovoid	Ephedra ciliata Fisch. & C.A.Mey. (p284): small cones ovate		approved	https://orcid.org/0000-0001-8149-5890	2026-09-18	Surfaced 2026-09-18 (saudi_ncvc:2); passed strict sanity screen; Approved by Robert Hoehndorf (all pairs surfaced 2026-09-18, after strict sanity screen; exclusions in scratchpad/pair-approvals-20260918/excluded.tsv).
PO_0025172	thorn	PATO_0000323	white	thorn white	reusable_phenotype	false	2	saudi_ncvc:2	Vachellia flava (Forssk.) Kyal. & Boatwr. (p59): white	Vachellia tortilis subsp. raddiana (Savi) Kyal. & Boatwr. (p66): and white		approved	https://orcid.org/0000-0001-8149-5890	2026-09-18	Surfaced 2026-09-18 (saudi_ncvc:2); passed strict sanity screen; Approved by Robert Hoehndorf (all pairs surfaced 2026-09-18, after strict sanity screen; exclusions in scratchpad/pair-approvals-20260918/excluded.tsv).
PO_0025172	thorn	PATO_0001419	sharp	thorn sharp	reusable_phenotype	false	2	saudi_ncvc:2	Commiphora myrrha (Nees) Engl. (p32): branches end in a sharp spine	Vachellia nilotica subsp. indica (Benth.) Kyal. & Boatwr. (p62): sharp		approved	https://orcid.org/0000-0001-8149-5890	2026-09-18	Surfaced 2026-09-18 (saudi_ncvc:2); passed strict sanity screen; Approved by Robert Hoehndorf (all pairs surfaced 2026-09-18, after strict sanity screen; exclusions in scratchpad/pair-approvals-20260918/excluded.tsv).
PO_0025172	thorn	PATO_0002212	slender	thorn slender	reusable_phenotype	false	2	saudi_ncvc:2	Vachellia flava (Forssk.) Kyal. & Boatwr. (p59): rather slender	Oncoba spinosa Forssk. (p240): slender axillary spines		approved	https://orcid.org/0000-0001-8149-5890	2026-09-18	Surfaced 2026-09-18 (saudi_ncvc:2); passed strict sanity screen; Approved by Robert Hoehndorf (all pairs surfaced 2026-09-18, after strict sanity screen; exclusions in scratchpad/pair-approvals-20260918/excluded.tsv).
PO_0025174	spine stipule	PATO_0001365	spiny	spine stipule spiny	reusable_phenotype	false	2	saudi_ncvc:2	Vachellia etbaica (Schweinf.) Kyal. & Boatwr. (p58): spiny stipules	Vachellia gerrardii var. najdensis (Chaudhary) Ragup., Seigler, Ebinger & Maslin (p60): stipular spines		approved	https://orcid.org/0000-0001-8149-5890	2026-09-18	Surfaced 2026-09-18 (saudi_ncvc:2); passed strict sanity screen; Approved by Robert Hoehndorf (all pairs surfaced 2026-09-18, after strict sanity screen; exclusions in scratchpad/pair-approvals-20260918/excluded.tsv).
PO_0025174	spine stipule	PATO_0002310	robust	spine stipule robust	reusable_phenotype	false	2	saudi_ncvc:2	Faidherbia albida (Delile) A.Chev. (p51): strong	Vachellia origena (Hunde) Kyal. & Boatwr. (p63): strong, medium-sized spines		approved	https://orcid.org/0000-0001-8149-5890	2026-09-18	Surfaced 2026-09-18 (saudi_ncvc:2); passed strict sanity screen; Approved by Robert Hoehndorf (all pairs surfaced 2026-09-18, after strict sanity screen; exclusions in scratchpad/pair-approvals-20260918/excluded.tsv).
PO_0030091	capsule fruit	PATO_0000122	length	capsule fruit length	reusable_trait	true	2	saudi_ncvc:2	Hypericum revolutum Vahl (p199): capsule 12 × 10 mm	Woodfordia fruticosa (L.) Kurz (p206): 6–10 mm long		approved	https://orcid.org/0000-0001-8149-5890	2026-09-18	Surfaced 2026-09-18 (saudi_ncvc:2); passed strict sanity screen; Approved by Robert Hoehndorf (all pairs surfaced 2026-09-18, after strict sanity screen; exclusions in scratchpad/pair-approvals-20260918/excluded.tsv).
PO_0030091	capsule fruit	PATO_0001875	triangular	capsule fruit triangular	reusable_phenotype	false	2	saudi_ncvc:2	Euphorbia fractiflexa S.Carter & J.R.I.Wood (p286): three-angled	Euphorbia parciramulosa Schweinf. (p288): three-angled		approved	https://orcid.org/0000-0001-8149-5890	2026-09-18	Surfaced 2026-09-18 (saudi_ncvc:2); passed strict sanity screen; Approved by Robert Hoehndorf (all pairs surfaced 2026-09-18, after strict sanity screen; exclusions in scratchpad/pair-approvals-20260918/excluded.tsv).
PO_0030098	schizocarp fruit	PATO_0000467	present	schizocarp fruit present	reusable_phenotype	false	2	saudi_ncvc:2	Pavonia burchellii (DC.) R.A.Dyer (p214): The fruit is a schizocarp	Pavonia triloba Guill. & Perr. (p215): Fruit schizocarpic		approved	https://orcid.org/0000-0001-8149-5890	2026-09-18	Surfaced 2026-09-18 (saudi_ncvc:2); passed strict sanity screen; Approved by Robert Hoehndorf (all pairs surfaced 2026-09-18, after strict sanity screen; exclusions in scratchpad/pair-approvals-20260918/excluded.tsv).
PO_0030100	legume fruit	PATO_0000453	glabrous	legume fruit glabrous	reusable_phenotype	false	2	saudi_ncvc:2	Vachellia flava (Forssk.) Kyal. & Boatwr. (p59): glabrous	Rhynchosia minima (L.) DC. (p299): glabrous pods		approved	https://orcid.org/0000-0001-8149-5890	2026-09-18	Surfaced 2026-09-18 (saudi_ncvc:2); passed strict sanity screen; Approved by Robert Hoehndorf (all pairs surfaced 2026-09-18, after strict sanity screen; exclusions in scratchpad/pair-approvals-20260918/excluded.tsv).
PO_0030100	legume fruit	PATO_0000454	hairy	legume fruit hairy	reusable_phenotype	false	2	saudi_ncvc:2	Vachellia etbaica (Schweinf.) Kyal. & Boatwr. (p58): densely hairy	Vachellia johnwoodii (Boulos) Ragup., Seigler, Ebinger & Maslin (p61): hairy up to the base		approved	https://orcid.org/0000-0001-8149-5890	2026-09-18	Surfaced 2026-09-18 (saudi_ncvc:2); passed strict sanity screen; Approved by Robert Hoehndorf (all pairs surfaced 2026-09-18, after strict sanity screen; exclusions in scratchpad/pair-approvals-20260918/excluded.tsv).
PO_0030100	legume fruit	PATO_0001245	dark brown	legume fruit dark brown	reusable_phenotype	false	2	saudi_ncvc:2	Senegalia mellifera (Benth.) Seigler & Ebinger (p56): pods dark brown	Senna italica Mill. (p191): with a dark brown central area		approved	https://orcid.org/0000-0001-8149-5890	2026-09-18	Surfaced 2026-09-18 (saudi_ncvc:2); passed strict sanity screen; Approved by Robert Hoehndorf (all pairs surfaced 2026-09-18, after strict sanity screen; exclusions in scratchpad/pair-approvals-20260918/excluded.tsv).
PO_0030100	legume fruit	PATO_0002215	falciform	legume fruit falciform	reusable_phenotype	false	2	saudi_ncvc:2	Prosopis koelziana Burkart (p53): falcate in shape	Vachellia flava (Forssk.) Kyal. & Boatwr. (p59): falcate		approved	https://orcid.org/0000-0001-8149-5890	2026-09-18	Surfaced 2026-09-18 (saudi_ncvc:2); passed strict sanity screen; Approved by Robert Hoehndorf (all pairs surfaced 2026-09-18, after strict sanity screen; exclusions in scratchpad/pair-approvals-20260918/excluded.tsv).
PO_0030100	legume fruit	PATO_0002226	subcylindrical	legume fruit subcylindrical	reusable_phenotype	false	2	saudi_ncvc:2	Prosopis cineraria (L.) Druce (p52): subcylindrical	Tamarindus indica L. (p57): subcylindrical in shape		approved	https://orcid.org/0000-0001-8149-5890	2026-09-18	Surfaced 2026-09-18 (saudi_ncvc:2); passed strict sanity screen; Approved by Robert Hoehndorf (all pairs surfaced 2026-09-18, after strict sanity screen; exclusions in scratchpad/pair-approvals-20260918/excluded.tsv).
PO_0030100	legume fruit	PATO_0002312	segmented	legume fruit segmented	reusable_phenotype	false	2	saudi_ncvc:2	Taverniera lappacea (Forssk.) DC. (p196): usually with 1–2 segments	Taverniera spartea DC. (p197): pods with 1–2 segments		approved	https://orcid.org/0000-0001-8149-5890	2026-09-18	Surfaced 2026-09-18 (saudi_ncvc:2); passed strict sanity screen; Approved by Robert Hoehndorf (all pairs surfaced 2026-09-18, after strict sanity screen; exclusions in scratchpad/pair-approvals-20260918/excluded.tsv).
PO_0030100	legume fruit	PATO_0002445	torsioned	legume fruit torsioned	reusable_phenotype	false	2	saudi_ncvc:2	Vachellia tortilis subsp. tortilis (p67): pods are usually twisted	Sophora gibbosa (DC.) Yakovlev (p193): twisted pods		approved	https://orcid.org/0000-0001-8149-5890	2026-09-18	Surfaced 2026-09-18 (saudi_ncvc:2); passed strict sanity screen; Approved by Robert Hoehndorf (all pairs surfaced 2026-09-18, after strict sanity screen; exclusions in scratchpad/pair-approvals-20260918/excluded.tsv).
PO_0030102	nut fruit	PATO_0000946	oblong	nut fruit oblong	reusable_phenotype	false	2	saudi_ncvc:2	Lavandula atriplicifolia Benth. (p200): oblong	Lavandula dentata L. (p201): oblong		approved	https://orcid.org/0000-0001-8149-5890	2026-09-18	Surfaced 2026-09-18 (saudi_ncvc:2); passed strict sanity screen; Approved by Robert Hoehndorf (all pairs surfaced 2026-09-18, after strict sanity screen; exclusions in scratchpad/pair-approvals-20260918/excluded.tsv).
PO_0030102	nut fruit	PATO_0000952	brown	nut fruit brown	reusable_phenotype	false	2	saudi_ncvc:2	Lavandula dentata L. (p201): brown	Cyperus alternifolius L. (p283): brown tending to copper-coloured		approved	https://orcid.org/0000-0001-8149-5890	2026-09-18	Surfaced 2026-09-18 (saudi_ncvc:2); passed strict sanity screen; Approved by Robert Hoehndorf (all pairs surfaced 2026-09-18, after strict sanity screen; exclusions in scratchpad/pair-approvals-20260918/excluded.tsv).
PO_0030103	drupe fruit	PATO_0000322	red	drupe fruit red	reusable_phenotype	false	2	saudi_ncvc:2	Ziziphus mucronata Willd. (p88): tending to red	Osyris lanceolata Hochst. & Steud. (p315): shiny red		approved	https://orcid.org/0000-0001-8149-5890	2026-09-18	Surfaced 2026-09-18 (saudi_ncvc:2); passed strict sanity screen; Approved by Robert Hoehndorf (all pairs surfaced 2026-09-18, after strict sanity screen; exclusions in scratchpad/pair-approvals-20260918/excluded.tsv).
PO_0030103	drupe fruit	PATO_0001499	spherical	drupe fruit spherical	reusable_phenotype	false	2	saudi_ncvc:2	Premna resinosa (Hochst.) Schauer (p204): spherical	Osyris lanceolata Hochst. & Steud. (p315): spherical in shape		approved	https://orcid.org/0000-0001-8149-5890	2026-09-18	Surfaced 2026-09-18 (saudi_ncvc:2); passed strict sanity screen; Approved by Robert Hoehndorf (all pairs surfaced 2026-09-18, after strict sanity screen; exclusions in scratchpad/pair-approvals-20260918/excluded.tsv).
PO_0030103	drupe fruit	PATO_0001979	lobed	drupe fruit lobed	reusable_phenotype	false	2	saudi_ncvc:2	Grewia erythraea Schweinf. (p208): 2–4-lobed	Grewia tenax (Forssk.) Fiori (p210): 2–4-lobed		approved	https://orcid.org/0000-0001-8149-5890	2026-09-18	Surfaced 2026-09-18 (saudi_ncvc:2); passed strict sanity screen; Approved by Robert Hoehndorf (all pairs surfaced 2026-09-18, after strict sanity screen; exclusions in scratchpad/pair-approvals-20260918/excluded.tsv).
PO_0030108	berry fruit	PATO_0000921	width	berry fruit width	reusable_trait	true	2	saudi_ncvc:2	Maesa lanceolata Forssk. (p85): 5 mm wide	Cissus quadrangularis L. (p316): 6 mm wide		approved	https://orcid.org/0000-0001-8149-5890	2026-09-18	Surfaced 2026-09-18 (saudi_ncvc:2); passed strict sanity screen; Approved by Robert Hoehndorf (all pairs surfaced 2026-09-18, after strict sanity screen; exclusions in scratchpad/pair-approvals-20260918/excluded.tsv).
PO_0030108	berry fruit	PATO_0001499	spherical	berry fruit spherical	reusable_phenotype	false	2	saudi_ncvc:2	Maesa lanceolata Forssk. (p85): globose	Rhoicissus revoilii Planch. (p317): spherical in shape		approved	https://orcid.org/0000-0001-8149-5890	2026-09-18	Surfaced 2026-09-18 (saudi_ncvc:2); passed strict sanity screen; Approved by Robert Hoehndorf (all pairs surfaced 2026-09-18, after strict sanity screen; exclusions in scratchpad/pair-approvals-20260918/excluded.tsv).
PO_0030108	berry fruit	PATO_0001891	ovate	berry fruit ovate	reusable_phenotype	false	2	saudi_ncvc:2	Jasminum grandiflorum L. (p308): ovoid and rounded	Cissus quadrangularis L. (p316): ovoid in shape		approved	https://orcid.org/0000-0001-8149-5890	2026-09-18	Surfaced 2026-09-18 (saudi_ncvc:2); passed strict sanity screen; Approved by Robert Hoehndorf (all pairs surfaced 2026-09-18, after strict sanity screen; exclusions in scratchpad/pair-approvals-20260918/excluded.tsv).
PO_0030121	capitulum inflorescence	PATO_0002388	pedunculate	capitulum inflorescence pedunculate	reusable_phenotype	false	2	saudi_ncvc:2	Vachellia johnwoodii (Boulos) Ragup., Seigler, Ebinger & Maslin (p61): on a peduncle	Baccharoides schimperi (DC.) Isawumi, El-Ghazaly & B.Nord. (p156): pedunculate		approved	https://orcid.org/0000-0001-8149-5890	2026-09-18	Surfaced 2026-09-18 (saudi_ncvc:2); passed strict sanity screen; Approved by Robert Hoehndorf (all pairs surfaced 2026-09-18, after strict sanity screen; exclusions in scratchpad/pair-approvals-20260918/excluded.tsv).
PO_0030121	capitulum inflorescence	PATO_0104031	cream	capitulum inflorescence cream	reusable_phenotype	false	2	saudi_ncvc:2	Vachellia gerrardii var. najdensis (Chaudhary) Ragup., Seigler, Ebinger & Maslin (p60): creamy white	Vachellia origena (Hunde) Kyal. & Boatwr. (p63): creamy white		approved	https://orcid.org/0000-0001-8149-5890	2026-09-18	Surfaced 2026-09-18 (saudi_ncvc:2); passed strict sanity screen; Approved by Robert Hoehndorf (all pairs surfaced 2026-09-18, after strict sanity screen; exclusions in scratchpad/pair-approvals-20260918/excluded.tsv).
PO_0000003	whole plant	PATO_0001249	dark green	whole plant dark green	reusable_phenotype	false	1	saudi_ncvc:1	Euphorbia ammak Schweinf. (p48): dark green in colour			approved	https://orcid.org/0000-0001-8149-5890	2026-09-18	Surfaced 2026-09-18 (saudi_ncvc:1); passed strict sanity screen; Approved by Robert Hoehndorf (all pairs surfaced 2026-09-18, after strict sanity screen; exclusions in scratchpad/pair-approvals-20260918/excluded.tsv).
PO_0000003	whole plant	PATO_0001734	semi-deciduous(plant)	whole plant semi-deciduous(plant)	reusable_phenotype	false	1	saudi_ncvc:1	Flueggea virosa (Roxb. ex Willd.) Royle (p83): semi-deciduous			approved	https://orcid.org/0000-0001-8149-5890	2026-09-18	Surfaced 2026-09-18 (saudi_ncvc:1); passed strict sanity screen; Approved by Robert Hoehndorf (all pairs surfaced 2026-09-18, after strict sanity screen; exclusions in scratchpad/pair-approvals-20260918/excluded.tsv).
PO_0000003	whole plant	PATO_0104114	yellowish green	whole plant yellowish green	reusable_phenotype	false	1	saudi_ncvc:1	Capparis decidua (Forssk.) Edgew. (p170): yellowish green in colour			approved	https://orcid.org/0000-0001-8149-5890	2026-09-18	Surfaced 2026-09-18 (saudi_ncvc:1); passed strict sanity screen; Approved by Robert Hoehndorf (all pairs surfaced 2026-09-18, after strict sanity screen; exclusions in scratchpad/pair-approvals-20260918/excluded.tsv).
PO_0000013	cauline leaf	PATO_0000454	hairy	cauline leaf hairy	reusable_phenotype	false	1	saudi_ncvc:1	Deverra tortuosa (Desf.) DC. (p133): the upper cauline leaves are covered with hairs			approved	https://orcid.org/0000-0001-8149-5890	2026-09-18	Surfaced 2026-09-18 (saudi_ncvc:1); passed strict sanity screen; Approved by Robert Hoehndorf (all pairs surfaced 2026-09-18, after strict sanity screen; exclusions in scratchpad/pair-approvals-20260918/excluded.tsv).
PO_0000013	cauline leaf	PATO_0002359	broad	cauline leaf broad	reusable_phenotype	false	1	saudi_ncvc:1	Deverra tortuosa (Desf.) DC. (p133): the lower cauline leaves are broad			approved	https://orcid.org/0000-0001-8149-5890	2026-09-18	Surfaced 2026-09-18 (saudi_ncvc:1); passed strict sanity screen; Approved by Robert Hoehndorf (all pairs surfaced 2026-09-18, after strict sanity screen; exclusions in scratchpad/pair-approvals-20260918/excluded.tsv).
PO_0000044	prop root	PATO_0000467	present	prop root present	reusable_phenotype	false	1	saudi_ncvc:1	Pandanus tectorius Parkinson (p82): supporting (prop) roots			approved	https://orcid.org/0000-0001-8149-5890	2026-09-18	Surfaced 2026-09-18 (saudi_ncvc:1); passed strict sanity screen; Approved by Robert Hoehndorf (all pairs surfaced 2026-09-18, after strict sanity screen; exclusions in scratchpad/pair-approvals-20260918/excluded.tsv).
PO_0000048	leaf lamina vascular system	PATO_0000410	pinnate	leaf lamina vascular system pinnate	reusable_phenotype	false	1	saudi_ncvc:1	Trema orientale (L.) Blume (p36): pinnately veined			approved	https://orcid.org/0000-0001-8149-5890	2026-09-18	Surfaced 2026-09-18 (saudi_ncvc:1); passed strict sanity screen; Approved by Robert Hoehndorf (all pairs surfaced 2026-09-18, after strict sanity screen; exclusions in scratchpad/pair-approvals-20260918/excluded.tsv).
PO_0000048	leaf lamina vascular system	PATO_0001482	prominent	leaf lamina vascular system prominent	reusable_phenotype	false	1	saudi_ncvc:1	Tarchonanthus camphoratus L. (p23): prominent venation on the lower side			approved	https://orcid.org/0000-0001-8149-5890	2026-09-18	Surfaced 2026-09-18 (saudi_ncvc:1); passed strict sanity screen; Approved by Robert Hoehndorf (all pairs surfaced 2026-09-18, after strict sanity screen; exclusions in scratchpad/pair-approvals-20260918/excluded.tsv).
PO_0000049	leaf lamina abaxial epidermis	PATO_0000952	brown	leaf lamina abaxial epidermis brown	reusable_phenotype	false	1	saudi_ncvc:1	Cordia africana L. (p24): brownish			approved	https://orcid.org/0000-0001-8149-5890	2026-09-18	Surfaced 2026-09-18 (saudi_ncvc:1); passed strict sanity screen; Approved by Robert Hoehndorf (all pairs surfaced 2026-09-18, after strict sanity screen; exclusions in scratchpad/pair-approvals-20260918/excluded.tsv).
PO_0000049	leaf lamina abaxial epidermis	PATO_0001252	light grey	leaf lamina abaxial epidermis light grey	reusable_phenotype	false	1	saudi_ncvc:1	Tarchonanthus camphoratus L. (p23): pale grey below			approved	https://orcid.org/0000-0001-8149-5890	2026-09-18	Surfaced 2026-09-18 (saudi_ncvc:1); passed strict sanity screen; Approved by Robert Hoehndorf (all pairs surfaced 2026-09-18, after strict sanity screen; exclusions in scratchpad/pair-approvals-20260918/excluded.tsv).
PO_0000049	leaf lamina abaxial epidermis	PATO_0001408	ciliated	leaf lamina abaxial epidermis ciliated	reusable_phenotype	false	1	saudi_ncvc:1	Avicennia marina (p15): with small hair-like cilia on the lower side			approved	https://orcid.org/0000-0001-8149-5890	2026-09-18	Surfaced 2026-09-18 (saudi_ncvc:1); passed strict sanity screen; Approved by Robert Hoehndorf (all pairs surfaced 2026-09-18, after strict sanity screen; exclusions in scratchpad/pair-approvals-20260918/excluded.tsv).
PO_0000050	leaf lamina adaxial epidermis	PATO_0000320	green	leaf lamina adaxial epidermis green	reusable_phenotype	false	1	saudi_ncvc:1	Avicennia marina (p15): bright green on the upper side			approved	https://orcid.org/0000-0001-8149-5890	2026-09-18	Surfaced 2026-09-18 (saudi_ncvc:1); passed strict sanity screen; Approved by Robert Hoehndorf (all pairs surfaced 2026-09-18, after strict sanity screen; exclusions in scratchpad/pair-approvals-20260918/excluded.tsv).
PO_0000050	leaf lamina adaxial epidermis	PATO_0001373	glistening	leaf lamina adaxial epidermis glistening	reusable_phenotype	false	1	saudi_ncvc:1	Avicennia marina (p15): glossy bright green on the upper side			approved	https://orcid.org/0000-0001-8149-5890	2026-09-18	Surfaced 2026-09-18 (saudi_ncvc:1); passed strict sanity screen; Approved by Robert Hoehndorf (all pairs surfaced 2026-09-18, after strict sanity screen; exclusions in scratchpad/pair-approvals-20260918/excluded.tsv).
PO_0000050	leaf lamina adaxial epidermis	PATO_0104007	greyish green	leaf lamina adaxial epidermis greyish green	reusable_phenotype	false	1	saudi_ncvc:1	Tarchonanthus camphoratus L. (p23): grey-green above			approved	https://orcid.org/0000-0001-8149-5890	2026-09-18	Surfaced 2026-09-18 (saudi_ncvc:1); passed strict sanity screen; Approved by Robert Hoehndorf (all pairs surfaced 2026-09-18, after strict sanity screen; exclusions in scratchpad/pair-approvals-20260918/excluded.tsv).
PO_0000282	trichome	PATO_0001164	dense	trichome dense	reusable_phenotype	false	1	saudi_ncvc:1	Indigofera amorphoides Jaub. & Spach (p290): The stem has dense sharp hairs			approved	https://orcid.org/0000-0001-8149-5890	2026-09-18	Surfaced 2026-09-18 (saudi_ncvc:1); passed strict sanity screen; Approved by Robert Hoehndorf (all pairs surfaced 2026-09-18, after strict sanity screen; exclusions in scratchpad/pair-approvals-20260918/excluded.tsv).
PO_0000282	trichome	PATO_0001419	sharp	trichome sharp	reusable_phenotype	false	1	saudi_ncvc:1	Indigofera amorphoides Jaub. & Spach (p290): The stem has dense sharp hairs			approved	https://orcid.org/0000-0001-8149-5890	2026-09-18	Surfaced 2026-09-18 (saudi_ncvc:1); passed strict sanity screen; Approved by Robert Hoehndorf (all pairs surfaced 2026-09-18, after strict sanity screen; exclusions in scratchpad/pair-approvals-20260918/excluded.tsv).
PO_0004509	glandular trichome	PATO_0000323	white	glandular trichome white	reusable_phenotype	false	1	saudi_ncvc:1	Myrica salicifolia Hochst. ex A.Rich. (p78): white glandular hairs			approved	https://orcid.org/0000-0001-8149-5890	2026-09-18	Surfaced 2026-09-18 (saudi_ncvc:1); passed strict sanity screen; Approved by Robert Hoehndorf (all pairs surfaced 2026-09-18, after strict sanity screen; exclusions in scratchpad/pair-approvals-20260918/excluded.tsv).
PO_0004509	glandular trichome	PATO_0000467	present	glandular trichome present	reusable_phenotype	false	1	saudi_ncvc:1	Ehretia obtusifolia Hochst. ex A.DC. (p28): with glandular hairs			approved	https://orcid.org/0000-0001-8149-5890	2026-09-18	Surfaced 2026-09-18 (saudi_ncvc:1); passed strict sanity screen; Approved by Robert Hoehndorf (all pairs surfaced 2026-09-18, after strict sanity screen; exclusions in scratchpad/pair-approvals-20260918/excluded.tsv).
PO_0004509	glandular trichome	PATO_0002117	glandular	glandular trichome glandular	reusable_phenotype	false	1	saudi_ncvc:1	Indigofera colutea (Burm.f.) Merr. (p293): with glandular hairs			approved	https://orcid.org/0000-0001-8149-5890	2026-09-18	Surfaced 2026-09-18 (saudi_ncvc:1); passed strict sanity screen; Approved by Robert Hoehndorf (all pairs surfaced 2026-09-18, after strict sanity screen; exclusions in scratchpad/pair-approvals-20260918/excluded.tsv).
PO_0004511	seed trichome	PATO_0000324	yellow	seed trichome yellow	reusable_phenotype	false	1	saudi_ncvc:1	Baccharoides schimperi (DC.) Isawumi, El-Ghazaly & B.Nord. (p156): Seeds surrounded by yellow hairs			approved	https://orcid.org/0000-0001-8149-5890	2026-09-18	Surfaced 2026-09-18 (saudi_ncvc:1); passed strict sanity screen; Approved by Robert Hoehndorf (all pairs surfaced 2026-09-18, after strict sanity screen; exclusions in scratchpad/pair-approvals-20260918/excluded.tsv).
PO_0004518	bark	PATO_0104010	papyraceous	bark papyraceous	reusable_phenotype	false	1	saudi_ncvc:1	Senegalia asak (Forssk.) Kyal. & Boatwr. (p54): papery			approved	https://orcid.org/0000-0001-8149-5890	2026-09-18	Surfaced 2026-09-18 (saudi_ncvc:1); passed strict sanity screen; Approved by Robert Hoehndorf (all pairs surfaced 2026-09-18, after strict sanity screen; exclusions in scratchpad/pair-approvals-20260918/excluded.tsv).
PO_0004545	shoot-borne shoot system	PATO_0000622	erect	shoot-borne shoot system erect	reusable_phenotype	false	1	saudi_ncvc:1	Geranium trilophum Boiss. (p302): branches are erect			approved	https://orcid.org/0000-0001-8149-5890	2026-09-18	Surfaced 2026-09-18 (saudi_ncvc:1); passed strict sanity screen; Approved by Robert Hoehndorf (all pairs surfaced 2026-09-18, after strict sanity screen; exclusions in scratchpad/pair-approvals-20260918/excluded.tsv).
PO_0004545	shoot-borne shoot system	PATO_0002348	ligneous	shoot-borne shoot system ligneous	reusable_phenotype	false	1	saudi_ncvc:1	Adenia venenata Forssk. (p309): woody branches			approved	https://orcid.org/0000-0001-8149-5890	2026-09-18	Surfaced 2026-09-18 (saudi_ncvc:1); passed strict sanity screen; Approved by Robert Hoehndorf (all pairs surfaced 2026-09-18, after strict sanity screen; exclusions in scratchpad/pair-approvals-20260918/excluded.tsv).
PO_0005031	microsporangiate strobilus	PATO_0000122	length	microsporangiate strobilus length	reusable_trait	true	1	saudi_ncvc:1	Juniperus procera Hochst. ex Endl. (p44): length of the male cones is 3-5 mm			approved	https://orcid.org/0000-0001-8149-5890	2026-09-18	Surfaced 2026-09-18 (saudi_ncvc:1); passed strict sanity screen; Approved by Robert Hoehndorf (all pairs surfaced 2026-09-18, after strict sanity screen; exclusions in scratchpad/pair-approvals-20260918/excluded.tsv).
PO_0005032	megasporangiate strobilus	PATO_0001334	diameter	megasporangiate strobilus diameter	reusable_trait	true	1	saudi_ncvc:1	Juniperus procera Hochst. ex Endl. (p44): 4-8 mm in diameter			approved	https://orcid.org/0000-0001-8149-5890	2026-09-18	Surfaced 2026-09-18 (saudi_ncvc:1); passed strict sanity screen; Approved by Robert Hoehndorf (all pairs surfaced 2026-09-18, after strict sanity screen; exclusions in scratchpad/pair-approvals-20260918/excluded.tsv).
PO_0005032	megasporangiate strobilus	PATO_0001629	aggregated	megasporangiate strobilus aggregated	reusable_phenotype	false	1	saudi_ncvc:1	Ephedra foeminea Forssk. (p183): female cones axillary, clustered			approved	https://orcid.org/0000-0001-8149-5890	2026-09-18	Surfaced 2026-09-18 (saudi_ncvc:1); passed strict sanity screen; Approved by Robert Hoehndorf (all pairs surfaced 2026-09-18, after strict sanity screen; exclusions in scratchpad/pair-approvals-20260918/excluded.tsv).
PO_0005032	megasporangiate strobilus	PATO_0002215	falciform	megasporangiate strobilus falciform	reusable_phenotype	false	1	saudi_ncvc:1	Ephedra foeminea Forssk. (p183): short, hooked (recurved) stalk			approved	https://orcid.org/0000-0001-8149-5890	2026-09-18	Surfaced 2026-09-18 (saudi_ncvc:1); passed strict sanity screen; Approved by Robert Hoehndorf (all pairs surfaced 2026-09-18, after strict sanity screen; exclusions in scratchpad/pair-approvals-20260918/excluded.tsv).
PO_0005032	megasporangiate strobilus	PATO_0002351	fleshy	megasporangiate strobilus fleshy	reusable_phenotype	false	1	saudi_ncvc:1	Juniperus phoenicea L. (p43): fruits fleshy			approved	https://orcid.org/0000-0001-8149-5890	2026-09-18	Surfaced 2026-09-18 (saudi_ncvc:1); passed strict sanity screen; Approved by Robert Hoehndorf (all pairs surfaced 2026-09-18, after strict sanity screen; exclusions in scratchpad/pair-approvals-20260918/excluded.tsv).
PO_0005032	megasporangiate strobilus	PATO_0002476	terminal	megasporangiate strobilus terminal	reusable_phenotype	false	1	saudi_ncvc:1	Ephedra ciliata Fisch. & C.A.Mey. (p284): at the tips of young branches			approved	https://orcid.org/0000-0001-8149-5890	2026-09-18	Surfaced 2026-09-18 (saudi_ncvc:1); passed strict sanity screen; Approved by Robert Hoehndorf (all pairs surfaced 2026-09-18, after strict sanity screen; exclusions in scratchpad/pair-approvals-20260918/excluded.tsv).
PO_0006018	leaf adaxial epidermis	PATO_0000454	hairy	leaf adaxial epidermis hairy	reusable_phenotype	false	1	saudi_ncvc:1	Prunus arabica (Olivier) Meikle (p92): light (sparse) hairs;			approved	https://orcid.org/0000-0001-8149-5890	2026-09-18	Surfaced 2026-09-18 (saudi_ncvc:1); passed strict sanity screen; Approved by Robert Hoehndorf (all pairs surfaced 2026-09-18, after strict sanity screen; exclusions in scratchpad/pair-approvals-20260918/excluded.tsv).
PO_0006019	leaf abaxial epidermis	PATO_0000950	grey	leaf abaxial epidermis grey	reusable_phenotype	false	1	saudi_ncvc:1	Stephanotis schimperi (Decne.) S.Reuss, Liede & Meve (p266): greyish			approved	https://orcid.org/0000-0001-8149-5890	2026-09-18	Surfaced 2026-09-18 (saudi_ncvc:1); passed strict sanity screen; Approved by Robert Hoehndorf (all pairs surfaced 2026-09-18, after strict sanity screen; exclusions in scratchpad/pair-approvals-20260918/excluded.tsv).
PO_0006019	leaf abaxial epidermis	PATO_0001250	light green	leaf abaxial epidermis light green	reusable_phenotype	false	1	saudi_ncvc:1	Lepidagathis scariosa Nees (p112): lower surface light green			approved	https://orcid.org/0000-0001-8149-5890	2026-09-18	Surfaced 2026-09-18 (saudi_ncvc:1); passed strict sanity screen; Approved by Robert Hoehndorf (all pairs surfaced 2026-09-18, after strict sanity screen; exclusions in scratchpad/pair-approvals-20260918/excluded.tsv).
PO_0006019	leaf abaxial epidermis	PATO_0002341	tomentose	leaf abaxial epidermis tomentose	reusable_phenotype	false	1	saudi_ncvc:1	Orbivestus leopoldii (Sch.Bip. ex Walp.) H.Rob. (p159): covered beneath with short woolly hair			approved	https://orcid.org/0000-0001-8149-5890	2026-09-18	Surfaced 2026-09-18 (saudi_ncvc:1); passed strict sanity screen; Approved by Robert Hoehndorf (all pairs surfaced 2026-09-18, after strict sanity screen; exclusions in scratchpad/pair-approvals-20260918/excluded.tsv).
PO_0006034	leaflet margin	PATO_0001412	unstructured	leaflet margin unstructured	reusable_phenotype	false	1	saudi_ncvc:1	Vepris nobilis (Delile) Mziray (p95): entire margins			approved	https://orcid.org/0000-0001-8149-5890	2026-09-18	Surfaced 2026-09-18 (saudi_ncvc:1); passed strict sanity screen; Approved by Robert Hoehndorf (all pairs surfaced 2026-09-18, after strict sanity screen; exclusions in scratchpad/pair-approvals-20260918/excluded.tsv).
PO_0009001	fruit	PATO_0001268	desaturated brown	fruit desaturated brown	reusable_phenotype	false	1	saudi_ncvc:1	Searsia retinorrhoea (Steud. ex Oliv.) Moffett (p18): pale brown with a pinkish tinge			approved	https://orcid.org/0000-0001-8149-5890	2026-09-18	Surfaced 2026-09-18 (saudi_ncvc:1); passed strict sanity screen; Approved by Robert Hoehndorf (all pairs surfaced 2026-09-18, after strict sanity screen; exclusions in scratchpad/pair-approvals-20260918/excluded.tsv).
PO_0009001	fruit	PATO_0001284	desaturated red	fruit desaturated red	reusable_phenotype	false	1	saudi_ncvc:1	Gymnosporia parviflora (Vahl) Chiov. (p177): pale red			approved	https://orcid.org/0000-0001-8149-5890	2026-09-18	Surfaced 2026-09-18 (saudi_ncvc:1); passed strict sanity screen; Approved by Robert Hoehndorf (all pairs surfaced 2026-09-18, after strict sanity screen; exclusions in scratchpad/pair-approvals-20260918/excluded.tsv).
PO_0009001	fruit	PATO_0001947	netted	fruit netted	reusable_phenotype	false	1	saudi_ncvc:1	Senegalia hamulosa (Benth.) Boatwr. (p189): prominently reticulate			approved	https://orcid.org/0000-0001-8149-5890	2026-09-18	Surfaced 2026-09-18 (saudi_ncvc:1); passed strict sanity screen; Approved by Robert Hoehndorf (all pairs surfaced 2026-09-18, after strict sanity screen; exclusions in scratchpad/pair-approvals-20260918/excluded.tsv).
PO_0009001	fruit	PATO_0104079	reddish purple	fruit reddish purple	reusable_phenotype	false	1	saudi_ncvc:1	Gymnosporia forsskaoliana (Sebsebe) Jordaan (p176): red tending to purple			approved	https://orcid.org/0000-0001-8149-5890	2026-09-18	Surfaced 2026-09-18 (saudi_ncvc:1); passed strict sanity screen; Approved by Robert Hoehndorf (all pairs surfaced 2026-09-18, after strict sanity screen; exclusions in scratchpad/pair-approvals-20260918/excluded.tsv).
PO_0009006	shoot system	PATO_0000950	grey	shoot system grey	reusable_phenotype	false	1	saudi_ncvc:1	Artemisia sieberi Besser (p155): grey foliage			approved	https://orcid.org/0000-0001-8149-5890	2026-09-18	Surfaced 2026-09-18 (saudi_ncvc:1); passed strict sanity screen; Approved by Robert Hoehndorf (all pairs surfaced 2026-09-18, after strict sanity screen; exclusions in scratchpad/pair-approvals-20260918/excluded.tsv).
PO_0009006	shoot system	PATO_0002359	broad	shoot system broad	reusable_phenotype	false	1	saudi_ncvc:1	Salvadora persica L. (p241): wide crown			approved	https://orcid.org/0000-0001-8149-5890	2026-09-18	Surfaced 2026-09-18 (saudi_ncvc:1); passed strict sanity screen; Approved by Robert Hoehndorf (all pairs surfaced 2026-09-18, after strict sanity screen; exclusions in scratchpad/pair-approvals-20260918/excluded.tsv).
PO_0009010	seed	PATO_0001286	desaturated yellow	seed desaturated yellow	reusable_phenotype	false	1	saudi_ncvc:1	Justicia flava (Forssk.) Vahl (p258): pale yellow			approved	https://orcid.org/0000-0001-8149-5890	2026-09-18	Surfaced 2026-09-18 (saudi_ncvc:1); passed strict sanity screen; Approved by Robert Hoehndorf (all pairs surfaced 2026-09-18, after strict sanity screen; exclusions in scratchpad/pair-approvals-20260918/excluded.tsv).
PO_0009010	seed	PATO_0002118	multiple	seed multiple	reusable_phenotype	false	1	saudi_ncvc:1	Withania somnifera (L.) Dunal (p249): seeds are numerous			approved	https://orcid.org/0000-0001-8149-5890	2026-09-18	Surfaced 2026-09-18 (saudi_ncvc:1); passed strict sanity screen; Approved by Robert Hoehndorf (all pairs surfaced 2026-09-18, after strict sanity screen; exclusions in scratchpad/pair-approvals-20260918/excluded.tsv).
PO_0009010	seed	PATO_0002430	strap-shaped	seed strap-shaped	reusable_phenotype	false	1	saudi_ncvc:1	Vachellia johnwoodii (Boulos) Ragup., Seigler, Ebinger & Maslin (p61): seeds strap-shaped			approved	https://orcid.org/0000-0001-8149-5890	2026-09-18	Surfaced 2026-09-18 (saudi_ncvc:1); passed strict sanity screen; Approved by Robert Hoehndorf (all pairs surfaced 2026-09-18, after strict sanity screen; exclusions in scratchpad/pair-approvals-20260918/excluded.tsv).
PO_0009010	seed	PATO_0104035	pendent	seed pendent	reusable_phenotype	false	1	saudi_ncvc:1	Vachellia flava (Forssk.) Kyal. & Boatwr. (p59): seeds hang from the dry pods			approved	https://orcid.org/0000-0001-8149-5890	2026-09-18	Surfaced 2026-09-18 (saudi_ncvc:1); passed strict sanity screen; Approved by Robert Hoehndorf (all pairs surfaced 2026-09-18, after strict sanity screen; exclusions in scratchpad/pair-approvals-20260918/excluded.tsv).
PO_0009046	flower	PATO_0001251	dark grey	flower dark grey	reusable_phenotype	false	1	saudi_ncvc:1	Indigofera oblongifolia Forssk. (p294): flowers of dark grey colour			approved	https://orcid.org/0000-0001-8149-5890	2026-09-18	Surfaced 2026-09-18 (saudi_ncvc:1); passed strict sanity screen; Approved by Robert Hoehndorf (all pairs surfaced 2026-09-18, after strict sanity screen; exclusions in scratchpad/pair-approvals-20260918/excluded.tsv).
PO_0009046	flower	PATO_0001260	light purple	flower light purple	reusable_phenotype	false	1	saudi_ncvc:1	Moringa peregrina (Forssk.) Fiori (p77): light purple			approved	https://orcid.org/0000-0001-8149-5890	2026-09-18	Surfaced 2026-09-18 (saudi_ncvc:1); passed strict sanity screen; Approved by Robert Hoehndorf (all pairs surfaced 2026-09-18, after strict sanity screen; exclusions in scratchpad/pair-approvals-20260918/excluded.tsv).
PO_0009046	flower	PATO_0001266	desaturated blue	flower desaturated blue	reusable_phenotype	false	1	saudi_ncvc:1	Teramnus repens subsp. gracilis (Chiov.) Verdc. (p198): pale blue, small flowers			approved	https://orcid.org/0000-0001-8149-5890	2026-09-18	Surfaced 2026-09-18 (saudi_ncvc:1); passed strict sanity screen; Approved by Robert Hoehndorf (all pairs surfaced 2026-09-18, after strict sanity screen; exclusions in scratchpad/pair-approvals-20260918/excluded.tsv).
PO_0009046	flower	PATO_0001566	distributed	flower distributed	reusable_phenotype	false	1	saudi_ncvc:1	Commelina africana L. (p281): Flowers scattered			approved	https://orcid.org/0000-0001-8149-5890	2026-09-18	Surfaced 2026-09-18 (saudi_ncvc:1); passed strict sanity screen; Approved by Robert Hoehndorf (all pairs surfaced 2026-09-18, after strict sanity screen; exclusions in scratchpad/pair-approvals-20260918/excluded.tsv).
PO_0009046	flower	PATO_0002191	aromatic	flower aromatic	reusable_phenotype	false	1	saudi_ncvc:1	Cordia monoica Roxb. (p25): fragrant			approved	https://orcid.org/0000-0001-8149-5890	2026-09-18	Surfaced 2026-09-18 (saudi_ncvc:1); passed strict sanity screen; Approved by Robert Hoehndorf (all pairs surfaced 2026-09-18, after strict sanity screen; exclusions in scratchpad/pair-approvals-20260918/excluded.tsv).
PO_0009046	flower	PATO_0002260	semi erect	flower semi erect	reusable_phenotype	false	1	saudi_ncvc:1	Prunus arabica (Olivier) Meikle (p92): nearly erect			approved	https://orcid.org/0000-0001-8149-5890	2026-09-18	Surfaced 2026-09-18 (saudi_ncvc:1); passed strict sanity screen; Approved by Robert Hoehndorf (all pairs surfaced 2026-09-18, after strict sanity screen; exclusions in scratchpad/pair-approvals-20260918/excluded.tsv).
PO_0009046	flower	PATO_0002430	strap-shaped	flower strap-shaped	reusable_phenotype	false	1	saudi_ncvc:1	Anvillea garcinii (Burm.f.) DC. (p152): Flowers ligulate			approved	https://orcid.org/0000-0001-8149-5890	2026-09-18	Surfaced 2026-09-18 (saudi_ncvc:1); passed strict sanity screen; Approved by Robert Hoehndorf (all pairs surfaced 2026-09-18, after strict sanity screen; exclusions in scratchpad/pair-approvals-20260918/excluded.tsv).
PO_0009046	flower	PATO_0104059	pinkish white	flower pinkish white	reusable_phenotype	false	1	saudi_ncvc:1	Lotus arabicus Sol. ex L. (p296): white tending to pink			approved	https://orcid.org/0000-0001-8149-5890	2026-09-18	Surfaced 2026-09-18 (saudi_ncvc:1); passed strict sanity screen; Approved by Robert Hoehndorf (all pairs surfaced 2026-09-18, after strict sanity screen; exclusions in scratchpad/pair-approvals-20260918/excluded.tsv).
PO_0009046	flower	PATO_0104151	dark pink	flower dark pink	reusable_phenotype	false	1	saudi_ncvc:1	Lotus goetzei Harms (p297): dark pink in colour			approved	https://orcid.org/0000-0001-8149-5890	2026-09-18	Surfaced 2026-09-18 (saudi_ncvc:1); passed strict sanity screen; Approved by Robert Hoehndorf (all pairs surfaced 2026-09-18, after strict sanity screen; exclusions in scratchpad/pair-approvals-20260918/excluded.tsv).
PO_0009046	flower	PATO_0104314	crimson	flower crimson	reusable_phenotype	false	1	saudi_ncvc:1	Hibiscus deflersii Schweinf. ex Cufod. (p212): dark crimson red			approved	https://orcid.org/0000-0001-8149-5890	2026-09-18	Surfaced 2026-09-18 (saudi_ncvc:1); passed strict sanity screen; Approved by Robert Hoehndorf (all pairs surfaced 2026-09-18, after strict sanity screen; exclusions in scratchpad/pair-approvals-20260918/excluded.tsv).
PO_0009047	stem	PATO_0000327	low brightness	stem low brightness	reusable_phenotype	false	1	saudi_ncvc:1	Senegalia asak (Forssk.) Kyal. & Boatwr. (p54): main stem dark			approved	https://orcid.org/0000-0001-8149-5890	2026-09-18	Surfaced 2026-09-18 (saudi_ncvc:1); passed strict sanity screen; Approved by Robert Hoehndorf (all pairs surfaced 2026-09-18, after strict sanity screen; exclusions in scratchpad/pair-approvals-20260918/excluded.tsv).
PO_0009047	stem	PATO_0001251	dark grey	stem dark grey	reusable_phenotype	false	1	saudi_ncvc:1	Vachellia etbaica (Schweinf.) Kyal. & Boatwr. (p58): dark grey			approved	https://orcid.org/0000-0001-8149-5890	2026-09-18	Surfaced 2026-09-18 (saudi_ncvc:1); passed strict sanity screen; Approved by Robert Hoehndorf (all pairs surfaced 2026-09-18, after strict sanity screen; exclusions in scratchpad/pair-approvals-20260918/excluded.tsv).
PO_0009047	stem	PATO_0104031	cream	stem cream	reusable_phenotype	false	1	saudi_ncvc:1	Pittosporum viridiflorum Sims (p84): pale cream in colour			approved	https://orcid.org/0000-0001-8149-5890	2026-09-18	Surfaced 2026-09-18 (saudi_ncvc:1); passed strict sanity screen; Approved by Robert Hoehndorf (all pairs surfaced 2026-09-18, after strict sanity screen; exclusions in scratchpad/pair-approvals-20260918/excluded.tsv).
PO_0009049	inflorescence	PATO_0001262	light red	inflorescence light red	reusable_phenotype	false	1	saudi_ncvc:1	Pluchea dioscoridis (L.) DC. (p160): light red in colour			approved	https://orcid.org/0000-0001-8149-5890	2026-09-18	Surfaced 2026-09-18 (saudi_ncvc:1); passed strict sanity screen; Approved by Robert Hoehndorf (all pairs surfaced 2026-09-18, after strict sanity screen; exclusions in scratchpad/pair-approvals-20260918/excluded.tsv).
PO_0009049	inflorescence	PATO_0001331	odorous	inflorescence odorous	reusable_phenotype	false	1	saudi_ncvc:1	Pluchea dioscoridis (L.) DC. (p160): with an aromatic scent			approved	https://orcid.org/0000-0001-8149-5890	2026-09-18	Surfaced 2026-09-18 (saudi_ncvc:1); passed strict sanity screen; Approved by Robert Hoehndorf (all pairs surfaced 2026-09-18, after strict sanity screen; exclusions in scratchpad/pair-approvals-20260918/excluded.tsv).
PO_0009058	perianth	PATO_0104032	coriaceous	perianth coriaceous	reusable_phenotype	false	1	saudi_ncvc:1	Haloxylon persicum Bunge (p124): leathery perianth			approved	https://orcid.org/0000-0001-8149-5890	2026-09-18	Surfaced 2026-09-18 (saudi_ncvc:1); passed strict sanity screen; Approved by Robert Hoehndorf (all pairs surfaced 2026-09-18, after strict sanity screen; exclusions in scratchpad/pair-approvals-20260918/excluded.tsv).
PO_0009081	higher order inflorescence axis	PATO_0000122	length	higher order inflorescence axis length	reusable_trait	true	1	saudi_ncvc:1	Deverra triradiata subsp. musilii Hochst. ex Boiss. (p135): 8-25 mm long			approved	https://orcid.org/0000-0001-8149-5890	2026-09-18	Surfaced 2026-09-18 (saudi_ncvc:1); passed strict sanity screen; Approved by Robert Hoehndorf (all pairs surfaced 2026-09-18, after strict sanity screen; exclusions in scratchpad/pair-approvals-20260918/excluded.tsv).
PO_0009088	seed coat	PATO_0000700	rough	seed coat rough	reusable_phenotype	false	1	saudi_ncvc:1	Withania somnifera (L.) Dunal (p249): rough, granular surface			approved	https://orcid.org/0000-0001-8149-5890	2026-09-18	Surfaced 2026-09-18 (saudi_ncvc:1); passed strict sanity screen; Approved by Robert Hoehndorf (all pairs surfaced 2026-09-18, after strict sanity screen; exclusions in scratchpad/pair-approvals-20260918/excluded.tsv).
PO_0009088	seed coat	PATO_0001759	granular	seed coat granular	reusable_phenotype	false	1	saudi_ncvc:1	Withania somnifera (L.) Dunal (p249): granular surface			approved	https://orcid.org/0000-0001-8149-5890	2026-09-18	Surfaced 2026-09-18 (saudi_ncvc:1); passed strict sanity screen; Approved by Robert Hoehndorf (all pairs surfaced 2026-09-18, after strict sanity screen; exclusions in scratchpad/pair-approvals-20260918/excluded.tsv).
PO_0020038	petiole	PATO_0002348	ligneous	petiole ligneous	reusable_phenotype	false	1	saudi_ncvc:1	Hyphaene thebaica (p20): petioles woody			approved	https://orcid.org/0000-0001-8149-5890	2026-09-18	Surfaced 2026-09-18 (saudi_ncvc:1); passed strict sanity screen; Approved by Robert Hoehndorf (all pairs surfaced 2026-09-18, after strict sanity screen; exclusions in scratchpad/pair-approvals-20260918/excluded.tsv).
PO_0020038	petiole	PATO_0070059	rusty	petiole rusty	reusable_phenotype	false	1	saudi_ncvc:1	Grewia velutina (Forssk.) Lam. (p211): rusty petiole			approved	https://orcid.org/0000-0001-8149-5890	2026-09-18	Surfaced 2026-09-18 (saudi_ncvc:1); passed strict sanity screen; Approved by Robert Hoehndorf (all pairs surfaced 2026-09-18, after strict sanity screen; exclusions in scratchpad/pair-approvals-20260918/excluded.tsv).
PO_0020039	leaf lamina	PATO_0000454	hairy	leaf lamina hairy	reusable_phenotype	false	1	saudi_ncvc:1	Maytenus undata (Thunb.) Blakelock (p40): with hairs			approved	https://orcid.org/0000-0001-8149-5890	2026-09-18	Surfaced 2026-09-18 (saudi_ncvc:1); passed strict sanity screen; Approved by Robert Hoehndorf (all pairs surfaced 2026-09-18, after strict sanity screen; exclusions in scratchpad/pair-approvals-20260918/excluded.tsv).
PO_0020039	leaf lamina	PATO_0002241	trilobed	leaf lamina trilobed	reusable_phenotype	false	1	saudi_ncvc:1	Deverra triradiata subsp. musilii Hochst. ex Boiss. (p135): the blade is three-lobed			approved	https://orcid.org/0000-0001-8149-5890	2026-09-18	Surfaced 2026-09-18 (saudi_ncvc:1); passed strict sanity screen; Approved by Robert Hoehndorf (all pairs surfaced 2026-09-18, after strict sanity screen; exclusions in scratchpad/pair-approvals-20260918/excluded.tsv).
PO_0020040	leaf base	PATO_0000616	asymmetrical	leaf base asymmetrical	reusable_phenotype	false	1	saudi_ncvc:1	Rhynchosia minima (L.) DC. (p299): usually oblique at the base			approved	https://orcid.org/0000-0001-8149-5890	2026-09-18	Surfaced 2026-09-18 (saudi_ncvc:1); passed strict sanity screen; Approved by Robert Hoehndorf (all pairs surfaced 2026-09-18, after strict sanity screen; exclusions in scratchpad/pair-approvals-20260918/excluded.tsv).
PO_0020041	stipule	PATO_0001419	sharp	stipule sharp	reusable_phenotype	false	1	saudi_ncvc:1	Capparis spinosa var. aegyptia (Lam.) Boiss. (p172): stipules sharp			approved	https://orcid.org/0000-0001-8149-5890	2026-09-18	Surfaced 2026-09-18 (saudi_ncvc:1); passed strict sanity screen; Approved by Robert Hoehndorf (all pairs surfaced 2026-09-18, after strict sanity screen; exclusions in scratchpad/pair-approvals-20260918/excluded.tsv).
PO_0020043	compound leaf	PATO_0000122	length	compound leaf length	reusable_trait	true	1	saudi_ncvc:1	Delonix elata (L.) Gamble (p50): dimensions (20 cm and 16 cm)			approved	https://orcid.org/0000-0001-8149-5890	2026-09-18	Surfaced 2026-09-18 (saudi_ncvc:1); passed strict sanity screen; Approved by Robert Hoehndorf (all pairs surfaced 2026-09-18, after strict sanity screen; exclusions in scratchpad/pair-approvals-20260918/excluded.tsv).
PO_0020043	compound leaf	PATO_0000921	width	compound leaf width	reusable_trait	true	1	saudi_ncvc:1	Delonix elata (L.) Gamble (p50): dimensions (20 cm and 16 cm)			approved	https://orcid.org/0000-0001-8149-5890	2026-09-18	Surfaced 2026-09-18 (saudi_ncvc:1); passed strict sanity screen; Approved by Robert Hoehndorf (all pairs surfaced 2026-09-18, after strict sanity screen; exclusions in scratchpad/pair-approvals-20260918/excluded.tsv).
PO_0020049	leaflet	PATO_0000389	acute	leaflet acute	reusable_phenotype	false	1	saudi_ncvc:1	Senegalia laeta (R.Br. ex Benth.) Seigler & Ebinger (p55): acute-edged			approved	https://orcid.org/0000-0001-8149-5890	2026-09-18	Surfaced 2026-09-18 (saudi_ncvc:1); passed strict sanity screen; Approved by Robert Hoehndorf (all pairs surfaced 2026-09-18, after strict sanity screen; exclusions in scratchpad/pair-approvals-20260918/excluded.tsv).
PO_0020049	leaflet	PATO_0001154	elongated	leaflet elongated	reusable_phenotype	false	1	saudi_ncvc:1	Searsia retinorrhoea (Steud. ex Oliv.) Moffett (p18): elongate			approved	https://orcid.org/0000-0001-8149-5890	2026-09-18	Surfaced 2026-09-18 (saudi_ncvc:1); passed strict sanity screen; Approved by Robert Hoehndorf (all pairs surfaced 2026-09-18, after strict sanity screen; exclusions in scratchpad/pair-approvals-20260918/excluded.tsv).
PO_0020049	leaflet	PATO_0001412	unstructured	leaflet unstructured	reusable_phenotype	false	1	saudi_ncvc:1	Commiphora gileadensis (L.) C.Chr. (p29): entire-margined			approved	https://orcid.org/0000-0001-8149-5890	2026-09-18	Surfaced 2026-09-18 (saudi_ncvc:1); passed strict sanity screen; Approved by Robert Hoehndorf (all pairs surfaced 2026-09-18, after strict sanity screen; exclusions in scratchpad/pair-approvals-20260918/excluded.tsv).
PO_0020049	leaflet	PATO_0002445	torsioned	leaflet torsioned	reusable_phenotype	false	1	saudi_ncvc:1	Pistacia falcata Becc. (p16): indirectly twisted at the base			approved	https://orcid.org/0000-0001-8149-5890	2026-09-18	Surfaced 2026-09-18 (saudi_ncvc:1); passed strict sanity screen; Approved by Robert Hoehndorf (all pairs surfaced 2026-09-18, after strict sanity screen; exclusions in scratchpad/pair-approvals-20260918/excluded.tsv).
PO_0020061	coma	PATO_0000467	present	coma present	reusable_phenotype	false	1	saudi_ncvc:1	Tamarix nilotica (Ehrenb.) Bunge (p105): with a tuft of hair at the edge			approved	https://orcid.org/0000-0001-8149-5890	2026-09-18	Surfaced 2026-09-18 (saudi_ncvc:1); passed strict sanity screen; Approved by Robert Hoehndorf (all pairs surfaced 2026-09-18, after strict sanity screen; exclusions in scratchpad/pair-approvals-20260918/excluded.tsv).
PO_0020075	mericarp	PATO_0000406	curved	mericarp curved	reusable_phenotype	false	1	saudi_ncvc:1	Geranium biuncinatum Kokwaro (p301): with two horns curved at the apex			approved	https://orcid.org/0000-0001-8149-5890	2026-09-18	Surfaced 2026-09-18 (saudi_ncvc:1); passed strict sanity screen; Approved by Robert Hoehndorf (all pairs surfaced 2026-09-18, after strict sanity screen; exclusions in scratchpad/pair-approvals-20260918/excluded.tsv).
PO_0020121	lateral root	PATO_0000467	present	lateral root present	reusable_phenotype	false	1	saudi_ncvc:1	Pulicaria undulata subsp. undulata (p271): roots lateral			approved	https://orcid.org/0000-0001-8149-5890	2026-09-18	Surfaced 2026-09-18 (saudi_ncvc:1); passed strict sanity screen; Approved by Robert Hoehndorf (all pairs surfaced 2026-09-18, after strict sanity screen; exclusions in scratchpad/pair-approvals-20260918/excluded.tsv).
PO_0020122	inflorescence axis	PATO_0000122	length	inflorescence axis length	reusable_trait	true	1	saudi_ncvc:1	Prosopis koelziana Burkart (p53): on a rachis 1 cm long			approved	https://orcid.org/0000-0001-8149-5890	2026-09-18	Surfaced 2026-09-18 (saudi_ncvc:1); passed strict sanity screen; Approved by Robert Hoehndorf (all pairs surfaced 2026-09-18, after strict sanity screen; exclusions in scratchpad/pair-approvals-20260918/excluded.tsv).
PO_0020128	leaf margin	PATO_0000323	white	leaf margin white	reusable_phenotype	false	1	saudi_ncvc:1	Deverra triradiata subsp. musilii Hochst. ex Boiss. (p135): the leaves have broad white margins			approved	https://orcid.org/0000-0001-8149-5890	2026-09-18	Surfaced 2026-09-18 (saudi_ncvc:1); passed strict sanity screen; Approved by Robert Hoehndorf (all pairs surfaced 2026-09-18, after strict sanity screen; exclusions in scratchpad/pair-approvals-20260918/excluded.tsv).
PO_0020128	leaf margin	PATO_0001365	spiny	leaf margin spiny	reusable_phenotype	false	1	saudi_ncvc:1	Pandanus tectorius Parkinson (p82): short spines			approved	https://orcid.org/0000-0001-8149-5890	2026-09-18	Surfaced 2026-09-18 (saudi_ncvc:1); passed strict sanity screen; Approved by Robert Hoehndorf (all pairs surfaced 2026-09-18, after strict sanity screen; exclusions in scratchpad/pair-approvals-20260918/excluded.tsv).
PO_0020128	leaf margin	PATO_0001594	arched	leaf margin arched	reusable_phenotype	false	1	saudi_ncvc:1	Pandanus tectorius Parkinson (p82): leaf margins are arched			approved	https://orcid.org/0000-0001-8149-5890	2026-09-18	Surfaced 2026-09-18 (saudi_ncvc:1); passed strict sanity screen; Approved by Robert Hoehndorf (all pairs surfaced 2026-09-18, after strict sanity screen; exclusions in scratchpad/pair-approvals-20260918/excluded.tsv).
PO_0020128	leaf margin	PATO_0001786	split	leaf margin split	reusable_phenotype	false	1	saudi_ncvc:1	Calamagrostis arenaria (L.) Roth (p311): split to irregularly torn at the margin			approved	https://orcid.org/0000-0001-8149-5890	2026-09-18	Surfaced 2026-09-18 (saudi_ncvc:1); passed strict sanity screen; Approved by Robert Hoehndorf (all pairs surfaced 2026-09-18, after strict sanity screen; exclusions in scratchpad/pair-approvals-20260918/excluded.tsv).
PO_0020137	leaf apex	PATO_0001365	spiny	leaf apex spiny	reusable_phenotype	false	1	saudi_ncvc:1	Cornulaca monacantha Delile (p122): with a spiny apex			approved	https://orcid.org/0000-0001-8149-5890	2026-09-18	Surfaced 2026-09-18 (saudi_ncvc:1); passed strict sanity screen; Approved by Robert Hoehndorf (all pairs surfaced 2026-09-18, after strict sanity screen; exclusions in scratchpad/pair-approvals-20260918/excluded.tsv).
PO_0020137	leaf apex	PATO_0001500	tapered	leaf apex tapered	reusable_phenotype	false	1	saudi_ncvc:1	Dracaena hanningtonii Baker (p147): tapering at the apex			approved	https://orcid.org/0000-0001-8149-5890	2026-09-18	Surfaced 2026-09-18 (saudi_ncvc:1); passed strict sanity screen; Approved by Robert Hoehndorf (all pairs surfaced 2026-09-18, after strict sanity screen; exclusions in scratchpad/pair-approvals-20260918/excluded.tsv).
PO_0025008	petal margin	PATO_0104013	greenish yellow	petal margin greenish yellow	reusable_phenotype	false	1	saudi_ncvc:1	Periploca visciformis (Vatke) K.Schum. (p144): corolla petals have greenish-yellow margins			approved	https://orcid.org/0000-0001-8149-5890	2026-09-18	Surfaced 2026-09-18 (saudi_ncvc:1); passed strict sanity screen; Approved by Robert Hoehndorf (all pairs surfaced 2026-09-18, after strict sanity screen; exclusions in scratchpad/pair-approvals-20260918/excluded.tsv).
PO_0025025	root system	PATO_0001855	horizontal	root system horizontal	reusable_phenotype	false	1	saudi_ncvc:1	Iris florentina L. (p303): thick, horizontal root system			approved	https://orcid.org/0000-0001-8149-5890	2026-09-18	Surfaced 2026-09-18 (saudi_ncvc:1); passed strict sanity screen; Approved by Robert Hoehndorf (all pairs surfaced 2026-09-18, after strict sanity screen; exclusions in scratchpad/pair-approvals-20260918/excluded.tsv).
PO_0025034	leaf	PATO_0000327	low brightness	leaf low brightness	reusable_phenotype	false	1	saudi_ncvc:1	Phyllogeiton discolor (Klotzsch) Herzog (p86): dark beneath			approved	https://orcid.org/0000-0001-8149-5890	2026-09-18	Surfaced 2026-09-18 (saudi_ncvc:1); passed strict sanity screen; Approved by Robert Hoehndorf (all pairs surfaced 2026-09-18, after strict sanity screen; exclusions in scratchpad/pair-approvals-20260918/excluded.tsv).
PO_0025034	leaf	PATO_0001359	rugose	leaf rugose	reusable_phenotype	false	1	saudi_ncvc:1	Lantana rugosa Thunb. (p251): much wrinkled			approved	https://orcid.org/0000-0001-8149-5890	2026-09-18	Surfaced 2026-09-18 (saudi_ncvc:1); passed strict sanity screen; Approved by Robert Hoehndorf (all pairs surfaced 2026-09-18, after strict sanity screen; exclusions in scratchpad/pair-approvals-20260918/excluded.tsv).
PO_0025034	leaf	PATO_0002226	subcylindrical	leaf subcylindrical	reusable_phenotype	false	1	saudi_ncvc:1	Dracaena hanningtonii Baker (p147): subcylindrical			approved	https://orcid.org/0000-0001-8149-5890	2026-09-18	Surfaced 2026-09-18 (saudi_ncvc:1); passed strict sanity screen; Approved by Robert Hoehndorf (all pairs surfaced 2026-09-18, after strict sanity screen; exclusions in scratchpad/pair-approvals-20260918/excluded.tsv).
PO_0025034	leaf	PATO_0002235	blade-like	leaf blade-like	reusable_phenotype	false	1	saudi_ncvc:1	Dracaena ombet (p21): leaves sword-shaped			approved	https://orcid.org/0000-0001-8149-5890	2026-09-18	Surfaced 2026-09-18 (saudi_ncvc:1); passed strict sanity screen; Approved by Robert Hoehndorf (all pairs surfaced 2026-09-18, after strict sanity screen; exclusions in scratchpad/pair-approvals-20260918/excluded.tsv).
PO_0025034	leaf	PATO_0002430	strap-shaped	leaf strap-shaped	reusable_phenotype	false	1	saudi_ncvc:1	Crinum album (Forssk.) Herb. (p260): leaves are strap-shaped			approved	https://orcid.org/0000-0001-8149-5890	2026-09-18	Surfaced 2026-09-18 (saudi_ncvc:1); passed strict sanity screen; Approved by Robert Hoehndorf (all pairs surfaced 2026-09-18, after strict sanity screen; exclusions in scratchpad/pair-approvals-20260918/excluded.tsv).
PO_0025034	leaf	PATO_0104114	yellowish green	leaf yellowish green	reusable_phenotype	false	1	saudi_ncvc:1	Searsia retinorrhoea (Steud. ex Oliv.) Moffett (p18): yellowish-green			approved	https://orcid.org/0000-0001-8149-5890	2026-09-18	Surfaced 2026-09-18 (saudi_ncvc:1); passed strict sanity screen; Approved by Robert Hoehndorf (all pairs surfaced 2026-09-18, after strict sanity screen; exclusions in scratchpad/pair-approvals-20260918/excluded.tsv).
PO_0025034	leaf	PATO_0104123	deep green	leaf deep green	reusable_phenotype	false	1	saudi_ncvc:1	Dobera glabra (Forssk.) Juss. ex Poir. (p98): leaves are intensely green;			approved	https://orcid.org/0000-0001-8149-5890	2026-09-18	Surfaced 2026-09-18 (saudi_ncvc:1); passed strict sanity screen; Approved by Robert Hoehndorf (all pairs surfaced 2026-09-18, after strict sanity screen; exclusions in scratchpad/pair-approvals-20260918/excluded.tsv).
PO_0025073	branch	PATO_0001251	dark grey	branch dark grey	reusable_phenotype	false	1	saudi_ncvc:1	Searsia retinorrhoea (Steud. ex Oliv.) Moffett (p18): branches usually dark grey			approved	https://orcid.org/0000-0001-8149-5890	2026-09-18	Surfaced 2026-09-18 (saudi_ncvc:1); passed strict sanity screen; Approved by Robert Hoehndorf (all pairs surfaced 2026-09-18, after strict sanity screen; exclusions in scratchpad/pair-approvals-20260918/excluded.tsv).
PO_0025073	branch	PATO_0001252	light grey	branch light grey	reusable_phenotype	false	1	saudi_ncvc:1	Rhizophora mucronata Poir. (p91): light grey			approved	https://orcid.org/0000-0001-8149-5890	2026-09-18	Surfaced 2026-09-18 (saudi_ncvc:1); passed strict sanity screen; Approved by Robert Hoehndorf (all pairs surfaced 2026-09-18, after strict sanity screen; exclusions in scratchpad/pair-approvals-20260918/excluded.tsv).
PO_0025073	branch	PATO_0001272	desaturated green	branch desaturated green	reusable_phenotype	false	1	saudi_ncvc:1	Senna alexandrina Mill. (p190): pale green, spreading branches			approved	https://orcid.org/0000-0001-8149-5890	2026-09-18	Surfaced 2026-09-18 (saudi_ncvc:1); passed strict sanity screen; Approved by Robert Hoehndorf (all pairs surfaced 2026-09-18, after strict sanity screen; exclusions in scratchpad/pair-approvals-20260918/excluded.tsv).
PO_0025073	branch	PATO_0001284	desaturated red	branch desaturated red	reusable_phenotype	false	1	saudi_ncvc:1	Gymnosporia senegalensis (Lam.) Loes. (p178): branches pale red			approved	https://orcid.org/0000-0001-8149-5890	2026-09-18	Surfaced 2026-09-18 (saudi_ncvc:1); passed strict sanity screen; Approved by Robert Hoehndorf (all pairs surfaced 2026-09-18, after strict sanity screen; exclusions in scratchpad/pair-approvals-20260918/excluded.tsv).
PO_0025073	branch	PATO_0001802	loose	branch loose	reusable_phenotype	false	1	saudi_ncvc:1	Abrus bottae Deflers (p289): lax (soft) branches			approved	https://orcid.org/0000-0001-8149-5890	2026-09-18	Surfaced 2026-09-18 (saudi_ncvc:1); passed strict sanity screen; Approved by Robert Hoehndorf (all pairs surfaced 2026-09-18, after strict sanity screen; exclusions in scratchpad/pair-approvals-20260918/excluded.tsv).
PO_0025073	branch	PATO_0001846	tangled	branch tangled	reusable_phenotype	false	1	saudi_ncvc:1	Capparis decidua (Forssk.) Edgew. (p170): branches green, tangled			approved	https://orcid.org/0000-0001-8149-5890	2026-09-18	Surfaced 2026-09-18 (saudi_ncvc:1); passed strict sanity screen; Approved by Robert Hoehndorf (all pairs surfaced 2026-09-18, after strict sanity screen; exclusions in scratchpad/pair-approvals-20260918/excluded.tsv).
PO_0025073	branch	PATO_0001989	sinuous	branch sinuous	reusable_phenotype	false	1	saudi_ncvc:1	Grewia tembensis Fresen. (p209): zigzag			approved	https://orcid.org/0000-0001-8149-5890	2026-09-18	Surfaced 2026-09-18 (saudi_ncvc:1); passed strict sanity screen; Approved by Robert Hoehndorf (all pairs surfaced 2026-09-18, after strict sanity screen; exclusions in scratchpad/pair-approvals-20260918/excluded.tsv).
PO_0025073	branch	PATO_0002310	robust	branch robust	reusable_phenotype	false	1	saudi_ncvc:1	Erica arborea L. (p47): large, sturdy			approved	https://orcid.org/0000-0001-8149-5890	2026-09-18	Surfaced 2026-09-18 (saudi_ncvc:1); passed strict sanity screen; Approved by Robert Hoehndorf (all pairs surfaced 2026-09-18, after strict sanity screen; exclusions in scratchpad/pair-approvals-20260918/excluded.tsv).
PO_0025073	branch	PATO_0104020	blue green	branch blue green	reusable_phenotype	false	1	saudi_ncvc:1	Deverra tortuosa (Desf.) DC. (p133): bluish-green in colour			approved	https://orcid.org/0000-0001-8149-5890	2026-09-18	Surfaced 2026-09-18 (saudi_ncvc:1); passed strict sanity screen; Approved by Robert Hoehndorf (all pairs surfaced 2026-09-18, after strict sanity screen; exclusions in scratchpad/pair-approvals-20260918/excluded.tsv).
PO_0025073	branch	PATO_0104311	purplish red	branch purplish red	reusable_phenotype	false	1	saudi_ncvc:1	Vachellia flava (Forssk.) Kyal. & Boatwr. (p59): branches purplish red			approved	https://orcid.org/0000-0001-8149-5890	2026-09-18	Surfaced 2026-09-18 (saudi_ncvc:1); passed strict sanity screen; Approved by Robert Hoehndorf (all pairs surfaced 2026-09-18, after strict sanity screen; exclusions in scratchpad/pair-approvals-20260918/excluded.tsv).
PO_0025083	strobilus	PATO_0000323	white	strobilus white	reusable_phenotype	false	1	saudi_ncvc:1	Ephedra ciliata Fisch. & C.A.Mey. (p284): white			approved	https://orcid.org/0000-0001-8149-5890	2026-09-18	Surfaced 2026-09-18 (saudi_ncvc:1); passed strict sanity screen; Approved by Robert Hoehndorf (all pairs surfaced 2026-09-18, after strict sanity screen; exclusions in scratchpad/pair-approvals-20260918/excluded.tsv).
PO_0025083	strobilus	PATO_0000952	brown	strobilus brown	reusable_phenotype	false	1	saudi_ncvc:1	Juniperus phoenicea L. (p43): flowers [cones] brown in form			approved	https://orcid.org/0000-0001-8149-5890	2026-09-18	Surfaced 2026-09-18 (saudi_ncvc:1); passed strict sanity screen; Approved by Robert Hoehndorf (all pairs surfaced 2026-09-18, after strict sanity screen; exclusions in scratchpad/pair-approvals-20260918/excluded.tsv).
PO_0025083	strobilus	PATO_0000953	orange	strobilus orange	reusable_phenotype	false	1	saudi_ncvc:1	Ephedra pachyclada Boiss. (p184): cones orange			approved	https://orcid.org/0000-0001-8149-5890	2026-09-18	Surfaced 2026-09-18 (saudi_ncvc:1); passed strict sanity screen; Approved by Robert Hoehndorf (all pairs surfaced 2026-09-18, after strict sanity screen; exclusions in scratchpad/pair-approvals-20260918/excluded.tsv).
PO_0025083	strobilus	PATO_0001354	translucent	strobilus translucent	reusable_phenotype	false	1	saudi_ncvc:1	Ephedra ciliata Fisch. & C.A.Mey. (p284): translucent, grape-like			approved	https://orcid.org/0000-0001-8149-5890	2026-09-18	Surfaced 2026-09-18 (saudi_ncvc:1); passed strict sanity screen; Approved by Robert Hoehndorf (all pairs surfaced 2026-09-18, after strict sanity screen; exclusions in scratchpad/pair-approvals-20260918/excluded.tsv).
PO_0025083	strobilus	PATO_0001499	spherical	strobilus spherical	reusable_phenotype	false	1	saudi_ncvc:1	Ephedra pachyclada Boiss. (p184): the small cones spherical			approved	https://orcid.org/0000-0001-8149-5890	2026-09-18	Surfaced 2026-09-18 (saudi_ncvc:1); passed strict sanity screen; Approved by Robert Hoehndorf (all pairs surfaced 2026-09-18, after strict sanity screen; exclusions in scratchpad/pair-approvals-20260918/excluded.tsv).
PO_0025083	strobilus	PATO_0002351	fleshy	strobilus fleshy	reusable_phenotype	false	1	saudi_ncvc:1	Ephedra ciliata Fisch. & C.A.Mey. (p284): fruit is fleshy			approved	https://orcid.org/0000-0001-8149-5890	2026-09-18	Surfaced 2026-09-18 (saudi_ncvc:1); passed strict sanity screen; Approved by Robert Hoehndorf (all pairs surfaced 2026-09-18, after strict sanity screen; exclusions in scratchpad/pair-approvals-20260918/excluded.tsv).
PO_0025169	prickle	PATO_0002310	robust	prickle robust	reusable_phenotype	false	1	saudi_ncvc:1	Senegalia asak (Forssk.) Kyal. & Boatwr. (p54): strong			approved	https://orcid.org/0000-0001-8149-5890	2026-09-18	Surfaced 2026-09-18 (saudi_ncvc:1); passed strict sanity screen; Approved by Robert Hoehndorf (all pairs surfaced 2026-09-18, after strict sanity screen; exclusions in scratchpad/pair-approvals-20260918/excluded.tsv).
PO_0025172	thorn	PATO_0001245	dark brown	thorn dark brown	reusable_phenotype	false	1	saudi_ncvc:1	Senegalia mellifera (Benth.) Seigler & Ebinger (p56): dark brown			approved	https://orcid.org/0000-0001-8149-5890	2026-09-18	Surfaced 2026-09-18 (saudi_ncvc:1); passed strict sanity screen; Approved by Robert Hoehndorf (all pairs surfaced 2026-09-18, after strict sanity screen; exclusions in scratchpad/pair-approvals-20260918/excluded.tsv).
PO_0025172	thorn	PATO_0002310	robust	thorn robust	reusable_phenotype	false	1	saudi_ncvc:1	Senegalia mellifera (Benth.) Seigler & Ebinger (p56): strong			approved	https://orcid.org/0000-0001-8149-5890	2026-09-18	Surfaced 2026-09-18 (saudi_ncvc:1); passed strict sanity screen; Approved by Robert Hoehndorf (all pairs surfaced 2026-09-18, after strict sanity screen; exclusions in scratchpad/pair-approvals-20260918/excluded.tsv).
PO_0025172	thorn	PATO_0104016	terete	thorn terete	reusable_phenotype	false	1	saudi_ncvc:1	Vachellia flava (Forssk.) Kyal. & Boatwr. (p59): thorns terete (round			approved	https://orcid.org/0000-0001-8149-5890	2026-09-18	Surfaced 2026-09-18 (saudi_ncvc:1); passed strict sanity screen; Approved by Robert Hoehndorf (all pairs surfaced 2026-09-18, after strict sanity screen; exclusions in scratchpad/pair-approvals-20260918/excluded.tsv).
PO_0025174	spine stipule	PATO_0001419	sharp	spine stipule sharp	reusable_phenotype	false	1	saudi_ncvc:1	Capparis spinosa L. (p171): pairs of small, sharp spines modified from stipules			approved	https://orcid.org/0000-0001-8149-5890	2026-09-18	Surfaced 2026-09-18 (saudi_ncvc:1); passed strict sanity screen; Approved by Robert Hoehndorf (all pairs surfaced 2026-09-18, after strict sanity screen; exclusions in scratchpad/pair-approvals-20260918/excluded.tsv).
PO_0025174	spine stipule	PATO_0002149	ivory	spine stipule ivory	reusable_phenotype	false	1	saudi_ncvc:1	Vachellia gerrardii var. najdensis (Chaudhary) Ragup., Seigler, Ebinger & Maslin (p60): ivory-coloured			approved	https://orcid.org/0000-0001-8149-5890	2026-09-18	Surfaced 2026-09-18 (saudi_ncvc:1); passed strict sanity screen; Approved by Robert Hoehndorf (all pairs surfaced 2026-09-18, after strict sanity screen; exclusions in scratchpad/pair-approvals-20260918/excluded.tsv).
PO_0025174	spine stipule	PATO_0002180	straight	spine stipule straight	reusable_phenotype	false	1	saudi_ncvc:1	Ziziphus nummularia (Burm.f.) Wight & Arn. (p89): straight			approved	https://orcid.org/0000-0001-8149-5890	2026-09-18	Surfaced 2026-09-18 (saudi_ncvc:1); passed strict sanity screen; Approved by Robert Hoehndorf (all pairs surfaced 2026-09-18, after strict sanity screen; exclusions in scratchpad/pair-approvals-20260918/excluded.tsv).
PO_0025174	spine stipule	PATO_0002215	falciform	spine stipule falciform	reusable_phenotype	false	1	saudi_ncvc:1	Capparis tomentosa Lam. (p173): stipules bearing a pair of hooked spines			approved	https://orcid.org/0000-0001-8149-5890	2026-09-18	Surfaced 2026-09-18 (saudi_ncvc:1); passed strict sanity screen; Approved by Robert Hoehndorf (all pairs surfaced 2026-09-18, after strict sanity screen; exclusions in scratchpad/pair-approvals-20260918/excluded.tsv).
PO_0025248	pseudostem	PATO_0000122	length	pseudostem length	reusable_trait	true	1	saudi_ncvc:1	Scadoxus multiflorus (Martyn) Raf. (p261): 25–40 cm long			approved	https://orcid.org/0000-0001-8149-5890	2026-09-18	Surfaced 2026-09-18 (saudi_ncvc:1); passed strict sanity screen; Approved by Robert Hoehndorf (all pairs surfaced 2026-09-18, after strict sanity screen; exclusions in scratchpad/pair-approvals-20260918/excluded.tsv).
PO_0025355	corm	PATO_0005014	subspherical	corm subspherical	reusable_phenotype	false	1	saudi_ncvc:1	Moraea sisyrinchium (L.) Ker Gawl. (p304): subspherical corm			approved	https://orcid.org/0000-0001-8149-5890	2026-09-18	Surfaced 2026-09-18 (saudi_ncvc:1); passed strict sanity screen; Approved by Robert Hoehndorf (all pairs surfaced 2026-09-18, after strict sanity screen; exclusions in scratchpad/pair-approvals-20260918/excluded.tsv).
PO_0025599	pistillate flower	PATO_0000383	female	pistillate flower female	reusable_phenotype	false	1	saudi_ncvc:1	Atriplex halimus L. (p117): female flowers			approved	https://orcid.org/0000-0001-8149-5890	2026-09-18	Surfaced 2026-09-18 (saudi_ncvc:1); passed strict sanity screen; Approved by Robert Hoehndorf (all pairs surfaced 2026-09-18, after strict sanity screen; exclusions in scratchpad/pair-approvals-20260918/excluded.tsv).
PO_0025600	staminate flower	PATO_0000323	white	staminate flower white	reusable_phenotype	false	1	saudi_ncvc:1	Pandanus tectorius Parkinson (p82): male flowers are yellowish white			approved	https://orcid.org/0000-0001-8149-5890	2026-09-18	Surfaced 2026-09-18 (saudi_ncvc:1); passed strict sanity screen; Approved by Robert Hoehndorf (all pairs surfaced 2026-09-18, after strict sanity screen; exclusions in scratchpad/pair-approvals-20260918/excluded.tsv).
PO_0025600	staminate flower	PATO_0000384	male	staminate flower male	reusable_phenotype	false	1	saudi_ncvc:1	Atriplex halimus L. (p117): male and female flowers			approved	https://orcid.org/0000-0001-8149-5890	2026-09-18	Surfaced 2026-09-18 (saudi_ncvc:1); passed strict sanity screen; Approved by Robert Hoehndorf (all pairs surfaced 2026-09-18, after strict sanity screen; exclusions in scratchpad/pair-approvals-20260918/excluded.tsv).
PO_0025600	staminate flower	PATO_0001334	diameter	staminate flower diameter	reusable_trait	true	1	saudi_ncvc:1	Suaeda monoica Forssk. ex J.F.Gmel. (p129): 3 mm in diameter			approved	https://orcid.org/0000-0001-8149-5890	2026-09-18	Surfaced 2026-09-18 (saudi_ncvc:1); passed strict sanity screen; Approved by Robert Hoehndorf (all pairs surfaced 2026-09-18, after strict sanity screen; exclusions in scratchpad/pair-approvals-20260918/excluded.tsv).
PO_0025600	staminate flower	PATO_0001436	sessile (sensu botany)	staminate flower sessile (sensu botany)	reusable_phenotype	false	1	saudi_ncvc:1	Ficus salicifolia Vahl (p74): male flowers are sessile			approved	https://orcid.org/0000-0001-8149-5890	2026-09-18	Surfaced 2026-09-18 (saudi_ncvc:1); passed strict sanity screen; Approved by Robert Hoehndorf (all pairs surfaced 2026-09-18, after strict sanity screen; exclusions in scratchpad/pair-approvals-20260918/excluded.tsv).
PO_0025600	staminate flower	PATO_0001499	spherical	staminate flower spherical	reusable_phenotype	false	1	saudi_ncvc:1	Suaeda monoica Forssk. ex J.F.Gmel. (p129): the male flowers developing first, globose			approved	https://orcid.org/0000-0001-8149-5890	2026-09-18	Surfaced 2026-09-18 (saudi_ncvc:1); passed strict sanity screen; Approved by Robert Hoehndorf (all pairs surfaced 2026-09-18, after strict sanity screen; exclusions in scratchpad/pair-approvals-20260918/excluded.tsv).
PO_0025600	staminate flower	PATO_0001979	lobed	staminate flower lobed	reusable_phenotype	false	1	saudi_ncvc:1	Suaeda monoica Forssk. ex J.F.Gmel. (p129): deeply divided			approved	https://orcid.org/0000-0001-8149-5890	2026-09-18	Surfaced 2026-09-18 (saudi_ncvc:1); passed strict sanity screen; Approved by Robert Hoehndorf (all pairs surfaced 2026-09-18, after strict sanity screen; exclusions in scratchpad/pair-approvals-20260918/excluded.tsv).
PO_0030091	capsule fruit	PATO_0000386	hard	capsule fruit hard	reusable_phenotype	false	1	saudi_ncvc:1	Trichilia emetica Vahl (p70): hard			approved	https://orcid.org/0000-0001-8149-5890	2026-09-18	Surfaced 2026-09-18 (saudi_ncvc:1); passed strict sanity screen; Approved by Robert Hoehndorf (all pairs surfaced 2026-09-18, after strict sanity screen; exclusions in scratchpad/pair-approvals-20260918/excluded.tsv).
PO_0030091	capsule fruit	PATO_0000454	hairy	capsule fruit hairy	reusable_phenotype	false	1	saudi_ncvc:1	Dombeya torrida (J.F.Gmel.) Bamps (p69): hairy			approved	https://orcid.org/0000-0001-8149-5890	2026-09-18	Surfaced 2026-09-18 (saudi_ncvc:1); passed strict sanity screen; Approved by Robert Hoehndorf (all pairs surfaced 2026-09-18, after strict sanity screen; exclusions in scratchpad/pair-approvals-20260918/excluded.tsv).
PO_0030091	capsule fruit	PATO_0000946	oblong	capsule fruit oblong	reusable_phenotype	false	1	saudi_ncvc:1	Woodfordia fruticosa (L.) Kurz (p206): linear-oblong			approved	https://orcid.org/0000-0001-8149-5890	2026-09-18	Surfaced 2026-09-18 (saudi_ncvc:1); passed strict sanity screen; Approved by Robert Hoehndorf (all pairs surfaced 2026-09-18, after strict sanity screen; exclusions in scratchpad/pair-approvals-20260918/excluded.tsv).
PO_0030091	capsule fruit	PATO_0001424	violet	capsule fruit violet	reusable_phenotype	false	1	saudi_ncvc:1	Lawsonia inermis L. (p205): violet-green			approved	https://orcid.org/0000-0001-8149-5890	2026-09-18	Surfaced 2026-09-18 (saudi_ncvc:1); passed strict sanity screen; Approved by Robert Hoehndorf (all pairs surfaced 2026-09-18, after strict sanity screen; exclusions in scratchpad/pair-approvals-20260918/excluded.tsv).
PO_0030091	capsule fruit	PATO_0001891	ovate	capsule fruit ovate	reusable_phenotype	false	1	saudi_ncvc:1	Woodfordia fruticosa (L.) Kurz (p206): ovoid			approved	https://orcid.org/0000-0001-8149-5890	2026-09-18	Surfaced 2026-09-18 (saudi_ncvc:1); passed strict sanity screen; Approved by Robert Hoehndorf (all pairs surfaced 2026-09-18, after strict sanity screen; exclusions in scratchpad/pair-approvals-20260918/excluded.tsv).
PO_0030100	legume fruit	PATO_0000320	green	legume fruit green	reusable_phenotype	false	1	saudi_ncvc:1	Vachellia tortilis subsp. tortilis (p67): green in colour			approved	https://orcid.org/0000-0001-8149-5890	2026-09-18	Surfaced 2026-09-18 (saudi_ncvc:1); passed strict sanity screen; Approved by Robert Hoehndorf (all pairs surfaced 2026-09-18, after strict sanity screen; exclusions in scratchpad/pair-approvals-20260918/excluded.tsv).
PO_0030100	legume fruit	PATO_0000404	coiled	legume fruit coiled	reusable_phenotype	false	1	saudi_ncvc:1	Vachellia tortilis subsp. raddiana (Savi) Kyal. & Boatwr. (p66): spirally coiled			approved	https://orcid.org/0000-0001-8149-5890	2026-09-18	Surfaced 2026-09-18 (saudi_ncvc:1); passed strict sanity screen; Approved by Robert Hoehndorf (all pairs surfaced 2026-09-18, after strict sanity screen; exclusions in scratchpad/pair-approvals-20260918/excluded.tsv).
PO_0030100	legume fruit	PATO_0000950	grey	legume fruit grey	reusable_phenotype	false	1	saudi_ncvc:1	Vachellia nilotica subsp. indica (Benth.) Kyal. & Boatwr. (p62): grey			approved	https://orcid.org/0000-0001-8149-5890	2026-09-18	Surfaced 2026-09-18 (saudi_ncvc:1); passed strict sanity screen; Approved by Robert Hoehndorf (all pairs surfaced 2026-09-18, after strict sanity screen; exclusions in scratchpad/pair-approvals-20260918/excluded.tsv).
PO_0030100	legume fruit	PATO_0000951	purple	legume fruit purple	reusable_phenotype	false	1	saudi_ncvc:1	Vachellia origena (Hunde) Kyal. & Boatwr. (p63): purple			approved	https://orcid.org/0000-0001-8149-5890	2026-09-18	Surfaced 2026-09-18 (saudi_ncvc:1); passed strict sanity screen; Approved by Robert Hoehndorf (all pairs surfaced 2026-09-18, after strict sanity screen; exclusions in scratchpad/pair-approvals-20260918/excluded.tsv).
PO_0030100	legume fruit	PATO_0001199	linear	legume fruit linear	reusable_phenotype	false	1	saudi_ncvc:1	Teramnus repens subsp. gracilis (Chiov.) Verdc. (p198): linear pods			approved	https://orcid.org/0000-0001-8149-5890	2026-09-18	Surfaced 2026-09-18 (saudi_ncvc:1); passed strict sanity screen; Approved by Robert Hoehndorf (all pairs surfaced 2026-09-18, after strict sanity screen; exclusions in scratchpad/pair-approvals-20260918/excluded.tsv).
PO_0030100	legume fruit	PATO_0001287	red brown	legume fruit red brown	reusable_phenotype	false	1	saudi_ncvc:1	Vachellia johnwoodii (Boulos) Ragup., Seigler, Ebinger & Maslin (p61): pods reddish brown			approved	https://orcid.org/0000-0001-8149-5890	2026-09-18	Surfaced 2026-09-18 (saudi_ncvc:1); passed strict sanity screen; Approved by Robert Hoehndorf (all pairs surfaced 2026-09-18, after strict sanity screen; exclusions in scratchpad/pair-approvals-20260918/excluded.tsv).
PO_0030100	legume fruit	PATO_0001365	spiny	legume fruit spiny	reusable_phenotype	false	1	saudi_ncvc:1	Taverniera aegyptiaca Boiss. (p194): pods with scattered spines			approved	https://orcid.org/0000-0001-8149-5890	2026-09-18	Surfaced 2026-09-18 (saudi_ncvc:1); passed strict sanity screen; Approved by Robert Hoehndorf (all pairs surfaced 2026-09-18, after strict sanity screen; exclusions in scratchpad/pair-approvals-20260918/excluded.tsv).
PO_0030100	legume fruit	PATO_0002165	drooping	legume fruit drooping	reusable_phenotype	false	1	saudi_ncvc:1	Sesbania leptocarpa DC. (p192): pendulous, narrow pods			approved	https://orcid.org/0000-0001-8149-5890	2026-09-18	Surfaced 2026-09-18 (saudi_ncvc:1); passed strict sanity screen; Approved by Robert Hoehndorf (all pairs surfaced 2026-09-18, after strict sanity screen; exclusions in scratchpad/pair-approvals-20260918/excluded.tsv).
PO_0030100	legume fruit	PATO_0002212	slender	legume fruit slender	reusable_phenotype	false	1	saudi_ncvc:1	Vachellia flava (Forssk.) Kyal. & Boatwr. (p59): slender			approved	https://orcid.org/0000-0001-8149-5890	2026-09-18	Surfaced 2026-09-18 (saudi_ncvc:1); passed strict sanity screen; Approved by Robert Hoehndorf (all pairs surfaced 2026-09-18, after strict sanity screen; exclusions in scratchpad/pair-approvals-20260918/excluded.tsv).
PO_0030100	legume fruit	PATO_0002254	flattened	legume fruit flattened	reusable_phenotype	false	1	saudi_ncvc:1	Senna alexandrina Mill. (p190): compressed and flat pods			approved	https://orcid.org/0000-0001-8149-5890	2026-09-18	Surfaced 2026-09-18 (saudi_ncvc:1); passed strict sanity screen; Approved by Robert Hoehndorf (all pairs surfaced 2026-09-18, after strict sanity screen; exclusions in scratchpad/pair-approvals-20260918/excluded.tsv).
PO_0030100	legume fruit	PATO_0002457	leaf-like	legume fruit leaf-like	reusable_phenotype	false	1	saudi_ncvc:1	Senna italica Mill. (p191): leaf-like			approved	https://orcid.org/0000-0001-8149-5890	2026-09-18	Surfaced 2026-09-18 (saudi_ncvc:1); passed strict sanity screen; Approved by Robert Hoehndorf (all pairs surfaced 2026-09-18, after strict sanity screen; exclusions in scratchpad/pair-approvals-20260918/excluded.tsv).
PO_0030100	legume fruit	PATO_0104311	purplish red	legume fruit purplish red	reusable_phenotype	false	1	saudi_ncvc:1	Vachellia etbaica (Schweinf.) Kyal. & Boatwr. (p58): pods purplish red			approved	https://orcid.org/0000-0001-8149-5890	2026-09-18	Surfaced 2026-09-18 (saudi_ncvc:1); passed strict sanity screen; Approved by Robert Hoehndorf (all pairs surfaced 2026-09-18, after strict sanity screen; exclusions in scratchpad/pair-approvals-20260918/excluded.tsv).
PO_0030102	nut fruit	PATO_0000327	low brightness	nut fruit low brightness	reusable_phenotype	false	1	saudi_ncvc:1	Ocimum forskoelei Benth. (p203): dark nutlet			approved	https://orcid.org/0000-0001-8149-5890	2026-09-18	Surfaced 2026-09-18 (saudi_ncvc:1); passed strict sanity screen; Approved by Robert Hoehndorf (all pairs surfaced 2026-09-18, after strict sanity screen; exclusions in scratchpad/pair-approvals-20260918/excluded.tsv).
PO_0030102	nut fruit	PATO_0001499	spherical	nut fruit spherical	reusable_phenotype	false	1	saudi_ncvc:1	Ocimum forskoelei Benth. (p203): spherical			approved	https://orcid.org/0000-0001-8149-5890	2026-09-18	Surfaced 2026-09-18 (saudi_ncvc:1); passed strict sanity screen; Approved by Robert Hoehndorf (all pairs surfaced 2026-09-18, after strict sanity screen; exclusions in scratchpad/pair-approvals-20260918/excluded.tsv).
PO_0030102	nut fruit	PATO_0001540	glutinous	nut fruit glutinous	reusable_phenotype	false	1	saudi_ncvc:1	Ocimum forskoelei Benth. (p203): mucilaginous when wet			approved	https://orcid.org/0000-0001-8149-5890	2026-09-18	Surfaced 2026-09-18 (saudi_ncvc:1); passed strict sanity screen; Approved by Robert Hoehndorf (all pairs surfaced 2026-09-18, after strict sanity screen; exclusions in scratchpad/pair-approvals-20260918/excluded.tsv).
PO_0030102	nut fruit	PATO_0001891	ovate	nut fruit ovate	reusable_phenotype	false	1	saudi_ncvc:1	Alkanna orientalis (L.) Boiss. (p274): ovate in shape			approved	https://orcid.org/0000-0001-8149-5890	2026-09-18	Surfaced 2026-09-18 (saudi_ncvc:1); passed strict sanity screen; Approved by Robert Hoehndorf (all pairs surfaced 2026-09-18, after strict sanity screen; exclusions in scratchpad/pair-approvals-20260918/excluded.tsv).
PO_0030102	nut fruit	PATO_0001936	obovate	nut fruit obovate	reusable_phenotype	false	1	saudi_ncvc:1	Otostegia fruticosa (Forssk.) Schweinf. ex Penzig (p305): obovate in shape			approved	https://orcid.org/0000-0001-8149-5890	2026-09-18	Surfaced 2026-09-18 (saudi_ncvc:1); passed strict sanity screen; Approved by Robert Hoehndorf (all pairs surfaced 2026-09-18, after strict sanity screen; exclusions in scratchpad/pair-approvals-20260918/excluded.tsv).
PO_0030102	nut fruit	PATO_0002215	falciform	nut fruit falciform	reusable_phenotype	false	1	saudi_ncvc:1	Alkanna orientalis (L.) Boiss. (p274): hooked beak			approved	https://orcid.org/0000-0001-8149-5890	2026-09-18	Surfaced 2026-09-18 (saudi_ncvc:1); passed strict sanity screen; Approved by Robert Hoehndorf (all pairs surfaced 2026-09-18, after strict sanity screen; exclusions in scratchpad/pair-approvals-20260918/excluded.tsv).
PO_0030102	nut fruit	PATO_0002359	broad	nut fruit broad	reusable_phenotype	false	1	saudi_ncvc:1	Lavandula dentata L. (p201): broad			approved	https://orcid.org/0000-0001-8149-5890	2026-09-18	Surfaced 2026-09-18 (saudi_ncvc:1); passed strict sanity screen; Approved by Robert Hoehndorf (all pairs surfaced 2026-09-18, after strict sanity screen; exclusions in scratchpad/pair-approvals-20260918/excluded.tsv).
PO_0030103	drupe fruit	PATO_0000122	length	drupe fruit length	reusable_trait	true	1	saudi_ncvc:1	Tinospora bakis (A.Rich.) Miers (p307): 6 mm long			approved	https://orcid.org/0000-0001-8149-5890	2026-09-18	Surfaced 2026-09-18 (saudi_ncvc:1); passed strict sanity screen; Approved by Robert Hoehndorf (all pairs surfaced 2026-09-18, after strict sanity screen; exclusions in scratchpad/pair-approvals-20260918/excluded.tsv).
PO_0030103	drupe fruit	PATO_0000317	black	drupe fruit black	reusable_phenotype	false	1	saudi_ncvc:1	Premna resinosa (Hochst.) Schauer (p204): black			approved	https://orcid.org/0000-0001-8149-5890	2026-09-18	Surfaced 2026-09-18 (saudi_ncvc:1); passed strict sanity screen; Approved by Robert Hoehndorf (all pairs surfaced 2026-09-18, after strict sanity screen; exclusions in scratchpad/pair-approvals-20260918/excluded.tsv).
PO_0030103	drupe fruit	PATO_0000453	glabrous	drupe fruit glabrous	reusable_phenotype	false	1	saudi_ncvc:1	Rubus creticus Tourn. ex L. (p314): glabrous			approved	https://orcid.org/0000-0001-8149-5890	2026-09-18	Surfaced 2026-09-18 (saudi_ncvc:1); passed strict sanity screen; Approved by Robert Hoehndorf (all pairs surfaced 2026-09-18, after strict sanity screen; exclusions in scratchpad/pair-approvals-20260918/excluded.tsv).
PO_0030103	drupe fruit	PATO_0001373	glistening	drupe fruit glistening	reusable_phenotype	false	1	saudi_ncvc:1	Osyris lanceolata Hochst. & Steud. (p315): shiny red			approved	https://orcid.org/0000-0001-8149-5890	2026-09-18	Surfaced 2026-09-18 (saudi_ncvc:1); passed strict sanity screen; Approved by Robert Hoehndorf (all pairs surfaced 2026-09-18, after strict sanity screen; exclusions in scratchpad/pair-approvals-20260918/excluded.tsv).
PO_0030103	drupe fruit	PATO_0001482	prominent	drupe fruit prominent	reusable_phenotype	false	1	saudi_ncvc:1	Rubus creticus Tourn. ex L. (p314): prominent			approved	https://orcid.org/0000-0001-8149-5890	2026-09-18	Surfaced 2026-09-18 (saudi_ncvc:1); passed strict sanity screen; Approved by Robert Hoehndorf (all pairs surfaced 2026-09-18, after strict sanity screen; exclusions in scratchpad/pair-approvals-20260918/excluded.tsv).
PO_0030105	follicle fruit	PATO_0000122	length	follicle fruit length	reusable_trait	true	1	saudi_ncvc:1	Gomphocarpus fruticosus (L.) W.T.Aiton (p138): 20-50 mm long			approved	https://orcid.org/0000-0001-8149-5890	2026-09-18	Surfaced 2026-09-18 (saudi_ncvc:1); passed strict sanity screen; Approved by Robert Hoehndorf (all pairs surfaced 2026-09-18, after strict sanity screen; exclusions in scratchpad/pair-approvals-20260918/excluded.tsv).
PO_0030105	follicle fruit	PATO_0000327	low brightness	follicle fruit low brightness	reusable_phenotype	false	1	saudi_ncvc:1	Gomphocarpus sinaicus Boiss. (p139): dark spines			approved	https://orcid.org/0000-0001-8149-5890	2026-09-18	Surfaced 2026-09-18 (saudi_ncvc:1); passed strict sanity screen; Approved by Robert Hoehndorf (all pairs surfaced 2026-09-18, after strict sanity screen; exclusions in scratchpad/pair-approvals-20260918/excluded.tsv).
PO_0030105	follicle fruit	PATO_0000386	hard	follicle fruit hard	reusable_phenotype	false	1	saudi_ncvc:1	Gomphocarpus sinaicus Boiss. (p139): very hard			approved	https://orcid.org/0000-0001-8149-5890	2026-09-18	Surfaced 2026-09-18 (saudi_ncvc:1); passed strict sanity screen; Approved by Robert Hoehndorf (all pairs surfaced 2026-09-18, after strict sanity screen; exclusions in scratchpad/pair-approvals-20260918/excluded.tsv).
PO_0030105	follicle fruit	PATO_0000701	smooth	follicle fruit smooth	reusable_phenotype	false	1	saudi_ncvc:1	Gomphocarpus sinaicus Boiss. (p139): smooth			approved	https://orcid.org/0000-0001-8149-5890	2026-09-18	Surfaced 2026-09-18 (saudi_ncvc:1); passed strict sanity screen; Approved by Robert Hoehndorf (all pairs surfaced 2026-09-18, after strict sanity screen; exclusions in scratchpad/pair-approvals-20260918/excluded.tsv).
PO_0030105	follicle fruit	PATO_0001365	spiny	follicle fruit spiny	reusable_phenotype	false	1	saudi_ncvc:1	Gomphocarpus sinaicus Boiss. (p139): bearing dark spines			approved	https://orcid.org/0000-0001-8149-5890	2026-09-18	Surfaced 2026-09-18 (saudi_ncvc:1); passed strict sanity screen; Approved by Robert Hoehndorf (all pairs surfaced 2026-09-18, after strict sanity screen; exclusions in scratchpad/pair-approvals-20260918/excluded.tsv).
PO_0030105	follicle fruit	PATO_0001891	ovate	follicle fruit ovate	reusable_phenotype	false	1	saudi_ncvc:1	Gomphocarpus sinaicus Boiss. (p139): ovoid			approved	https://orcid.org/0000-0001-8149-5890	2026-09-18	Surfaced 2026-09-18 (saudi_ncvc:1); passed strict sanity screen; Approved by Robert Hoehndorf (all pairs surfaced 2026-09-18, after strict sanity screen; exclusions in scratchpad/pair-approvals-20260918/excluded.tsv).
PO_0030107	achene fruit	PATO_0001873	cylindrical	achene fruit cylindrical	reusable_phenotype	false	1	saudi_ncvc:1	Pulicaria incisa (Lam.) DC. (p269): cylindrical in shape			approved	https://orcid.org/0000-0001-8149-5890	2026-09-18	Surfaced 2026-09-18 (saudi_ncvc:1); passed strict sanity screen; Approved by Robert Hoehndorf (all pairs surfaced 2026-09-18, after strict sanity screen; exclusions in scratchpad/pair-approvals-20260918/excluded.tsv).
PO_0030108	berry fruit	PATO_0000122	length	berry fruit length	reusable_trait	true	1	saudi_ncvc:1	Cissus quadrangularis L. (p316): 9 mm long			approved	https://orcid.org/0000-0001-8149-5890	2026-09-18	Surfaced 2026-09-18 (saudi_ncvc:1); passed strict sanity screen; Approved by Robert Hoehndorf (all pairs surfaced 2026-09-18, after strict sanity screen; exclusions in scratchpad/pair-approvals-20260918/excluded.tsv).
PO_0030108	berry fruit	PATO_0000317	black	berry fruit black	reusable_phenotype	false	1	saudi_ncvc:1	Jasminum grandiflorum L. (p308): fruits are black			approved	https://orcid.org/0000-0001-8149-5890	2026-09-18	Surfaced 2026-09-18 (saudi_ncvc:1); passed strict sanity screen; Approved by Robert Hoehndorf (all pairs surfaced 2026-09-18, after strict sanity screen; exclusions in scratchpad/pair-approvals-20260918/excluded.tsv).
PO_0030108	berry fruit	PATO_0000322	red	berry fruit red	reusable_phenotype	false	1	saudi_ncvc:1	Lonicera etrusca Santi (p278): reddish in colour			approved	https://orcid.org/0000-0001-8149-5890	2026-09-18	Surfaced 2026-09-18 (saudi_ncvc:1); passed strict sanity screen; Approved by Robert Hoehndorf (all pairs surfaced 2026-09-18, after strict sanity screen; exclusions in scratchpad/pair-approvals-20260918/excluded.tsv).
PO_0030113	flower pedicel	PATO_0000406	curved	flower pedicel curved	reusable_phenotype	false	1	saudi_ncvc:1	Erica arborea L. (p47): flower stalk curved			approved	https://orcid.org/0000-0001-8149-5890	2026-09-18	Surfaced 2026-09-18 (saudi_ncvc:1); passed strict sanity screen; Approved by Robert Hoehndorf (all pairs surfaced 2026-09-18, after strict sanity screen; exclusions in scratchpad/pair-approvals-20260918/excluded.tsv).
PO_0030113	flower pedicel	PATO_0000454	hairy	flower pedicel hairy	reusable_phenotype	false	1	saudi_ncvc:1	Clutia lanceolata Forssk. (p220): with hairs			approved	https://orcid.org/0000-0001-8149-5890	2026-09-18	Surfaced 2026-09-18 (saudi_ncvc:1); passed strict sanity screen; Approved by Robert Hoehndorf (all pairs surfaced 2026-09-18, after strict sanity screen; exclusions in scratchpad/pair-approvals-20260918/excluded.tsv).
PO_0030113	flower pedicel	PATO_0000954	pink	flower pedicel pink	reusable_phenotype	false	1	saudi_ncvc:1	Erica arborea L. (p47): pink			approved	https://orcid.org/0000-0001-8149-5890	2026-09-18	Surfaced 2026-09-18 (saudi_ncvc:1); passed strict sanity screen; Approved by Robert Hoehndorf (all pairs surfaced 2026-09-18, after strict sanity screen; exclusions in scratchpad/pair-approvals-20260918/excluded.tsv).
PO_0030113	flower pedicel	PATO_0002359	broad	flower pedicel broad	reusable_phenotype	false	1	saudi_ncvc:1	Capparis cartilaginea Decne. (p169): flower stalk (pedicel) broad;			approved	https://orcid.org/0000-0001-8149-5890	2026-09-18	Surfaced 2026-09-18 (saudi_ncvc:1); passed strict sanity screen; Approved by Robert Hoehndorf (all pairs surfaced 2026-09-18, after strict sanity screen; exclusions in scratchpad/pair-approvals-20260918/excluded.tsv).
PO_0030115	raceme inflorescence	PATO_0000322	red	raceme inflorescence red	reusable_phenotype	false	1	saudi_ncvc:1	Woodfordia fruticosa (L.) Kurz (p206): red racemose inflorescences			approved	https://orcid.org/0000-0001-8149-5890	2026-09-18	Surfaced 2026-09-18 (saudi_ncvc:1); passed strict sanity screen; Approved by Robert Hoehndorf (all pairs surfaced 2026-09-18, after strict sanity screen; exclusions in scratchpad/pair-approvals-20260918/excluded.tsv).
PO_0030115	raceme inflorescence	PATO_0001802	loose	raceme inflorescence loose	reusable_phenotype	false	1	saudi_ncvc:1	Halothamnus iraqensis Botsch. (p123): forming lax racemes			approved	https://orcid.org/0000-0001-8149-5890	2026-09-18	Surfaced 2026-09-18 (saudi_ncvc:1); passed strict sanity screen; Approved by Robert Hoehndorf (all pairs surfaced 2026-09-18, after strict sanity screen; exclusions in scratchpad/pair-approvals-20260918/excluded.tsv).
PO_0030115	raceme inflorescence	PATO_0104035	pendent	raceme inflorescence pendent	reusable_phenotype	false	1	saudi_ncvc:1	Cadia purpurea (G.Piccioli) Aiton (p187): Flowers in pendulous racemes			approved	https://orcid.org/0000-0001-8149-5890	2026-09-18	Surfaced 2026-09-18 (saudi_ncvc:1); passed strict sanity screen; Approved by Robert Hoehndorf (all pairs surfaced 2026-09-18, after strict sanity screen; exclusions in scratchpad/pair-approvals-20260918/excluded.tsv).
PO_0030117	spike inflorescence	PATO_0000324	yellow	spike inflorescence yellow	reusable_phenotype	false	1	saudi_ncvc:1	Lavandula atriplicifolia Benth. (p200): and yellow in colour			approved	https://orcid.org/0000-0001-8149-5890	2026-09-18	Surfaced 2026-09-18 (saudi_ncvc:1); passed strict sanity screen; Approved by Robert Hoehndorf (all pairs surfaced 2026-09-18, after strict sanity screen; exclusions in scratchpad/pair-approvals-20260918/excluded.tsv).
PO_0030121	capitulum inflorescence	PATO_0000323	white	capitulum inflorescence white	reusable_phenotype	false	1	saudi_ncvc:1	Vachellia johnwoodii (Boulos) Ragup., Seigler, Ebinger & Maslin (p61): white globose inflorescences			approved	https://orcid.org/0000-0001-8149-5890	2026-09-18	Surfaced 2026-09-18 (saudi_ncvc:1); passed strict sanity screen; Approved by Robert Hoehndorf (all pairs surfaced 2026-09-18, after strict sanity screen; exclusions in scratchpad/pair-approvals-20260918/excluded.tsv).
PO_0030121	capitulum inflorescence	PATO_0000921	width	capitulum inflorescence width	reusable_trait	true	1	saudi_ncvc:1	Rhanterium epapposum Oliv. (p163): 1.5 cm wide			approved	https://orcid.org/0000-0001-8149-5890	2026-09-18	Surfaced 2026-09-18 (saudi_ncvc:1); passed strict sanity screen; Approved by Robert Hoehndorf (all pairs surfaced 2026-09-18, after strict sanity screen; exclusions in scratchpad/pair-approvals-20260918/excluded.tsv).
PO_0030121	capitulum inflorescence	PATO_0000951	purple	capitulum inflorescence purple	reusable_phenotype	false	1	saudi_ncvc:1	Baccharoides schimperi (DC.) Isawumi, El-Ghazaly & B.Nord. (p156): purple			approved	https://orcid.org/0000-0001-8149-5890	2026-09-18	Surfaced 2026-09-18 (saudi_ncvc:1); passed strict sanity screen; Approved by Robert Hoehndorf (all pairs surfaced 2026-09-18, after strict sanity screen; exclusions in scratchpad/pair-approvals-20260918/excluded.tsv).
PO_0030121	capitulum inflorescence	PATO_0001164	dense	capitulum inflorescence dense	reusable_phenotype	false	1	saudi_ncvc:1	Psiadia punctulata Vatke (p162): Flower heads dense			approved	https://orcid.org/0000-0001-8149-5890	2026-09-18	Surfaced 2026-09-18 (saudi_ncvc:1); passed strict sanity screen; Approved by Robert Hoehndorf (all pairs surfaced 2026-09-18, after strict sanity screen; exclusions in scratchpad/pair-approvals-20260918/excluded.tsv).
PO_0030121	capitulum inflorescence	PATO_0001263	dark yellow	capitulum inflorescence dark yellow	reusable_phenotype	false	1	saudi_ncvc:1	Vachellia nilotica subsp. indica (Benth.) Kyal. & Boatwr. (p62): dark yellow			approved	https://orcid.org/0000-0001-8149-5890	2026-09-18	Surfaced 2026-09-18 (saudi_ncvc:1); passed strict sanity screen; Approved by Robert Hoehndorf (all pairs surfaced 2026-09-18, after strict sanity screen; exclusions in scratchpad/pair-approvals-20260918/excluded.tsv).
PO_0030121	capitulum inflorescence	PATO_0001373	glistening	capitulum inflorescence glistening	reusable_phenotype	false	1	saudi_ncvc:1	Vachellia seyal var. fistula (p64): shiny			approved	https://orcid.org/0000-0001-8149-5890	2026-09-18	Surfaced 2026-09-18 (saudi_ncvc:1); passed strict sanity screen; Approved by Robert Hoehndorf (all pairs surfaced 2026-09-18, after strict sanity screen; exclusions in scratchpad/pair-approvals-20260918/excluded.tsv).
PO_0030121	capitulum inflorescence	PATO_0002191	aromatic	capitulum inflorescence aromatic	reusable_phenotype	false	1	saudi_ncvc:1	Pulicaria undulata subsp. undulata (p271): with an aromatic scent			approved	https://orcid.org/0000-0001-8149-5890	2026-09-18	Surfaced 2026-09-18 (saudi_ncvc:1); passed strict sanity screen; Approved by Robert Hoehndorf (all pairs surfaced 2026-09-18, after strict sanity screen; exclusions in scratchpad/pair-approvals-20260918/excluded.tsv).
PO_0030121	capitulum inflorescence	PATO_0002254	flattened	capitulum inflorescence flattened	reusable_phenotype	false	1	saudi_ncvc:1	Anvillea garcinii (Burm.f.) DC. (p152): flat			approved	https://orcid.org/0000-0001-8149-5890	2026-09-18	Surfaced 2026-09-18 (saudi_ncvc:1); passed strict sanity screen; Approved by Robert Hoehndorf (all pairs surfaced 2026-09-18, after strict sanity screen; exclusions in scratchpad/pair-approvals-20260918/excluded.tsv).
PO_0030123	panicle inflorescence	PATO_0001873	cylindrical	panicle inflorescence cylindrical	reusable_phenotype	false	1	saudi_ncvc:1	Calamagrostis arenaria (L.) Roth (p311): cylindrical in shape			approved	https://orcid.org/0000-0001-8149-5890	2026-09-18	Surfaced 2026-09-18 (saudi_ncvc:1); passed strict sanity screen; Approved by Robert Hoehndorf (all pairs surfaced 2026-09-18, after strict sanity screen; exclusions in scratchpad/pair-approvals-20260918/excluded.tsv).
PO_0030124	corymb inflorescence	PATO_0000467	present	corymb inflorescence present	reusable_phenotype	false	1	saudi_ncvc:1	Maerua oblongifolia (Forssk.) A.Rich. (p174): Flowers in terminal corymbose inflorescences			approved	https://orcid.org/0000-0001-8149-5890	2026-09-18	Surfaced 2026-09-18 (saudi_ncvc:1); passed strict sanity screen; Approved by Robert Hoehndorf (all pairs surfaced 2026-09-18, after strict sanity screen; exclusions in scratchpad/pair-approvals-20260918/excluded.tsv).
PO_0030129	umbel inflorescence	PATO_0002476	terminal	umbel inflorescence terminal	reusable_phenotype	false	1	saudi_ncvc:1	Deverra tortuosa (Desf.) DC. (p133): the inflorescences are terminal umbels			approved	https://orcid.org/0000-0001-8149-5890	2026-09-18	Surfaced 2026-09-18 (saudi_ncvc:1); passed strict sanity screen; Approved by Robert Hoehndorf (all pairs surfaced 2026-09-18, after strict sanity screen; exclusions in scratchpad/pair-approvals-20260918/excluded.tsv).
