flopo_id	label	change	old_colours	new_colours	note
FLOPO:0000060	petal pink	filler_repointed	PATO:0000954	FLOPO:0988000	
FLOPO:0000072	lower glume grey	filler_repointed	PATO:0000950	FLOPO:0988010	
FLOPO:0000075	seed yellow	filler_repointed	PATO:0000324	FLOPO:0988004	
FLOPO:0000146	fruit light green	filler_repointed	PATO:0001250	FLOPO:0988166	
FLOPO:0000218	corolla pink	filler_repointed	PATO:0000954	FLOPO:0988000	
FLOPO:0000263	keel dark blue	filler_repointed	PATO:0001244	FLOPO:0988200	
FLOPO:0000280	peristome dark purple	filler_repointed	PATO:0001259	FLOPO:0988237	
FLOPO:0000411	corolla purple	filler_repointed	PATO:0000951	FLOPO:0988008	
FLOPO:0000413	stem grey	filler_repointed	PATO:0000950	FLOPO:0988010	
FLOPO:0000493	corolla yellow	filler_repointed	PATO:0000324	FLOPO:0988004	
FLOPO:0000525	corolla blue	filler_repointed	PATO:0000318	FLOPO:0988007	
FLOPO:0000769	fruit brown	filler_repointed	PATO:0000952	FLOPO:0988003	
FLOPO:0000797	vascular bundle purple	filler_repointed	PATO:0000951	FLOPO:0988008	
FLOPO:0000810	stem purple	filler_repointed	PATO:0000951	FLOPO:0988008	
FLOPO:0000862	lamina green	filler_repointed	PATO:0000320	FLOPO:0988006	
FLOPO:0000890	bark grey	filler_repointed	PATO:0000950	FLOPO:0988010	
FLOPO:0000905	corolla white	filler_repointed	PATO:0000323	FLOPO:0988009	
FLOPO:0000920	lamina pink	filler_repointed	PATO:0000954	FLOPO:0988000	
FLOPO:0000930	bark brown	filler_repointed	PATO:0000952	FLOPO:0988003	
FLOPO:0000954	bud pink	filler_repointed	PATO:0000954	FLOPO:0988000	
FLOPO:0000985	bud yellow	filler_repointed	PATO:0000324	FLOPO:0988004	
FLOPO:0001010	lamina grey	filler_repointed	PATO:0000950	FLOPO:0988010	
FLOPO:0001063	fruit yellow	filler_repointed	PATO:0000324	FLOPO:0988004	
FLOPO:0001125	pappus white	filler_repointed	PATO:0000323	FLOPO:0988009	
FLOPO:0001202	shoot apex purple	filler_repointed	PATO:0000951	FLOPO:0988008	
FLOPO:0001210	fruit white	filler_repointed	PATO:0000323	FLOPO:0988009	
FLOPO:0001218	rhizome brown	filler_repointed	PATO:0000952	FLOPO:0988003	
FLOPO:0001220	flower purple	filler_repointed	PATO:0000951	FLOPO:0988008	
FLOPO:0001226	bud green	filler_repointed	PATO:0000320	FLOPO:0988006	
FLOPO:0001235	stereome brown	filler_repointed	PATO:0000952	FLOPO:0988003	
FLOPO:0001240	style red	filler_repointed	PATO:0000322	FLOPO:0988001	
FLOPO:0001253	aril white	filler_repointed	PATO:0000323	FLOPO:0988009	
FLOPO:0001327	style white	filler_repointed	PATO:0000323	FLOPO:0988009	
FLOPO:0001352	corolla orange	filler_repointed	PATO:0000953	FLOPO:0988002	
FLOPO:0001387	fruit red	filler_repointed	PATO:0000322	FLOPO:0988001	
FLOPO:0001402	bract pink	filler_repointed	PATO:0000954	FLOPO:0988000	
FLOPO:0001440	peristome purple	filler_repointed	PATO:0000951	FLOPO:0988008	
FLOPO:0001479	stereome yellow	filler_repointed	PATO:0000324	FLOPO:0988004	
FLOPO:0001533	leaf yellow	filler_repointed	PATO:0000324	FLOPO:0988004	
FLOPO:0001555	fruit green	filler_repointed	PATO:0000320	FLOPO:0988006	
FLOPO:0001618	corolla red	filler_repointed	PATO:0000322	FLOPO:0988001	
FLOPO:0001640	corolla violet	filler_repointed	PATO:0001424	FLOPO:0988027	
FLOPO:0001659	flower pink	filler_repointed	PATO:0000954	FLOPO:0988000	
FLOPO:0001683	stamen orange	filler_repointed	PATO:0000953	FLOPO:0988002	
FLOPO:0001718	calyx brown	filler_repointed	PATO:0000952	FLOPO:0988003	
FLOPO:0001722	flower white	filler_repointed	PATO:0000323	FLOPO:0988009	
FLOPO:0001760	lamina brown	filler_repointed	PATO:0000952	FLOPO:0988003	
FLOPO:0001764	aril yellow	filler_repointed	PATO:0000324	FLOPO:0988004	
FLOPO:0001777	seed purple	filler_repointed	PATO:0000951	FLOPO:0988008	
FLOPO:0001781	seta green	filler_repointed	PATO:0000320	FLOPO:0988006	
FLOPO:0001798	bark yellow	filler_repointed	PATO:0000324	FLOPO:0988004	
FLOPO:0001799	aril brown	filler_repointed	PATO:0000952	FLOPO:0988003	
FLOPO:0001816	peristome red	filler_repointed	PATO:0000322	FLOPO:0988001	
FLOPO:0001837	perianth white	filler_repointed	PATO:0000323	FLOPO:0988009	
FLOPO:0001843	calyx dark red	filler_repointed	PATO:0001261	FLOPO:0988042	
FLOPO:0001858	corolla black	filler_repointed	PATO:0000317	FLOPO:0988011	
FLOPO:0001920	involucre green	filler_repointed	PATO:0000320	FLOPO:0988006	
FLOPO:0001941	whole plant purple	filler_repointed	PATO:0000951	FLOPO:0988008	
FLOPO:0001955	seed green	filler_repointed	PATO:0000320	FLOPO:0988006	
FLOPO:0001974	bud grey	filler_repointed	PATO:0000950	FLOPO:0988010	
FLOPO:0001977	stem pink	filler_repointed	PATO:0000954	FLOPO:0988000	
FLOPO:0001989	leaf purple	filler_repointed	PATO:0000951	FLOPO:0988008	
FLOPO:0001992	awn white	filler_repointed	PATO:0000323	FLOPO:0988009	
FLOPO:0002072	calyx white	filler_repointed	PATO:0000323	FLOPO:0988009	
FLOPO:0002075	pericarp white	filler_repointed	PATO:0000323	FLOPO:0988009	
FLOPO:0002085	leaf green	filler_repointed	PATO:0000320	FLOPO:0988006	
FLOPO:0002096	bark green	filler_repointed	PATO:0000320	FLOPO:0988006	
FLOPO:0002108	corolla pale pink	filler_repointed	PATO:0002020	FLOPO:0988035	
FLOPO:0002111	stem white	filler_repointed	PATO:0000323	FLOPO:0988009	
FLOPO:0002124	axil green	filler_repointed	PATO:0000320	FLOPO:0988006	
FLOPO:0002144	fruit grey	filler_repointed	PATO:0000950	FLOPO:0988010	
FLOPO:0002163	aril orange	filler_repointed	PATO:0000953	FLOPO:0988002	
FLOPO:0002194	corolla brown	filler_repointed	PATO:0000952	FLOPO:0988003	
FLOPO:0002204	rhizome grey	filler_repointed	PATO:0000950	FLOPO:0988010	
FLOPO:0002257	calyx yellow	filler_repointed	PATO:0000324	FLOPO:0988004	
FLOPO:0002260	fruit purple	filler_repointed	PATO:0000951	FLOPO:0988008	
FLOPO:0002281	keel green	filler_repointed	PATO:0000320	FLOPO:0988006	
FLOPO:0002297	sepal pink	filler_repointed	PATO:0000954	FLOPO:0988000	
FLOPO:0002306	stem red	filler_repointed	PATO:0000322	FLOPO:0988001	
FLOPO:0002325	bark black	filler_repointed	PATO:0000317	FLOPO:0988011	
FLOPO:0002346	pedicel green	filler_repointed	PATO:0000320	FLOPO:0988006	
FLOPO:0002349	sapwood white	filler_repointed	PATO:0000323	FLOPO:0988009	
FLOPO:0002394	flower dark blue	filler_repointed	PATO:0001244	FLOPO:0988200	
FLOPO:0002454	stem brown	filler_repointed	PATO:0000952	FLOPO:0988003	
FLOPO:0002463	lamina black	filler_repointed	PATO:0000317	FLOPO:0988011	
FLOPO:0002466	stamen dark red	filler_repointed	PATO:0001261	FLOPO:0988042	
FLOPO:0002488	corm grey	filler_repointed	PATO:0000950	FLOPO:0988010	
FLOPO:0002495	bud white	filler_repointed	PATO:0000323	FLOPO:0988009	
FLOPO:0002497	calyx red	filler_repointed	PATO:0000322	FLOPO:0988001	
FLOPO:0002544	peduncle brown	filler_repointed	PATO:0000952	FLOPO:0988003	
FLOPO:0002612	keel yellow	filler_repointed	PATO:0000324	FLOPO:0988004	
FLOPO:0002642	style brown	filler_repointed	PATO:0000952	FLOPO:0988003	
FLOPO:0002648	style green	filler_repointed	PATO:0000320	FLOPO:0988006	
FLOPO:0002672	fruit dark purple	filler_repointed	PATO:0001259	FLOPO:0988237	
FLOPO:0002677	petal purple	filler_repointed	PATO:0000951	FLOPO:0988008	
FLOPO:0002678	fruit pink	filler_repointed	PATO:0000954	FLOPO:0988000	
FLOPO:0002689	fruit black	filler_repointed	PATO:0000317	FLOPO:0988011	
FLOPO:0002725	bract white	filler_repointed	PATO:0000323	FLOPO:0988009	
FLOPO:0002736	stereome pink	filler_repointed	PATO:0000954	FLOPO:0988000	
FLOPO:0002750	corolla green	filler_repointed	PATO:0000320	FLOPO:0988006	
FLOPO:0002795	endocarp yellow	filler_repointed	PATO:0000324	FLOPO:0988004	
FLOPO:0002797	stalk green	filler_repointed	PATO:0000320	FLOPO:0988006	
FLOPO:0002819	hilum black	filler_repointed	PATO:0000317	FLOPO:0988011	
FLOPO:0002836	keel brown	filler_repointed	PATO:0000952	FLOPO:0988003	
FLOPO:0002871	hilum green	filler_repointed	PATO:0000320	FLOPO:0988006	
FLOPO:0002880	rhizome purple	filler_repointed	PATO:0000951	FLOPO:0988008	
FLOPO:0002899	testa purple	filler_repointed	PATO:0000951	FLOPO:0988008	
FLOPO:0002962	seed brown	filler_repointed	PATO:0000952	FLOPO:0988003	
FLOPO:0002963	keel grey	filler_repointed	PATO:0000950	FLOPO:0988010	
FLOPO:0002964	rhizome white	filler_repointed	PATO:0000323	FLOPO:0988009	
FLOPO:0003054	peristome green	filler_repointed	PATO:0000320	FLOPO:0988006	
FLOPO:0003064	root tip purple	filler_repointed	PATO:0000951	FLOPO:0988008	
FLOPO:0003080	bark white	filler_repointed	PATO:0000323	FLOPO:0988009	
FLOPO:0003107	bark orange	filler_repointed	PATO:0000953	FLOPO:0988002	
FLOPO:0003161	petiole red	filler_repointed	PATO:0000322	FLOPO:0988001	
FLOPO:0003187	calyx grey	filler_repointed	PATO:0000950	FLOPO:0988010	
FLOPO:0003233	stem green	filler_repointed	PATO:0000320	FLOPO:0988006	
FLOPO:0003252	sapwood red	filler_repointed	PATO:0000322	FLOPO:0988001	
FLOPO:0003253	sapwood brown	filler_repointed	PATO:0000952	FLOPO:0988003	
FLOPO:0003282	infructescence brown	filler_repointed	PATO:0000952	FLOPO:0988003	
FLOPO:0003337	pollen yellow	filler_repointed	PATO:0000324	FLOPO:0988004	
FLOPO:0003351	connective black	filler_repointed	PATO:0000317	FLOPO:0988011	
FLOPO:0003381	leaf dark red	filler_repointed	PATO:0001261	FLOPO:0988042	
FLOPO:0003391	leaf brown	filler_repointed	PATO:0000952	FLOPO:0988003	
FLOPO:0003400	caruncle orange	filler_repointed	PATO:0000953	FLOPO:0988002	
FLOPO:0003409	petiole grey	filler_repointed	PATO:0000950	FLOPO:0988010	
FLOPO:0003476	stigma yellow	filler_repointed	PATO:0000324	FLOPO:0988004	
FLOPO:0003478	bark pink	filler_repointed	PATO:0000954	FLOPO:0988000	
FLOPO:0003504	stigma blue	filler_repointed	PATO:0000318	FLOPO:0988007	
FLOPO:0003508	papilla cell purple	filler_repointed	PATO:0000951	FLOPO:0988008	
FLOPO:0003515	lamina dark brown	filler_repointed	PATO:0001245	FLOPO:0988084	
FLOPO:0003544	pistillode yellow	filler_repointed	PATO:0000324	FLOPO:0988004	
FLOPO:0003613	petiole green	filler_repointed	PATO:0000320	FLOPO:0988006	
FLOPO:0003634	perianth brown	filler_repointed	PATO:0000952	FLOPO:0988003	
FLOPO:0003638	endocarp red	filler_repointed	PATO:0000322	FLOPO:0988001	
FLOPO:0003646	style purple	filler_repointed	PATO:0000951	FLOPO:0988008	
FLOPO:0003652	costa brown	filler_repointed	PATO:0000952	FLOPO:0988003	
FLOPO:0003675	petiole brown	filler_repointed	PATO:0000952	FLOPO:0988003	
FLOPO:0003745	fruit blue	filler_repointed	PATO:0000318	FLOPO:0988007	
FLOPO:0003885	lamina white	filler_repointed	PATO:0000323	FLOPO:0988009	
FLOPO:0003906	exotesta dark grey	filler_repointed	PATO:0001251	FLOPO:0988275	
FLOPO:0003923	fruit orange	filler_repointed	PATO:0000953	FLOPO:0988002	
FLOPO:0003942	calyx black	filler_repointed	PATO:0000317	FLOPO:0988011	
FLOPO:0003971	lemma white	filler_repointed	PATO:0000323	FLOPO:0988009	
FLOPO:0003974	leaf white	filler_repointed	PATO:0000323	FLOPO:0988009	
FLOPO:0003988	perianth red	filler_repointed	PATO:0000322	FLOPO:0988001	
FLOPO:0004007	anther green	filler_repointed	PATO:0000320	FLOPO:0988006	
FLOPO:0004063	stigma brown	filler_repointed	PATO:0000952	FLOPO:0988003	
FLOPO:0004071	testa brown	filler_repointed	PATO:0000952	FLOPO:0988003	
FLOPO:0004112	exocarp red	filler_repointed	PATO:0000322	FLOPO:0988001	
FLOPO:0004141	testa yellow	filler_repointed	PATO:0000324	FLOPO:0988004	
FLOPO:0004148	flower green	filler_repointed	PATO:0000320	FLOPO:0988006	
FLOPO:0004178	receptacle white	filler_repointed	PATO:0000323	FLOPO:0988009	
FLOPO:0004192	caruncle brown	filler_repointed	PATO:0000952	FLOPO:0988003	
FLOPO:0004221	rhizome dark brown	filler_repointed	PATO:0001245	FLOPO:0988084	
FLOPO:0004232	petiole white	filler_repointed	PATO:0000323	FLOPO:0988009	
FLOPO:0004246	testa dark brown	filler_repointed	PATO:0001245	FLOPO:0988084	
FLOPO:0004259	bud black	filler_repointed	PATO:0000317	FLOPO:0988011	
FLOPO:0004260	style dark red	filler_repointed	PATO:0001261	FLOPO:0988042	
FLOPO:0004274	bark light brown	filler_repointed	PATO:0001246	FLOPO:0988082	
FLOPO:0004302	epidermis brown	filler_repointed	PATO:0000952	FLOPO:0988003	
FLOPO:0004307	peduncle white	filler_repointed	PATO:0000323	FLOPO:0988009	
FLOPO:0004431	bud red	filler_repointed	PATO:0000322	FLOPO:0988001	
FLOPO:0004463	pedicel white	filler_repointed	PATO:0000323	FLOPO:0988009	
FLOPO:0004464	bud purple	filler_repointed	PATO:0000951	FLOPO:0988008	
FLOPO:0004508	bud brown	filler_repointed	PATO:0000952	FLOPO:0988003	
FLOPO:0004521	seed coat orange	filler_repointed	PATO:0000953	FLOPO:0988002	
FLOPO:0004539	infructescence dark brown	filler_repointed	PATO:0001245	FLOPO:0988084	
FLOPO:0004544	testa black	filler_repointed	PATO:0000317	FLOPO:0988011	
FLOPO:0004572	carpel black	filler_repointed	PATO:0000317	FLOPO:0988011	
FLOPO:0004583	sepal purple	filler_repointed	PATO:0000951	FLOPO:0988008	
FLOPO:0004585	pedicel brown	filler_repointed	PATO:0000952	FLOPO:0988003	
FLOPO:0004598	bark dark brown	filler_repointed	PATO:0001245	FLOPO:0988084	
FLOPO:0004608	inflorescence axis white	filler_repointed	PATO:0000323	FLOPO:0988009	
FLOPO:0004641	leaflet brown	filler_repointed	PATO:0000952	FLOPO:0988003	
FLOPO:0004653	endotesta grey	filler_repointed	PATO:0000950	FLOPO:0988010	
FLOPO:0004673	peristome yellow	filler_repointed	PATO:0000324	FLOPO:0988004	
FLOPO:0004682	receptacle orange	filler_repointed	PATO:0000953	FLOPO:0988002	
FLOPO:0004686	style dark brown	filler_repointed	PATO:0001245	FLOPO:0988084	
FLOPO:0004732	epidermis yellow	filler_repointed	PATO:0000324	FLOPO:0988004	
FLOPO:0004737	perianth dark red	filler_repointed	PATO:0001261	FLOPO:0988042	
FLOPO:0004755	inflorescence grey	filler_repointed	PATO:0000950	FLOPO:0988010	
FLOPO:0004775	perianth yellow	filler_repointed	PATO:0000324	FLOPO:0988004	
FLOPO:0004786	lemma purple	filler_repointed	PATO:0000951	FLOPO:0988008	
FLOPO:0004791	hilum red	filler_repointed	PATO:0000322	FLOPO:0988001	
FLOPO:0004800	mesocarp brown	filler_repointed	PATO:0000952	FLOPO:0988003	
FLOPO:0004809	testa red	filler_repointed	PATO:0000322	FLOPO:0988001	
FLOPO:0004896	anther violet	filler_repointed	PATO:0001424	FLOPO:0988027	
FLOPO:0004911	corolla dark purple	filler_repointed	PATO:0001259	FLOPO:0988237	
FLOPO:0004916	pappus brown	filler_repointed	PATO:0000952	FLOPO:0988003	
FLOPO:0004930	exotesta grey	filler_repointed	PATO:0000950	FLOPO:0988010	
FLOPO:0004976	flower yellow	filler_repointed	PATO:0000324	FLOPO:0988004	
FLOPO:0004997	valve red	filler_repointed	PATO:0000322	FLOPO:0988001	
FLOPO:0005005	epidermis white	filler_repointed	PATO:0000323	FLOPO:0988009	
FLOPO:0005011	peduncle purple	filler_repointed	PATO:0000951	FLOPO:0988008	
FLOPO:0005019	tepal purple	filler_repointed	PATO:0000951	FLOPO:0988008	
FLOPO:0005021	keel white	filler_repointed	PATO:0000323	FLOPO:0988009	
FLOPO:0005024	sepal black	filler_repointed	PATO:0000317	FLOPO:0988011	
FLOPO:0005036	caruncle grey	filler_repointed	PATO:0000950	FLOPO:0988010	
FLOPO:0005041	lemma green	filler_repointed	PATO:0000320	FLOPO:0988006	
FLOPO:0005068	seed coat brown	filler_repointed	PATO:0000952	FLOPO:0988003	
FLOPO:0005074	locule black	filler_repointed	PATO:0000317	FLOPO:0988011	
FLOPO:0005092	leaf dark grey	filler_repointed	PATO:0001251	FLOPO:0988275	
FLOPO:0005114	axil red	filler_repointed	PATO:0000322	FLOPO:0988001	
FLOPO:0005144	pollen black	filler_repointed	PATO:0000317	FLOPO:0988011	
FLOPO:0005151	leaflet orange	filler_repointed	PATO:0000953	FLOPO:0988002	
FLOPO:0005169	rhizome light brown	filler_repointed	PATO:0001246	FLOPO:0988082	
FLOPO:0005204	anther yellow	filler_repointed	PATO:0000324	FLOPO:0988004	
FLOPO:0005279	fruit light brown	filler_repointed	PATO:0001246	FLOPO:0988082	
FLOPO:0005290	lenticel dark brown	filler_repointed	PATO:0001245	FLOPO:0988084	
FLOPO:0005295	hypanthium deep pink	filler_repointed	PATO:0001258	FLOPO:0988032	
FLOPO:0005306	mesocarp red	filler_repointed	PATO:0000322	FLOPO:0988001	
FLOPO:0005344	involucre white	filler_repointed	PATO:0000323	FLOPO:0988009	
FLOPO:0005373	inflorescence white	filler_repointed	PATO:0000323	FLOPO:0988009	
FLOPO:0005412	bud orange	filler_repointed	PATO:0000953	FLOPO:0988002	
FLOPO:0005419	calyx dark brown	filler_repointed	PATO:0001245	FLOPO:0988084	
FLOPO:0005425	bark red	filler_repointed	PATO:0000322	FLOPO:0988001	
FLOPO:0005445	exocarp brown	filler_repointed	PATO:0000952	FLOPO:0988003	
FLOPO:0005458	calyx blue	filler_repointed	PATO:0000318	FLOPO:0988007	
FLOPO:0005474	leaf red	filler_repointed	PATO:0000322	FLOPO:0988001	
FLOPO:0005481	ovary wall brown	filler_repointed	PATO:0000952	FLOPO:0988003	
FLOPO:0005512	style yellow	filler_repointed	PATO:0000324	FLOPO:0988004	
FLOPO:0005528	perianth dark purple	filler_repointed	PATO:0001259	FLOPO:0988237	
FLOPO:0005543	rhizome orange	filler_repointed	PATO:0000953	FLOPO:0988002	
FLOPO:0005547	seed white	filler_repointed	PATO:0000323	FLOPO:0988009	
FLOPO:0005577	collective phyllome structure purple	filler_repointed	PATO:0000951	FLOPO:0988008	
FLOPO:0005598	root-borne shoot system purple	filler_repointed	PATO:0000951	FLOPO:0988008	
FLOPO:0005603	stereome white	filler_repointed	PATO:0000323	FLOPO:0988009	
FLOPO:0005614	axillary bud white	filler_repointed	PATO:0000323	FLOPO:0988009	
FLOPO:0005644	testa grey	filler_repointed	PATO:0000950	FLOPO:0988010	
FLOPO:0005661	sapwood yellow	filler_repointed	PATO:0000324	FLOPO:0988004	
FLOPO:0005670	bract green	filler_repointed	PATO:0000320	FLOPO:0988006	
FLOPO:0005674	petal green	filler_repointed	PATO:0000320	FLOPO:0988006	
FLOPO:0005706	hilum purple	filler_repointed	PATO:0000951	FLOPO:0988008	
FLOPO:0005710	inflorescence brown	filler_repointed	PATO:0000952	FLOPO:0988003	
FLOPO:0005722	receptacle yellow	filler_repointed	PATO:0000324	FLOPO:0988004	
FLOPO:0005724	caruncle yellow	filler_repointed	PATO:0000324	FLOPO:0988004	
FLOPO:0005727	stalk dark brown	filler_repointed	PATO:0001245	FLOPO:0988084	
FLOPO:0005770	tuber orange	filler_repointed	PATO:0000953	FLOPO:0988002	
FLOPO:0005786	perianth pink	filler_repointed	PATO:0000954	FLOPO:0988000	
FLOPO:0005799	petiolule green	filler_repointed	PATO:0000320	FLOPO:0988006	
FLOPO:0005803	ligule dark yellow	filler_repointed	PATO:0001263	FLOPO:0988112	
FLOPO:0005862	bract yellow	filler_repointed	PATO:0000324	FLOPO:0988004	
FLOPO:0005900	sapwood pink	filler_repointed	PATO:0000954	FLOPO:0988000	
FLOPO:0005908	perianth green	filler_repointed	PATO:0000320	FLOPO:0988006	
FLOPO:0005927	pollen violet	filler_repointed	PATO:0001424	FLOPO:0988027	
FLOPO:0006045	androecium red	filler_repointed	PATO:0000322	FLOPO:0988001	
FLOPO:0006115	petal pale pink	filler_repointed	PATO:0002020	FLOPO:0988035	
FLOPO:0006118	bark dark grey	filler_repointed	PATO:0001251	FLOPO:0988275	
FLOPO:0006127	calyx purple	filler_repointed	PATO:0000951	FLOPO:0988008	
FLOPO:0006191	ligule red	filler_repointed	PATO:0000322	FLOPO:0988001	
FLOPO:0006219	calyx pink	filler_repointed	PATO:0000954	FLOPO:0988000	
FLOPO:0006253	keel purple	filler_repointed	PATO:0000951	FLOPO:0988008	
FLOPO:0006268	stigma purple	filler_repointed	PATO:0000951	FLOPO:0988008	
FLOPO:0006269	petiole purple	filler_repointed	PATO:0000951	FLOPO:0988008	
FLOPO:0006397	sepal green	filler_repointed	PATO:0000320	FLOPO:0988006	
FLOPO:0006401	valve light green	filler_repointed	PATO:0001250	FLOPO:0988166	
FLOPO:0006418	epidermis dark brown	filler_repointed	PATO:0001245	FLOPO:0988084	
FLOPO:0006449	leaf base green	filler_repointed	PATO:0000320	FLOPO:0988006	
FLOPO:0006458	corm red	filler_repointed	PATO:0000322	FLOPO:0988001	
FLOPO:0006572	inflorescence pink	filler_repointed	PATO:0000954	FLOPO:0988000	
FLOPO:0006615	endosperm brown	filler_repointed	PATO:0000952	FLOPO:0988003	
FLOPO:0006622	aril red	filler_repointed	PATO:0000322	FLOPO:0988001	
FLOPO:0006631	pericarp green	filler_repointed	PATO:0000320	FLOPO:0988006	
FLOPO:0006633	bract purple	filler_repointed	PATO:0000951	FLOPO:0988008	
FLOPO:0006680	lower glume light brown	filler_repointed	PATO:0001246	FLOPO:0988082	
FLOPO:0006696	seed black	filler_repointed	PATO:0000317	FLOPO:0988011	
FLOPO:0006729	keel red	filler_repointed	PATO:0000322	FLOPO:0988001	
FLOPO:0006816	stigma green	filler_repointed	PATO:0000320	FLOPO:0988006	
FLOPO:0006817	tubercle white	filler_repointed	PATO:0000323	FLOPO:0988009	
FLOPO:0006828	leaf grey	filler_repointed	PATO:0000950	FLOPO:0988010	
FLOPO:0006830	pedicel grey	filler_repointed	PATO:0000950	FLOPO:0988010	
FLOPO:0006851	leaf axil red	filler_repointed	PATO:0000322	FLOPO:0988001	
FLOPO:0006881	seed yellow brown	filler_repointed	PATO:0002411	FLOPO:0988018	
FLOPO:0006900	androecium dark brown	filler_repointed	PATO:0001245	FLOPO:0988084	
FLOPO:0006904	cambium orange	filler_repointed	PATO:0000953	FLOPO:0988002	
FLOPO:0006915	bract brown	filler_repointed	PATO:0000952	FLOPO:0988003	
FLOPO:0006916	filament yellow	filler_repointed	PATO:0000324	FLOPO:0988004	
FLOPO:0006918	style blue	filler_repointed	PATO:0000318	FLOPO:0988007	
FLOPO:0006923	sepal white	filler_repointed	PATO:0000323	FLOPO:0988009	
FLOPO:0006947	exocarp green	filler_repointed	PATO:0000320	FLOPO:0988006	
FLOPO:0006960	pericarp yellow	filler_repointed	PATO:0000324	FLOPO:0988004	
FLOPO:0006962	bud pale pink	filler_repointed	PATO:0002020	FLOPO:0988035	
FLOPO:0006975	perianth purple	filler_repointed	PATO:0000951	FLOPO:0988008	
FLOPO:0007065	perianth blue	filler_repointed	PATO:0000318	FLOPO:0988007	
FLOPO:0007095	stamen green	filler_repointed	PATO:0000320	FLOPO:0988006	
FLOPO:0007104	epidermis red	filler_repointed	PATO:0000322	FLOPO:0988001	
FLOPO:0007162	caruncle white	filler_repointed	PATO:0000323	FLOPO:0988009	
FLOPO:0007179	infructescence red	filler_repointed	PATO:0000322	FLOPO:0988001	
FLOPO:0007252	calyx orange	filler_repointed	PATO:0000953	FLOPO:0988002	
FLOPO:0007257	bark blue	filler_repointed	PATO:0000318	FLOPO:0988007	
FLOPO:0007281	glume white	filler_repointed	PATO:0000323	FLOPO:0988009	
FLOPO:0007361	lower glume brown	filler_repointed	PATO:0000952	FLOPO:0988003	
FLOPO:0007389	leaf lamina green	filler_repointed	PATO:0000320	FLOPO:0988006	
FLOPO:0007408	axil pale pink	filler_repointed	PATO:0002020	FLOPO:0988035	
FLOPO:0007409	caruncle black	filler_repointed	PATO:0000317	FLOPO:0988011	
FLOPO:0007464	petiole dark brown	filler_repointed	PATO:0001245	FLOPO:0988084	
FLOPO:0007467	branch purple	filler_repointed	PATO:0000951	FLOPO:0988008	
FLOPO:0007506	inflorescence green	filler_repointed	PATO:0000320	FLOPO:0988006	
FLOPO:0007507	receptacle green	filler_repointed	PATO:0000320	FLOPO:0988006	
FLOPO:0007516	fruit dark brown	filler_repointed	PATO:0001245	FLOPO:0988084	
FLOPO:0007518	aril black	filler_repointed	PATO:0000317	FLOPO:0988011	
FLOPO:0007531	carpel blue	filler_repointed	PATO:0000318	FLOPO:0988007	
FLOPO:0007564	endocarp green	filler_repointed	PATO:0000320	FLOPO:0988006	
FLOPO:0007572	corolla dark red	filler_repointed	PATO:0001261	FLOPO:0988042	
FLOPO:0007590	keel orange	filler_repointed	PATO:0000953	FLOPO:0988002	
FLOPO:0007599	flower red	filler_repointed	PATO:0000322	FLOPO:0988001	
FLOPO:0007606	calyx green	filler_repointed	PATO:0000320	FLOPO:0988006	
FLOPO:0007608	heartwood red	filler_repointed	PATO:0000322	FLOPO:0988001	
FLOPO:0007638	carpel white	filler_repointed	PATO:0000323	FLOPO:0988009	
FLOPO:0007639	involucre dark purple	filler_repointed	PATO:0001259	FLOPO:0988237	
FLOPO:0007697	lemma brown	filler_repointed	PATO:0000952	FLOPO:0988003	
FLOPO:0007708	bracteole yellow brown	filler_repointed	PATO:0002411	FLOPO:0988018	
FLOPO:0007725	ligule brown	filler_repointed	PATO:0000952	FLOPO:0988003	
FLOPO:0007767	central zone white	filler_repointed	PATO:0000323	FLOPO:0988009	
FLOPO:0007770	seed red	filler_repointed	PATO:0000322	FLOPO:0988001	
FLOPO:0007797	inflorescence yellow	filler_repointed	PATO:0000324	FLOPO:0988004	
FLOPO:0007844	peristome brown	filler_repointed	PATO:0000952	FLOPO:0988003	
FLOPO:0007868	whole plant white	filler_repointed	PATO:0000323	FLOPO:0988009	
FLOPO:0007904	receptacle red	filler_repointed	PATO:0000322	FLOPO:0988001	
FLOPO:0007911	pericarp brown	filler_repointed	PATO:0000952	FLOPO:0988003	
FLOPO:0007912	petiolule white	filler_repointed	PATO:0000323	FLOPO:0988009	
FLOPO:0007946	pedicel orange	filler_repointed	PATO:0000953	FLOPO:0988002	
FLOPO:0007955	stalk grey	filler_repointed	PATO:0000950	FLOPO:0988010	
FLOPO:0007958	tubercle grey	filler_repointed	PATO:0000950	FLOPO:0988010	
FLOPO:0008004	pappus black	filler_repointed	PATO:0000317	FLOPO:0988011	
FLOPO:0008045	flower light brown	filler_repointed	PATO:0001246	FLOPO:0988082	
FLOPO:0008046	testa green	filler_repointed	PATO:0000320	FLOPO:0988006	
FLOPO:0008075	whole plant yellow	filler_repointed	PATO:0000324	FLOPO:0988004	
FLOPO:0008109	petal white	filler_repointed	PATO:0000323	FLOPO:0988009	
FLOPO:0008143	leaf blue	filler_repointed	PATO:0000318	FLOPO:0988007	
FLOPO:0008165	connective orange	filler_repointed	PATO:0000953	FLOPO:0988002	
FLOPO:0008185	filament red	filler_repointed	PATO:0000322	FLOPO:0988001	
FLOPO:0008189	keel pink	filler_repointed	PATO:0000954	FLOPO:0988000	
FLOPO:0008267	hypanthium brown	filler_repointed	PATO:0000952	FLOPO:0988003	
FLOPO:0008299	hilum yellow	filler_repointed	PATO:0000324	FLOPO:0988004	
FLOPO:0008319	shoot axis orange	filler_repointed	PATO:0000953	FLOPO:0988002	
FLOPO:0008329	cortex grey	filler_repointed	PATO:0000950	FLOPO:0988010	
FLOPO:0008338	petal brown	filler_repointed	PATO:0000952	FLOPO:0988003	
FLOPO:0008386	leaflet yellow	filler_repointed	PATO:0000324	FLOPO:0988004	
FLOPO:0008464	anther purple	filler_repointed	PATO:0000951	FLOPO:0988008	
FLOPO:0008469	lamina purple	filler_repointed	PATO:0000951	FLOPO:0988008	
FLOPO:0008495	keel blue	filler_repointed	PATO:0000318	FLOPO:0988007	
FLOPO:0008511	bark dark red brown	filler_repointed	PATO:0001288	FLOPO:0988070	
FLOPO:0008530	glume brown	filler_repointed	PATO:0000952	FLOPO:0988003	
FLOPO:0008537	carpel purple	filler_repointed	PATO:0000951	FLOPO:0988008	
FLOPO:0008553	sheath cell purple	filler_repointed	PATO:0000951	FLOPO:0988008	
FLOPO:0008560	stigma white	filler_repointed	PATO:0000323	FLOPO:0988009	
FLOPO:0008585	seed orange	filler_repointed	PATO:0000953	FLOPO:0988002	
FLOPO:0008609	heartwood brown	filler_repointed	PATO:0000952	FLOPO:0988003	
FLOPO:0008735	pneumatophore brown	filler_repointed	PATO:0000952	FLOPO:0988003	
FLOPO:0008744	lower glume black	filler_repointed	PATO:0000317	FLOPO:0988011	
FLOPO:0008748	receptacle brown	filler_repointed	PATO:0000952	FLOPO:0988003	
FLOPO:0008784	style orange	filler_repointed	PATO:0000953	FLOPO:0988002	
FLOPO:0008813	bark purple	filler_repointed	PATO:0000951	FLOPO:0988008	
FLOPO:0008822	endocarp black	filler_repointed	PATO:0000317	FLOPO:0988011	
FLOPO:0008837	leaf dark brown	filler_repointed	PATO:0001245	FLOPO:0988084	
FLOPO:0008840	bark dark red	filler_repointed	PATO:0001261	FLOPO:0988042	
FLOPO:0008850	pedicel red	filler_repointed	PATO:0000322	FLOPO:0988001	
FLOPO:0008891	leaf black	filler_repointed	PATO:0000317	FLOPO:0988011	
FLOPO:0008908	corm dark red	filler_repointed	PATO:0001261	FLOPO:0988042	
FLOPO:0008917	connective white	filler_repointed	PATO:0000323	FLOPO:0988009	
FLOPO:0008918	pappus yellow	filler_repointed	PATO:0000324	FLOPO:0988004	
FLOPO:0008932	inflorescence purple	filler_repointed	PATO:0000951	FLOPO:0988008	
FLOPO:0008965	ligule yellow	filler_repointed	PATO:0000324	FLOPO:0988004	
FLOPO:0008970	leaf sheath white	filler_repointed	PATO:0000323	FLOPO:0988009	
FLOPO:0008972	bract orange	filler_repointed	PATO:0000953	FLOPO:0988002	
FLOPO:0009018	hilum brown	filler_repointed	PATO:0000952	FLOPO:0988003	
FLOPO:0009117	keel dark brown	filler_repointed	PATO:0001245	FLOPO:0988084	
FLOPO:0009136	integument brown	filler_repointed	PATO:0000952	FLOPO:0988003	
FLOPO:0009185	perianth black	filler_repointed	PATO:0000317	FLOPO:0988011	
FLOPO:0009214	endocarp brown	filler_repointed	PATO:0000952	FLOPO:0988003	
FLOPO:0009226	petal orange	filler_repointed	PATO:0000953	FLOPO:0988002	
FLOPO:0009289	bud blue	filler_repointed	PATO:0000318	FLOPO:0988007	
FLOPO:0009292	sapwood orange	filler_repointed	PATO:0000953	FLOPO:0988002	
FLOPO:0009373	stem yellow	filler_repointed	PATO:0000324	FLOPO:0988004	
FLOPO:0009463	stamen purple	filler_repointed	PATO:0000951	FLOPO:0988008	
FLOPO:0009474	aril pale pink	filler_repointed	PATO:0002020	FLOPO:0988035	
FLOPO:0009479	aril grey	filler_repointed	PATO:0000950	FLOPO:0988010	
FLOPO:0009483	receptacle dark grey	filler_repointed	PATO:0001251	FLOPO:0988275	
FLOPO:0009526	seed trichome purple	filler_repointed	PATO:0000951	FLOPO:0988008	
FLOPO:0009531	inflorescence axis brown	filler_repointed	PATO:0000952	FLOPO:0988003	
FLOPO:0009558	gynophore yellow	filler_repointed	PATO:0000324	FLOPO:0988004	
FLOPO:0009571	leaf pink	filler_repointed	PATO:0000954	FLOPO:0988000	
FLOPO:0009577	lamina blue	filler_repointed	PATO:0000318	FLOPO:0988007	
FLOPO:0009584	phloem black	filler_repointed	PATO:0000317	FLOPO:0988011	
FLOPO:0009698	perianth orange	filler_repointed	PATO:0000953	FLOPO:0988002	
FLOPO:0009705	epidermis purple	filler_repointed	PATO:0000951	FLOPO:0988008	
FLOPO:0009750	bark dark purple	filler_repointed	PATO:0001259	FLOPO:0988237	
FLOPO:0009779	flower brown	filler_repointed	PATO:0000952	FLOPO:0988003	
FLOPO:0009789	exocarp black	filler_repointed	PATO:0000317	FLOPO:0988011	
FLOPO:0009808	stem violet	filler_repointed	PATO:0001424	FLOPO:0988027	
FLOPO:0009824	rhizome red	filler_repointed	PATO:0000322	FLOPO:0988001	
FLOPO:0009855	trichome purple	filler_repointed	PATO:0000951	FLOPO:0988008	
FLOPO:0009863	fruit dark red	filler_repointed	PATO:0001261	FLOPO:0988042	
FLOPO:0009872	locule orange	filler_repointed	PATO:0000953	FLOPO:0988002	
FLOPO:0009919	involucre pink	filler_repointed	PATO:0000954	FLOPO:0988000	
FLOPO:0009923	corolla grey	filler_repointed	PATO:0000950	FLOPO:0988010	
FLOPO:0009989	bracteole purple	filler_repointed	PATO:0000951	FLOPO:0988008	
FLOPO:0010026	sepal red	filler_repointed	PATO:0000322	FLOPO:0988001	
FLOPO:0010030	corm light brown	filler_repointed	PATO:0001246	FLOPO:0988082	
FLOPO:0010073	corolla dark yellow	filler_repointed	PATO:0001263	FLOPO:0988112	
FLOPO:0010108	stalk orange	filler_repointed	PATO:0000953	FLOPO:0988002	
FLOPO:0010129	leaf sheath black	filler_repointed	PATO:0000317	FLOPO:0988011	
FLOPO:0010167	connective red	filler_repointed	PATO:0000322	FLOPO:0988001	
FLOPO:0010176	receptacle dark purple	filler_repointed	PATO:0001259	FLOPO:0988237	
FLOPO:0010180	sapwood dark brown	filler_repointed	PATO:0001245	FLOPO:0988084	
FLOPO:0010212	epicalyx white	filler_repointed	PATO:0000323	FLOPO:0988009	
FLOPO:0010219	aril pink	filler_repointed	PATO:0000954	FLOPO:0988000	
FLOPO:0010330	spikelet brown	filler_repointed	PATO:0000952	FLOPO:0988003	
FLOPO:0010332	leaflet margin brown	filler_repointed	PATO:0000952	FLOPO:0988003	
FLOPO:0010343	connective pale pink	filler_repointed	PATO:0002020	FLOPO:0988035	
FLOPO:0010352	leaflet green	filler_repointed	PATO:0000320	FLOPO:0988006	
FLOPO:0010388	infructescence yellow brown	filler_repointed	PATO:0002411	FLOPO:0988018	
FLOPO:0010439	pericarp red	filler_repointed	PATO:0000322	FLOPO:0988001	
FLOPO:0010469	anther blue	filler_repointed	PATO:0000318	FLOPO:0988007	
FLOPO:0010484	pericarp dark brown	filler_repointed	PATO:0001245	FLOPO:0988084	
FLOPO:0010486	stigma dark violet	filler_repointed	PATO:0001705	FLOPO:0988226	
FLOPO:0010495	tuber pink	filler_repointed	PATO:0000954	FLOPO:0988000	
FLOPO:0010496	stem dark brown	filler_repointed	PATO:0001245	FLOPO:0988084	
FLOPO:0010505	palea white	filler_repointed	PATO:0000323	FLOPO:0988009	
FLOPO:0010535	corm yellow brown	filler_repointed	PATO:0002411	FLOPO:0988018	
FLOPO:0010575	nectary yellow	filler_repointed	PATO:0000324	FLOPO:0988004	
FLOPO:0010577	lenticel purple	filler_repointed	PATO:0000951	FLOPO:0988008	
FLOPO:0010579	involucre red	filler_repointed	PATO:0000322	FLOPO:0988001	
FLOPO:0010602	peduncle grey	filler_repointed	PATO:0000950	FLOPO:0988010	
FLOPO:0010627	stigma pink	filler_repointed	PATO:0000954	FLOPO:0988000	
FLOPO:0010652	locule green	filler_repointed	PATO:0000320	FLOPO:0988006	
FLOPO:0010675	hilum white	filler_repointed	PATO:0000323	FLOPO:0988009	
FLOPO:0010700	leaf sheath brown	filler_repointed	PATO:0000952	FLOPO:0988003	
FLOPO:0010737	bark light yellow	filler_repointed	PATO:0001264	FLOPO:0988110	
FLOPO:0010757	lower glume green	filler_repointed	PATO:0000320	FLOPO:0988006	
FLOPO:0010762	infructescence green	filler_repointed	PATO:0000320	FLOPO:0988006	
FLOPO:0010802	leaflet white	filler_repointed	PATO:0000323	FLOPO:0988009	
FLOPO:0010820	heartwood light brown	filler_repointed	PATO:0001246	FLOPO:0988082	
FLOPO:0010821	antiraphe red	filler_repointed	PATO:0000322	FLOPO:0988001	
FLOPO:0010826	aril blue	filler_repointed	PATO:0000318	FLOPO:0988007	
FLOPO:0010833	persistent sepal purple	filler_repointed	PATO:0000951	FLOPO:0988008	
FLOPO:0010851	infructescence purple	filler_repointed	PATO:0000951	FLOPO:0988008	
FLOPO:0010892	bract apex red	filler_repointed	PATO:0000322	FLOPO:0988001	
FLOPO:0010898	infructescence white	filler_repointed	PATO:0000323	FLOPO:0988009	
FLOPO:0010910	peristome white	filler_repointed	PATO:0000323	FLOPO:0988009	
FLOPO:0010920	growth ring purple	filler_repointed	PATO:0000951	FLOPO:0988008	
FLOPO:0010924	thallus green	filler_repointed	PATO:0000320	FLOPO:0988006	
FLOPO:0010926	seed coat dark brown	filler_repointed	PATO:0001245	FLOPO:0988084	
FLOPO:0010953	corm brown	filler_repointed	PATO:0000952	FLOPO:0988003	
FLOPO:0010957	periderm yellow	filler_repointed	PATO:0000324	FLOPO:0988004	
FLOPO:0010978	corolla dark brown	filler_repointed	PATO:0001245	FLOPO:0988084	
FLOPO:0010986	hilum dark brown	filler_repointed	PATO:0001245	FLOPO:0988084	
FLOPO:0010992	endocarp purple	filler_repointed	PATO:0000951	FLOPO:0988008	
FLOPO:0011001	thorn green	filler_repointed	PATO:0000320	FLOPO:0988006	
FLOPO:0011003	filament green	filler_repointed	PATO:0000320	FLOPO:0988006	
FLOPO:0011004	corolla dark blue	filler_repointed	PATO:0001244	FLOPO:0988200	
FLOPO:0011014	mesocarp white	filler_repointed	PATO:0000323	FLOPO:0988009	
FLOPO:0011044	central zone purple	filler_repointed	PATO:0000951	FLOPO:0988008	
FLOPO:0011067	lamina yellow	filler_repointed	PATO:0000324	FLOPO:0988004	
FLOPO:0011104	stipule yellow	filler_repointed	PATO:0000324	FLOPO:0988004	
FLOPO:0011145	lemma dark brown	filler_repointed	PATO:0001245	FLOPO:0988084	
FLOPO:0011152	lower glume dark brown	filler_repointed	PATO:0001245	FLOPO:0988084	
FLOPO:0011198	pedicel pink	filler_repointed	PATO:0000954	FLOPO:0988000	
FLOPO:0011253	ligule green	filler_repointed	PATO:0000320	FLOPO:0988006	
FLOPO:0011261	staminode purple	filler_repointed	PATO:0000951	FLOPO:0988008	
FLOPO:0011268	petal grey	filler_repointed	PATO:0000950	FLOPO:0988010	
FLOPO:0011296	seed pale pink	filler_repointed	PATO:0002020	FLOPO:0988035	
FLOPO:0011306	leaf base grey	filler_repointed	PATO:0000950	FLOPO:0988010	
FLOPO:0011332	rhizome yellow	filler_repointed	PATO:0000324	FLOPO:0988004	
FLOPO:0011340	petal dark red	filler_repointed	PATO:0001261	FLOPO:0988042	
FLOPO:0011379	corolla deep pink	filler_repointed	PATO:0001258	FLOPO:0988032	
FLOPO:0011383	funicle brown	filler_repointed	PATO:0000952	FLOPO:0988003	
FLOPO:0011397	chalaza brown	filler_repointed	PATO:0000952	FLOPO:0988003	
FLOPO:0011399	root green	filler_repointed	PATO:0000320	FLOPO:0988006	
FLOPO:0011403	lamina orange	filler_repointed	PATO:0000953	FLOPO:0988002	
FLOPO:0011405	calyx light green	filler_repointed	PATO:0001250	FLOPO:0988166	
FLOPO:0011449	lamina red	filler_repointed	PATO:0000322	FLOPO:0988001	
FLOPO:0011453	pedicel purple	filler_repointed	PATO:0000951	FLOPO:0988008	
FLOPO:0011476	raphe grey	filler_repointed	PATO:0000950	FLOPO:0988010	
FLOPO:0011505	petiole yellow	filler_repointed	PATO:0000324	FLOPO:0988004	
FLOPO:0011534	bract red	filler_repointed	PATO:0000322	FLOPO:0988001	
FLOPO:0011554	filament pink	filler_repointed	PATO:0000954	FLOPO:0988000	
FLOPO:0011571	leaflet light green	filler_repointed	PATO:0001250	FLOPO:0988166	
FLOPO:0011576	seed grey	filler_repointed	PATO:0000950	FLOPO:0988010	
FLOPO:0011581	portion of secretory tissue purple	filler_repointed	PATO:0000951	FLOPO:0988008	
FLOPO:0011591	calyx pale pink	filler_repointed	PATO:0002020	FLOPO:0988035	
FLOPO:0011604	peristome light yellow	filler_repointed	PATO:0001264	FLOPO:0988110	
FLOPO:0011633	leaf light brown	filler_repointed	PATO:0001246	FLOPO:0988082	
FLOPO:0011650	endosperm white	filler_repointed	PATO:0000323	FLOPO:0988009	
FLOPO:0011668	ligule white	filler_repointed	PATO:0000323	FLOPO:0988009	
FLOPO:0011675	sapwood grey	filler_repointed	PATO:0000950	FLOPO:0988010	
FLOPO:0011680	costa orange	filler_repointed	PATO:0000953	FLOPO:0988002	
FLOPO:0011690	tepal light purple	filler_repointed	PATO:0001260	FLOPO:0988235	
FLOPO:0011709	periderm brown	filler_repointed	PATO:0000952	FLOPO:0988003	
FLOPO:0011763	tuberous root grey	filler_repointed	PATO:0000950	FLOPO:0988010	
FLOPO:0011771	leaf pale pink	filler_repointed	PATO:0002020	FLOPO:0988035	
FLOPO:0011776	vascular bundle brown	filler_repointed	PATO:0000952	FLOPO:0988003	
FLOPO:0011802	pedicel yellow	filler_repointed	PATO:0000324	FLOPO:0988004	
FLOPO:0011838	costa white	filler_repointed	PATO:0000323	FLOPO:0988009	
FLOPO:0011859	bark yellow brown	filler_repointed	PATO:0002411	FLOPO:0988018	
FLOPO:0011862	pollen purple	filler_repointed	PATO:0000951	FLOPO:0988008	
FLOPO:0011897	style dark purple	filler_repointed	PATO:0001259	FLOPO:0988237	
FLOPO:0011903	petiole orange	filler_repointed	PATO:0000953	FLOPO:0988002	
FLOPO:0011920	upper glume green	filler_repointed	PATO:0000320	FLOPO:0988006	
FLOPO:0011922	pericarp orange	filler_repointed	PATO:0000953	FLOPO:0988002	
FLOPO:0011941	shoot-borne root purple	filler_repointed	PATO:0000951	FLOPO:0988008	
FLOPO:0011954	funicle dark brown	filler_repointed	PATO:0001245	FLOPO:0988084	
FLOPO:0011966	involucre purple	filler_repointed	PATO:0000951	FLOPO:0988008	
FLOPO:0011982	testa orange	filler_repointed	PATO:0000953	FLOPO:0988002	
FLOPO:0011983	peristome deep pink	filler_repointed	PATO:0001258	FLOPO:0988032	
FLOPO:0012018	cortex brown	filler_repointed	PATO:0000952	FLOPO:0988003	
FLOPO:0012039	stem yellow brown	filler_repointed	PATO:0002411	FLOPO:0988018	
FLOPO:0012051	stalk red	filler_repointed	PATO:0000322	FLOPO:0988001	
FLOPO:0012065	style violet	filler_repointed	PATO:0001424	FLOPO:0988027	
FLOPO:0012107	root orange	filler_repointed	PATO:0000953	FLOPO:0988002	
FLOPO:0012150	endocarp pink	filler_repointed	PATO:0000954	FLOPO:0988000	
FLOPO:0012159	raphe pink	filler_repointed	PATO:0000954	FLOPO:0988000	
FLOPO:0012186	staminode pink	filler_repointed	PATO:0000954	FLOPO:0988000	
FLOPO:0012192	glume light brown	filler_repointed	PATO:0001246	FLOPO:0988082	
FLOPO:0012204	petal deep pink	filler_repointed	PATO:0001258	FLOPO:0988032	
FLOPO:0012217	branch green	filler_repointed	PATO:0000320	FLOPO:0988006	
FLOPO:0012309	stipule brown	filler_repointed	PATO:0000952	FLOPO:0988003	
FLOPO:0012327	root white	filler_repointed	PATO:0000323	FLOPO:0988009	
FLOPO:0012343	carpel red	filler_repointed	PATO:0000322	FLOPO:0988001	
FLOPO:0012349	anther brown	filler_repointed	PATO:0000952	FLOPO:0988003	
FLOPO:0012360	peduncle orange	filler_repointed	PATO:0000953	FLOPO:0988002	
FLOPO:0012364	bud dark purple	filler_repointed	PATO:0001259	FLOPO:0988237	
FLOPO:0012375	tuber grey	filler_repointed	PATO:0000950	FLOPO:0988010	
FLOPO:0012384	rhizome black	filler_repointed	PATO:0000317	FLOPO:0988011	
FLOPO:0012395	hilum orange	filler_repointed	PATO:0000953	FLOPO:0988002	
FLOPO:0012397	rhizome yellow brown	filler_repointed	PATO:0002411	FLOPO:0988018	
FLOPO:0012399	placenta orange	filler_repointed	PATO:0000953	FLOPO:0988002	
FLOPO:0012416	petal violet	filler_repointed	PATO:0001424	FLOPO:0988027	
FLOPO:0012449	tepal green	filler_repointed	PATO:0000320	FLOPO:0988006	
FLOPO:0012492	anther white	filler_repointed	PATO:0000323	FLOPO:0988009	
FLOPO:0012533	inflorescence dark red	filler_repointed	PATO:0001261	FLOPO:0988042	
FLOPO:0012554	leaf axil pale pink	filler_repointed	PATO:0002020	FLOPO:0988035	
FLOPO:0012568	endotesta dark brown	filler_repointed	PATO:0001245	FLOPO:0988084	
FLOPO:0012580	calyx dark purple	filler_repointed	PATO:0001259	FLOPO:0988237	
FLOPO:0012590	leaf orange	filler_repointed	PATO:0000953	FLOPO:0988002	
FLOPO:0012595	perianth pale pink	filler_repointed	PATO:0002020	FLOPO:0988035	
FLOPO:0012604	pedicel dark brown	filler_repointed	PATO:0001245	FLOPO:0988084	
FLOPO:0012606	whole plant green	filler_repointed	PATO:0000320	FLOPO:0988006	
FLOPO:0012616	tuber white	filler_repointed	PATO:0000323	FLOPO:0988009	
FLOPO:0012642	calyx violet	filler_repointed	PATO:0001424	FLOPO:0988027	
FLOPO:0012643	androecium blue	filler_repointed	PATO:0000318	FLOPO:0988007	
FLOPO:0012651	peduncle red	filler_repointed	PATO:0000322	FLOPO:0988001	
FLOPO:0012652	pedicel dark red brown	filler_repointed	PATO:0001288	FLOPO:0988070	
FLOPO:0012658	petiolule brown	filler_repointed	PATO:0000952	FLOPO:0988003	
FLOPO:0012661	axil purple	filler_repointed	PATO:0000951	FLOPO:0988008	
FLOPO:0012688	stem blue	filler_repointed	PATO:0000318	FLOPO:0988007	
FLOPO:0012741	cambium pink	filler_repointed	PATO:0000954	FLOPO:0988000	
FLOPO:0012751	epidermis grey	filler_repointed	PATO:0000950	FLOPO:0988010	
FLOPO:0012758	tuber green	filler_repointed	PATO:0000320	FLOPO:0988006	
FLOPO:0012804	central spike of tassel inflorescence purple	filler_repointed	PATO:0000951	FLOPO:0988008	
FLOPO:0012838	seed light brown	filler_repointed	PATO:0001246	FLOPO:0988082	
FLOPO:0012890	valve brown	filler_repointed	PATO:0000952	FLOPO:0988003	
FLOPO:0012898	glume green	filler_repointed	PATO:0000320	FLOPO:0988006	
FLOPO:0012902	lemma light brown	filler_repointed	PATO:0001246	FLOPO:0988082	
FLOPO:0012908	leaf base black	filler_repointed	PATO:0000317	FLOPO:0988011	
FLOPO:0012931	leaflet dark brown	filler_repointed	PATO:0001245	FLOPO:0988084	
FLOPO:0012954	epidermis green	filler_repointed	PATO:0000320	FLOPO:0988006	
FLOPO:0012970	tuberous root green	filler_repointed	PATO:0000320	FLOPO:0988006	
FLOPO:0013008	lemma pink	filler_repointed	PATO:0000954	FLOPO:0988000	
FLOPO:0013039	infructescence grey	filler_repointed	PATO:0000950	FLOPO:0988010	
FLOPO:0013079	branch pink	filler_repointed	PATO:0000954	FLOPO:0988000	
FLOPO:0013080	locule yellow	filler_repointed	PATO:0000324	FLOPO:0988004	
FLOPO:0013087	bark light grey	filler_repointed	PATO:0001252	FLOPO:0988273	
FLOPO:0013093	sclerenchyma dark brown	filler_repointed	PATO:0001245	FLOPO:0988084	
FLOPO:0013108	spikelet purple	filler_repointed	PATO:0000951	FLOPO:0988008	
FLOPO:0013146	peduncle green	filler_repointed	PATO:0000320	FLOPO:0988006	
FLOPO:0013165	branch white	filler_repointed	PATO:0000323	FLOPO:0988009	
FLOPO:0013186	glume purple	filler_repointed	PATO:0000951	FLOPO:0988008	
FLOPO:0013192	tubercle pink	filler_repointed	PATO:0000954	FLOPO:0988000	
FLOPO:0013200	infructescence black	filler_repointed	PATO:0000317	FLOPO:0988011	
FLOPO:0013215	strophiole white	filler_repointed	PATO:0000323	FLOPO:0988009	
FLOPO:0013237	awn brown	filler_repointed	PATO:0000952	FLOPO:0988003	
FLOPO:0013239	fruit dark yellow	filler_repointed	PATO:0001263	FLOPO:0988112	
FLOPO:0013255	tassel sessile spikelet purple	filler_repointed	PATO:0000951	FLOPO:0988008	
FLOPO:0013267	testa white	filler_repointed	PATO:0000323	FLOPO:0988009	
FLOPO:0013299	heartwood black	filler_repointed	PATO:0000317	FLOPO:0988011	
FLOPO:0013319	placenta red	filler_repointed	PATO:0000322	FLOPO:0988001	
FLOPO:0013320	corolla yellow brown	filler_repointed	PATO:0002411	FLOPO:0988018	
FLOPO:0013358	prickle black	filler_repointed	PATO:0000317	FLOPO:0988011	
FLOPO:0013373	pericarp black	filler_repointed	PATO:0000317	FLOPO:0988011	
FLOPO:0013409	receptacle black	filler_repointed	PATO:0000317	FLOPO:0988011	
FLOPO:0013419	tepal yellow	filler_repointed	PATO:0000324	FLOPO:0988004	
FLOPO:0013432	involucre violet	filler_repointed	PATO:0001424	FLOPO:0988027	
FLOPO:0013442	stem black	filler_repointed	PATO:0000317	FLOPO:0988011	
FLOPO:0013449	ligule purple	filler_repointed	PATO:0000951	FLOPO:0988008	
FLOPO:0013467	ovary wall purple	filler_repointed	PATO:0000951	FLOPO:0988008	
FLOPO:0013498	mesocarp pink	filler_repointed	PATO:0000954	FLOPO:0988000	
FLOPO:0013506	bulb brown	filler_repointed	PATO:0000952	FLOPO:0988003	
FLOPO:0013563	leaf sheath purple	filler_repointed	PATO:0000951	FLOPO:0988008	
FLOPO:0013571	endocarp white	filler_repointed	PATO:0000323	FLOPO:0988009	
FLOPO:0013595	connective blue	filler_repointed	PATO:0000318	FLOPO:0988007	
FLOPO:0013598	inflorescence red	filler_repointed	PATO:0000322	FLOPO:0988001	
FLOPO:0013617	style pink	filler_repointed	PATO:0000954	FLOPO:0988000	
FLOPO:0013632	peduncle pink	filler_repointed	PATO:0000954	FLOPO:0988000	
FLOPO:0013634	placenta white	filler_repointed	PATO:0000323	FLOPO:0988009	
FLOPO:0013678	endosperm purple	filler_repointed	PATO:0000951	FLOPO:0988008	
FLOPO:0013686	staminode pale pink	filler_repointed	PATO:0002020	FLOPO:0988035	
FLOPO:0013689	sapwood purple	filler_repointed	PATO:0000951	FLOPO:0988008	
FLOPO:0013707	filament purple	filler_repointed	PATO:0000951	FLOPO:0988008	
FLOPO:0013723	tubercle yellow	filler_repointed	PATO:0000324	FLOPO:0988004	
FLOPO:0013726	thorn yellow	filler_repointed	PATO:0000324	FLOPO:0988004	
FLOPO:0013748	aril violet	filler_repointed	PATO:0001424	FLOPO:0988027	
FLOPO:0013758	inflorescence black	filler_repointed	PATO:0000317	FLOPO:0988011	
FLOPO:0013775	tepal red	filler_repointed	PATO:0000322	FLOPO:0988001	
FLOPO:0013783	rhizome light orange	filler_repointed	PATO:0001255	FLOPO:0988077	
FLOPO:0013787	axillary bud meristem purple	filler_repointed	PATO:0000951	FLOPO:0988008	
FLOPO:0013802	petal yellow	filler_repointed	PATO:0000324	FLOPO:0988004	
FLOPO:0013818	tepal white	filler_repointed	PATO:0000323	FLOPO:0988009	
FLOPO:0013830	anther pink	filler_repointed	PATO:0000954	FLOPO:0988000	
FLOPO:0013837	flower bud white	filler_repointed	PATO:0000323	FLOPO:0988009	
FLOPO:0013861	spikelet white	filler_repointed	PATO:0000323	FLOPO:0988009	
FLOPO:0013869	palea green	filler_repointed	PATO:0000320	FLOPO:0988006	
FLOPO:0013877	stipule white	filler_repointed	PATO:0000323	FLOPO:0988009	
FLOPO:0013878	sorus brown	filler_repointed	PATO:0000952	FLOPO:0988003	
FLOPO:0013881	mesocarp orange	filler_repointed	PATO:0000953	FLOPO:0988002	
FLOPO:0013898	periderm dark brown	filler_repointed	PATO:0001245	FLOPO:0988084	
FLOPO:0013899	pericarp light brown	filler_repointed	PATO:0001246	FLOPO:0988082	
FLOPO:0013912	inflorescence yellow brown	filler_repointed	PATO:0002411	FLOPO:0988018	
FLOPO:0013930	keel black	filler_repointed	PATO:0000317	FLOPO:0988011	
FLOPO:0013949	locule dark brown	filler_repointed	PATO:0001245	FLOPO:0988084	
FLOPO:0013964	staminode yellow	filler_repointed	PATO:0000324	FLOPO:0988004	
FLOPO:0013980	leaf light green	filler_repointed	PATO:0001250	FLOPO:0988166	
FLOPO:0013993	funicle white	filler_repointed	PATO:0000323	FLOPO:0988009	
FLOPO:0014002	tubercle brown	filler_repointed	PATO:0000952	FLOPO:0988003	
FLOPO:0014021	endocarp blue	filler_repointed	PATO:0000318	FLOPO:0988007	
FLOPO:0014040	parenchyma white	filler_repointed	PATO:0000323	FLOPO:0988009	
FLOPO:0014058	raphe orange	filler_repointed	PATO:0000953	FLOPO:0988002	
FLOPO:0014069	flower dark purple	filler_repointed	PATO:0001259	FLOPO:0988237	
FLOPO:0014153	receptacle purple	filler_repointed	PATO:0000951	FLOPO:0988008	
FLOPO:0014159	fruit yellow brown	filler_repointed	PATO:0002411	FLOPO:0988018	
FLOPO:0014180	pistillode purple	filler_repointed	PATO:0000951	FLOPO:0988008	
FLOPO:0014196	petiole margin yellow brown	filler_repointed	PATO:0002411	FLOPO:0988018	
FLOPO:0014209	petiole black	filler_repointed	PATO:0000317	FLOPO:0988011	
FLOPO:0014211	stalk white	filler_repointed	PATO:0000323	FLOPO:0988009	
FLOPO:0014226	leaf axil grey	filler_repointed	PATO:0000950	FLOPO:0988010	
FLOPO:0014230	bracteole brown	filler_repointed	PATO:0000952	FLOPO:0988003	
FLOPO:0014261	glume black	filler_repointed	PATO:0000317	FLOPO:0988011	
FLOPO:0014275	flower black	filler_repointed	PATO:0000317	FLOPO:0988011	
FLOPO:0014284	spore capsule annulus purple	filler_repointed	PATO:0000951	FLOPO:0988008	
FLOPO:0014297	glume grey	filler_repointed	PATO:0000950	FLOPO:0988010	
FLOPO:0014299	axil grey	filler_repointed	PATO:0000950	FLOPO:0988010	
FLOPO:0014315	keel violet	filler_repointed	PATO:0001424	FLOPO:0988027	
FLOPO:0014335	sporangium black	filler_repointed	PATO:0000317	FLOPO:0988011	
FLOPO:0014348	strobilus yellow	filler_repointed	PATO:0000324	FLOPO:0988004	
FLOPO:0014368	bud yellow brown	filler_repointed	PATO:0002411	FLOPO:0988018	
FLOPO:0014369	fruit pale pink	filler_repointed	PATO:0002020	FLOPO:0988035	
FLOPO:0014377	peduncle dark brown	filler_repointed	PATO:0001245	FLOPO:0988084	
FLOPO:0014450	style grey	filler_repointed	PATO:0000950	FLOPO:0988010	
FLOPO:0014455	endosperm red	filler_repointed	PATO:0000322	FLOPO:0988001	
FLOPO:0014492	style black	filler_repointed	PATO:0000317	FLOPO:0988011	
FLOPO:0014496	stalk purple	filler_repointed	PATO:0000951	FLOPO:0988008	
FLOPO:0014502	bud violet	filler_repointed	PATO:0001424	FLOPO:0988027	
FLOPO:0014505	raphe red	filler_repointed	PATO:0000322	FLOPO:0988001	
FLOPO:0014525	anther theca purple	filler_repointed	PATO:0000951	FLOPO:0988008	
FLOPO:0014621	stigma red	filler_repointed	PATO:0000322	FLOPO:0988001	
FLOPO:0014639	cambium brown	filler_repointed	PATO:0000952	FLOPO:0988003	
FLOPO:0014640	caruncle dark grey	filler_repointed	PATO:0001251	FLOPO:0988275	
FLOPO:0014642	pericarp pink	filler_repointed	PATO:0000954	FLOPO:0988000	
FLOPO:0014643	peristome dark red	filler_repointed	PATO:0001261	FLOPO:0988042	
FLOPO:0014659	locule brown	filler_repointed	PATO:0000952	FLOPO:0988003	
FLOPO:0014670	corolla light purple	filler_repointed	PATO:0001260	FLOPO:0988235	
FLOPO:0014684	infructescence orange	filler_repointed	PATO:0000953	FLOPO:0988002	
FLOPO:0014707	upper glume white	filler_repointed	PATO:0000323	FLOPO:0988009	
FLOPO:0014743	scutellar node purple	filler_repointed	PATO:0000951	FLOPO:0988008	
FLOPO:0014745	lenticel brown	filler_repointed	PATO:0000952	FLOPO:0988003	
FLOPO:0014779	petiolule red	filler_repointed	PATO:0000322	FLOPO:0988001	
FLOPO:0014780	testa light brown	filler_repointed	PATO:0001246	FLOPO:0988082	
FLOPO:0014919	periderm white	filler_repointed	PATO:0000323	FLOPO:0988009	
FLOPO:0014937	petiole yellow brown	filler_repointed	PATO:0002411	FLOPO:0988018	
FLOPO:0015014	perianth dark brown	filler_repointed	PATO:0001245	FLOPO:0988084	
FLOPO:0015024	epidermis dark red	filler_repointed	PATO:0001261	FLOPO:0988042	
FLOPO:0015026	axil brown	filler_repointed	PATO:0000952	FLOPO:0988003	
FLOPO:0015064	seed coat yellow	filler_repointed	PATO:0000324	FLOPO:0988004	
FLOPO:0015068	inflorescence dark brown	filler_repointed	PATO:0001245	FLOPO:0988084	
FLOPO:0015073	root black	filler_repointed	PATO:0000317	FLOPO:0988011	
FLOPO:0015095	spikelet red	filler_repointed	PATO:0000322	FLOPO:0988001	
FLOPO:0015158	hypanthium red	filler_repointed	PATO:0000322	FLOPO:0988001	
FLOPO:0015164	seed dark yellow	filler_repointed	PATO:0001263	FLOPO:0988112	
FLOPO:0015175	root brown	filler_repointed	PATO:0000952	FLOPO:0988003	
FLOPO:0015176	inflorescence axis dark brown	filler_repointed	PATO:0001245	FLOPO:0988084	
FLOPO:0015214	tepal dark blue	filler_repointed	PATO:0001244	FLOPO:0988200	
FLOPO:0015239	seta brown	filler_repointed	PATO:0000952	FLOPO:0988003	
FLOPO:0015261	flower blue	filler_repointed	PATO:0000318	FLOPO:0988007	
FLOPO:0015271	seed pink	filler_repointed	PATO:0000954	FLOPO:0988000	
FLOPO:0015280	periderm red	filler_repointed	PATO:0000322	FLOPO:0988001	
FLOPO:0015295	pappus purple	filler_repointed	PATO:0000951	FLOPO:0988008	
FLOPO:0015308	stipule purple	filler_repointed	PATO:0000951	FLOPO:0988008	
FLOPO:0015327	locule light brown	filler_repointed	PATO:0001246	FLOPO:0988082	
FLOPO:0015333	seed dark red	filler_repointed	PATO:0001261	FLOPO:0988042	
FLOPO:0015356	fruit dark red brown	filler_repointed	PATO:0001288	FLOPO:0988070	
FLOPO:0015372	flower dark red	filler_repointed	PATO:0001261	FLOPO:0988042	
FLOPO:0015377	stamen white	filler_repointed	PATO:0000323	FLOPO:0988009	
FLOPO:0015397	perianth deep pink	filler_repointed	PATO:0001258	FLOPO:0988032	
FLOPO:0015433	mesocarp black	filler_repointed	PATO:0000317	FLOPO:0988011	
FLOPO:0015439	shoot internode purple	filler_repointed	PATO:0000951	FLOPO:0988008	
FLOPO:0015447	testa light grey	filler_repointed	PATO:0001252	FLOPO:0988273	
FLOPO:0015479	mesocarp yellow	filler_repointed	PATO:0000324	FLOPO:0988004	
FLOPO:0015524	leaflet black	filler_repointed	PATO:0000317	FLOPO:0988011	
FLOPO:0015531	heartwood yellow	filler_repointed	PATO:0000324	FLOPO:0988004	
FLOPO:0015541	flower dark yellow	filler_repointed	PATO:0001263	FLOPO:0988112	
FLOPO:0015542	valve black	filler_repointed	PATO:0000317	FLOPO:0988011	
FLOPO:0015554	lamina dark purple	filler_repointed	PATO:0001259	FLOPO:0988237	
FLOPO:0015555	placenta black	filler_repointed	PATO:0000317	FLOPO:0988011	
FLOPO:0015561	crown root purple	filler_repointed	PATO:0000951	FLOPO:0988008	
FLOPO:0015571	valve purple	filler_repointed	PATO:0000951	FLOPO:0988008	
FLOPO:0015598	pappus green	filler_repointed	PATO:0000320	FLOPO:0988006	
FLOPO:0015607	androecium yellow	filler_repointed	PATO:0000324	FLOPO:0988004	
FLOPO:0015650	nectary purple	filler_repointed	PATO:0000951	FLOPO:0988008	
FLOPO:0015655	lower glume white	filler_repointed	PATO:0000323	FLOPO:0988009	
FLOPO:0015660	hypanthium dark red	filler_repointed	PATO:0001261	FLOPO:0988042	
FLOPO:0015661	tubercle black	filler_repointed	PATO:0000317	FLOPO:0988011	
FLOPO:0015662	inflorescence dark grey	filler_repointed	PATO:0001251	FLOPO:0988275	
FLOPO:0015673	vascular bundle orange	filler_repointed	PATO:0000953	FLOPO:0988002	
FLOPO:0015696	peduncle yellow	filler_repointed	PATO:0000324	FLOPO:0988004	
FLOPO:0015714	pedicel black	filler_repointed	PATO:0000317	FLOPO:0988011	
FLOPO:0015719	stereome green	filler_repointed	PATO:0000320	FLOPO:0988006	
FLOPO:0015720	receptacle grey	filler_repointed	PATO:0000950	FLOPO:0988010	
FLOPO:0015721	branch red	filler_repointed	PATO:0000322	FLOPO:0988001	
FLOPO:0015729	exocarp light brown	filler_repointed	PATO:0001246	FLOPO:0988082	
FLOPO:0015730	tubercle purple	filler_repointed	PATO:0000951	FLOPO:0988008	
FLOPO:0015732	aril dark red	filler_repointed	PATO:0001261	FLOPO:0988042	
FLOPO:0015753	nectary green	filler_repointed	PATO:0000320	FLOPO:0988006	
FLOPO:0015759	arilloid black	filler_repointed	PATO:0000317	FLOPO:0988011	
FLOPO:0015764	seed light green	filler_repointed	PATO:0001250	FLOPO:0988166	
FLOPO:0015785	leaf violet	filler_repointed	PATO:0001424	FLOPO:0988027	
FLOPO:0015818	androecium violet	filler_repointed	PATO:0001424	FLOPO:0988027	
FLOPO:0015819	ligule dark brown	filler_repointed	PATO:0001245	FLOPO:0988084	
FLOPO:0015824	fruit dark grey	filler_repointed	PATO:0001251	FLOPO:0988275	
FLOPO:0015828	caruncle dark brown	filler_repointed	PATO:0001245	FLOPO:0988084	
FLOPO:0015849	cortex dark grey	filler_repointed	PATO:0001251	FLOPO:0988275	
FLOPO:0015850	heartwood pink	filler_repointed	PATO:0000954	FLOPO:0988000	
FLOPO:0015882	androecium brown	filler_repointed	PATO:0000952	FLOPO:0988003	
FLOPO:0015890	corolla light green	filler_repointed	PATO:0001250	FLOPO:0988166	
FLOPO:0015933	seed blue	filler_repointed	PATO:0000318	FLOPO:0988007	
FLOPO:0015937	lamina light brown	filler_repointed	PATO:0001246	FLOPO:0988082	
FLOPO:0015941	tertiary leaf vein purple	filler_repointed	PATO:0000951	FLOPO:0988008	
FLOPO:0015944	infructescence yellow	filler_repointed	PATO:0000324	FLOPO:0988004	
FLOPO:0015969	bud light brown	filler_repointed	PATO:0001246	FLOPO:0988082	
FLOPO:0016047	gynoecium green	filler_repointed	PATO:0000320	FLOPO:0988006	
FLOPO:0016078	lamina dark red	filler_repointed	PATO:0001261	FLOPO:0988042	
FLOPO:0016079	cambium white	filler_repointed	PATO:0000323	FLOPO:0988009	
FLOPO:0016091	seed dark red brown	filler_repointed	PATO:0001288	FLOPO:0988070	
FLOPO:0016097	leaf lamina grey	filler_repointed	PATO:0000950	FLOPO:0988010	
FLOPO:0016102	arilloid purple	filler_repointed	PATO:0000951	FLOPO:0988008	
FLOPO:0016120	fruit light grey	filler_repointed	PATO:0001252	FLOPO:0988273	
FLOPO:0016125	hilum yellow brown	filler_repointed	PATO:0002411	FLOPO:0988018	
FLOPO:0016136	pollen orange	filler_repointed	PATO:0000953	FLOPO:0988002	
FLOPO:0016176	endocarp orange	filler_repointed	PATO:0000953	FLOPO:0988002	
FLOPO:0016179	branch grey	filler_repointed	PATO:0000950	FLOPO:0988010	
FLOPO:0016181	disk flower purple	filler_repointed	PATO:0000951	FLOPO:0988008	
FLOPO:0016193	heartwood white	filler_repointed	PATO:0000323	FLOPO:0988009	
FLOPO:0016243	involucre brown	filler_repointed	PATO:0000952	FLOPO:0988003	
FLOPO:0016254	aril dark brown	filler_repointed	PATO:0001245	FLOPO:0988084	
FLOPO:0016258	filament blue	filler_repointed	PATO:0000318	FLOPO:0988007	
FLOPO:0016328	leaf deep pink	filler_repointed	PATO:0001258	FLOPO:0988032	
FLOPO:0016339	pseudostem red	filler_repointed	PATO:0000322	FLOPO:0988001	
FLOPO:0016387	petiolule orange	filler_repointed	PATO:0000953	FLOPO:0988002	
FLOPO:0016400	endotesta brown	filler_repointed	PATO:0000952	FLOPO:0988003	
FLOPO:0016404	branch brown	filler_repointed	PATO:0000952	FLOPO:0988003	
FLOPO:0016405	petal blue	filler_repointed	PATO:0000318	FLOPO:0988007	
FLOPO:0016408	pistillode orange	filler_repointed	PATO:0000953	FLOPO:0988002	
FLOPO:0016460	raphe white	filler_repointed	PATO:0000323	FLOPO:0988009	
FLOPO:0016478	mesocarp green	filler_repointed	PATO:0000320	FLOPO:0988006	
FLOPO:0016484	lemma black	filler_repointed	PATO:0000317	FLOPO:0988011	
FLOPO:0016543	connective dark brown	filler_repointed	PATO:0001245	FLOPO:0988084	
FLOPO:0016545	lemma light green	filler_repointed	PATO:0001250	FLOPO:0988166	
FLOPO:0016611	branch yellow	filler_repointed	PATO:0000324	FLOPO:0988004	
FLOPO:0016641	heartwood orange	filler_repointed	PATO:0000953	FLOPO:0988002	
FLOPO:0016668	filament white	filler_repointed	PATO:0000323	FLOPO:0988009	
FLOPO:0016693	involucre yellow	filler_repointed	PATO:0000324	FLOPO:0988004	
FLOPO:0016710	connective brown	filler_repointed	PATO:0000952	FLOPO:0988003	
FLOPO:0016728	nectary brown	filler_repointed	PATO:0000952	FLOPO:0988003	
FLOPO:0016731	testa dark grey	filler_repointed	PATO:0001251	FLOPO:0988275	
FLOPO:0016752	pappus dark brown	filler_repointed	PATO:0001245	FLOPO:0988084	
FLOPO:0016766	cortex dark purple	filler_repointed	PATO:0001259	FLOPO:0988237	
FLOPO:0016767	testa pink	filler_repointed	PATO:0000954	FLOPO:0988000	
FLOPO:0016779	pith white	filler_repointed	PATO:0000323	FLOPO:0988009	
FLOPO:0016789	plant callus purple	filler_repointed	PATO:0000951	FLOPO:0988008	
FLOPO:0016803	pappus grey	filler_repointed	PATO:0000950	FLOPO:0988010	
FLOPO:0016887	awn violet	filler_repointed	PATO:0001424	FLOPO:0988027	
FLOPO:0016889	hilum violet	filler_repointed	PATO:0001424	FLOPO:0988027	
FLOPO:0016929	root yellow	filler_repointed	PATO:0000324	FLOPO:0988004	
FLOPO:0016932	stigma violet	filler_repointed	PATO:0001424	FLOPO:0988027	
FLOPO:0016941	bracteole green	filler_repointed	PATO:0000320	FLOPO:0988006	
FLOPO:0016963	leaf base brown	filler_repointed	PATO:0000952	FLOPO:0988003	
FLOPO:0016964	valve green	filler_repointed	PATO:0000320	FLOPO:0988006	
FLOPO:0016997	septum black	filler_repointed	PATO:0000317	FLOPO:0988011	
FLOPO:0016999	petiole margin yellow	filler_repointed	PATO:0000324	FLOPO:0988004	
FLOPO:0017017	spikelet green	filler_repointed	PATO:0000320	FLOPO:0988006	
FLOPO:0017033	perianth grey	filler_repointed	PATO:0000950	FLOPO:0988010	
FLOPO:0017052	perianth violet	filler_repointed	PATO:0001424	FLOPO:0988027	
FLOPO:0017055	flower light green	filler_repointed	PATO:0001250	FLOPO:0988166	
FLOPO:0017057	free sepal black	filler_repointed	PATO:0000317	FLOPO:0988011	
FLOPO:0017063	aril purple	filler_repointed	PATO:0000951	FLOPO:0988008	
FLOPO:0017089	root purple	filler_repointed	PATO:0000951	FLOPO:0988008	
FLOPO:0017091	valve yellow	filler_repointed	PATO:0000324	FLOPO:0988004	
FLOPO:0017096	heartwood dark red	filler_repointed	PATO:0001261	FLOPO:0988042	
FLOPO:0017101	tuber brown	filler_repointed	PATO:0000952	FLOPO:0988003	
FLOPO:0017141	coma red	filler_repointed	PATO:0000322	FLOPO:0988001	
FLOPO:0017211	sepal brown	filler_repointed	PATO:0000952	FLOPO:0988003	
FLOPO:0017213	fruit light red brown	filler_repointed	PATO:0001289	FLOPO:0988068	
FLOPO:0017225	stamen brown	filler_repointed	PATO:0000952	FLOPO:0988003	
FLOPO:0017235	stigma orange	filler_repointed	PATO:0000953	FLOPO:0988002	
FLOPO:0017252	pith brown	filler_repointed	PATO:0000952	FLOPO:0988003	
FLOPO:0017279	juice sac purple	filler_repointed	PATO:0000951	FLOPO:0988008	
FLOPO:0017283	petiole margin brown	filler_repointed	PATO:0000952	FLOPO:0988003	
FLOPO:0017304	hypanthium white	filler_repointed	PATO:0000323	FLOPO:0988009	
FLOPO:0017320	awn green	filler_repointed	PATO:0000320	FLOPO:0988006	
FLOPO:0017322	flower dark red brown	filler_repointed	PATO:0001288	FLOPO:0988070	
FLOPO:0017337	bulb purple	filler_repointed	PATO:0000951	FLOPO:0988008	
FLOPO:0017340	leaf axil white	filler_repointed	PATO:0000323	FLOPO:0988009	
FLOPO:0017344	leaf vascular system purple	filler_repointed	PATO:0000951	FLOPO:0988008	
FLOPO:0017374	exocarp white	filler_repointed	PATO:0000323	FLOPO:0988009	
FLOPO:0017407	petiole violet	filler_repointed	PATO:0001424	FLOPO:0988027	
FLOPO:0017412	inflorescence violet	filler_repointed	PATO:0001424	FLOPO:0988027	
FLOPO:0017424	filament orange	filler_repointed	PATO:0000953	FLOPO:0988002	
FLOPO:0017426	leaf yellow brown	filler_repointed	PATO:0002411	FLOPO:0988018	
FLOPO:0017436	locule white	filler_repointed	PATO:0000323	FLOPO:0988009	
FLOPO:0017443	rhizome pink	filler_repointed	PATO:0000954	FLOPO:0988000	
FLOPO:0017494	antiraphe orange	filler_repointed	PATO:0000953	FLOPO:0988002	
FLOPO:0017513	stalk yellow	filler_repointed	PATO:0000324	FLOPO:0988004	
FLOPO:0017516	costa yellow	filler_repointed	PATO:0000324	FLOPO:0988004	
FLOPO:0017523	leaf margin brown	filler_repointed	PATO:0000952	FLOPO:0988003	
FLOPO:0017552	epidermis orange	filler_repointed	PATO:0000953	FLOPO:0988002	
FLOPO:0017566	banner petal purple	filler_repointed	PATO:0000951	FLOPO:0988008	
FLOPO:0017583	peduncle light green	filler_repointed	PATO:0001250	FLOPO:0988166	
FLOPO:0017599	endodermis black	filler_repointed	PATO:0000317	FLOPO:0988011	
FLOPO:0017604	whole plant red	filler_repointed	PATO:0000322	FLOPO:0988001	
FLOPO:0017671	locule yellow brown	filler_repointed	PATO:0002411	FLOPO:0988018	
FLOPO:0017674	coma brown	filler_repointed	PATO:0000952	FLOPO:0988003	
FLOPO:0017679	lower glume violet	filler_repointed	PATO:0001424	FLOPO:0988027	
FLOPO:0017686	axil violet	filler_repointed	PATO:0001424	FLOPO:0988027	
FLOPO:0017704	calyx light brown	filler_repointed	PATO:0001246	FLOPO:0988082	
FLOPO:0017762	bark light orange	filler_repointed	PATO:0001255	FLOPO:0988077	
FLOPO:0017772	stipule grey	filler_repointed	PATO:0000950	FLOPO:0988010	
FLOPO:0017790	pistillode light yellow	filler_repointed	PATO:0001264	FLOPO:0988110	
FLOPO:0017795	raphe brown	filler_repointed	PATO:0000952	FLOPO:0988003	
FLOPO:0017803	anther black	filler_repointed	PATO:0000317	FLOPO:0988011	
FLOPO:0017837	stigma black	filler_repointed	PATO:0000317	FLOPO:0988011	
FLOPO:0017842	stereome dark brown	filler_repointed	PATO:0001245	FLOPO:0988084	
FLOPO:0017849	filament black	filler_repointed	PATO:0000317	FLOPO:0988011	
FLOPO:0017851	seed dark blue	filler_repointed	PATO:0001244	FLOPO:0988200	
FLOPO:0017880	micropyle red	filler_repointed	PATO:0000322	FLOPO:0988001	
FLOPO:0017922	keel dark grey	filler_repointed	PATO:0001251	FLOPO:0988275	
FLOPO:0017947	antiraphe brown	filler_repointed	PATO:0000952	FLOPO:0988003	
FLOPO:0017952	bud dark brown	filler_repointed	PATO:0001245	FLOPO:0988084	
FLOPO:0017957	seed dark brown	filler_repointed	PATO:0001245	FLOPO:0988084	
FLOPO:0017958	coma white	filler_repointed	PATO:0000323	FLOPO:0988009	
FLOPO:0018014	fruit violet	filler_repointed	PATO:0001424	FLOPO:0988027	
FLOPO:0018030	flower fascicle purple	filler_repointed	PATO:0000951	FLOPO:0988008	
FLOPO:0018089	sapwood green	filler_repointed	PATO:0000320	FLOPO:0988006	
FLOPO:0018117	aril dark violet	filler_repointed	PATO:0001705	FLOPO:0988226	
FLOPO:0018127	septum white	filler_repointed	PATO:0000323	FLOPO:0988009	
FLOPO:0018198	root pink	filler_repointed	PATO:0000954	FLOPO:0988000	
FLOPO:0018261	style yellow brown	filler_repointed	PATO:0002411	FLOPO:0988018	
FLOPO:0018266	anther red	filler_repointed	PATO:0000322	FLOPO:0988001	
FLOPO:0018268	tepal dark red	filler_repointed	PATO:0001261	FLOPO:0988042	
FLOPO:0018286	hilum dark violet	filler_repointed	PATO:0001705	FLOPO:0988226	
FLOPO:0018313	endosperm black	filler_repointed	PATO:0000317	FLOPO:0988011	
FLOPO:0018342	apical hook purple	filler_repointed	PATO:0000951	FLOPO:0988008	
FLOPO:0018345	involucre grey	filler_repointed	PATO:0000950	FLOPO:0988010	
FLOPO:0018364	pulvinus yellow	filler_repointed	PATO:0000324	FLOPO:0988004	
FLOPO:0018388	spikelet light brown	filler_repointed	PATO:0001246	FLOPO:0988082	
FLOPO:0018413	palea pink	filler_repointed	PATO:0000954	FLOPO:0988000	
FLOPO:0018415	inflorescence light brown	filler_repointed	PATO:0001246	FLOPO:0988082	
FLOPO:0018444	funicle yellow	filler_repointed	PATO:0000324	FLOPO:0988004	
FLOPO:0018490	thallus yellow	filler_repointed	PATO:0000324	FLOPO:0988004	
FLOPO:0018522	petiole light brown	filler_repointed	PATO:0001246	FLOPO:0988082	
FLOPO:0018524	flower orange	filler_repointed	PATO:0000953	FLOPO:0988002	
FLOPO:0018600	inflorescence pale pink	filler_repointed	PATO:0002020	FLOPO:0988035	
FLOPO:0018610	phyllome sinus purple	filler_repointed	PATO:0000951	FLOPO:0988008	
FLOPO:0018618	sorus white	filler_repointed	PATO:0000323	FLOPO:0988009	
FLOPO:0018636	epicalyx purple	filler_repointed	PATO:0000951	FLOPO:0988008	
FLOPO:0018698	tubercle dark brown	filler_repointed	PATO:0001245	FLOPO:0988084	
FLOPO:0018700	canal purple	filler_repointed	PATO:0000951	FLOPO:0988008	
FLOPO:0018736	sepal yellow	filler_repointed	PATO:0000324	FLOPO:0988004	
FLOPO:0018742	pericarp dark red	filler_repointed	PATO:0001261	FLOPO:0988042	
FLOPO:0018756	filament grey	filler_repointed	PATO:0000950	FLOPO:0988010	
FLOPO:0018759	nectary dark brown	filler_repointed	PATO:0001245	FLOPO:0988084	
FLOPO:0018780	stalk brown	filler_repointed	PATO:0000952	FLOPO:0988003	
FLOPO:0018790	peristome light green	filler_repointed	PATO:0001250	FLOPO:0988166	
FLOPO:0018819	coma dark brown	filler_repointed	PATO:0001245	FLOPO:0988084	
FLOPO:0018825	pollen brown	filler_repointed	PATO:0000952	FLOPO:0988003	
FLOPO:0018851	tuber black	filler_repointed	PATO:0000317	FLOPO:0988011	
FLOPO:0018898	epidermis dark purple	filler_repointed	PATO:0001259	FLOPO:0988237	
FLOPO:0018910	leaf base white	filler_repointed	PATO:0000323	FLOPO:0988009	
FLOPO:0018951	connective dark blue	filler_repointed	PATO:0001244	FLOPO:0988200	
FLOPO:0018976	exotesta red	filler_repointed	PATO:0000322	FLOPO:0988001	
FLOPO:0018988	micropyle orange	filler_repointed	PATO:0000953	FLOPO:0988002	
FLOPO:0019000	heartwood dark brown	filler_repointed	PATO:0001245	FLOPO:0988084	
FLOPO:0019020	sapwood pale pink	filler_repointed	PATO:0002020	FLOPO:0988035	
FLOPO:0019032	stalk black	filler_repointed	PATO:0000317	FLOPO:0988011	
FLOPO:0019083	epicalyx red	filler_repointed	PATO:0000322	FLOPO:0988001	
FLOPO:0019092	petal red	filler_repointed	PATO:0000322	FLOPO:0988001	
FLOPO:0019097	leaflet grey	filler_repointed	PATO:0000950	FLOPO:0988010	
FLOPO:0019119	antiraphe yellow	filler_repointed	PATO:0000324	FLOPO:0988004	
FLOPO:0019126	tepal orange	filler_repointed	PATO:0000953	FLOPO:0988002	
FLOPO:0019133	pedicel dark red	filler_repointed	PATO:0001261	FLOPO:0988042	
FLOPO:0019145	keel yellow brown	filler_repointed	PATO:0002411	FLOPO:0988018	
FLOPO:0019192	leaf axil pink	filler_repointed	PATO:0000954	FLOPO:0988000	
FLOPO:0019202	stigma dark brown	filler_repointed	PATO:0001245	FLOPO:0988084	
FLOPO:0019241	axil orange	filler_repointed	PATO:0000953	FLOPO:0988002	
FLOPO:0019251	gynophore purple	filler_repointed	PATO:0000951	FLOPO:0988008	
FLOPO:0019262	petiolule purple	filler_repointed	PATO:0000951	FLOPO:0988008	
FLOPO:0019275	exocarp dark brown	filler_repointed	PATO:0001245	FLOPO:0988084	
FLOPO:0019293	simple leaf green	filler_repointed	PATO:0000320	FLOPO:0988006	
FLOPO:0019298	stem light brown	filler_repointed	PATO:0001246	FLOPO:0988082	
FLOPO:0019330	pedicel yellow brown	filler_repointed	PATO:0002411	FLOPO:0988018	
FLOPO:0019332	rhizoid white	filler_repointed	PATO:0000323	FLOPO:0988009	
FLOPO:0019336	pappus violet	filler_repointed	PATO:0001424	FLOPO:0988027	
FLOPO:0019360	palea light green	filler_repointed	PATO:0001250	FLOPO:0988166	
FLOPO:0019371	placenta brown	filler_repointed	PATO:0000952	FLOPO:0988003	
FLOPO:0019374	costa green	filler_repointed	PATO:0000320	FLOPO:0988006	
FLOPO:0019384	filament brown	filler_repointed	PATO:0000952	FLOPO:0988003	
FLOPO:0019391	ligule orange	filler_repointed	PATO:0000953	FLOPO:0988002	
FLOPO:0019444	valve blue	filler_repointed	PATO:0000318	FLOPO:0988007	
FLOPO:0019491	bracteole dark brown	filler_repointed	PATO:0001245	FLOPO:0988084	
FLOPO:0019511	bud dark red	filler_repointed	PATO:0001261	FLOPO:0988042	
FLOPO:0019520	stamen yellow	filler_repointed	PATO:0000324	FLOPO:0988004	
FLOPO:0019526	spikelet violet	filler_repointed	PATO:0001424	FLOPO:0988027	
FLOPO:0019528	sepal violet	filler_repointed	PATO:0001424	FLOPO:0988027	
FLOPO:0019540	hydathode white	filler_repointed	PATO:0000323	FLOPO:0988009	
FLOPO:0019580	sepal orange	filler_repointed	PATO:0000953	FLOPO:0988002	
FLOPO:0019583	subterranean tuber green	filler_repointed	PATO:0000320	FLOPO:0988006	
FLOPO:0019585	arillode red	filler_repointed	PATO:0000322	FLOPO:0988001	
FLOPO:0019628	leaf apex green	filler_repointed	PATO:0000320	FLOPO:0988006	
FLOPO:0019646	raphe pale pink	filler_repointed	PATO:0002020	FLOPO:0988035	
FLOPO:0019674	glume dark brown	filler_repointed	PATO:0001245	FLOPO:0988084	
FLOPO:0019676	stem base brown	filler_repointed	PATO:0000952	FLOPO:0988003	
FLOPO:0019704	fruit light yellow	filler_repointed	PATO:0001264	FLOPO:0988110	
FLOPO:0019705	stigma dark purple	filler_repointed	PATO:0001259	FLOPO:0988237	
FLOPO:0019716	aril green	filler_repointed	PATO:0000320	FLOPO:0988006	
FLOPO:0019718	funicle black	filler_repointed	PATO:0000317	FLOPO:0988011	
FLOPO:0019720	peduncle pale pink	filler_repointed	PATO:0002020	FLOPO:0988035	
FLOPO:0019725	rhizome dark red	filler_repointed	PATO:0001261	FLOPO:0988042	
FLOPO:0019729	pseudostem green	filler_repointed	PATO:0000320	FLOPO:0988006	
FLOPO:0019757	fruit light orange	filler_repointed	PATO:0001255	FLOPO:0988077	
FLOPO:0019762	caruncle purple	filler_repointed	PATO:0000951	FLOPO:0988008	
FLOPO:0019763	strobilus black	filler_repointed	PATO:0000317	FLOPO:0988011	
FLOPO:0019771	leaf sheath red	filler_repointed	PATO:0000322	FLOPO:0988001	
FLOPO:0019776	prophyll purple	filler_repointed	PATO:0000951	FLOPO:0988008	
FLOPO:0019796	ligule blue	filler_repointed	PATO:0000318	FLOPO:0988007	
FLOPO:0019797	rhizome green	filler_repointed	PATO:0000320	FLOPO:0988006	
FLOPO:0019824	subterranean tuber grey	filler_repointed	PATO:0000950	FLOPO:0988010	
FLOPO:0019848	pith green	filler_repointed	PATO:0000320	FLOPO:0988006	
FLOPO:0019873	locule grey	filler_repointed	PATO:0000950	FLOPO:0988010	
FLOPO:0019876	sepal pale pink	filler_repointed	PATO:0002020	FLOPO:0988035	
FLOPO:0019896	lamina light green	filler_repointed	PATO:0001250	FLOPO:0988166	
FLOPO:0019901	periderm dark red	filler_repointed	PATO:0001261	FLOPO:0988042	
FLOPO:0019913	petiole margin green	filler_repointed	PATO:0000320	FLOPO:0988006	
FLOPO:0019964	sclerenchyma brown	filler_repointed	PATO:0000952	FLOPO:0988003	
FLOPO:0019989	peduncle black	filler_repointed	PATO:0000317	FLOPO:0988011	
FLOPO:0020050	oil gland purple	filler_repointed	PATO:0000951	FLOPO:0988008	
FLOPO:0020075	peristome violet	filler_repointed	PATO:0001424	FLOPO:0988027	
FLOPO:0020099	palea black	filler_repointed	PATO:0000317	FLOPO:0988011	
FLOPO:0020159	inflorescence orange	filler_repointed	PATO:0000953	FLOPO:0988002	
FLOPO:0020164	branch orange	filler_repointed	PATO:0000953	FLOPO:0988002	
FLOPO:0020169	root red	filler_repointed	PATO:0000322	FLOPO:0988001	
FLOPO:0020196	lemma grey	filler_repointed	PATO:0000950	FLOPO:0988010	
FLOPO:0020218	stem orange	filler_repointed	PATO:0000953	FLOPO:0988002	
FLOPO:0020247	epidermis black	filler_repointed	PATO:0000317	FLOPO:0988011	
FLOPO:0020265	xylem vessel member purple	filler_repointed	PATO:0000951	FLOPO:0988008	
FLOPO:0020290	connective pink	filler_repointed	PATO:0000954	FLOPO:0988000	
FLOPO:0020302	stamen red	filler_repointed	PATO:0000322	FLOPO:0988001	
FLOPO:0020303	micropyle yellow	filler_repointed	PATO:0000324	FLOPO:0988004	
FLOPO:0020347	bract violet	filler_repointed	PATO:0001424	FLOPO:0988027	
FLOPO:0020368	involucre orange	filler_repointed	PATO:0000953	FLOPO:0988002	
FLOPO:0020372	involucre blue	filler_repointed	PATO:0000318	FLOPO:0988007	
FLOPO:0020386	whole plant grey	filler_repointed	PATO:0000950	FLOPO:0988010	
FLOPO:0020436	valve orange	filler_repointed	PATO:0000953	FLOPO:0988002	
FLOPO:0020451	pistillode white	filler_repointed	PATO:0000323	FLOPO:0988009	
FLOPO:0020469	involucre dark red	filler_repointed	PATO:0001261	FLOPO:0988042	
FLOPO:0020477	corolla light blue	filler_repointed	PATO:0001243	FLOPO:0988198	
FLOPO:0020496	peristome black	filler_repointed	PATO:0000317	FLOPO:0988011	
FLOPO:0020497	seed dark grey	filler_repointed	PATO:0001251	FLOPO:0988275	
FLOPO:0020513	seed violet	filler_repointed	PATO:0001424	FLOPO:0988027	
FLOPO:0020560	sepal grey	filler_repointed	PATO:0000950	FLOPO:0988010	
FLOPO:0020563	corm yellow	filler_repointed	PATO:0000324	FLOPO:0988004	
FLOPO:0020566	perianth yellow brown	filler_repointed	PATO:0002411	FLOPO:0988018	
FLOPO:0020594	infructescence light brown	filler_repointed	PATO:0001246	FLOPO:0988082	
FLOPO:0020609	cortex light brown	filler_repointed	PATO:0001246	FLOPO:0988082	
FLOPO:0020624	infructescence pink	filler_repointed	PATO:0000954	FLOPO:0988000	
FLOPO:0020640	leaf margin black	filler_repointed	PATO:0000317	FLOPO:0988011	
FLOPO:0020643	epidermis dark red brown	filler_repointed	PATO:0001288	FLOPO:0988070	
FLOPO:0020656	arilloid orange	filler_repointed	PATO:0000953	FLOPO:0988002	
FLOPO:0020670	lenticel grey	filler_repointed	PATO:0000950	FLOPO:0988010	
FLOPO:0020671	rhizome dark red brown	filler_repointed	PATO:0001288	FLOPO:0988070	
FLOPO:0020684	connective purple	filler_repointed	PATO:0000951	FLOPO:0988008	
FLOPO:0020691	bract apex yellow	filler_repointed	PATO:0000324	FLOPO:0988004	
FLOPO:0020692	valve dark purple	filler_repointed	PATO:0001259	FLOPO:0988237	
FLOPO:0020714	seta white	filler_repointed	PATO:0000323	FLOPO:0988009	
FLOPO:0020719	gynoecium red	filler_repointed	PATO:0000322	FLOPO:0988001	
FLOPO:0020723	tuber light orange	filler_repointed	PATO:0001255	FLOPO:0988077	
FLOPO:0020728	shoot apex dark brown	filler_repointed	PATO:0001245	FLOPO:0988084	
FLOPO:0020730	aril yellow brown	filler_repointed	PATO:0002411	FLOPO:0988018	
FLOPO:0020734	arilloid brown	filler_repointed	PATO:0000952	FLOPO:0988003	
FLOPO:0020763	gynophore grey	filler_repointed	PATO:0000950	FLOPO:0988010	
FLOPO:0020815	sepal deep pink	filler_repointed	PATO:0001258	FLOPO:0988032	
FLOPO:0020825	nectary red	filler_repointed	PATO:0000322	FLOPO:0988001	
FLOPO:0020834	cotyledon purple	filler_repointed	PATO:0000951	FLOPO:0988008	
FLOPO:0020871	leaf axil green	filler_repointed	PATO:0000320	FLOPO:0988006	
FLOPO:0020873	free sepal white	filler_repointed	PATO:0000323	FLOPO:0988009	
FLOPO:0020900	coma black	filler_repointed	PATO:0000317	FLOPO:0988011	
FLOPO:0020902	central zone pink	filler_repointed	PATO:0000954	FLOPO:0988000	
FLOPO:0020957	hilum grey	filler_repointed	PATO:0000950	FLOPO:0988010	
FLOPO:0020967	locule purple	filler_repointed	PATO:0000951	FLOPO:0988008	
FLOPO:0021021	pericarp blue	filler_repointed	PATO:0000318	FLOPO:0988007	
FLOPO:0021038	sapwood light yellow	filler_repointed	PATO:0001264	FLOPO:0988110	
FLOPO:0021072	upper glume purple	filler_repointed	PATO:0000951	FLOPO:0988008	
FLOPO:0021095	stereome orange	filler_repointed	PATO:0000953	FLOPO:0988002	
FLOPO:0021097	cortex red	filler_repointed	PATO:0000322	FLOPO:0988001	
FLOPO:0021166	root grey	filler_repointed	PATO:0000950	FLOPO:0988010	
FLOPO:0021194	tepal blue	filler_repointed	PATO:0000318	FLOPO:0988007	
FLOPO:0021213	aril dark grey	filler_repointed	PATO:0001251	FLOPO:0988275	
FLOPO:0021220	lower glume light green	filler_repointed	PATO:0001250	FLOPO:0988166	
FLOPO:0021221	stem light green	filler_repointed	PATO:0001250	FLOPO:0988166	
FLOPO:0021230	pollen dark brown	filler_repointed	PATO:0001245	FLOPO:0988084	
FLOPO:0021265	exocarp orange	filler_repointed	PATO:0000953	FLOPO:0988002	
FLOPO:0021271	bracteole yellow	filler_repointed	PATO:0000324	FLOPO:0988004	
FLOPO:0021314	costa yellow brown	filler_repointed	PATO:0002411	FLOPO:0988018	
FLOPO:0021329	ligule pink	filler_repointed	PATO:0000954	FLOPO:0988000	
FLOPO:0021373	stipule black	filler_repointed	PATO:0000317	FLOPO:0988011	
FLOPO:0021399	lemma violet	filler_repointed	PATO:0001424	FLOPO:0988027	
FLOPO:0021409	style pale pink	filler_repointed	PATO:0002020	FLOPO:0988035	
FLOPO:0021432	peristome dark violet	filler_repointed	PATO:0001705	FLOPO:0988226	
FLOPO:0021461	leaflet blue	filler_repointed	PATO:0000318	FLOPO:0988007	
FLOPO:0021462	phloem white	filler_repointed	PATO:0000323	FLOPO:0988009	
FLOPO:0021469	calyx yellow brown	filler_repointed	PATO:0002411	FLOPO:0988018	
FLOPO:0021502	bud light green	filler_repointed	PATO:0001250	FLOPO:0988166	
FLOPO:0021508	leaf sheath pink	filler_repointed	PATO:0000954	FLOPO:0988000	
FLOPO:0021554	pappus pink	filler_repointed	PATO:0000954	FLOPO:0988000	
FLOPO:0021570	infructescence dark purple	filler_repointed	PATO:0001259	FLOPO:0988237	
FLOPO:0021584	endocarp dark brown	filler_repointed	PATO:0001245	FLOPO:0988084	
FLOPO:0021585	pappus red	filler_repointed	PATO:0000322	FLOPO:0988001	
FLOPO:0021599	cambium red	filler_repointed	PATO:0000322	FLOPO:0988001	
FLOPO:0021608	shoot axis brown	filler_repointed	PATO:0000952	FLOPO:0988003	
FLOPO:0021616	inflorescence dark red brown	filler_repointed	PATO:0001288	FLOPO:0988070	
FLOPO:0021634	tuberous root pink	filler_repointed	PATO:0000954	FLOPO:0988000	
FLOPO:0021636	whole plant brown	filler_repointed	PATO:0000952	FLOPO:0988003	
FLOPO:0021643	androecium light brown	filler_repointed	PATO:0001246	FLOPO:0988082	
FLOPO:0021686	pulvinus white	filler_repointed	PATO:0000323	FLOPO:0988009	
FLOPO:0021705	connective yellow	filler_repointed	PATO:0000324	FLOPO:0988004	
FLOPO:0021720	axil white	filler_repointed	PATO:0000323	FLOPO:0988009	
FLOPO:0021721	testa yellow brown	filler_repointed	PATO:0002411	FLOPO:0988018	
FLOPO:0021731	phloem brown	filler_repointed	PATO:0000952	FLOPO:0988003	
FLOPO:0021764	sclerenchyma white	filler_repointed	PATO:0000323	FLOPO:0988009	
FLOPO:0021777	anther orange	filler_repointed	PATO:0000953	FLOPO:0988002	
FLOPO:0021787	locule red	filler_repointed	PATO:0000322	FLOPO:0988001	
FLOPO:0021808	leaflet pink	filler_repointed	PATO:0000954	FLOPO:0988000	
FLOPO:0021839	corm dark brown	filler_repointed	PATO:0001245	FLOPO:0988084	
FLOPO:0021875	bulb white	filler_repointed	PATO:0000323	FLOPO:0988009	
FLOPO:0021878	awn black	filler_repointed	PATO:0000317	FLOPO:0988011	
FLOPO:0021879	leaf axil orange	filler_repointed	PATO:0000953	FLOPO:0988002	
FLOPO:0021895	flower dark brown	filler_repointed	PATO:0001245	FLOPO:0988084	
FLOPO:0021896	prickle purple	filler_repointed	PATO:0000951	FLOPO:0988008	
FLOPO:0021898	leaf dark purple	filler_repointed	PATO:0001259	FLOPO:0988237	
FLOPO:0021947	receptacle dark brown	filler_repointed	PATO:0001245	FLOPO:0988084	
FLOPO:0021958	stipule green	filler_repointed	PATO:0000320	FLOPO:0988006	
FLOPO:0021971	costa red	filler_repointed	PATO:0000322	FLOPO:0988001	
FLOPO:0022012	raphe purple	filler_repointed	PATO:0000951	FLOPO:0988008	
FLOPO:0022057	peristome orange	filler_repointed	PATO:0000953	FLOPO:0988002	
FLOPO:0022059	stigma pale pink	filler_repointed	PATO:0002020	FLOPO:0988035	
FLOPO:0022074	petiole dark grey	filler_repointed	PATO:0001251	FLOPO:0988275	
FLOPO:0022078	axil pink	filler_repointed	PATO:0000954	FLOPO:0988000	
FLOPO:0022122	stereome grey	filler_repointed	PATO:0000950	FLOPO:0988010	
FLOPO:0022145	plumule brown	filler_repointed	PATO:0000952	FLOPO:0988003	
FLOPO:0022163	prickle grey	filler_repointed	PATO:0000950	FLOPO:0988010	
FLOPO:0022167	infructescence dark red	filler_repointed	PATO:0001261	FLOPO:0988042	
FLOPO:0022198	peduncle yellow brown	filler_repointed	PATO:0002411	FLOPO:0988018	
FLOPO:0022199	shoot apex brown	filler_repointed	PATO:0000952	FLOPO:0988003	
FLOPO:0022216	leaflet purple	filler_repointed	PATO:0000951	FLOPO:0988008	
FLOPO:0022219	lemma yellow	filler_repointed	PATO:0000324	FLOPO:0988004	
FLOPO:0022232	gynophore brown	filler_repointed	PATO:0000952	FLOPO:0988003	
FLOPO:0022242	tubercle light brown	filler_repointed	PATO:0001246	FLOPO:0988082	
FLOPO:0022254	testa pale pink	filler_repointed	PATO:0002020	FLOPO:0988035	
FLOPO:0022275	flower violet	filler_repointed	PATO:0001424	FLOPO:0988027	
FLOPO:0022282	pistillode green	filler_repointed	PATO:0000320	FLOPO:0988006	
FLOPO:0022292	hilum dark grey	filler_repointed	PATO:0001251	FLOPO:0988275	
FLOPO:0022299	glume violet	filler_repointed	PATO:0001424	FLOPO:0988027	
FLOPO:0022345	hypanthium pink	filler_repointed	PATO:0000954	FLOPO:0988000	
FLOPO:0022354	cambium yellow	filler_repointed	PATO:0000324	FLOPO:0988004	
FLOPO:0022371	endotesta dark grey	filler_repointed	PATO:0001251	FLOPO:0988275	
FLOPO:0022386	bark pale pink	filler_repointed	PATO:0002020	FLOPO:0988035	
FLOPO:0022398	flower pale pink	filler_repointed	PATO:0002020	FLOPO:0988035	
FLOPO:0022414	awn purple	filler_repointed	PATO:0000951	FLOPO:0988008	
FLOPO:0022434	petiolule light green	filler_repointed	PATO:0001250	FLOPO:0988166	
FLOPO:0022473	fruit dark blue	filler_repointed	PATO:0001244	FLOPO:0988200	
FLOPO:0022512	endodermis brown	filler_repointed	PATO:0000952	FLOPO:0988003	
FLOPO:0022516	periderm dark red brown	filler_repointed	PATO:0001288	FLOPO:0988070	
FLOPO:0022517	prickle brown	filler_repointed	PATO:0000952	FLOPO:0988003	
FLOPO:0022536	inflorescence axis green	filler_repointed	PATO:0000320	FLOPO:0988006	
FLOPO:0022554	endotesta light brown	filler_repointed	PATO:0001246	FLOPO:0988082	
FLOPO:0022564	leaf margin red	filler_repointed	PATO:0000322	FLOPO:0988001	
FLOPO:0022604	stereome red	filler_repointed	PATO:0000322	FLOPO:0988001	
FLOPO:0022613	palea purple	filler_repointed	PATO:0000951	FLOPO:0988008	
FLOPO:0022626	lamina dark grey	filler_repointed	PATO:0001251	FLOPO:0988275	
FLOPO:0022644	gynophore green	filler_repointed	PATO:0000320	FLOPO:0988006	
FLOPO:0022658	sapwood light brown	filler_repointed	PATO:0001246	FLOPO:0988082	
FLOPO:0022668	gynoecium purple	filler_repointed	PATO:0000951	FLOPO:0988008	
FLOPO:0022734	flower yellow brown	filler_repointed	PATO:0002411	FLOPO:0988018	
FLOPO:0022760	peristome light purple	filler_repointed	PATO:0001260	FLOPO:0988235	
FLOPO:0022783	epidermis yellow brown	filler_repointed	PATO:0002411	FLOPO:0988018	
FLOPO:0022806	androecium purple	filler_repointed	PATO:0000951	FLOPO:0988008	
FLOPO:0022849	integument white	filler_repointed	PATO:0000323	FLOPO:0988009	
FLOPO:0022869	spikelet dark brown	filler_repointed	PATO:0001245	FLOPO:0988084	
FLOPO:0022874	endosperm yellow	filler_repointed	PATO:0000324	FLOPO:0988004	
FLOPO:0022878	spikelet dark purple	filler_repointed	PATO:0001259	FLOPO:0988237	
FLOPO:0022880	nectary white	filler_repointed	PATO:0000323	FLOPO:0988009	
FLOPO:0022919	shoot apex green	filler_repointed	PATO:0000320	FLOPO:0988006	
FLOPO:0022971	stem dark violet	filler_repointed	PATO:0001705	FLOPO:0988226	
FLOPO:0022972	leaf axil violet	filler_repointed	PATO:0001424	FLOPO:0988027	
FLOPO:0022996	petiole pink	filler_repointed	PATO:0000954	FLOPO:0988000	
FLOPO:0023024	petal dark purple	filler_repointed	PATO:0001259	FLOPO:0988237	
FLOPO:0023026	ray system purple	filler_repointed	PATO:0000951	FLOPO:0988008	
FLOPO:0023054	epidermis dark grey	filler_repointed	PATO:0001251	FLOPO:0988275	
FLOPO:0023060	short shoot purple	filler_repointed	PATO:0000951	FLOPO:0988008	
FLOPO:0023066	sapwood yellow brown	filler_repointed	PATO:0002411	FLOPO:0988018	
FLOPO:0023074	tubercle orange	filler_repointed	PATO:0000953	FLOPO:0988002	
FLOPO:0023084	raphe dark brown	filler_repointed	PATO:0001245	FLOPO:0988084	
FLOPO:0023089	coma dark red brown	filler_repointed	PATO:0001288	FLOPO:0988070	
FLOPO:0023110	vascular bundle yellow	filler_repointed	PATO:0000324	FLOPO:0988004	
FLOPO:0023123	glume light green	filler_repointed	PATO:0001250	FLOPO:0988166	
FLOPO:0023125	testa dark red	filler_repointed	PATO:0001261	FLOPO:0988042	
FLOPO:0023147	cortex purple	filler_repointed	PATO:0000951	FLOPO:0988008	
FLOPO:0023162	hypanthium orange	filler_repointed	PATO:0000953	FLOPO:0988002	
FLOPO:0023165	costa black	filler_repointed	PATO:0000317	FLOPO:0988011	
FLOPO:0023166	bracteole white	filler_repointed	PATO:0000323	FLOPO:0988009	
FLOPO:0023171	caruncle red	filler_repointed	PATO:0000322	FLOPO:0988001	
FLOPO:0023192	exotesta brown	filler_repointed	PATO:0000952	FLOPO:0988003	
FLOPO:0023196	leaf dark red brown	filler_repointed	PATO:0001288	FLOPO:0988070	
FLOPO:0023208	endotesta black	filler_repointed	PATO:0000317	FLOPO:0988011	
FLOPO:0023210	tepal brown	filler_repointed	PATO:0000952	FLOPO:0988003	
FLOPO:0023214	coma dark red	filler_repointed	PATO:0001261	FLOPO:0988042	
FLOPO:0023236	exocarp yellow	filler_repointed	PATO:0000324	FLOPO:0988004	
FLOPO:0023237	gynoecium violet	filler_repointed	PATO:0001424	FLOPO:0988027	
FLOPO:0023243	leaf axil purple	filler_repointed	PATO:0000951	FLOPO:0988008	
FLOPO:0023247	peristome dark red brown	filler_repointed	PATO:0001288	FLOPO:0988070	
FLOPO:0023257	rhizome dark grey	filler_repointed	PATO:0001251	FLOPO:0988275	
FLOPO:0023268	testa dark red brown	filler_repointed	PATO:0001288	FLOPO:0988070	
FLOPO:0023278	raphe dark red	filler_repointed	PATO:0001261	FLOPO:0988042	
FLOPO:0023326	endodermis dark brown	filler_repointed	PATO:0001245	FLOPO:0988084	
FLOPO:0023330	petiole margin white	filler_repointed	PATO:0000323	FLOPO:0988009	
FLOPO:0023336	tepal violet	filler_repointed	PATO:0001424	FLOPO:0988027	
FLOPO:0023352	lamina violet	filler_repointed	PATO:0001424	FLOPO:0988027	
FLOPO:0023374	sapwood dark red	filler_repointed	PATO:0001261	FLOPO:0988042	
FLOPO:0023402	anther pale pink	filler_repointed	PATO:0002020	FLOPO:0988035	
FLOPO:0023403	bark light green	filler_repointed	PATO:0001250	FLOPO:0988166	
FLOPO:0023480	gelatinous fiber cell purple	filler_repointed	PATO:0000951	FLOPO:0988008	
FLOPO:0023540	cambium green	filler_repointed	PATO:0000320	FLOPO:0988006	
FLOPO:0023541	petal dark grey	filler_repointed	PATO:0001251	FLOPO:0988275	
FLOPO:0023573	pericarp grey	filler_repointed	PATO:0000950	FLOPO:0988010	
FLOPO:0023587	shoot apex black	filler_repointed	PATO:0000317	FLOPO:0988011	
FLOPO:0023606	arillode orange	filler_repointed	PATO:0000953	FLOPO:0988002	
FLOPO:0023607	pedicel violet	filler_repointed	PATO:0001424	FLOPO:0988027	
FLOPO:0023631	involucre yellow brown	filler_repointed	PATO:0002411	FLOPO:0988018	
FLOPO:0023642	petal black	filler_repointed	PATO:0000317	FLOPO:0988011	
FLOPO:0023719	micropyle black	filler_repointed	PATO:0000317	FLOPO:0988011	
FLOPO:0023727	plumule orange	filler_repointed	PATO:0000953	FLOPO:0988002	
FLOPO:0023730	pericarp purple	filler_repointed	PATO:0000951	FLOPO:0988008	
FLOPO:0023796	antiraphe white	filler_repointed	PATO:0000323	FLOPO:0988009	
FLOPO:0023816	shoot system purple	filler_repointed	PATO:0000951	FLOPO:0988008	
FLOPO:0023858	tuber red	filler_repointed	PATO:0000322	FLOPO:0988001	
FLOPO:0023878	phloem dark brown	filler_repointed	PATO:0001245	FLOPO:0988084	
FLOPO:0023939	prickle red	filler_repointed	PATO:0000322	FLOPO:0988001	
FLOPO:0023958	raphe dark red brown	filler_repointed	PATO:0001288	FLOPO:0988070	
FLOPO:0023968	ovary wall white	filler_repointed	PATO:0000323	FLOPO:0988009	
FLOPO:0023979	corolla light brown	filler_repointed	PATO:0001246	FLOPO:0988082	
FLOPO:0024007	peristome pink	filler_repointed	PATO:0000954	FLOPO:0988000	
FLOPO:0024020	cambium grey	filler_repointed	PATO:0000950	FLOPO:0988010	
FLOPO:0024035	cladode brown	filler_repointed	PATO:0000952	FLOPO:0988003	
FLOPO:0024070	style dark blue	filler_repointed	PATO:0001244	FLOPO:0988200	
FLOPO:0980091	rosy-lilac	filler_repointed	PATO:0000322|PATO:0000954	FLOPO:0988000|FLOPO:0988001	
FLOPO:0980098	creamy-white	filler_repointed	PATO:0000323|PATO:0000324	FLOPO:0988004|FLOPO:0988009	
FLOPO:0980108	deep rosy-lilac	filler_repointed	PATO:0000322|PATO:0000954	FLOPO:0988000|FLOPO:0988001	
FLOPO:0980113	lilac-blue	filler_repointed	PATO:0000318	FLOPO:0988007	
FLOPO:0980121	pale bluish lilac	filler_repointed	PATO:0000318	FLOPO:0988007	
FLOPO:0980125	pale pinkish lilac	filler_repointed	PATO:0000954	FLOPO:0988000	
FLOPO:0980131	rose-pink	filler_repointed	PATO:0000322|PATO:0000954	FLOPO:0988000|FLOPO:0988001	
FLOPO:0980133	deep lilac-blue	filler_repointed	PATO:0000318	FLOPO:0988007	
FLOPO:0980136	pinkish lilac	filler_repointed	PATO:0000954	FLOPO:0988000	
FLOPO:0980138	purplish-brown	filler_repointed	PATO:0000951|PATO:0000952	FLOPO:0988003|FLOPO:0988008	
FLOPO:0980139	creamy-yellow	filler_repointed	PATO:0000323|PATO:0000324	FLOPO:0988004|FLOPO:0988009	
FLOPO:0980141	white flushed pink	filler_repointed	PATO:0000323|PATO:0000954	FLOPO:0988000|FLOPO:0988009	
FLOPO:0980144	pinkish fawn	filler_repointed	PATO:0000324|PATO:0000952|PATO:0000954	FLOPO:0988000|FLOPO:0988003|FLOPO:0988004	
FLOPO:0980145	white flushed with pink	filler_repointed	PATO:0000323|PATO:0000954	FLOPO:0988000|FLOPO:0988009	
FLOPO:0980151	deep violet-blue	filler_repointed	PATO:0000318|PATO:0001424	FLOPO:0988007|FLOPO:0988027	
FLOPO:0980152	pale blue-lilac	filler_repointed	PATO:0000318	FLOPO:0988007	
FLOPO:0980155	green and grey mottled	filler_repointed	PATO:0000320|PATO:0000950	FLOPO:0988006|FLOPO:0988010	
FLOPO:0980158	spotted with crimson	filler_repointed	PATO:0000322	FLOPO:0988001	
FLOPO:0980161	bright magenta-pink	filler_repointed	PATO:0000954	FLOPO:0988000	
FLOPO:0980164	deep rosy-pink	filler_repointed	PATO:0000322|PATO:0000954	FLOPO:0988000|FLOPO:0988001	
FLOPO:0980165	green and brown	filler_repointed	PATO:0000320|PATO:0000952	FLOPO:0988003|FLOPO:0988006	
FLOPO:0980175	pale lilac and white	filler_repointed	PATO:0000323	FLOPO:0988009	
FLOPO:0980177	white flushed with lilac	filler_repointed	PATO:0000323	FLOPO:0988009	
FLOPO:0980179	pink and red	filler_repointed	PATO:0000322|PATO:0000954	FLOPO:0988000|FLOPO:0988001	
FLOPO:0980180	banded and tessellated yellow and blue-green	filler_repointed	PATO:0000324	FLOPO:0988004	
FLOPO:0980187	white, cream, or yellow	filler_repointed	PATO:0000323|PATO:0000324	FLOPO:0988004|FLOPO:0988009	
FLOPO:0980190	fawn	filler_repointed	PATO:0000324|PATO:0000952	FLOPO:0988003|FLOPO:0988004	
FLOPO:0980191	glossy orange	filler_repointed	PATO:0000953	FLOPO:0988002	
FLOPO:0980192	dying fawn	filler_repointed	PATO:0000324|PATO:0000952	FLOPO:0988003|FLOPO:0988004	
FLOPO:0980193	green and white	filler_repointed	PATO:0000320|PATO:0000323	FLOPO:0988006|FLOPO:0988009	
FLOPO:0980194	deep pinkish red	filler_repointed	PATO:0000322|PATO:0000954	FLOPO:0988000|FLOPO:0988001	
FLOPO:0980196	red or yellow	filler_repointed	PATO:0000322|PATO:0000324	FLOPO:0988001|FLOPO:0988004	
FLOPO:0980198	greenish cream	filler_repointed	PATO:0000320|PATO:0000323|PATO:0000324	FLOPO:0988004|FLOPO:0988006|FLOPO:0988009	
FLOPO:0980199	greenish or pinkish	equivalence_to_subclass	FLOPO:0980085|FLOPO:0980097	PATO:0000014	
FLOPO:0980203	apricot-yellow with deep crimson centre	filler_repointed	PATO:0000322|PATO:0000324	FLOPO:0988001|FLOPO:0988004	
FLOPO:0980205	pale rose-pink	filler_repointed	PATO:0000322|PATO:0000954	FLOPO:0988000|FLOPO:0988001	
FLOPO:0980208	deep lilac purple	filler_repointed	PATO:0000951	FLOPO:0988008	
FLOPO:0980209	greenish golden	filler_repointed	PATO:0000320|PATO:0000324	FLOPO:0988004|FLOPO:0988006	
FLOPO:0980216	white, lilac flushed	filler_repointed	PATO:0000323	FLOPO:0988009	
FLOPO:0980226	pale lilac-blue	filler_repointed	PATO:0000318	FLOPO:0988007	
FLOPO:0980229	deep bright blue to almost white	filler_repointed	PATO:0000318|PATO:0000323	FLOPO:0988007|FLOPO:0988009	
FLOPO:0980238	flat shallow mahogany-red	filler_repointed	PATO:0000322	FLOPO:0988001	
FLOPO:0980241	pale greenish-fawn	filler_repointed	PATO:0000320|PATO:0000324|PATO:0000952	FLOPO:0988003|FLOPO:0988004|FLOPO:0988006	
FLOPO:0980243	green-backed with red freckles	filler_repointed	PATO:0000320|PATO:0000322	FLOPO:0988001|FLOPO:0988006	
FLOPO:0980246	pink and white	filler_repointed	PATO:0000323|PATO:0000954	FLOPO:0988000|FLOPO:0988009	
FLOPO:0980247	reddish green	filler_repointed	PATO:0000320|PATO:0000322	FLOPO:0988001|FLOPO:0988006	
FLOPO:0980249	cream freckled with crimson spots	filler_repointed	PATO:0000322|PATO:0000323|PATO:0000324	FLOPO:0988001|FLOPO:0988004|FLOPO:0988009	
FLOPO:0980250	creamy with palegreen longitudinal lines	filler_repointed	PATO:0000323|PATO:0000324	FLOPO:0988004|FLOPO:0988009	
FLOPO:0980254	blue-lilac	filler_repointed	PATO:0000318	FLOPO:0988007	
FLOPO:0980260	brown and white	filler_repointed	PATO:0000323|PATO:0000952	FLOPO:0988003|FLOPO:0988009	
FLOPO:0980263	cream flushed with red	filler_repointed	PATO:0000322|PATO:0000323|PATO:0000324	FLOPO:0988001|FLOPO:0988004|FLOPO:0988009	
FLOPO:0980265	pale bluish-lilac	filler_repointed	PATO:0000318	FLOPO:0988007	
FLOPO:0980266	pale rose-lilac	filler_repointed	PATO:0000322|PATO:0000954	FLOPO:0988000|FLOPO:0988001	
FLOPO:0980269	creamy-pink	filler_repointed	PATO:0000323|PATO:0000324|PATO:0000954	FLOPO:0988000|FLOPO:0988004|FLOPO:0988009	
FLOPO:0980270	red flushed green	filler_repointed	PATO:0000320|PATO:0000322	FLOPO:0988001|FLOPO:0988006	
FLOPO:0980281	white-hairy	filler_repointed	PATO:0000323	FLOPO:0988009	
FLOPO:0980282	green-striped	filler_repointed	PATO:0000320	FLOPO:0988006	
FLOPO:0980283	yellow green-veined	filler_repointed	PATO:0000320|PATO:0000324	FLOPO:0988004|FLOPO:0988006	
FLOPO:0980284	bluish-lilac	filler_repointed	PATO:0000318	FLOPO:0988007	
FLOPO:0980286	cream or white	filler_repointed	PATO:0000323	FLOPO:0988009	
FLOPO:0980287	pointed black	filler_repointed	PATO:0000317	FLOPO:0988011	
FLOPO:0980290	pale blue flushed with purple	filler_repointed	PATO:0000318|PATO:0000951	FLOPO:0988007|FLOPO:0988008	
FLOPO:0980295	greenish brown	filler_repointed	PATO:0000320|PATO:0000952	FLOPO:0988003|FLOPO:0988006	
FLOPO:0980297	green and purplish	filler_repointed	PATO:0000320|PATO:0000951	FLOPO:0988006|FLOPO:0988008	
FLOPO:0980298	pale greenish red	filler_repointed	PATO:0000320|PATO:0000322	FLOPO:0988001|FLOPO:0988006	
FLOPO:0980301	white and lilac	filler_repointed	PATO:0000323	FLOPO:0988009	
FLOPO:0980302	white, lilac	filler_repointed	PATO:0000323	FLOPO:0988009	
FLOPO:0980303	bright lilac-blue	filler_repointed	PATO:0000318	FLOPO:0988007	
FLOPO:0980309	pale lilac-pink	filler_repointed	PATO:0000954	FLOPO:0988000	
FLOPO:0980311	white rosy-lilac	filler_repointed	PATO:0000322|PATO:0000323|PATO:0000954	FLOPO:0988000|FLOPO:0988001|FLOPO:0988009	
FLOPO:0980312	green flushed red	filler_repointed	PATO:0000320|PATO:0000322	FLOPO:0988001|FLOPO:0988006	
FLOPO:0980313	pinkish green	filler_repointed	PATO:0000320|PATO:0000954	FLOPO:0988000|FLOPO:0988006	
FLOPO:0980314	reddish-brown	filler_repointed	PATO:0000322|PATO:0000952	FLOPO:0988001|FLOPO:0988003	
FLOPO:0980315	pale creamy-white	filler_repointed	PATO:0000323|PATO:0000324	FLOPO:0988004|FLOPO:0988009	
FLOPO:0980317	white flushed with pale lilac	filler_repointed	PATO:0000323	FLOPO:0988009	
FLOPO:0980319	reduced to yellow stamens	filler_repointed	PATO:0000324	FLOPO:0988004	
FLOPO:0980321	papery yellow	filler_repointed	PATO:0000324	FLOPO:0988004	
FLOPO:0980327	whitish lilac	filler_repointed	PATO:0000323	FLOPO:0988009	
FLOPO:0980329	reddish brown	filler_repointed	PATO:0000322|PATO:0000952	FLOPO:0988001|FLOPO:0988003	
FLOPO:0980332	rosy-pink	filler_repointed	PATO:0000322|PATO:0000954	FLOPO:0988000|FLOPO:0988001	
FLOPO:0980336	greenish red	filler_repointed	PATO:0000320|PATO:0000322	FLOPO:0988001|FLOPO:0988006	
FLOPO:0980338	pinkish red	filler_repointed	PATO:0000322|PATO:0000954	FLOPO:0988000|FLOPO:0988001	
FLOPO:0980340	bright lilac and pink	filler_repointed	PATO:0000954	FLOPO:0988000	
FLOPO:0980343	blue or lilac	filler_repointed	PATO:0000318	FLOPO:0988007	
FLOPO:0980346	yellow or reddish orange	filler_repointed	FLOPO:0980416|PATO:0000324	FLOPO:0988004|FLOPO:0988015	
FLOPO:0980348	lilac-pink	filler_repointed	PATO:0000954	FLOPO:0988000	
FLOPO:0980351	white tinged with pink	filler_repointed	PATO:0000323|PATO:0000954	FLOPO:0988000|FLOPO:0988009	
FLOPO:0980353	red flushed pale yellowish	filler_repointed	PATO:0000322|PATO:0000324	FLOPO:0988001|FLOPO:0988004	
FLOPO:0980355	green flushed with red	filler_repointed	PATO:0000320|PATO:0000322	FLOPO:0988001|FLOPO:0988006	
FLOPO:0980356	creamy-green	filler_repointed	PATO:0000320|PATO:0000323|PATO:0000324	FLOPO:0988004|FLOPO:0988006|FLOPO:0988009	
FLOPO:0980365	dead white	filler_repointed	PATO:0000323	FLOPO:0988009	
FLOPO:0980366	purple-magenta	filler_repointed	PATO:0000951	FLOPO:0988008	
FLOPO:0980367	blue and white	filler_repointed	PATO:0000318|PATO:0000323	FLOPO:0988007|FLOPO:0988009	
FLOPO:0980368	white flushed with purplish	filler_repointed	PATO:0000323|PATO:0000951	FLOPO:0988008|FLOPO:0988009	
FLOPO:0980369	variable, white flushed with purplish	filler_repointed	PATO:0000323|PATO:0000951	FLOPO:0988008|FLOPO:0988009	
FLOPO:0980378	fleshy green	filler_repointed	PATO:0000320	FLOPO:0988006	
FLOPO:0980381	purple-brown	filler_repointed	PATO:0000951|PATO:0000952	FLOPO:0988003|FLOPO:0988008	
FLOPO:0980384	shiny green	filler_repointed	PATO:0000320	FLOPO:0988006	
FLOPO:0980386	dark pinkish purple	filler_repointed	PATO:0000951|PATO:0000954	FLOPO:0988000|FLOPO:0988008	
FLOPO:0980387	pale blue to almost white	filler_repointed	PATO:0000318|PATO:0000323	FLOPO:0988007|FLOPO:0988009	
FLOPO:0980389	yellow and blue-green	filler_repointed	PATO:0000324	FLOPO:0988004	
FLOPO:0980395	deep rosy	filler_repointed	PATO:0000322|PATO:0000954	FLOPO:0988000|FLOPO:0988001	
FLOPO:0980400	white flushed with deep pink	filler_repointed	PATO:0000323|PATO:0000954	FLOPO:0988000|FLOPO:0988009	
FLOPO:0980407	silvery-green	filler_repointed	PATO:0000320|PATO:0000950	FLOPO:0988006|FLOPO:0988010	
FLOPO:0980408	deep rosy-red	filler_repointed	PATO:0000322|PATO:0000954	FLOPO:0988000|FLOPO:0988001	
FLOPO:0980414	deep magenta-pink	filler_repointed	PATO:0000954	FLOPO:0988000	
FLOPO:0980612	whole plant black	filler_repointed	PATO:0000317	FLOPO:0988011	
FLOPO:0980619	flower bud green	filler_repointed	PATO:0000320	FLOPO:0988006	
FLOPO:0980620	flower bud red	filler_repointed	PATO:0000322	FLOPO:0988001	
FLOPO:0980621	flower bud yellow	filler_repointed	PATO:0000324	FLOPO:0988004	
FLOPO:0980625	flower bud brown	filler_repointed	PATO:0000952	FLOPO:0988003	
FLOPO:0980638	trichome black	filler_repointed	PATO:0000317	FLOPO:0988011	
FLOPO:0980639	trichome green	filler_repointed	PATO:0000320	FLOPO:0988006	
FLOPO:0980640	trichome red	filler_repointed	PATO:0000322	FLOPO:0988001	
FLOPO:0980641	trichome white	filler_repointed	PATO:0000323	FLOPO:0988009	
FLOPO:0980642	trichome yellow	filler_repointed	PATO:0000324	FLOPO:0988004	
FLOPO:0980643	trichome brown	filler_repointed	PATO:0000952	FLOPO:0988003	
FLOPO:0980644	sapwood black	filler_repointed	PATO:0000317	FLOPO:0988011	
FLOPO:0980652	secondary xylem red	filler_repointed	PATO:0000322	FLOPO:0988001	
FLOPO:0980653	secondary xylem white	filler_repointed	PATO:0000323	FLOPO:0988009	
FLOPO:0980654	secondary xylem yellow	filler_repointed	PATO:0000324	FLOPO:0988004	
FLOPO:0980656	secondary xylem brown	filler_repointed	PATO:0000952	FLOPO:0988003	
FLOPO:0980660	upper glume red	filler_repointed	PATO:0000322	FLOPO:0988001	
FLOPO:0980682	vascular leaf black	filler_repointed	PATO:0000317	FLOPO:0988011	
FLOPO:0980683	vascular leaf green	filler_repointed	PATO:0000320	FLOPO:0988006	
FLOPO:0980684	vascular leaf red	filler_repointed	PATO:0000322	FLOPO:0988001	
FLOPO:0980685	vascular leaf white	filler_repointed	PATO:0000323	FLOPO:0988009	
FLOPO:0980686	vascular leaf yellow	filler_repointed	PATO:0000324	FLOPO:0988004	
FLOPO:0980690	vascular leaf brown	filler_repointed	PATO:0000952	FLOPO:0988003	
FLOPO:0980698	sporophyll green	filler_repointed	PATO:0000320	FLOPO:0988006	
FLOPO:0980706	carpel brown	filler_repointed	PATO:0000952	FLOPO:0988003	
FLOPO:0980721	fertile lemma white	filler_repointed	PATO:0000323	FLOPO:0988009	
FLOPO:0980725	bracteole black	filler_repointed	PATO:0000317	FLOPO:0988011	
FLOPO:0980726	bracteole red	filler_repointed	PATO:0000322	FLOPO:0988001	
FLOPO:0980745	bract black	filler_repointed	PATO:0000317	FLOPO:0988011	
FLOPO:0980759	androecium white	filler_repointed	PATO:0000323	FLOPO:0988009	
FLOPO:0980779	plant ovary black	filler_repointed	PATO:0000317	FLOPO:0988011	
FLOPO:0980780	plant ovary green	filler_repointed	PATO:0000320	FLOPO:0988006	
FLOPO:0980781	plant ovary red	filler_repointed	PATO:0000322	FLOPO:0988001	
FLOPO:0980782	plant ovary white	filler_repointed	PATO:0000323	FLOPO:0988009	
FLOPO:0980783	plant ovary yellow	filler_repointed	PATO:0000324	FLOPO:0988004	
FLOPO:0980791	plant ovary brown	filler_repointed	PATO:0000952	FLOPO:0988003	
FLOPO:0980810	staminode white	filler_repointed	PATO:0000323	FLOPO:0988009	
FLOPO:0980824	megaspore white	filler_repointed	PATO:0000323	FLOPO:0988009	
FLOPO:0980825	megaspore yellow	filler_repointed	PATO:0000324	FLOPO:0988004	
FLOPO:0980827	megaspore brown	filler_repointed	PATO:0000952	FLOPO:0988003	
FLOPO:0980829	cotyledon white	filler_repointed	PATO:0000323	FLOPO:0988009	
FLOPO:0980830	cotyledon yellow	filler_repointed	PATO:0000324	FLOPO:0988004	
FLOPO:0980836	leaf lamina black	filler_repointed	PATO:0000317	FLOPO:0988011	
FLOPO:0980837	leaf lamina red	filler_repointed	PATO:0000322	FLOPO:0988001	
FLOPO:0980838	leaf lamina white	filler_repointed	PATO:0000323	FLOPO:0988009	
FLOPO:0980839	leaf lamina yellow	filler_repointed	PATO:0000324	FLOPO:0988004	
FLOPO:0980844	leaf lamina brown	filler_repointed	PATO:0000952	FLOPO:0988003	
FLOPO:0980850	stipule red	filler_repointed	PATO:0000322	FLOPO:0988001	
FLOPO:0980859	mericarp green	filler_repointed	PATO:0000320	FLOPO:0988006	
FLOPO:0980860	mericarp red	filler_repointed	PATO:0000322	FLOPO:0988001	
FLOPO:0980861	mericarp yellow	filler_repointed	PATO:0000324	FLOPO:0988004	
FLOPO:0980868	mericarp brown	filler_repointed	PATO:0000952	FLOPO:0988003	
FLOPO:0980876	branch black	filler_repointed	PATO:0000317	FLOPO:0988011	
FLOPO:0980887	sporangium yellow	filler_repointed	PATO:0000324	FLOPO:0988004	
FLOPO:0980893	pollen green	filler_repointed	PATO:0000320	FLOPO:0988006	
FLOPO:0980894	pollen white	filler_repointed	PATO:0000323	FLOPO:0988009	
FLOPO:0980901	samara fruit red	filler_repointed	PATO:0000322	FLOPO:0988001	
FLOPO:0980919	achene fruit black	filler_repointed	PATO:0000317	FLOPO:0988011	
FLOPO:0980920	achene fruit white	filler_repointed	PATO:0000323	FLOPO:0988009	
FLOPO:0980926	achene fruit brown	filler_repointed	PATO:0000952	FLOPO:0988003	
FLOPO:0980935	pedicel black	filler_repointed	PATO:0000317	FLOPO:0988011	
FLOPO:0980936	pedicel green	filler_repointed	PATO:0000320	FLOPO:0988006	
FLOPO:0980937	pedicel red	filler_repointed	PATO:0000322	FLOPO:0988001	
FLOPO:0980938	pedicel white	filler_repointed	PATO:0000323	FLOPO:0988009	
FLOPO:0980939	pedicel yellow	filler_repointed	PATO:0000324	FLOPO:0988004	
FLOPO:0980946	pedicel brown	filler_repointed	PATO:0000952	FLOPO:0988003	
FLOPO:0980981	flower chocolate brown	equivalence_to_subclass	PATO:0104333	FLOPO:0988072	
FLOPO:0980996	petal olive colour	filler_repointed	PATO:0104336	FLOPO:0988005	
FLOPO:0980998	bract chestnut colour	equivalence_to_subclass	PATO:0104329	PATO:0001287	
FLOPO:0981002	whole plant olive colour	filler_repointed	PATO:0104336	FLOPO:0988005	
FLOPO:0981005	berry fruit olive colour	filler_repointed	PATO:0104336	FLOPO:0988005	
FLOPO:0981007	anther chocolate brown	equivalence_to_subclass	PATO:0104333	FLOPO:0988072	
FLOPO:0981012	petal lemon yellow	equivalence_to_subclass	PATO:0104321	FLOPO:0988004	
FLOPO:0981014	bark chocolate brown	equivalence_to_subclass	PATO:0104333	FLOPO:0988072	
FLOPO:0981017	corolla lemon yellow	equivalence_to_subclass	PATO:0104321	FLOPO:0988004	
FLOPO:0981023	perianth olive colour	filler_repointed	PATO:0104336	FLOPO:0988005	
FLOPO:0981032	anther yellow brown	filler_repointed	PATO:0002411	FLOPO:0988018	
FLOPO:0981035	petal yellow brown	filler_repointed	PATO:0002411	FLOPO:0988018	
FLOPO:0981038	calyx olive colour	filler_repointed	PATO:0104336	FLOPO:0988005	
FLOPO:0981040	vascular leaf olive colour	filler_repointed	PATO:0104336	FLOPO:0988005	
FLOPO:0981042	seed chocolate brown	equivalence_to_subclass	PATO:0104333	FLOPO:0988072	
FLOPO:0981046	fruit chestnut colour	equivalence_to_subclass	PATO:0104329	PATO:0001287	
FLOPO:0981050	branch olive colour	filler_repointed	PATO:0104336	FLOPO:0988005	
FLOPO:0981052	stem dark red brown	filler_repointed	PATO:0001288	FLOPO:0988070	
FLOPO:0981064	sepal yellow brown	filler_repointed	PATO:0002411	FLOPO:0988018	
FLOPO:0981065	seed olive colour	filler_repointed	PATO:0104336	FLOPO:0988005	
FLOPO:0981066	seed chestnut colour	equivalence_to_subclass	PATO:0104329	PATO:0001287	
FLOPO:0981069	flower olive colour	filler_repointed	PATO:0104336	FLOPO:0988005	
FLOPO:0981070	flower lemon yellow	equivalence_to_subclass	PATO:0104321	FLOPO:0988004	
FLOPO:0981079	leaflet olive colour	filler_repointed	PATO:0104336	FLOPO:0988005	
FLOPO:0981090	sepal olive colour	filler_repointed	PATO:0104336	FLOPO:0988005	
FLOPO:0981092	bract light red brown	filler_repointed	PATO:0001289	FLOPO:0988068	
FLOPO:0989025	capitulum inflorescence yellow	filler_repointed	PATO:0000324	FLOPO:0988004	
FLOPO:0989043	trichome grey	filler_repointed	PATO:0000950	FLOPO:0988010	
FLOPO:0989054	capsule fruit red	filler_repointed	PATO:0000322	FLOPO:0988001	
FLOPO:0989058	nut fruit dark brown	filler_repointed	PATO:0001245	FLOPO:0988084	
FLOPO:0989070	leaf adaxial epidermis green	filler_repointed	PATO:0000320	FLOPO:0988006	
FLOPO:0989088	thorn white	filler_repointed	PATO:0000323	FLOPO:0988009	
FLOPO:0989098	legume fruit dark brown	filler_repointed	PATO:0001245	FLOPO:0988084	
FLOPO:0989104	nut fruit brown	filler_repointed	PATO:0000952	FLOPO:0988003	
FLOPO:0989105	drupe fruit red	filler_repointed	PATO:0000322	FLOPO:0988001	
FLOPO:0989121	leaf lamina abaxial epidermis light grey	filler_repointed	PATO:0001252	FLOPO:0988273	
FLOPO:0989123	leaf lamina adaxial epidermis green	filler_repointed	PATO:0000320	FLOPO:0988006	
FLOPO:0989128	glandular trichome white	filler_repointed	PATO:0000323	FLOPO:0988009	
FLOPO:0989131	seed trichome yellow	filler_repointed	PATO:0000324	FLOPO:0988004	
FLOPO:0989141	leaf abaxial epidermis grey	filler_repointed	PATO:0000950	FLOPO:0988010	
FLOPO:0989142	leaf abaxial epidermis light green	filler_repointed	PATO:0001250	FLOPO:0988166	
FLOPO:0989149	shoot system grey	filler_repointed	PATO:0000950	FLOPO:0988010	
FLOPO:0989154	flower dark grey	filler_repointed	PATO:0001251	FLOPO:0988275	
FLOPO:0989155	flower light purple	filler_repointed	PATO:0001260	FLOPO:0988235	
FLOPO:0989163	flower crimson	equivalence_to_subclass	PATO:0104314	FLOPO:0988001	
FLOPO:0989165	stem dark grey	filler_repointed	PATO:0001251	FLOPO:0988275	
FLOPO:0989187	leaf margin white	filler_repointed	PATO:0000323	FLOPO:0988009	
FLOPO:0989202	branch dark grey	filler_repointed	PATO:0001251	FLOPO:0988275	
FLOPO:0989203	branch light grey	filler_repointed	PATO:0001252	FLOPO:0988273	
FLOPO:0989213	strobilus white	filler_repointed	PATO:0000323	FLOPO:0988009	
FLOPO:0989214	strobilus brown	filler_repointed	PATO:0000952	FLOPO:0988003	
FLOPO:0989215	strobilus orange	filler_repointed	PATO:0000953	FLOPO:0988002	
FLOPO:0989220	thorn dark brown	filler_repointed	PATO:0001245	FLOPO:0988084	
FLOPO:0989229	staminate flower white	filler_repointed	PATO:0000323	FLOPO:0988009	
FLOPO:0989237	capsule fruit violet	filler_repointed	PATO:0001424	FLOPO:0988027	
FLOPO:0989239	legume fruit green	filler_repointed	PATO:0000320	FLOPO:0988006	
FLOPO:0989242	legume fruit grey	filler_repointed	PATO:0000950	FLOPO:0988010	
FLOPO:0989243	legume fruit purple	filler_repointed	PATO:0000951	FLOPO:0988008	
FLOPO:0989260	drupe fruit black	filler_repointed	PATO:0000317	FLOPO:0988011	
FLOPO:0989271	berry fruit black	filler_repointed	PATO:0000317	FLOPO:0988011	
FLOPO:0989272	berry fruit red	filler_repointed	PATO:0000322	FLOPO:0988001	
FLOPO:0989275	flower pedicel pink	filler_repointed	PATO:0000954	FLOPO:0988000	
FLOPO:0989277	raceme inflorescence red	filler_repointed	PATO:0000322	FLOPO:0988001	
FLOPO:0989280	spike inflorescence yellow	filler_repointed	PATO:0000324	FLOPO:0988004	
FLOPO:0989281	capitulum inflorescence white	filler_repointed	PATO:0000323	FLOPO:0988009	
FLOPO:0989283	capitulum inflorescence purple	filler_repointed	PATO:0000951	FLOPO:0988008	
FLOPO:0989285	capitulum inflorescence dark yellow	filler_repointed	PATO:0001263	FLOPO:0988112	
FLOPO:0980085	greenish	obsoleted		FLOPO:0988006	oboInOwl:consider
FLOPO:0980086	reddish	obsoleted		FLOPO:0988001	oboInOwl:consider
FLOPO:0980087	pale lilac	obsoleted		FLOPO:0988008	oboInOwl:consider
FLOPO:0980089	greyish	obsoleted		FLOPO:0988010	oboInOwl:consider
FLOPO:0980092	silvery	obsoleted		FLOPO:0988009	oboInOwl:consider
FLOPO:0980094	yellowish	obsoleted		FLOPO:0988004	oboInOwl:consider
FLOPO:0980097	pinkish	obsoleted		FLOPO:0988000	oboInOwl:consider
FLOPO:0980100	purplish	obsoleted		FLOPO:0988008	oboInOwl:consider
FLOPO:0980101	pale greenish	obsoleted		FLOPO:0988006	oboInOwl:consider
FLOPO:0980104	pure white	obsoleted		FLOPO:0988009	oboInOwl:consider
FLOPO:0980105	scarlet	obsoleted		FLOPO:0988001	oboInOwl:consider
FLOPO:0980106	crimson	obsoleted		FLOPO:0988001	oboInOwl:consider
FLOPO:0980109	bright scarlet	obsoleted		FLOPO:0988001	oboInOwl:consider
FLOPO:0980110	flushed with pink	obsoleted		FLOPO:0988000	oboInOwl:consider
FLOPO:0980111	deep lilac	obsoleted		FLOPO:0988008	oboInOwl:consider
FLOPO:0980112	bluish	obsoleted		FLOPO:0988007	oboInOwl:consider
FLOPO:0980116	deep crimson	obsoleted		FLOPO:0988001	oboInOwl:consider
FLOPO:0980117	pale cream	obsoleted		FLOPO:0988019	oboInOwl:consider
FLOPO:0980119	pale scarlet	obsoleted		FLOPO:0988001	oboInOwl:consider
FLOPO:0980127	blackish	obsoleted		FLOPO:0988011	oboInOwl:consider
FLOPO:0980128	deep magenta	obsoleted		FLOPO:0988001	oboInOwl:consider
FLOPO:0980130	brownish	obsoleted		FLOPO:0988003	oboInOwl:consider
FLOPO:0980132	pale pinkish	obsoleted		FLOPO:0988000	oboInOwl:consider
FLOPO:0980153	light scarlet	obsoleted		FLOPO:0988001	oboInOwl:consider
FLOPO:0980154	mahogany-red	obsoleted		PATO:0001287	oboInOwl:consider
FLOPO:0980159	lemon-yellow	obsoleted		FLOPO:0988004	oboInOwl:consider
FLOPO:0980167	apricot-yellow	obsoleted		FLOPO:0988004	oboInOwl:consider
FLOPO:0980174	golden	obsoleted		FLOPO:0988004	oboInOwl:consider
FLOPO:0980185	golden-yellow	obsoleted		FLOPO:0988004	oboInOwl:consider
FLOPO:0980189	slightly blue-green	obsoleted		PATO:0104020	oboInOwl:consider
FLOPO:0980201	pale yellowish	obsoleted		FLOPO:0988004	oboInOwl:consider
FLOPO:0980202	very red	obsoleted		FLOPO:0988013	oboInOwl:consider
FLOPO:0980204	brilliant deep blue	obsoleted		PATO:0104064	oboInOwl:consider
FLOPO:0980211	bright dark green	obsoleted		PATO:0001249	oboInOwl:consider
FLOPO:0980213	reddish line	obsoleted		FLOPO:0988001	oboInOwl:consider
FLOPO:0980215	lilac flushed	obsoleted		FLOPO:0988008	oboInOwl:consider
FLOPO:0980217	pink (occasionally flushed)	obsoleted		FLOPO:0988000	oboInOwl:consider
FLOPO:0980227	deep glowing orange	obsoleted		FLOPO:0988016	oboInOwl:consider
FLOPO:0980228	deep maroon-purple	obsoleted		FLOPO:0988008	oboInOwl:consider
FLOPO:0980233	brilliant deep red	obsoleted		PATO:0104189	oboInOwl:consider
FLOPO:0980237	fading white	obsoleted		FLOPO:0988009	oboInOwl:consider
FLOPO:0980239	very deep purplish-black	obsoleted		PATO:0104157	oboInOwl:consider
FLOPO:0980244	green-backed	obsoleted		FLOPO:0988006	oboInOwl:consider
FLOPO:0980248	pale creamy	obsoleted		FLOPO:0988019	oboInOwl:consider
FLOPO:0980251	pale greygreen with red streaks and freckles	obsoleted		FLOPO:0988001	oboInOwl:consider
FLOPO:0980255	bright rich blue	obsoleted		FLOPO:0988025	oboInOwl:consider
FLOPO:0980256	sky-blue	obsoleted		FLOPO:0988025	oboInOwl:consider
FLOPO:0980257	sky blue	obsoleted		FLOPO:0988025	oboInOwl:consider
FLOPO:0980261	sandy-yellow	obsoleted		FLOPO:0988004	oboInOwl:consider
FLOPO:0980262	chestnut-brown	obsoleted		PATO:0001287	oboInOwl:consider
FLOPO:0980264	dark-green	obsoleted		PATO:0001249	IAO:0100001
FLOPO:0980267	pink-flushed	obsoleted		FLOPO:0988000	oboInOwl:consider
FLOPO:0980274	greenish yellow inside	obsoleted		PATO:0104013	oboInOwl:consider
FLOPO:0980275	pink streaked	obsoleted		FLOPO:0988000	oboInOwl:consider
FLOPO:0980276	streaked with pink behind	obsoleted		FLOPO:0988000	oboInOwl:consider
FLOPO:0980285	chestnut-red	obsoleted		FLOPO:0988001	oboInOwl:consider
FLOPO:0980291	flushed with purple	obsoleted		FLOPO:0988008	oboInOwl:consider
FLOPO:0980296	scarlet-flushed	obsoleted		FLOPO:0988001	oboInOwl:consider
FLOPO:0980299	pale brownish	obsoleted		FLOPO:0988003	oboInOwl:consider
FLOPO:0980320	silver-grey	obsoleted		FLOPO:0988010	oboInOwl:consider
FLOPO:0980323	dark crimson-red	obsoleted		FLOPO:0988001	oboInOwl:consider
FLOPO:0980335	greenish-gold	obsoleted		FLOPO:0988004	oboInOwl:consider
FLOPO:0980352	very pale pink	obsoleted		FLOPO:0988012	oboInOwl:consider
FLOPO:0980359	pale salmon-pink	obsoleted		FLOPO:0988000	oboInOwl:consider
FLOPO:0980363	bright sky-blue	obsoleted		FLOPO:0988025	oboInOwl:consider
FLOPO:0980364	dark purplish	obsoleted		FLOPO:0988008	oboInOwl:consider
FLOPO:0980372	pale greenish-white	obsoleted		PATO:0104067	oboInOwl:consider
FLOPO:0980374	pale reddish	obsoleted		FLOPO:0988001	oboInOwl:consider
FLOPO:0980375	greyish heart-shaped	obsoleted		FLOPO:0988010	oboInOwl:consider
FLOPO:0980376	bright deep blue	obsoleted		PATO:0104064	oboInOwl:consider
FLOPO:0980382	pale grey	obsoleted		FLOPO:0988010	oboInOwl:consider
FLOPO:0980398	brilliant deep pink	obsoleted		FLOPO:0988032	oboInOwl:consider
FLOPO:0980402	orange ripe	obsoleted		FLOPO:0988002	oboInOwl:consider
FLOPO:0980403	bright lilac	obsoleted		FLOPO:0988008	oboInOwl:consider
FLOPO:0980405	pale pinkish white	obsoleted		PATO:0104059	oboInOwl:consider
FLOPO:0980406	crimson tipped	obsoleted		FLOPO:0988001	oboInOwl:consider
FLOPO:0980409	bright reddish purple	obsoleted		PATO:0104079	oboInOwl:consider
FLOPO:0980416	reddish orange	obsoleted		FLOPO:0988015	IAO:0100001
FLOPO:0980586	cream sensu RHS Colour Chart fifth edition	obsoleted		FLOPO:0988019	oboInOwl:consider
FLOPO:0980587	cream sensu Saccardo (1891)	obsoleted		FLOPO:0988019	oboInOwl:consider
FLOPO:0980588	crimson sensu Wilson Horticultural Colour Chart (1938/1940)	obsoleted		FLOPO:0988038	oboInOwl:consider
FLOPO:0980589	crimson sensu Textile Color Card Association of the USA	obsoleted		PATO:0104087	oboInOwl:consider
FLOPO:0980590	scarlet sensu Saccardo (1891)	obsoleted		FLOPO:0988001	oboInOwl:consider
FLOPO:0980591	scarlet sensu Ridgway (1912)	obsoleted		FLOPO:0988061	oboInOwl:consider
FLOPO:0980592	scarlet sensu Wilson Horticultural Colour Chart (1938/1940)	obsoleted		FLOPO:0988038	oboInOwl:consider
FLOPO:0980593	lemon yellow sensu Saccardo (1891)	obsoleted		FLOPO:0988004	oboInOwl:consider
FLOPO:0980594	lemon yellow sensu Ridgway (1912)	obsoleted		PATO:0104013	oboInOwl:consider
FLOPO:0980595	mahogany red sensu Ridgway (1912)	obsoleted		FLOPO:0988069	oboInOwl:consider
FLOPO:0980596	salmon colour sensu Saccardo (1891)	obsoleted		FLOPO:0988000	oboInOwl:consider
FLOPO:0980597	salmon colour sensu Ridgway (1912)	obsoleted		FLOPO:0988000	oboInOwl:consider
FLOPO:0980598	chestnut colour sensu Saccardo (1891)	obsoleted		PATO:0001287	oboInOwl:consider
FLOPO:0980599	chestnut sensu Ridgway (1912)	obsoleted		FLOPO:0988069	oboInOwl:consider
FLOPO:0980600	chestnut-brown sensu Ridgway (1912)	obsoleted		PATO:0001287	oboInOwl:consider
FLOPO:0980601	chocolate brown sensu Saccardo (1891)	obsoleted		FLOPO:0988072	oboInOwl:consider
FLOPO:0980602	chocolate sensu Ridgway (1912)	obsoleted		FLOPO:0988072	oboInOwl:consider
FLOPO:0980603	olive-green sensu Saccardo (1891)	obsoleted		FLOPO:0988005	oboInOwl:consider
FLOPO:0980604	olive sensu Ridgway (1912)	obsoleted		FLOPO:0988021	oboInOwl:consider
FLOPO:0980605	olive-green sensu Ridgway (1912)	obsoleted		FLOPO:0988130	oboInOwl:consider
FLOPO:0980606	rose colour sensu Saccardo (1891)	obsoleted		FLOPO:0988000	oboInOwl:consider
FLOPO:0980607	rose color sensu Ridgway (1912)	obsoleted		FLOPO:0988000	oboInOwl:consider
FLOPO:0980608	rose pink sensu Ridgway (1912)	obsoleted		FLOPO:0988261	oboInOwl:consider
FLOPO:0980609	straw colour sensu Saccardo (1891)	obsoleted		FLOPO:0988019	oboInOwl:consider
FLOPO:0980610	straw yellow sensu Ridgway (1912)	obsoleted		FLOPO:0988110	oboInOwl:consider
