signature	po_id	po_label	pato_id	pato_label	label	definition	parent	pair_status	pair_source	assertions	accepted_assertions	taxa	pages	example_1	example_2	decision	reason
EQ|PO_0030091|PATO_0000467	PO_0030091	capsule fruit	PATO_0000467	present	capsule fruit present	A flora phenotype in which a(n) capsule fruit exhibits the quality present.	PHENO|PO_0030091	allowed	curator_review_2026-09-18	57	57	57	15|29|39|40|48|49|69|70|84|94|96|97|101|102|103|104|105|107|109|111|112|148|149|150|176|177|178|181|185|199|205|206|212|213|216|220|221|228|230|239|243|244|245|246|253|254|258|267|268|279|281|285|286|287|288|303|304	Avicennia marina (p15): fruit a small capsule	Commiphora gileadensis (L.) C.Chr. (p29): a subglobose capsule	accept	Curator decision D1 (Robert Hoehndorf, 2026-09-18): mint FLOPO EQ phenotype classes for the NCVC Saudi guide's PO x PATO candidates through the reviewed-combination path.
EQ|PO_0030100|PATO_0000467	PO_0030100	legume fruit	PATO_0000467	present	legume fruit present	A flora phenotype in which a(n) legume fruit exhibits the quality present.	PHENO|PO_0030100	allowed	curator_review_2026-09-18	37	36	37	52|53|54|55|57|60|64|65|66|67|179|186|187|188|189|190|191|192|193|194|195|196|197|198|222|289|290|291|292|293|294|295|296|297|298|299|300	Prosopis cineraria (L.) Druce (p52): fruit a pod	Prosopis koelziana Burkart (p53): fruit a pod	accept	Curator decision D1 (Robert Hoehndorf, 2026-09-18): mint FLOPO EQ phenotype classes for the NCVC Saudi guide's PO x PATO candidates through the reviewed-combination path.
EQ|PO_0030115|PATO_0000467	PO_0030115	raceme inflorescence	PATO_0000467	present	raceme inflorescence present	A flora phenotype in which a(n) raceme inflorescence exhibits the quality present.	FLOPO_0980958	allowed	curator_review_2026-09-18	37	36	37	16|23|24|26|35|36|48|50|56|70|101|105|116|117|143|146|147|150|154|155|165|192|195|197|198|206|216|228|246|247|248|280|291|292|293|299|300	Pistacia falcata Becc. (p16): inflorescences racemose	Tarchonanthus camphoratus L. (p23): racemose	accept	Curator decision D1 (Robert Hoehndorf, 2026-09-18): mint FLOPO EQ phenotype classes for the NCVC Saudi guide's PO x PATO candidates through the reviewed-combination path.
EQ|PO_0000003|PATO_0001731	PO_0000003	whole plant	PATO_0001731	deciduous (plant)	whole plant deciduous (plant)	A flora phenotype in which a(n) whole plant exhibits the quality deciduous (plant).	FLOPO_0000089	allowed	curator_review_2026-09-18	29	25	29	16|17|20|23|27|28|30|31|32|34|35|50|62|69|73|75|77|88|89|92|93|96|103|107|132|137|172|210|231	Pistacia falcata Becc. (p16): deciduous tree	Pistacia khinjuk Stocks (p17): deciduous	accept	Curator decision D1 (Robert Hoehndorf, 2026-09-18): mint FLOPO EQ phenotype classes for the NCVC Saudi guide's PO x PATO candidates through the reviewed-combination path.
EQ|PO_0025034|PATO_0104032	PO_0025034	leaf	PATO_0104032	coriaceous	leaf coriaceous	A flora phenotype in which a(n) leaf exhibits the quality coriaceous.	FLOPO_0000004	allowed	curator_review_2026-09-18	23	23	23	26|39|45|46|72|78|79|84|91|94|98|136|143|145|165|178|218|221|234|236|238|309|315	Cordia sinensis Lam. (p26): leathery in texture	Gymnosporia arbutifolia (Hochst. ex A.Rich.) Loes. (p39): leathery in texture	accept	Curator decision D1 (Robert Hoehndorf, 2026-09-18): mint FLOPO EQ phenotype classes for the NCVC Saudi guide's PO x PATO candidates through the reviewed-combination path.
EQ|PO_0030100|PATO_0000122	PO_0030100	legume fruit	PATO_0000122	length	legume fruit length	A flora phenotype in which a(n) legume fruit exhibits the quality length.	PHENO|PO_0030100	allowed	curator_review_2026-09-18	21	20	21	50|52|53|54|55|56|57|58|59|60|61|63|66|191|289|291|293|294|296|297|298	Delonix elata (L.) Gamble (p50): dimensions (16 cm and 2 cm)	Prosopis cineraria (L.) Druce (p52): 30 cm long	accept	Curator decision D1 (Robert Hoehndorf, 2026-09-18): mint FLOPO EQ phenotype classes for the NCVC Saudi guide's PO x PATO candidates through the reviewed-combination path.
EQ|PO_0030103|PATO_0000467	PO_0030103	drupe fruit	PATO_0000467	present	drupe fruit present	A flora phenotype in which a(n) drupe fruit exhibits the quality present.	PHENO|PO_0030103	allowed	curator_review_2026-09-18	20	20	20	18|32|88|90|93|95|132|136|204|208|210|219|231|232|233|237|251|307|314|315	Searsia retinorrhoea (Steud. ex Oliv.) Moffett (p18): fruit a drupe	Commiphora myrrha (Nees) Engl. (p32): fruits drupes	accept	Curator decision D1 (Robert Hoehndorf, 2026-09-18): mint FLOPO EQ phenotype classes for the NCVC Saudi guide's PO x PATO candidates through the reviewed-combination path.
EQ|PO_0025034|PATO_0001436	PO_0025034	leaf	PATO_0001436	sessile (sensu botany)	leaf sessile (sensu botany)	A flora phenotype in which a(n) leaf exhibits the quality sessile (sensu botany).	FLOPO_0000004	allowed	curator_review_2026-09-18	18	17	18	48|104|105|141|154|157|158|161|181|185|201|219|229|239|269|286|288|306	Euphorbia ammak Schweinf. (p48): leaves sessile	Tamarix aphylla (L.) H.Karst. (p104): leaves sessile	accept	Curator decision D1 (Robert Hoehndorf, 2026-09-18): mint FLOPO EQ phenotype classes for the NCVC Saudi guide's PO x PATO candidates through the reviewed-combination path.
EQ|PO_0000003|PATO_0104019	PO_0000003	whole plant	PATO_0104019	succulent	whole plant succulent	A flora phenotype in which a(n) whole plant exhibits the quality succulent.	FLOPO_0000089	allowed	curator_review_2026-09-18	16	16	16	48|114|119|127|130|149|150|158|185|254|268|273|285|286|287|288	Euphorbia ammak Schweinf. (p48): succulent	Agathophora alopecuroides (Delile) Fenzl ex Bunge (p114): succulent	accept	Curator decision D1 (Robert Hoehndorf, 2026-09-18): mint FLOPO EQ phenotype classes for the NCVC Saudi guide's PO x PATO candidates through the reviewed-combination path.
EQ|PO_0030100|PATO_0000921	PO_0030100	legume fruit	PATO_0000921	width	legume fruit width	A flora phenotype in which a(n) legume fruit exhibits the quality width.	PHENO|PO_0030100	allowed	curator_review_2026-09-18	15	15	15	50|53|54|55|56|57|58|59|61|63|66|191|289|291|293	Delonix elata (L.) Gamble (p50): dimensions (16 cm and 2 cm)	Prosopis koelziana Burkart (p53): 1 cm wide	accept	Curator decision D1 (Robert Hoehndorf, 2026-09-18): mint FLOPO EQ phenotype classes for the NCVC Saudi guide's PO x PATO candidates through the reviewed-combination path.
EQ|PO_0030107|PATO_0000467	PO_0030107	achene fruit	PATO_0000467	present	achene fruit present	A flora phenotype in which a(n) achene fruit exhibits the quality present.	FLOPO_0980916	allowed	curator_review_2026-09-18	15	15	15	23|152|153|154|155|156|157|158|159|161|162|269|270|272|273	Tarchonanthus camphoratus L. (p23): fruit an achene	Anvillea garcinii (Burm.f.) DC. (p152): fruit an achene	accept	Curator decision D1 (Robert Hoehndorf, 2026-09-18): mint FLOPO EQ phenotype classes for the NCVC Saudi guide's PO x PATO candidates through the reviewed-combination path.
EQ|PO_0030108|PATO_0000467	PO_0030108	berry fruit	PATO_0000467	present	berry fruit present	A flora phenotype in which a(n) berry fruit exhibits the quality present.	PHENO|PO_0030108	allowed	curator_review_2026-09-18	13	13	13	38|85|99|146|147|171|218|227|249|278|308|316|317	Maerua crassifolia Forssk. (p38): fruit a berry	Maesa lanceolata Forssk. (p85): the fruit a berry	accept	Curator decision D1 (Robert Hoehndorf, 2026-09-18): mint FLOPO EQ phenotype classes for the NCVC Saudi guide's PO x PATO candidates through the reviewed-combination path.
EQ|PO_0030121|PATO_0001499	PO_0030121	capitulum inflorescence	PATO_0001499	spherical	capitulum inflorescence spherical	A flora phenotype in which a(n) capitulum inflorescence exhibits the quality spherical.	FLOPO_0980970	allowed	curator_review_2026-09-18	13	13	13	59|60|61|62|63|64|65|154|163|269|270|272|273	Vachellia flava (Forssk.) Kyal. & Boatwr. (p59): flowers globose	Vachellia gerrardii var. najdensis (Chaudhary) Ragup., Seigler, Ebinger & Maslin (p60): globose inflorescences	accept	Curator decision D1 (Robert Hoehndorf, 2026-09-18): mint FLOPO EQ phenotype classes for the NCVC Saudi guide's PO x PATO candidates through the reviewed-combination path.
EQ|PO_0020043|PATO_0000410	PO_0020043	compound leaf	PATO_0000410	pinnate	compound leaf pinnate	A flora phenotype in which a(n) compound leaf exhibits the quality pinnate.	PHENO|PO_0020043	allowed	curator_review_2026-09-18	12	12	12	54|60|61|67|70|189|193|202|263|294|308|314	Senegalia asak (Forssk.) Kyal. & Boatwr. (p54): leaves pinnately compound	Vachellia gerrardii var. najdensis (Chaudhary) Ragup., Seigler, Ebinger & Maslin (p60): leaves pinnately compound	accept	Curator decision D1 (Robert Hoehndorf, 2026-09-18): mint FLOPO EQ phenotype classes for the NCVC Saudi guide's PO x PATO candidates through the reviewed-combination path.
EQ|PO_0030105|PATO_0000467	PO_0030105	follicle fruit	PATO_0000467	present	follicle fruit present	A flora phenotype in which a(n) follicle fruit exhibits the quality present.	PHENO|PO_0030105	allowed	curator_review_2026-09-18	12	12	12	137|138|139|140|141|142|143|144|145|264|265|266	Adenium obesum (Forssk.) Roem. & Schult. (p137): The fruit is a follicle	Gomphocarpus fruticosus (L.) W.T.Aiton (p138): The fruit is a follicle	accept	Curator decision D1 (Robert Hoehndorf, 2026-09-18): mint FLOPO EQ phenotype classes for the NCVC Saudi guide's PO x PATO candidates through the reviewed-combination path.
EQ|PO_0025034|PATO_0104019	PO_0025034	leaf	PATO_0104019	succulent	leaf succulent	A flora phenotype in which a(n) leaf exhibits the quality succulent.	FLOPO_0000004	allowed	curator_review_2026-09-18	11	11	11	114|126|127|128|131|247|248|250|310|313|316	Agathophora alopecuroides (Delile) Fenzl ex Bunge (p114): succulent	Soda rosmarinus (Bunge ex Boiss.) (p126): succulent	accept	Curator decision D1 (Robert Hoehndorf, 2026-09-18): mint FLOPO EQ phenotype classes for the NCVC Saudi guide's PO x PATO candidates through the reviewed-combination path.
EQ|PO_0025034|PATO_0001730	PO_0025034	leaf	PATO_0001730	deciduous (generic)	leaf deciduous (generic)	A flora phenotype in which a(n) leaf exhibits the quality deciduous (generic).	FLOPO_0000004	allowed	curator_review_2026-09-18	10	10	10	131|133|134|144|158|223|224|225|286|288	Traganum nudatum Delile (p131): deciduous on the young twigs	Deverra tortuosa (Desf.) DC. (p133): the leaves are deciduous	accept	Curator decision D1 (Robert Hoehndorf, 2026-09-18): mint FLOPO EQ phenotype classes for the NCVC Saudi guide's PO x PATO candidates through the reviewed-combination path.
EQ|PO_0030102|PATO_0000467	PO_0030102	nut fruit	PATO_0000467	present	nut fruit present	A flora phenotype in which a(n) nut fruit exhibits the quality present.	FLOPO_0980908	allowed	curator_review_2026-09-18	9	9	9	122|200|201|202|203|274|283|305|306	Cornulaca monacantha Delile (p122): the fruit is a nut	Lavandula atriplicifolia Benth. (p200): fruit a nutlet	accept	Curator decision D1 (Robert Hoehndorf, 2026-09-18): mint FLOPO EQ phenotype classes for the NCVC Saudi guide's PO x PATO candidates through the reviewed-combination path.
EQ|PO_0025073|PATO_0001365	PO_0025073	branch	PATO_0001365	spiny	branch spiny	A flora phenotype in which a(n) branch exhibits the quality spiny.	FLOPO_0000100	allowed	curator_review_2026-09-18	8	8	8	67|132|169|171|178|229|235|240	Vachellia tortilis subsp. tortilis (p67): bear thorns	Searsia tripartita (Ucria) Moffett (p132): and spiny	accept	Curator decision D1 (Robert Hoehndorf, 2026-09-18): mint FLOPO EQ phenotype classes for the NCVC Saudi guide's PO x PATO candidates through the reviewed-combination path.
EQ|PO_0030117|PATO_0000467	PO_0030117	spike inflorescence	PATO_0000467	present	spike inflorescence present	A flora phenotype in which a(n) spike inflorescence exhibits the quality present.	FLOPO_0980963	allowed	curator_review_2026-09-18	8	7	8	41|51|53|98|113|200|221|233	Combretum mole R.Br. ex G.Don (p41): in spikes	Faidherbia albida (Delile) A.Chev. (p51): in spikes	accept	Curator decision D1 (Robert Hoehndorf, 2026-09-18): mint FLOPO EQ phenotype classes for the NCVC Saudi guide's PO x PATO candidates through the reviewed-combination path.
EQ|PO_0009046|PATO_0104031	PO_0009046	flower	PATO_0104031	cream	flower cream	A flora phenotype in which a(n) flower exhibits the quality cream.	FLOPO_0000122	allowed	curator_review_2026-09-18	7	7	7	91|102|103|176|220|238|306	Rhizophora mucronata Poir. (p91): flowers creamy white	Nuxia congesta R.Br. ex Fresen. (p102): creamy white	accept	Curator decision D1 (Robert Hoehndorf, 2026-09-18): mint FLOPO EQ phenotype classes for the NCVC Saudi guide's PO x PATO candidates through the reviewed-combination path.
EQ|PO_0030100|PATO_0000407	PO_0030100	legume fruit	PATO_0000407	flat	legume fruit flat	A flora phenotype in which a(n) legume fruit exhibits the quality flat.	PHENO|PO_0030100	allowed	curator_review_2026-09-18	7	6	7	50|53|57|61|190|191|193	Delonix elata (L.) Gamble (p50): flat	Prosopis koelziana Burkart (p53): flat	accept	Curator decision D1 (Robert Hoehndorf, 2026-09-18): mint FLOPO EQ phenotype classes for the NCVC Saudi guide's PO x PATO candidates through the reviewed-combination path.
EQ|PO_0000003|PATO_0002348	PO_0000003	whole plant	PATO_0002348	ligneous	whole plant ligneous	A flora phenotype in which a(n) whole plant exhibits the quality ligneous.	FLOPO_0000089	allowed	curator_review_2026-09-18	6	6	6	139|179|192|217|249|317	Gomphocarpus sinaicus Boiss. (p139): woody shrub	Cleome droserifolia (Forssk.) Delile (p179): woody (lignified)	accept	Curator decision D1 (Robert Hoehndorf, 2026-09-18): mint FLOPO EQ phenotype classes for the NCVC Saudi guide's PO x PATO candidates through the reviewed-combination path.
EQ|PO_0008039|PATO_0002348	PO_0008039	stem base	PATO_0002348	ligneous	stem base ligneous	A flora phenotype in which a(n) stem base exhibits the quality ligneous.	FLOPO_0005913	allowed	curator_review_2026-09-18	6	6	6	129|155|239|244|252|279	Suaeda monoica Forssk. ex J.F.Gmel. (p129): woody at the base	Artemisia sieberi Besser (p155): with a woody base	accept	Curator decision D1 (Robert Hoehndorf, 2026-09-18): mint FLOPO EQ phenotype classes for the NCVC Saudi guide's PO x PATO candidates through the reviewed-combination path.
EQ|PO_0025174|PATO_0000122	PO_0025174	spine stipule	PATO_0000122	length	spine stipule length	A flora phenotype in which a(n) spine stipule exhibits the quality length.	PHENO|PO_0025174	allowed	curator_review_2026-09-18	6	6	6	51|58|60|61|63|89	Faidherbia albida (Delile) A.Chev. (p51): 3.5 cm long	Vachellia etbaica (Schweinf.) Kyal. & Boatwr. (p58): 5 mm long; spines may reach 3 cm	accept	Curator decision D1 (Robert Hoehndorf, 2026-09-18): mint FLOPO EQ phenotype classes for the NCVC Saudi guide's PO x PATO candidates through the reviewed-combination path.
EQ|PO_0030121|PATO_0000324	PO_0030121	capitulum inflorescence	PATO_0000324	yellow	capitulum inflorescence yellow	A flora phenotype in which a(n) capitulum inflorescence exhibits the quality yellow.	FLOPO_0980970	allowed	curator_review_2026-09-18	6	6	6	64|152|157|162|163|271	Vachellia seyal var. fistula (p64): shiny yellow	Anvillea garcinii (Burm.f.) DC. (p152): golden-yellow in colour	accept	Curator decision D1 (Robert Hoehndorf, 2026-09-18): mint FLOPO EQ phenotype classes for the NCVC Saudi guide's PO x PATO candidates through the reviewed-combination path.
EQ|PO_0009046|PATO_0001286	PO_0009046	flower	PATO_0001286	desaturated yellow	flower desaturated yellow	A flora phenotype in which a(n) flower exhibits the quality desaturated yellow.	FLOPO_0000122	allowed	curator_review_2026-09-18	5	5	5	66|76|150|230|252	Vachellia tortilis subsp. raddiana (Savi) Kyal. & Boatwr. (p66): pale yellow	Ficus vasta Forssk. (p76): flowers pale yellow	accept	Curator decision D1 (Robert Hoehndorf, 2026-09-18): mint FLOPO EQ phenotype classes for the NCVC Saudi guide's PO x PATO candidates through the reviewed-combination path.
EQ|PO_0020043|PATO_0000467	PO_0020043	compound leaf	PATO_0000467	present	compound leaf present	A flora phenotype in which a(n) compound leaf exhibits the quality present.	PHENO|PO_0020043	allowed	curator_review_2026-09-18	5	5	5	32|62|191|242|294	Commiphora myrrha (Nees) Engl. (p32): leaves compound	Vachellia nilotica subsp. indica (Benth.) Kyal. & Boatwr. (p62): compound	accept	Curator decision D1 (Robert Hoehndorf, 2026-09-18): mint FLOPO EQ phenotype classes for the NCVC Saudi guide's PO x PATO candidates through the reviewed-combination path.
EQ|PO_0020128|PATO_0001205	PO_0020128	leaf margin	PATO_0001205	dentated	leaf margin dentated	A flora phenotype in which a(n) leaf margin exhibits the quality dentated.	FLOPO_0003919	allowed	curator_review_2026-09-18	5	5	5	23|88|107|156|212	Tarchonanthus camphoratus L. (p23): finely toothed margins	Ziziphus mucronata Willd. (p88): toothed margins	accept	Curator decision D1 (Robert Hoehndorf, 2026-09-18): mint FLOPO EQ phenotype classes for the NCVC Saudi guide's PO x PATO candidates through the reviewed-combination path.
EQ|PO_0030113|PATO_0000122	PO_0030113	flower pedicel	PATO_0000122	length	flower pedicel length	A flora phenotype in which a(n) flower pedicel exhibits the quality length.	PHENO|PO_0030113	allowed	curator_review_2026-09-18	5	5	4	30|47|56|220	Commiphora kataf (Forssk.) Engl. (p30): pedicel 2–4 mm long	Erica arborea L. (p47): 2.25 mm long	accept	Curator decision D1 (Robert Hoehndorf, 2026-09-18): mint FLOPO EQ phenotype classes for the NCVC Saudi guide's PO x PATO candidates through the reviewed-combination path.
EQ|PO_0030126|PATO_0000467	PO_0030126	cyme inflorescence	PATO_0000467	present	cyme inflorescence present	A flora phenotype in which a(n) cyme inflorescence exhibits the quality present.	PHENO|PO_0030126	allowed	curator_review_2026-09-18	5	5	5	39|87|141|305|306	Gymnosporia arbutifolia (Hochst. ex A.Rich.) Loes. (p39): inflorescences cymose	Ziziphus glabrata (B.Heyne ex Schult.) B.Heyne ex Wight & Arn. (p87): determinate	accept	Curator decision D1 (Robert Hoehndorf, 2026-09-18): mint FLOPO EQ phenotype classes for the NCVC Saudi guide's PO x PATO candidates through the reviewed-combination path.
EQ|PO_0009047|PATO_0002348	PO_0009047	stem	PATO_0002348	ligneous	stem ligneous	A flora phenotype in which a(n) stem exhibits the quality ligneous.	FLOPO_0000001	allowed	curator_review_2026-09-18	4	3	4	80|116|282|294	Commicarpus grandiflorus (A.Rich.) Standl. (p80): woody stem	Atriplex farinosa Forssk. (p116): The stem is woody	accept	Curator decision D1 (Robert Hoehndorf, 2026-09-18): mint FLOPO EQ phenotype classes for the NCVC Saudi guide's PO x PATO candidates through the reviewed-combination path.
EQ|PO_0030091|PATO_0000921	PO_0030091	capsule fruit	PATO_0000921	width	capsule fruit width	A flora phenotype in which a(n) capsule fruit exhibits the quality width.	PHENO|PO_0030091	allowed	curator_review_2026-09-18	4	4	4	84|199|212|213	Pittosporum viridiflorum Sims (p84): 8 mm wide	Hypericum revolutum Vahl (p199): capsule 12 × 10 mm	accept	Curator decision D1 (Robert Hoehndorf, 2026-09-18): mint FLOPO EQ phenotype classes for the NCVC Saudi guide's PO x PATO candidates through the reviewed-combination path.
EQ|PO_0030091|PATO_0001499	PO_0030091	capsule fruit	PATO_0001499	spherical	capsule fruit spherical	A flora phenotype in which a(n) capsule fruit exhibits the quality spherical.	PHENO|PO_0030091	allowed	curator_review_2026-09-18	4	4	4	69|70|205|212	Dombeya torrida (J.F.Gmel.) Bamps (p69): globose	Trichilia emetica Vahl (p70): globose	accept	Curator decision D1 (Robert Hoehndorf, 2026-09-18): mint FLOPO EQ phenotype classes for the NCVC Saudi guide's PO x PATO candidates through the reviewed-combination path.
EQ|PO_0030100|PATO_0000406	PO_0030100	legume fruit	PATO_0000406	curved	legume fruit curved	A flora phenotype in which a(n) legume fruit exhibits the quality curved.	PHENO|PO_0030100	allowed	curator_review_2026-09-18	4	4	4	57|64|65|191	Tamarindus indica L. (p57): curved (hooked)	Vachellia seyal var. fistula (p64): slightly curved	accept	Curator decision D1 (Robert Hoehndorf, 2026-09-18): mint FLOPO EQ phenotype classes for the NCVC Saudi guide's PO x PATO candidates through the reviewed-combination path.
EQ|PO_0030102|PATO_0000122	PO_0030102	nut fruit	PATO_0000122	length	nut fruit length	A flora phenotype in which a(n) nut fruit exhibits the quality length.	FLOPO_0980908	allowed	curator_review_2026-09-18	4	4	4	200|201|202|274	Lavandula atriplicifolia Benth. (p200): 2 mm long	Lavandula dentata L. (p201): 1.5 mm long	accept	Curator decision D1 (Robert Hoehndorf, 2026-09-18): mint FLOPO EQ phenotype classes for the NCVC Saudi guide's PO x PATO candidates through the reviewed-combination path.
EQ|PO_0030102|PATO_0000921	PO_0030102	nut fruit	PATO_0000921	width	nut fruit width	A flora phenotype in which a(n) nut fruit exhibits the quality width.	FLOPO_0980908	allowed	curator_review_2026-09-18	4	4	4	200|201|202|274	Lavandula atriplicifolia Benth. (p200): 1 mm wide	Lavandula dentata L. (p201): 1 mm wide	accept	Curator decision D1 (Robert Hoehndorf, 2026-09-18): mint FLOPO EQ phenotype classes for the NCVC Saudi guide's PO x PATO candidates through the reviewed-combination path.
EQ|PO_0030117|PATO_0002476	PO_0030117	spike inflorescence	PATO_0002476	terminal	spike inflorescence terminal	A flora phenotype in which a(n) spike inflorescence exhibits the quality terminal.	FLOPO_0980963	allowed	curator_review_2026-09-18	4	4	4	110|111|119|200	Ecbolium gymnostachyum (Nees) Milne-Redh. (p110): terminal, spicate, long	Ecbolium viride (Forssk.) Alston (p111): flowers in terminal spikes	accept	Curator decision D1 (Robert Hoehndorf, 2026-09-18): mint FLOPO EQ phenotype classes for the NCVC Saudi guide's PO x PATO candidates through the reviewed-combination path.
EQ|PO_0030121|PATO_0001334	PO_0030121	capitulum inflorescence	PATO_0001334	diameter	capitulum inflorescence diameter	A flora phenotype in which a(n) capitulum inflorescence exhibits the quality diameter.	FLOPO_0980970	allowed	curator_review_2026-09-18	4	4	4	60|63|64|65	Vachellia gerrardii var. najdensis (Chaudhary) Ragup., Seigler, Ebinger & Maslin (p60): up to 1 cm in diameter	Vachellia origena (Hunde) Kyal. & Boatwr. (p63): 1 cm in diameter	accept	Curator decision D1 (Robert Hoehndorf, 2026-09-18): mint FLOPO EQ phenotype classes for the NCVC Saudi guide's PO x PATO candidates through the reviewed-combination path.
EQ|PO_0030121|PATO_0002476	PO_0030121	capitulum inflorescence	PATO_0002476	terminal	capitulum inflorescence terminal	A flora phenotype in which a(n) capitulum inflorescence exhibits the quality terminal.	FLOPO_0980970	allowed	curator_review_2026-09-18	4	4	4	156|158|269|272	Baccharoides schimperi (DC.) Isawumi, El-Ghazaly & B.Nord. (p156): inflorescences terminal	Kleinia odora (Forssk.) DC. (p158): flowers terminal in ... heads	accept	Curator decision D1 (Robert Hoehndorf, 2026-09-18): mint FLOPO EQ phenotype classes for the NCVC Saudi guide's PO x PATO candidates through the reviewed-combination path.
EQ|PO_0030129|PATO_0000467	PO_0030129	umbel inflorescence	PATO_0000467	present	umbel inflorescence present	A flora phenotype in which a(n) umbel inflorescence exhibits the quality present.	PHENO|PO_0030129	allowed	curator_review_2026-09-18	4	4	4	80|145|260|266	Commicarpus grandiflorus (A.Rich.) Standl. (p80): flowers in umbellate inflorescences	Solenostemma oleifolium (Nectoux) Bullock & E.A.Bruce ex Maire (p145): umbellate	accept	Curator decision D1 (Robert Hoehndorf, 2026-09-18): mint FLOPO EQ phenotype classes for the NCVC Saudi guide's PO x PATO candidates through the reviewed-combination path.
EQ|FLOPO_0980431|PATO_0000467	FLOPO_0980431	plant latex	PATO_0000467	present	plant latex present	A flora phenotype in which a(n) plant latex exhibits the quality present.	FLOPO_0900048	allowed	curator_review_2026-09-18	3	3	3	71|73|76	Ficus glumosa (p71): with a milky fluid	Ficus palmata subsp. palmata (p73): with milky sap	accept	Curator decision D1 (Robert Hoehndorf, 2026-09-18): mint FLOPO EQ phenotype classes for the NCVC Saudi guide's PO x PATO candidates through the reviewed-combination path.
EQ|PO_0000282|PATO_0000387	PO_0000282	trichome	PATO_0000387	soft	trichome soft	A flora phenotype in which a(n) trichome exhibits the quality soft.	FLOPO_0000355	allowed	curator_review_2026-09-18	3	3	3	193|249|294	Sophora gibbosa (DC.) Yakovlev (p193): soft hairs	Withania somnifera (L.) Dunal (p249): soft hairs	accept	Curator decision D1 (Robert Hoehndorf, 2026-09-18): mint FLOPO EQ phenotype classes for the NCVC Saudi guide's PO x PATO candidates through the reviewed-combination path.
EQ|PO_0000282|PATO_0000950	PO_0000282	trichome	PATO_0000950	grey	trichome grey	A flora phenotype in which a(n) trichome exhibits the quality grey.	FLOPO_0000355	allowed	curator_review_2026-09-18	3	3	3	193|249|300	Sophora gibbosa (DC.) Yakovlev (p193): grey hairs	Withania somnifera (L.) Dunal (p249): silvery-grey hairs	accept	Curator decision D1 (Robert Hoehndorf, 2026-09-18): mint FLOPO EQ phenotype classes for the NCVC Saudi guide's PO x PATO candidates through the reviewed-combination path.
EQ|PO_0009001|PATO_0104311	PO_0009001	fruit	PATO_0104311	purplish red	fruit purplish red	A flora phenotype in which a(n) fruit exhibits the quality purplish red.	FLOPO_0000030	allowed	curator_review_2026-09-18	3	3	3	39|42|227	Gymnosporia arbutifolia (Hochst. ex A.Rich.) Loes. (p39): purplish-red	Terminalia brownii Fresen. (p42): fruits purple-red in colour	accept	Curator decision D1 (Robert Hoehndorf, 2026-09-18): mint FLOPO EQ phenotype classes for the NCVC Saudi guide's PO x PATO candidates through the reviewed-combination path.
EQ|PO_0020041|PATO_0001730	PO_0020041	stipule	PATO_0001730	deciduous (generic)	stipule deciduous (generic)	A flora phenotype in which a(n) stipule exhibits the quality deciduous (generic).	FLOPO_0000167	allowed	curator_review_2026-09-18	3	3	3	71|75|210	Ficus glumosa (p71): and deciduous	Ficus sycomorus L. (p75): and deciduous	accept	Curator decision D1 (Robert Hoehndorf, 2026-09-18): mint FLOPO EQ phenotype classes for the NCVC Saudi guide's PO x PATO candidates through the reviewed-combination path.
EQ|PO_0025034|PATO_0001272	PO_0025034	leaf	PATO_0001272	desaturated green	leaf desaturated green	A flora phenotype in which a(n) leaf exhibits the quality desaturated green.	FLOPO_0000004	allowed	curator_review_2026-09-18	3	3	3	89|150|238	Ziziphus nummularia (Burm.f.) Wight & Arn. (p89): pale green	Aloe woodii Lavranos & Collen. (p150): pale green	accept	Curator decision D1 (Robert Hoehndorf, 2026-09-18): mint FLOPO EQ phenotype classes for the NCVC Saudi guide's PO x PATO candidates through the reviewed-combination path.
EQ|PO_0025034|PATO_0104007	PO_0025034	leaf	PATO_0104007	greyish green	leaf greyish green	A flora phenotype in which a(n) leaf exhibits the quality greyish green.	FLOPO_0000004	allowed	curator_review_2026-09-18	3	3	3	151|171|205	Achillea fragrantissima (Forssk.) Sch.Bip. (p151): grey-green in colour	Capparis spinosa L. (p171): tending to greyish green	accept	Curator decision D1 (Robert Hoehndorf, 2026-09-18): mint FLOPO EQ phenotype classes for the NCVC Saudi guide's PO x PATO candidates through the reviewed-combination path.
EQ|PO_0025034|PATO_0104020	PO_0025034	leaf	PATO_0104020	blue green	leaf blue green	A flora phenotype in which a(n) leaf exhibits the quality blue green.	FLOPO_0000004	allowed	curator_review_2026-09-18	3	3	3	145|149|169	Solenostemma oleifolium (Nectoux) Bullock & E.A.Bruce ex Maire (p145): green tending to bluish in colour	Aloe rubroviolacea Schweinf. (p149): leaves bluish-green in colour	accept	Curator decision D1 (Robert Hoehndorf, 2026-09-18): mint FLOPO EQ phenotype classes for the NCVC Saudi guide's PO x PATO candidates through the reviewed-combination path.
EQ|PO_0025073|PATO_0001287	PO_0025073	branch	PATO_0001287	red brown	branch red brown	A flora phenotype in which a(n) branch exhibits the quality red brown.	FLOPO_0000100	allowed	curator_review_2026-09-18	3	3	3	61|83|97	Vachellia johnwoodii (Boulos) Ragup., Seigler, Ebinger & Maslin (p61): branches reddish brown	Flueggea virosa (Roxb. ex Willd.) Royle (p83): usually reddish brown	accept	Curator decision D1 (Robert Hoehndorf, 2026-09-18): mint FLOPO EQ phenotype classes for the NCVC Saudi guide's PO x PATO candidates through the reviewed-combination path.
EQ|PO_0025073|PATO_0002348	PO_0025073	branch	PATO_0002348	ligneous	branch ligneous	A flora phenotype in which a(n) branch exhibits the quality ligneous.	FLOPO_0000100	allowed	curator_review_2026-09-18	3	3	3	122|171|219	Cornulaca monacantha Delile (p122): woody branches	Capparis spinosa L. (p171): woody branches	accept	Curator decision D1 (Robert Hoehndorf, 2026-09-18): mint FLOPO EQ phenotype classes for the NCVC Saudi guide's PO x PATO candidates through the reviewed-combination path.
EQ|PO_0025073|PATO_0104019	PO_0025073	branch	PATO_0104019	succulent	branch succulent	A flora phenotype in which a(n) branch exhibits the quality succulent.	FLOPO_0000100	allowed	curator_review_2026-09-18	3	3	3	115|255|256	Anabasis articulata (Forssk.) Moq. (p115): The branches are succulent	Zygophyllum mandavillei Hadidi (p255): succulent branches	accept	Curator decision D1 (Robert Hoehndorf, 2026-09-18): mint FLOPO EQ phenotype classes for the NCVC Saudi guide's PO x PATO candidates through the reviewed-combination path.
EQ|PO_0025172|PATO_0000462	PO_0025172	thorn	PATO_0000462	absent	thorn absent	A flora phenotype in which a(n) thorn exhibits the quality absent.	FLOPO_0001761	allowed	curator_review_2026-09-18	3	3	3	29|30|52	Commiphora gileadensis (L.) C.Chr. (p29): spineless trunk	Commiphora kataf (Forssk.) Engl. (p30): spineless	accept	Curator decision D1 (Robert Hoehndorf, 2026-09-18): mint FLOPO EQ phenotype classes for the NCVC Saudi guide's PO x PATO candidates through the reviewed-combination path.
EQ|PO_0025172|PATO_0002180	PO_0025172	thorn	PATO_0002180	straight	thorn straight	A flora phenotype in which a(n) thorn exhibits the quality straight.	FLOPO_0001761	allowed	curator_review_2026-09-18	3	3	3	64|66|89	Vachellia seyal var. fistula (p64): large straight thorns	Vachellia tortilis subsp. raddiana (Savi) Kyal. & Boatwr. (p66): most thorns are straight	accept	Curator decision D1 (Robert Hoehndorf, 2026-09-18): mint FLOPO EQ phenotype classes for the NCVC Saudi guide's PO x PATO candidates through the reviewed-combination path.
EQ|PO_0030091|PATO_0000322	PO_0030091	capsule fruit	PATO_0000322	red	capsule fruit red	A flora phenotype in which a(n) capsule fruit exhibits the quality red.	PHENO|PO_0030091	allowed	curator_review_2026-09-18	3	3	3	285|286|288	Euphorbia cactus Ehrenb. ex Boiss. (p285): red in colour	Euphorbia fractiflexa S.Carter & J.R.I.Wood (p286): red in colour	accept	Curator decision D1 (Robert Hoehndorf, 2026-09-18): mint FLOPO EQ phenotype classes for the NCVC Saudi guide's PO x PATO candidates through the reviewed-combination path.
EQ|PO_0030091|PATO_0001334	PO_0030091	capsule fruit	PATO_0001334	diameter	capsule fruit diameter	A flora phenotype in which a(n) capsule fruit exhibits the quality diameter.	PHENO|PO_0030091	allowed	curator_review_2026-09-18	3	3	3	69|70|288	Dombeya torrida (J.F.Gmel.) Bamps (p69): 5-6 mm in diameter	Trichilia emetica Vahl (p70): 15 mm in diameter	accept	Curator decision D1 (Robert Hoehndorf, 2026-09-18): mint FLOPO EQ phenotype classes for the NCVC Saudi guide's PO x PATO candidates through the reviewed-combination path.
EQ|PO_0030100|PATO_0000946	PO_0030100	legume fruit	PATO_0000946	oblong	legume fruit oblong	A flora phenotype in which a(n) legume fruit exhibits the quality oblong.	PHENO|PO_0030100	allowed	curator_review_2026-09-18	3	3	3	52|190|289	Prosopis cineraria (L.) Druce (p52): oblong	Senna alexandrina Mill. (p190): oblong pods	accept	Curator decision D1 (Robert Hoehndorf, 2026-09-18): mint FLOPO EQ phenotype classes for the NCVC Saudi guide's PO x PATO candidates through the reviewed-combination path.
EQ|PO_0030100|PATO_0001873	PO_0030100	legume fruit	PATO_0001873	cylindrical	legume fruit cylindrical	A flora phenotype in which a(n) legume fruit exhibits the quality cylindrical.	PHENO|PO_0030100	allowed	curator_review_2026-09-18	3	3	3	291|293|298	Indigofera arrecta Hochst. ex A.Rich. (p291): cylindrical pod	Indigofera colutea (Burm.f.) Merr. (p293): cylindrical pod	accept	Curator decision D1 (Robert Hoehndorf, 2026-09-18): mint FLOPO EQ phenotype classes for the NCVC Saudi guide's PO x PATO candidates through the reviewed-combination path.
EQ|PO_0030102|PATO_0001245	PO_0030102	nut fruit	PATO_0001245	dark brown	nut fruit dark brown	A flora phenotype in which a(n) nut fruit exhibits the quality dark brown.	FLOPO_0980908	allowed	curator_review_2026-09-18	3	3	3	200|202|306	Lavandula atriplicifolia Benth. (p200): dark brown	Lavandula pubescens Decne. (p202): dark brown	accept	Curator decision D1 (Robert Hoehndorf, 2026-09-18): mint FLOPO EQ phenotype classes for the NCVC Saudi guide's PO x PATO candidates through the reviewed-combination path.
EQ|PO_0030103|PATO_0000921	PO_0030103	drupe fruit	PATO_0000921	width	drupe fruit width	A flora phenotype in which a(n) drupe fruit exhibits the quality width.	PHENO|PO_0030103	allowed	curator_review_2026-09-18	3	3	3	88|307|315	Ziziphus mucronata Willd. (p88): 10-15 mm wide	Tinospora bakis (A.Rich.) Miers (p307): 4 mm wide	accept	Curator decision D1 (Robert Hoehndorf, 2026-09-18): mint FLOPO EQ phenotype classes for the NCVC Saudi guide's PO x PATO candidates through the reviewed-combination path.
EQ|PO_0030106|PATO_0000467	PO_0030106	silique fruit	PATO_0000467	present	silique fruit present	A flora phenotype in which a(n) silique fruit exhibits the quality present.	FLOPO_0980911	allowed	curator_review_2026-09-18	3	3	3	275|276|277	Diplotaxis harra (Forssk.) Boiss. (p275): fruit a silique	Matthiola arabica Boiss. (p276): fruit a silique	accept	Curator decision D1 (Robert Hoehndorf, 2026-09-18): mint FLOPO EQ phenotype classes for the NCVC Saudi guide's PO x PATO candidates through the reviewed-combination path.
EQ|PO_0030115|PATO_0002476	PO_0030115	raceme inflorescence	PATO_0002476	terminal	raceme inflorescence terminal	A flora phenotype in which a(n) raceme inflorescence exhibits the quality terminal.	FLOPO_0980958	allowed	curator_review_2026-09-18	3	3	3	193|226|239	Sophora gibbosa (DC.) Yakovlev (p193): in terminal racemes	Rumex nervosus Vahl (p226): in terminal racemes	accept	Curator decision D1 (Robert Hoehndorf, 2026-09-18): mint FLOPO EQ phenotype classes for the NCVC Saudi guide's PO x PATO candidates through the reviewed-combination path.
EQ|PO_0000003|PATO_0001331	PO_0000003	whole plant	PATO_0001331	odorous	whole plant odorous	A flora phenotype in which a(n) whole plant exhibits the quality odorous.	FLOPO_0000089	allowed	curator_review_2026-09-18	2	2	2	160|201	Pluchea dioscoridis (L.) DC. (p160): aromatic	Lavandula dentata L. (p201): distinguished by its pleasant fragrance	accept	Curator decision D1 (Robert Hoehndorf, 2026-09-18): mint FLOPO EQ phenotype classes for the NCVC Saudi guide's PO x PATO candidates through the reviewed-combination path.
EQ|PO_0000049|PATO_0000454	PO_0000049	leaf lamina abaxial epidermis	PATO_0000454	hairy	leaf lamina abaxial epidermis hairy	A flora phenotype in which a(n) leaf lamina abaxial epidermis exhibits the quality hairy.	PHENO|PO_0000049	allowed	curator_review_2026-09-18	2	2	2	24|234	Cordia africana L. (p24): with hairs beneath	Cotoneaster nummularius Fisch. & C.A.Mey. (p234): hairy beneath	accept	Curator decision D1 (Robert Hoehndorf, 2026-09-18): mint FLOPO EQ phenotype classes for the NCVC Saudi guide's PO x PATO candidates through the reviewed-combination path.
EQ|PO_0000050|PATO_0000453	PO_0000050	leaf lamina adaxial epidermis	PATO_0000453	glabrous	leaf lamina adaxial epidermis glabrous	A flora phenotype in which a(n) leaf lamina adaxial epidermis exhibits the quality glabrous.	PHENO|PO_0000050	allowed	curator_review_2026-09-18	2	2	2	175|234	Maerua triphylla A.Rich. (p175): upper surface glabrous	Cotoneaster nummularius Fisch. & C.A.Mey. (p234): glabrous above	accept	Curator decision D1 (Robert Hoehndorf, 2026-09-18): mint FLOPO EQ phenotype classes for the NCVC Saudi guide's PO x PATO candidates through the reviewed-combination path.
EQ|PO_0004518|PATO_0001268	PO_0004518	bark	PATO_0001268	desaturated brown	bark desaturated brown	A flora phenotype in which a(n) bark exhibits the quality desaturated brown.	FLOPO_0000010	allowed	curator_review_2026-09-18	2	2	2	23|24	Tarchonanthus camphoratus L. (p23): bark pale brown	Cordia africana L. (p24): bark pale brown	accept	Curator decision D1 (Robert Hoehndorf, 2026-09-18): mint FLOPO EQ phenotype classes for the NCVC Saudi guide's PO x PATO candidates through the reviewed-combination path.
EQ|PO_0004545|PATO_0000122	PO_0004545	shoot-borne shoot system	PATO_0000122	length	shoot-borne shoot system length	A flora phenotype in which a(n) shoot-borne shoot system exhibits the quality length.	PHENO|PO_0004545	allowed	curator_review_2026-09-18	2	2	2	297|298	Lotus goetzei Harms (p297): branches 30 cm long	Lotus quinatus (Forssk.) J.B.Gillett (p298): branches 50 cm long	accept	Curator decision D1 (Robert Hoehndorf, 2026-09-18): mint FLOPO EQ phenotype classes for the NCVC Saudi guide's PO x PATO candidates through the reviewed-combination path.
EQ|PO_0004545|PATO_0000454	PO_0004545	shoot-borne shoot system	PATO_0000454	hairy	shoot-borne shoot system hairy	A flora phenotype in which a(n) shoot-borne shoot system exhibits the quality hairy.	PHENO|PO_0004545	allowed	curator_review_2026-09-18	2	2	2	302|317	Geranium trilophum Boiss. (p302): and hairy	Rhoicissus revoilii Planch. (p317): hairs on the branches	accept	Curator decision D1 (Robert Hoehndorf, 2026-09-18): mint FLOPO EQ phenotype classes for the NCVC Saudi guide's PO x PATO candidates through the reviewed-combination path.
EQ|PO_0005031|PATO_0001629	PO_0005031	microsporangiate strobilus	PATO_0001629	aggregated	microsporangiate strobilus aggregated	A flora phenotype in which a(n) microsporangiate strobilus exhibits the quality aggregated.	PHENO|PO_0005031	allowed	curator_review_2026-09-18	2	2	2	183|184	Ephedra foeminea Forssk. (p183): male cones clustered in the axils	Ephedra pachyclada Boiss. (p184): male cones axillary and clustered	accept	Curator decision D1 (Robert Hoehndorf, 2026-09-18): mint FLOPO EQ phenotype classes for the NCVC Saudi guide's PO x PATO candidates through the reviewed-combination path.
EQ|PO_0005031|PATO_0002476	PO_0005031	microsporangiate strobilus	PATO_0002476	terminal	microsporangiate strobilus terminal	A flora phenotype in which a(n) microsporangiate strobilus exhibits the quality terminal.	PHENO|PO_0005031	allowed	curator_review_2026-09-18	2	2	1	182|284	Ephedra ciliata Fisch. & C.A.Mey. (p182): male cones at the end, projections on the branches	Ephedra ciliata Fisch. & C.A.Mey. (p284): male cones terminal as protuberances on the branches	accept	Curator decision D1 (Robert Hoehndorf, 2026-09-18): mint FLOPO EQ phenotype classes for the NCVC Saudi guide's PO x PATO candidates through the reviewed-combination path.
EQ|PO_0006018|PATO_0000320	PO_0006018	leaf adaxial epidermis	PATO_0000320	green	leaf adaxial epidermis green	A flora phenotype in which a(n) leaf adaxial epidermis exhibits the quality green.	PHENO|PO_0006018	allowed	curator_review_2026-09-18	2	2	2	159|266	Orbivestus leopoldii (Sch.Bip. ex Walp.) H.Rob. (p159): green above	Stephanotis schimperi (Decne.) S.Reuss, Liede & Meve (p266): green on the upper surface	accept	Curator decision D1 (Robert Hoehndorf, 2026-09-18): mint FLOPO EQ phenotype classes for the NCVC Saudi guide's PO x PATO candidates through the reviewed-combination path.
EQ|PO_0006018|PATO_0001249	PO_0006018	leaf adaxial epidermis	PATO_0001249	dark green	leaf adaxial epidermis dark green	A flora phenotype in which a(n) leaf adaxial epidermis exhibits the quality dark green.	PHENO|PO_0006018	allowed	curator_review_2026-09-18	2	2	2	92|112	Prunus arabica (Olivier) Meikle (p92): upper surface dark green	Lepidagathis scariosa Nees (p112): upper surface dark green	accept	Curator decision D1 (Robert Hoehndorf, 2026-09-18): mint FLOPO EQ phenotype classes for the NCVC Saudi guide's PO x PATO candidates through the reviewed-combination path.
EQ|PO_0009001|PATO_0104019	PO_0009001	fruit	PATO_0104019	succulent	fruit succulent	A flora phenotype in which a(n) fruit exhibits the quality succulent.	FLOPO_0000030	allowed	curator_review_2026-09-18	2	2	2	81|260	Olea europaea subsp. cuspidata (Wall. & G.Don) Cif. (p81): fruits fleshy	Crinum album (Forssk.) Herb. (p260): succulent	accept	Curator decision D1 (Robert Hoehndorf, 2026-09-18): mint FLOPO EQ phenotype classes for the NCVC Saudi guide's PO x PATO candidates through the reviewed-combination path.
EQ|PO_0009006|PATO_0000407	PO_0009006	shoot system	PATO_0000407	flat	shoot system flat	A flora phenotype in which a(n) shoot system exhibits the quality flat.	FLOPO_0001313	allowed	curator_review_2026-09-18	2	2	2	61|63	Vachellia johnwoodii (Boulos) Ragup., Seigler, Ebinger & Maslin (p61): with a flat crown	Vachellia origena (Hunde) Kyal. & Boatwr. (p63): flat-topped	accept	Curator decision D1 (Robert Hoehndorf, 2026-09-18): mint FLOPO EQ phenotype classes for the NCVC Saudi guide's PO x PATO candidates through the reviewed-combination path.
EQ|PO_0009006|PATO_0001164	PO_0009006	shoot system	PATO_0001164	dense	shoot system dense	A flora phenotype in which a(n) shoot system exhibits the quality dense.	FLOPO_0001313	allowed	curator_review_2026-09-18	2	2	2	66|70	Vachellia tortilis subsp. raddiana (Savi) Kyal. & Boatwr. (p66): a dense, rounded crown	Trichilia emetica Vahl (p70): a dense crown	accept	Curator decision D1 (Robert Hoehndorf, 2026-09-18): mint FLOPO EQ phenotype classes for the NCVC Saudi guide's PO x PATO candidates through the reviewed-combination path.
EQ|PO_0009010|PATO_0001947	PO_0009010	seed	PATO_0001947	netted	seed netted	A flora phenotype in which a(n) seed exhibits the quality netted.	FLOPO_0000074	allowed	curator_review_2026-09-18	2	2	2	301|302	Geranium biuncinatum Kokwaro (p301): seeds reticulately veined	Geranium trilophum Boiss. (p302): seeds reticulately veined	accept	Curator decision D1 (Robert Hoehndorf, 2026-09-18): mint FLOPO EQ phenotype classes for the NCVC Saudi guide's PO x PATO candidates through the reviewed-combination path.
EQ|PO_0009047|PATO_0104016	PO_0009047	stem	PATO_0104016	terete	stem terete	A flora phenotype in which a(n) stem exhibits the quality terete.	FLOPO_0000001	allowed	curator_review_2026-09-18	2	2	2	113|158	Aerva javanica (Burm.f.) Juss. ex Schult. (p113): rounded stems	Kleinia odora (Forssk.) DC. (p158): round	accept	Curator decision D1 (Robert Hoehndorf, 2026-09-18): mint FLOPO EQ phenotype classes for the NCVC Saudi guide's PO x PATO candidates through the reviewed-combination path.
EQ|PO_0009047|PATO_0104019	PO_0009047	stem	PATO_0104019	succulent	stem succulent	A flora phenotype in which a(n) stem exhibits the quality succulent.	FLOPO_0000001	allowed	curator_review_2026-09-18	2	2	2	124|125	Haloxylon persicum Bunge (p124): succulent stems	Haloxylon salicornicum (Moq.) Bunge ex Boiss. (p125): succulent	accept	Curator decision D1 (Robert Hoehndorf, 2026-09-18): mint FLOPO EQ phenotype classes for the NCVC Saudi guide's PO x PATO candidates through the reviewed-combination path.
EQ|PO_0009049|PATO_0104031	PO_0009049	inflorescence	PATO_0104031	cream	inflorescence cream	A flora phenotype in which a(n) inflorescence exhibits the quality cream.	FLOPO_0000034	allowed	curator_review_2026-09-18	2	2	2	56|58	Senegalia mellifera (Benth.) Seigler & Ebinger (p56): inflorescences creamy white	Vachellia etbaica (Schweinf.) Kyal. & Boatwr. (p58): inflorescences creamy white	accept	Curator decision D1 (Robert Hoehndorf, 2026-09-18): mint FLOPO EQ phenotype classes for the NCVC Saudi guide's PO x PATO candidates through the reviewed-combination path.
EQ|PO_0020041|PATO_0001365	PO_0020041	stipule	PATO_0001365	spiny	stipule spiny	A flora phenotype in which a(n) stipule exhibits the quality spiny.	FLOPO_0000167	allowed	curator_review_2026-09-18	2	2	2	90|170	Ziziphus spina-christi (L.) Desf. (p90): two spines (modified stipules) near the base of each leaf	Capparis decidua (Forssk.) Edgew. (p170): stipules spiny	accept	Curator decision D1 (Robert Hoehndorf, 2026-09-18): mint FLOPO EQ phenotype classes for the NCVC Saudi guide's PO x PATO candidates through the reviewed-combination path.
EQ|PO_0020041|PATO_0001436	PO_0020041	stipule	PATO_0001436	sessile (sensu botany)	stipule sessile (sensu botany)	A flora phenotype in which a(n) stipule exhibits the quality sessile (sensu botany).	FLOPO_0000167	allowed	curator_review_2026-09-18	2	2	2	71|75	Ficus glumosa (p71): the stipules sessile	Ficus sycomorus L. (p75): stipules sessile	accept	Curator decision D1 (Robert Hoehndorf, 2026-09-18): mint FLOPO EQ phenotype classes for the NCVC Saudi guide's PO x PATO candidates through the reviewed-combination path.
EQ|PO_0020075|PATO_0000467	PO_0020075	mericarp	PATO_0000467	present	mericarp present	A flora phenotype in which a(n) mericarp exhibits the quality present.	FLOPO_0980857	allowed	curator_review_2026-09-18	2	2	2	301|302	Geranium biuncinatum Kokwaro (p301): fruit is a mericarp	Geranium trilophum Boiss. (p302): fruit is a mericarp	accept	Curator decision D1 (Robert Hoehndorf, 2026-09-18): mint FLOPO EQ phenotype classes for the NCVC Saudi guide's PO x PATO candidates through the reviewed-combination path.
EQ|PO_0020128|PATO_0002359	PO_0020128	leaf margin	PATO_0002359	broad	leaf margin broad	A flora phenotype in which a(n) leaf margin exhibits the quality broad.	FLOPO_0003919	allowed	curator_review_2026-09-18	2	2	2	134|135	Deverra triradiata Hochst. ex Boiss. (p134): the upper cauline leaves have broad membranous margins	Deverra triradiata subsp. musilii Hochst. ex Boiss. (p135): broad white margins	accept	Curator decision D1 (Robert Hoehndorf, 2026-09-18): mint FLOPO EQ phenotype classes for the NCVC Saudi guide's PO x PATO candidates through the reviewed-combination path.
EQ|PO_0020137|PATO_0002258	PO_0020137	leaf apex	PATO_0002258	pointed	leaf apex pointed	A flora phenotype in which a(n) leaf apex exhibits the quality pointed.	FLOPO_0006206	allowed	curator_review_2026-09-18	2	1	2	188|222	Retama raetam (Forssk.) Webb & Berthel. (p188): with a pointed tip	Panicum turgidum Forssk. (p222): with a pointed tip	accept	Curator decision D1 (Robert Hoehndorf, 2026-09-18): mint FLOPO EQ phenotype classes for the NCVC Saudi guide's PO x PATO candidates through the reviewed-combination path.
EQ|PO_0025034|PATO_0104041	PO_0025034	leaf	PATO_0104041	velutinous	leaf velutinous	A flora phenotype in which a(n) leaf exhibits the quality velutinous.	FLOPO_0000004	allowed	curator_review_2026-09-18	2	2	2	69|113	Dombeya torrida (J.F.Gmel.) Bamps (p69): velvety-hairy	Aerva javanica (Burm.f.) Juss. ex Schult. (p113): velvety in texture	accept	Curator decision D1 (Robert Hoehndorf, 2026-09-18): mint FLOPO EQ phenotype classes for the NCVC Saudi guide's PO x PATO candidates through the reviewed-combination path.
EQ|PO_0025073|PATO_0001544	PO_0025073	branch	PATO_0001544	flexible	branch flexible	A flora phenotype in which a(n) branch exhibits the quality flexible.	FLOPO_0000100	allowed	curator_review_2026-09-18	2	2	2	223|224	Calligonum comosum L'Hér. (p223): characterized by their flexibility	Calligonum crinitum subsp. arabicum (Soskov) Soskov (p224): characterized by their flexibility	accept	Curator decision D1 (Robert Hoehndorf, 2026-09-18): mint FLOPO EQ phenotype classes for the NCVC Saudi guide's PO x PATO candidates through the reviewed-combination path.
EQ|PO_0025073|PATO_0002445	PO_0025073	branch	PATO_0002445	torsioned	branch torsioned	A flora phenotype in which a(n) branch exhibits the quality torsioned.	FLOPO_0000100	allowed	curator_review_2026-09-18	2	2	2	38|132	Maerua crassifolia Forssk. (p38): twisted branches	Searsia tripartita (Ucria) Moffett (p132): The branches are twisted	accept	Curator decision D1 (Robert Hoehndorf, 2026-09-18): mint FLOPO EQ phenotype classes for the NCVC Saudi guide's PO x PATO candidates through the reviewed-combination path.
EQ|PO_0025083|PATO_0001891	PO_0025083	strobilus	PATO_0001891	ovate	strobilus ovate	A flora phenotype in which a(n) strobilus exhibits the quality ovate.	FLOPO_0005201	allowed	curator_review_2026-09-18	2	2	1	182|284	Ephedra ciliata Fisch. & C.A.Mey. (p182): the small cones ovoid	Ephedra ciliata Fisch. & C.A.Mey. (p284): small cones ovate	accept	Curator decision D1 (Robert Hoehndorf, 2026-09-18): mint FLOPO EQ phenotype classes for the NCVC Saudi guide's PO x PATO candidates through the reviewed-combination path.
EQ|PO_0025172|PATO_0000323	PO_0025172	thorn	PATO_0000323	white	thorn white	A flora phenotype in which a(n) thorn exhibits the quality white.	FLOPO_0001761	allowed	curator_review_2026-09-18	2	2	2	59|66	Vachellia flava (Forssk.) Kyal. & Boatwr. (p59): white	Vachellia tortilis subsp. raddiana (Savi) Kyal. & Boatwr. (p66): and white	accept	Curator decision D1 (Robert Hoehndorf, 2026-09-18): mint FLOPO EQ phenotype classes for the NCVC Saudi guide's PO x PATO candidates through the reviewed-combination path.
EQ|PO_0025172|PATO_0001419	PO_0025172	thorn	PATO_0001419	sharp	thorn sharp	A flora phenotype in which a(n) thorn exhibits the quality sharp.	FLOPO_0001761	allowed	curator_review_2026-09-18	2	2	2	32|62	Commiphora myrrha (Nees) Engl. (p32): branches end in a sharp spine	Vachellia nilotica subsp. indica (Benth.) Kyal. & Boatwr. (p62): sharp	accept	Curator decision D1 (Robert Hoehndorf, 2026-09-18): mint FLOPO EQ phenotype classes for the NCVC Saudi guide's PO x PATO candidates through the reviewed-combination path.
EQ|PO_0025172|PATO_0002212	PO_0025172	thorn	PATO_0002212	slender	thorn slender	A flora phenotype in which a(n) thorn exhibits the quality slender.	FLOPO_0001761	allowed	curator_review_2026-09-18	2	2	2	59|240	Vachellia flava (Forssk.) Kyal. & Boatwr. (p59): rather slender	Oncoba spinosa Forssk. (p240): slender axillary spines	accept	Curator decision D1 (Robert Hoehndorf, 2026-09-18): mint FLOPO EQ phenotype classes for the NCVC Saudi guide's PO x PATO candidates through the reviewed-combination path.
EQ|PO_0025174|PATO_0001365	PO_0025174	spine stipule	PATO_0001365	spiny	spine stipule spiny	A flora phenotype in which a(n) spine stipule exhibits the quality spiny.	PHENO|PO_0025174	allowed	curator_review_2026-09-18	2	2	2	58|60	Vachellia etbaica (Schweinf.) Kyal. & Boatwr. (p58): spiny stipules	Vachellia gerrardii var. najdensis (Chaudhary) Ragup., Seigler, Ebinger & Maslin (p60): stipular spines	accept	Curator decision D1 (Robert Hoehndorf, 2026-09-18): mint FLOPO EQ phenotype classes for the NCVC Saudi guide's PO x PATO candidates through the reviewed-combination path.
EQ|PO_0025174|PATO_0002310	PO_0025174	spine stipule	PATO_0002310	robust	spine stipule robust	A flora phenotype in which a(n) spine stipule exhibits the quality robust.	PHENO|PO_0025174	allowed	curator_review_2026-09-18	2	2	2	51|63	Faidherbia albida (Delile) A.Chev. (p51): strong	Vachellia origena (Hunde) Kyal. & Boatwr. (p63): strong, medium-sized spines	accept	Curator decision D1 (Robert Hoehndorf, 2026-09-18): mint FLOPO EQ phenotype classes for the NCVC Saudi guide's PO x PATO candidates through the reviewed-combination path.
EQ|PO_0030091|PATO_0000122	PO_0030091	capsule fruit	PATO_0000122	length	capsule fruit length	A flora phenotype in which a(n) capsule fruit exhibits the quality length.	PHENO|PO_0030091	allowed	curator_review_2026-09-18	2	2	2	199|206	Hypericum revolutum Vahl (p199): capsule 12 × 10 mm	Woodfordia fruticosa (L.) Kurz (p206): 6–10 mm long	accept	Curator decision D1 (Robert Hoehndorf, 2026-09-18): mint FLOPO EQ phenotype classes for the NCVC Saudi guide's PO x PATO candidates through the reviewed-combination path.
EQ|PO_0030091|PATO_0001875	PO_0030091	capsule fruit	PATO_0001875	triangular	capsule fruit triangular	A flora phenotype in which a(n) capsule fruit exhibits the quality triangular.	PHENO|PO_0030091	allowed	curator_review_2026-09-18	2	2	2	286|288	Euphorbia fractiflexa S.Carter & J.R.I.Wood (p286): three-angled	Euphorbia parciramulosa Schweinf. (p288): with 3 angles	accept	Curator decision D1 (Robert Hoehndorf, 2026-09-18): mint FLOPO EQ phenotype classes for the NCVC Saudi guide's PO x PATO candidates through the reviewed-combination path.
EQ|PO_0030098|PATO_0000467	PO_0030098	schizocarp fruit	PATO_0000467	present	schizocarp fruit present	A flora phenotype in which a(n) schizocarp fruit exhibits the quality present.	PHENO|PO_0030098	allowed	curator_review_2026-09-18	2	2	2	214|215	Pavonia burchellii (DC.) R.A.Dyer (p214): the fruit is a schizocarp	Pavonia triloba Guill. & Perr. (p215): fruit schizocarpic	accept	Curator decision D1 (Robert Hoehndorf, 2026-09-18): mint FLOPO EQ phenotype classes for the NCVC Saudi guide's PO x PATO candidates through the reviewed-combination path.
EQ|PO_0030100|PATO_0000453	PO_0030100	legume fruit	PATO_0000453	glabrous	legume fruit glabrous	A flora phenotype in which a(n) legume fruit exhibits the quality glabrous.	PHENO|PO_0030100	allowed	curator_review_2026-09-18	2	2	2	59|299	Vachellia flava (Forssk.) Kyal. & Boatwr. (p59): glabrous	Rhynchosia minima (L.) DC. (p299): glabrous pods	accept	Curator decision D1 (Robert Hoehndorf, 2026-09-18): mint FLOPO EQ phenotype classes for the NCVC Saudi guide's PO x PATO candidates through the reviewed-combination path.
EQ|PO_0030100|PATO_0000454	PO_0030100	legume fruit	PATO_0000454	hairy	legume fruit hairy	A flora phenotype in which a(n) legume fruit exhibits the quality hairy.	PHENO|PO_0030100	allowed	curator_review_2026-09-18	2	2	2	58|61	Vachellia etbaica (Schweinf.) Kyal. & Boatwr. (p58): densely hairy	Vachellia johnwoodii (Boulos) Ragup., Seigler, Ebinger & Maslin (p61): hairy up to the base	accept	Curator decision D1 (Robert Hoehndorf, 2026-09-18): mint FLOPO EQ phenotype classes for the NCVC Saudi guide's PO x PATO candidates through the reviewed-combination path.
EQ|PO_0030100|PATO_0001245	PO_0030100	legume fruit	PATO_0001245	dark brown	legume fruit dark brown	A flora phenotype in which a(n) legume fruit exhibits the quality dark brown.	PHENO|PO_0030100	allowed	curator_review_2026-09-18	2	2	2	56|191	Senegalia mellifera (Benth.) Seigler & Ebinger (p56): pods dark brown	Senna italica Mill. (p191): with a dark brown central area	accept	Curator decision D1 (Robert Hoehndorf, 2026-09-18): mint FLOPO EQ phenotype classes for the NCVC Saudi guide's PO x PATO candidates through the reviewed-combination path.
EQ|PO_0030100|PATO_0002215	PO_0030100	legume fruit	PATO_0002215	falciform	legume fruit falciform	A flora phenotype in which a(n) legume fruit exhibits the quality falciform.	PHENO|PO_0030100	allowed	curator_review_2026-09-18	2	2	2	53|59	Prosopis koelziana Burkart (p53): falcate in shape	Vachellia flava (Forssk.) Kyal. & Boatwr. (p59): falcate	accept	Curator decision D1 (Robert Hoehndorf, 2026-09-18): mint FLOPO EQ phenotype classes for the NCVC Saudi guide's PO x PATO candidates through the reviewed-combination path.
EQ|PO_0030100|PATO_0002226	PO_0030100	legume fruit	PATO_0002226	subcylindrical	legume fruit subcylindrical	A flora phenotype in which a(n) legume fruit exhibits the quality subcylindrical.	PHENO|PO_0030100	allowed	curator_review_2026-09-18	2	1	2	52|57	Prosopis cineraria (L.) Druce (p52): subcylindrical	Tamarindus indica L. (p57): subcylindrical in shape	accept	Curator decision D1 (Robert Hoehndorf, 2026-09-18): mint FLOPO EQ phenotype classes for the NCVC Saudi guide's PO x PATO candidates through the reviewed-combination path.
EQ|PO_0030100|PATO_0002312	PO_0030100	legume fruit	PATO_0002312	segmented	legume fruit segmented	A flora phenotype in which a(n) legume fruit exhibits the quality segmented.	PHENO|PO_0030100	allowed	curator_review_2026-09-18	2	2	2	196|197	Taverniera lappacea (Forssk.) DC. (p196): usually with 1–2 segments	Taverniera spartea DC. (p197): pods with 1–2 segments	accept	Curator decision D1 (Robert Hoehndorf, 2026-09-18): mint FLOPO EQ phenotype classes for the NCVC Saudi guide's PO x PATO candidates through the reviewed-combination path.
EQ|PO_0030100|PATO_0002445	PO_0030100	legume fruit	PATO_0002445	torsioned	legume fruit torsioned	A flora phenotype in which a(n) legume fruit exhibits the quality torsioned.	PHENO|PO_0030100	allowed	curator_review_2026-09-18	2	2	2	67|193	Vachellia tortilis subsp. tortilis (p67): pods usually twisted	Sophora gibbosa (DC.) Yakovlev (p193): twisted pods	accept	Curator decision D1 (Robert Hoehndorf, 2026-09-18): mint FLOPO EQ phenotype classes for the NCVC Saudi guide's PO x PATO candidates through the reviewed-combination path.
EQ|PO_0030102|PATO_0000946	PO_0030102	nut fruit	PATO_0000946	oblong	nut fruit oblong	A flora phenotype in which a(n) nut fruit exhibits the quality oblong.	FLOPO_0980908	allowed	curator_review_2026-09-18	2	2	2	200|201	Lavandula atriplicifolia Benth. (p200): oblong	Lavandula dentata L. (p201): oblong	accept	Curator decision D1 (Robert Hoehndorf, 2026-09-18): mint FLOPO EQ phenotype classes for the NCVC Saudi guide's PO x PATO candidates through the reviewed-combination path.
EQ|PO_0030102|PATO_0000952	PO_0030102	nut fruit	PATO_0000952	brown	nut fruit brown	A flora phenotype in which a(n) nut fruit exhibits the quality brown.	FLOPO_0980908	allowed	curator_review_2026-09-18	2	2	2	201|283	Lavandula dentata L. (p201): brown	Cyperus alternifolius L. (p283): brown tending to copper-coloured	accept	Curator decision D1 (Robert Hoehndorf, 2026-09-18): mint FLOPO EQ phenotype classes for the NCVC Saudi guide's PO x PATO candidates through the reviewed-combination path.
EQ|PO_0030103|PATO_0000322	PO_0030103	drupe fruit	PATO_0000322	red	drupe fruit red	A flora phenotype in which a(n) drupe fruit exhibits the quality red.	PHENO|PO_0030103	allowed	curator_review_2026-09-18	2	2	2	88|315	Ziziphus mucronata Willd. (p88): tending to red	Osyris lanceolata Hochst. & Steud. (p315): shiny red	accept	Curator decision D1 (Robert Hoehndorf, 2026-09-18): mint FLOPO EQ phenotype classes for the NCVC Saudi guide's PO x PATO candidates through the reviewed-combination path.
EQ|PO_0030103|PATO_0001499	PO_0030103	drupe fruit	PATO_0001499	spherical	drupe fruit spherical	A flora phenotype in which a(n) drupe fruit exhibits the quality spherical.	PHENO|PO_0030103	allowed	curator_review_2026-09-18	2	2	2	204|315	Premna resinosa (Hochst.) Schauer (p204): spherical	Osyris lanceolata Hochst. & Steud. (p315): spherical in shape	accept	Curator decision D1 (Robert Hoehndorf, 2026-09-18): mint FLOPO EQ phenotype classes for the NCVC Saudi guide's PO x PATO candidates through the reviewed-combination path.
EQ|PO_0030103|PATO_0001979	PO_0030103	drupe fruit	PATO_0001979	lobed	drupe fruit lobed	A flora phenotype in which a(n) drupe fruit exhibits the quality lobed.	PHENO|PO_0030103	allowed	curator_review_2026-09-18	2	2	2	208|210	Grewia erythraea Schweinf. (p208): 2–4-lobed	Grewia tenax (Forssk.) Fiori (p210): 2–4-lobed	accept	Curator decision D1 (Robert Hoehndorf, 2026-09-18): mint FLOPO EQ phenotype classes for the NCVC Saudi guide's PO x PATO candidates through the reviewed-combination path.
EQ|PO_0030108|PATO_0000921	PO_0030108	berry fruit	PATO_0000921	width	berry fruit width	A flora phenotype in which a(n) berry fruit exhibits the quality width.	PHENO|PO_0030108	allowed	curator_review_2026-09-18	2	2	2	85|316	Maesa lanceolata Forssk. (p85): 5 mm wide	Cissus quadrangularis L. (p316): 6 mm wide	accept	Curator decision D1 (Robert Hoehndorf, 2026-09-18): mint FLOPO EQ phenotype classes for the NCVC Saudi guide's PO x PATO candidates through the reviewed-combination path.
EQ|PO_0030108|PATO_0001499	PO_0030108	berry fruit	PATO_0001499	spherical	berry fruit spherical	A flora phenotype in which a(n) berry fruit exhibits the quality spherical.	PHENO|PO_0030108	allowed	curator_review_2026-09-18	2	2	2	85|317	Maesa lanceolata Forssk. (p85): globose	Rhoicissus revoilii Planch. (p317): spherical in shape	accept	Curator decision D1 (Robert Hoehndorf, 2026-09-18): mint FLOPO EQ phenotype classes for the NCVC Saudi guide's PO x PATO candidates through the reviewed-combination path.
EQ|PO_0030108|PATO_0001891	PO_0030108	berry fruit	PATO_0001891	ovate	berry fruit ovate	A flora phenotype in which a(n) berry fruit exhibits the quality ovate.	PHENO|PO_0030108	allowed	curator_review_2026-09-18	2	2	2	308|316	Jasminum grandiflorum L. (p308): ovoid and rounded	Cissus quadrangularis L. (p316): ovoid in shape	accept	Curator decision D1 (Robert Hoehndorf, 2026-09-18): mint FLOPO EQ phenotype classes for the NCVC Saudi guide's PO x PATO candidates through the reviewed-combination path.
EQ|PO_0030121|PATO_0002388	PO_0030121	capitulum inflorescence	PATO_0002388	pedunculate	capitulum inflorescence pedunculate	A flora phenotype in which a(n) capitulum inflorescence exhibits the quality pedunculate.	FLOPO_0980970	allowed	curator_review_2026-09-18	2	2	2	61|156	Vachellia johnwoodii (Boulos) Ragup., Seigler, Ebinger & Maslin (p61): on a peduncle	Baccharoides schimperi (DC.) Isawumi, El-Ghazaly & B.Nord. (p156): pedunculate	accept	Curator decision D1 (Robert Hoehndorf, 2026-09-18): mint FLOPO EQ phenotype classes for the NCVC Saudi guide's PO x PATO candidates through the reviewed-combination path.
EQ|PO_0030121|PATO_0104031	PO_0030121	capitulum inflorescence	PATO_0104031	cream	capitulum inflorescence cream	A flora phenotype in which a(n) capitulum inflorescence exhibits the quality cream.	FLOPO_0980970	allowed	curator_review_2026-09-18	2	2	2	60|63	Vachellia gerrardii var. najdensis (Chaudhary) Ragup., Seigler, Ebinger & Maslin (p60): creamy white	Vachellia origena (Hunde) Kyal. & Boatwr. (p63): creamy white	accept	Curator decision D1 (Robert Hoehndorf, 2026-09-18): mint FLOPO EQ phenotype classes for the NCVC Saudi guide's PO x PATO candidates through the reviewed-combination path.
EQ|PO_0000003|PATO_0001249	PO_0000003	whole plant	PATO_0001249	dark green	whole plant dark green	A flora phenotype in which a(n) whole plant exhibits the quality dark green.	FLOPO_0000089	allowed	curator_review_2026-09-18	1	1	1	48	Euphorbia ammak Schweinf. (p48): dark green in colour		accept	Curator decision D1 (Robert Hoehndorf, 2026-09-18): mint FLOPO EQ phenotype classes for the NCVC Saudi guide's PO x PATO candidates through the reviewed-combination path.
EQ|PO_0000003|PATO_0001734	PO_0000003	whole plant	PATO_0001734	semi-deciduous(plant)	whole plant semi-deciduous(plant)	A flora phenotype in which a(n) whole plant exhibits the quality semi-deciduous(plant).	FLOPO_0000089	allowed	curator_review_2026-09-18	1	0	1	83	Flueggea virosa (Roxb. ex Willd.) Royle (p83): semi-deciduous		accept	Curator decision D1 (Robert Hoehndorf, 2026-09-18): mint FLOPO EQ phenotype classes for the NCVC Saudi guide's PO x PATO candidates through the reviewed-combination path.
EQ|PO_0000003|PATO_0104114	PO_0000003	whole plant	PATO_0104114	yellowish green	whole plant yellowish green	A flora phenotype in which a(n) whole plant exhibits the quality yellowish green.	FLOPO_0000089	allowed	curator_review_2026-09-18	1	1	1	170	Capparis decidua (Forssk.) Edgew. (p170): yellowish green in colour		accept	Curator decision D1 (Robert Hoehndorf, 2026-09-18): mint FLOPO EQ phenotype classes for the NCVC Saudi guide's PO x PATO candidates through the reviewed-combination path.
EQ|PO_0000013|PATO_0000454	PO_0000013	cauline leaf	PATO_0000454	hairy	cauline leaf hairy	A flora phenotype in which a(n) cauline leaf exhibits the quality hairy.	FLOPO_0012852	allowed	curator_review_2026-09-18	1	1	1	133	Deverra tortuosa (Desf.) DC. (p133): the upper cauline leaves are covered with hairs		accept	Curator decision D1 (Robert Hoehndorf, 2026-09-18): mint FLOPO EQ phenotype classes for the NCVC Saudi guide's PO x PATO candidates through the reviewed-combination path.
EQ|PO_0000013|PATO_0002359	PO_0000013	cauline leaf	PATO_0002359	broad	cauline leaf broad	A flora phenotype in which a(n) cauline leaf exhibits the quality broad.	FLOPO_0012852	allowed	curator_review_2026-09-18	1	1	1	133	Deverra tortuosa (Desf.) DC. (p133): the lower cauline leaves are broad		accept	Curator decision D1 (Robert Hoehndorf, 2026-09-18): mint FLOPO EQ phenotype classes for the NCVC Saudi guide's PO x PATO candidates through the reviewed-combination path.
EQ|PO_0000044|PATO_0000467	PO_0000044	prop root	PATO_0000467	present	prop root present	A flora phenotype in which a(n) prop root exhibits the quality present.	PHENO|PO_0000044	allowed	curator_review_2026-09-18	1	1	1	82	Pandanus tectorius Parkinson (p82): it has supporting roots		accept	Curator decision D1 (Robert Hoehndorf, 2026-09-18): mint FLOPO EQ phenotype classes for the NCVC Saudi guide's PO x PATO candidates through the reviewed-combination path.
EQ|PO_0000048|PATO_0000410	PO_0000048	leaf lamina vascular system	PATO_0000410	pinnate	leaf lamina vascular system pinnate	A flora phenotype in which a(n) leaf lamina vascular system exhibits the quality pinnate.	PHENO|PO_0000048	allowed	curator_review_2026-09-18	1	1	1	36	Trema orientale (L.) Blume (p36): pinnately veined		accept	Curator decision D1 (Robert Hoehndorf, 2026-09-18): mint FLOPO EQ phenotype classes for the NCVC Saudi guide's PO x PATO candidates through the reviewed-combination path.
EQ|PO_0000048|PATO_0001482	PO_0000048	leaf lamina vascular system	PATO_0001482	prominent	leaf lamina vascular system prominent	A flora phenotype in which a(n) leaf lamina vascular system exhibits the quality prominent.	PHENO|PO_0000048	allowed	curator_review_2026-09-18	1	1	1	23	Tarchonanthus camphoratus L. (p23): prominent venation on the lower side		accept	Curator decision D1 (Robert Hoehndorf, 2026-09-18): mint FLOPO EQ phenotype classes for the NCVC Saudi guide's PO x PATO candidates through the reviewed-combination path.
EQ|PO_0000049|PATO_0001252	PO_0000049	leaf lamina abaxial epidermis	PATO_0001252	light grey	leaf lamina abaxial epidermis light grey	A flora phenotype in which a(n) leaf lamina abaxial epidermis exhibits the quality light grey.	PHENO|PO_0000049	allowed	curator_review_2026-09-18	1	1	1	23	Tarchonanthus camphoratus L. (p23): pale grey below		accept	Curator decision D1 (Robert Hoehndorf, 2026-09-18): mint FLOPO EQ phenotype classes for the NCVC Saudi guide's PO x PATO candidates through the reviewed-combination path.
EQ|PO_0000049|PATO_0001408	PO_0000049	leaf lamina abaxial epidermis	PATO_0001408	ciliated	leaf lamina abaxial epidermis ciliated	A flora phenotype in which a(n) leaf lamina abaxial epidermis exhibits the quality ciliated.	PHENO|PO_0000049	allowed	curator_review_2026-09-18	1	0	1	15	Avicennia marina (p15): with small hair-like cilia on the lower side		accept	Curator decision D1 (Robert Hoehndorf, 2026-09-18): mint FLOPO EQ phenotype classes for the NCVC Saudi guide's PO x PATO candidates through the reviewed-combination path.
EQ|PO_0000050|PATO_0000320	PO_0000050	leaf lamina adaxial epidermis	PATO_0000320	green	leaf lamina adaxial epidermis green	A flora phenotype in which a(n) leaf lamina adaxial epidermis exhibits the quality green.	PHENO|PO_0000050	allowed	curator_review_2026-09-18	1	1	1	15	Avicennia marina (p15): bright green on the upper side		accept	Curator decision D1 (Robert Hoehndorf, 2026-09-18): mint FLOPO EQ phenotype classes for the NCVC Saudi guide's PO x PATO candidates through the reviewed-combination path.
EQ|PO_0000050|PATO_0001373	PO_0000050	leaf lamina adaxial epidermis	PATO_0001373	glistening	leaf lamina adaxial epidermis glistening	A flora phenotype in which a(n) leaf lamina adaxial epidermis exhibits the quality glistening.	PHENO|PO_0000050	allowed	curator_review_2026-09-18	1	1	1	15	Avicennia marina (p15): glossy ... on the upper side		accept	Curator decision D1 (Robert Hoehndorf, 2026-09-18): mint FLOPO EQ phenotype classes for the NCVC Saudi guide's PO x PATO candidates through the reviewed-combination path.
EQ|PO_0000050|PATO_0104007	PO_0000050	leaf lamina adaxial epidermis	PATO_0104007	greyish green	leaf lamina adaxial epidermis greyish green	A flora phenotype in which a(n) leaf lamina adaxial epidermis exhibits the quality greyish green.	PHENO|PO_0000050	allowed	curator_review_2026-09-18	1	1	1	23	Tarchonanthus camphoratus L. (p23): grey-green above		accept	Curator decision D1 (Robert Hoehndorf, 2026-09-18): mint FLOPO EQ phenotype classes for the NCVC Saudi guide's PO x PATO candidates through the reviewed-combination path.
EQ|PO_0000282|PATO_0001164	PO_0000282	trichome	PATO_0001164	dense	trichome dense	A flora phenotype in which a(n) trichome exhibits the quality dense.	FLOPO_0000355	allowed	curator_review_2026-09-18	1	1	1	290	Indigofera amorphoides Jaub. & Spach (p290): the stem has dense sharp hairs		accept	Curator decision D1 (Robert Hoehndorf, 2026-09-18): mint FLOPO EQ phenotype classes for the NCVC Saudi guide's PO x PATO candidates through the reviewed-combination path.
EQ|PO_0000282|PATO_0001419	PO_0000282	trichome	PATO_0001419	sharp	trichome sharp	A flora phenotype in which a(n) trichome exhibits the quality sharp.	FLOPO_0000355	allowed	curator_review_2026-09-18	1	1	1	290	Indigofera amorphoides Jaub. & Spach (p290): the stem has dense sharp hairs		accept	Curator decision D1 (Robert Hoehndorf, 2026-09-18): mint FLOPO EQ phenotype classes for the NCVC Saudi guide's PO x PATO candidates through the reviewed-combination path.
EQ|PO_0004509|PATO_0000323	PO_0004509	glandular trichome	PATO_0000323	white	glandular trichome white	A flora phenotype in which a(n) glandular trichome exhibits the quality white.	PHENO|PO_0004509	allowed	curator_review_2026-09-18	1	1	1	78	Myrica salicifolia Hochst. ex A.Rich. (p78): white glandular hairs		accept	Curator decision D1 (Robert Hoehndorf, 2026-09-18): mint FLOPO EQ phenotype classes for the NCVC Saudi guide's PO x PATO candidates through the reviewed-combination path.
EQ|PO_0004509|PATO_0000467	PO_0004509	glandular trichome	PATO_0000467	present	glandular trichome present	A flora phenotype in which a(n) glandular trichome exhibits the quality present.	PHENO|PO_0004509	allowed	curator_review_2026-09-18	1	1	1	28	Ehretia obtusifolia Hochst. ex A.DC. (p28): with glandular hairs		accept	Curator decision D1 (Robert Hoehndorf, 2026-09-18): mint FLOPO EQ phenotype classes for the NCVC Saudi guide's PO x PATO candidates through the reviewed-combination path.
EQ|PO_0004509|PATO_0002117	PO_0004509	glandular trichome	PATO_0002117	glandular	glandular trichome glandular	A flora phenotype in which a(n) glandular trichome exhibits the quality glandular.	PHENO|PO_0004509	allowed	curator_review_2026-09-18	1	1	1	293	Indigofera colutea (Burm.f.) Merr. (p293): with glandular hairs		accept	Curator decision D1 (Robert Hoehndorf, 2026-09-18): mint FLOPO EQ phenotype classes for the NCVC Saudi guide's PO x PATO candidates through the reviewed-combination path.
EQ|PO_0004511|PATO_0000324	PO_0004511	seed trichome	PATO_0000324	yellow	seed trichome yellow	A flora phenotype in which a(n) seed trichome exhibits the quality yellow.	FLOPO_0000771	allowed	curator_review_2026-09-18	1	1	1	156	Baccharoides schimperi (DC.) Isawumi, El-Ghazaly & B.Nord. (p156): seeds surrounded by yellow hairs		accept	Curator decision D1 (Robert Hoehndorf, 2026-09-18): mint FLOPO EQ phenotype classes for the NCVC Saudi guide's PO x PATO candidates through the reviewed-combination path.
EQ|PO_0004518|PATO_0104010	PO_0004518	bark	PATO_0104010	papyraceous	bark papyraceous	A flora phenotype in which a(n) bark exhibits the quality papyraceous.	FLOPO_0000010	allowed	curator_review_2026-09-18	1	1	1	54	Senegalia asak (Forssk.) Kyal. & Boatwr. (p54): papery		accept	Curator decision D1 (Robert Hoehndorf, 2026-09-18): mint FLOPO EQ phenotype classes for the NCVC Saudi guide's PO x PATO candidates through the reviewed-combination path.
EQ|PO_0004545|PATO_0000622	PO_0004545	shoot-borne shoot system	PATO_0000622	erect	shoot-borne shoot system erect	A flora phenotype in which a(n) shoot-borne shoot system exhibits the quality erect.	PHENO|PO_0004545	allowed	curator_review_2026-09-18	1	1	1	302	Geranium trilophum Boiss. (p302): branches erect		accept	Curator decision D1 (Robert Hoehndorf, 2026-09-18): mint FLOPO EQ phenotype classes for the NCVC Saudi guide's PO x PATO candidates through the reviewed-combination path.
EQ|PO_0004545|PATO_0002348	PO_0004545	shoot-borne shoot system	PATO_0002348	ligneous	shoot-borne shoot system ligneous	A flora phenotype in which a(n) shoot-borne shoot system exhibits the quality ligneous.	PHENO|PO_0004545	allowed	curator_review_2026-09-18	1	0	1	309	Adenia venenata Forssk. (p309): woody branches		accept	Curator decision D1 (Robert Hoehndorf, 2026-09-18): mint FLOPO EQ phenotype classes for the NCVC Saudi guide's PO x PATO candidates through the reviewed-combination path.
EQ|PO_0005031|PATO_0000122	PO_0005031	microsporangiate strobilus	PATO_0000122	length	microsporangiate strobilus length	A flora phenotype in which a(n) microsporangiate strobilus exhibits the quality length.	PHENO|PO_0005031	allowed	curator_review_2026-09-18	1	1	1	44	Juniperus procera Hochst. ex Endl. (p44): length of the male cones 3-5 mm		accept	Curator decision D1 (Robert Hoehndorf, 2026-09-18): mint FLOPO EQ phenotype classes for the NCVC Saudi guide's PO x PATO candidates through the reviewed-combination path.
EQ|PO_0005032|PATO_0001334	PO_0005032	megasporangiate strobilus	PATO_0001334	diameter	megasporangiate strobilus diameter	A flora phenotype in which a(n) megasporangiate strobilus exhibits the quality diameter.	PHENO|PO_0005032	allowed	curator_review_2026-09-18	1	1	1	44	Juniperus procera Hochst. ex Endl. (p44): 4-8 mm in diameter		accept	Curator decision D1 (Robert Hoehndorf, 2026-09-18): mint FLOPO EQ phenotype classes for the NCVC Saudi guide's PO x PATO candidates through the reviewed-combination path.
EQ|PO_0005032|PATO_0001629	PO_0005032	megasporangiate strobilus	PATO_0001629	aggregated	megasporangiate strobilus aggregated	A flora phenotype in which a(n) megasporangiate strobilus exhibits the quality aggregated.	PHENO|PO_0005032	allowed	curator_review_2026-09-18	1	1	1	183	Ephedra foeminea Forssk. (p183): female cones axillary, clustered		accept	Curator decision D1 (Robert Hoehndorf, 2026-09-18): mint FLOPO EQ phenotype classes for the NCVC Saudi guide's PO x PATO candidates through the reviewed-combination path.
EQ|PO_0005032|PATO_0002351	PO_0005032	megasporangiate strobilus	PATO_0002351	fleshy	megasporangiate strobilus fleshy	A flora phenotype in which a(n) megasporangiate strobilus exhibits the quality fleshy.	PHENO|PO_0005032	allowed	curator_review_2026-09-18	1	1	1	43	Juniperus phoenicea L. (p43): fruits fleshy		accept	Curator decision D1 (Robert Hoehndorf, 2026-09-18): mint FLOPO EQ phenotype classes for the NCVC Saudi guide's PO x PATO candidates through the reviewed-combination path.
EQ|PO_0005032|PATO_0002476	PO_0005032	megasporangiate strobilus	PATO_0002476	terminal	megasporangiate strobilus terminal	A flora phenotype in which a(n) megasporangiate strobilus exhibits the quality terminal.	PHENO|PO_0005032	allowed	curator_review_2026-09-18	1	1	1	284	Ephedra ciliata Fisch. & C.A.Mey. (p284): at the tips of young branches		accept	Curator decision D1 (Robert Hoehndorf, 2026-09-18): mint FLOPO EQ phenotype classes for the NCVC Saudi guide's PO x PATO candidates through the reviewed-combination path.
EQ|PO_0006018|PATO_0000454	PO_0006018	leaf adaxial epidermis	PATO_0000454	hairy	leaf adaxial epidermis hairy	A flora phenotype in which a(n) leaf adaxial epidermis exhibits the quality hairy.	PHENO|PO_0006018	allowed	curator_review_2026-09-18	1	1	1	92	Prunus arabica (Olivier) Meikle (p92): with light hairs		accept	Curator decision D1 (Robert Hoehndorf, 2026-09-18): mint FLOPO EQ phenotype classes for the NCVC Saudi guide's PO x PATO candidates through the reviewed-combination path.
EQ|PO_0006019|PATO_0000950	PO_0006019	leaf abaxial epidermis	PATO_0000950	grey	leaf abaxial epidermis grey	A flora phenotype in which a(n) leaf abaxial epidermis exhibits the quality grey.	PHENO|PO_0006019	allowed	curator_review_2026-09-18	1	1	1	266	Stephanotis schimperi (Decne.) S.Reuss, Liede & Meve (p266): tending to grey on the lower surface		accept	Curator decision D1 (Robert Hoehndorf, 2026-09-18): mint FLOPO EQ phenotype classes for the NCVC Saudi guide's PO x PATO candidates through the reviewed-combination path.
EQ|PO_0006019|PATO_0001250	PO_0006019	leaf abaxial epidermis	PATO_0001250	light green	leaf abaxial epidermis light green	A flora phenotype in which a(n) leaf abaxial epidermis exhibits the quality light green.	PHENO|PO_0006019	allowed	curator_review_2026-09-18	1	1	1	112	Lepidagathis scariosa Nees (p112): lower surface light green		accept	Curator decision D1 (Robert Hoehndorf, 2026-09-18): mint FLOPO EQ phenotype classes for the NCVC Saudi guide's PO x PATO candidates through the reviewed-combination path.
EQ|PO_0006019|PATO_0002341	PO_0006019	leaf abaxial epidermis	PATO_0002341	tomentose	leaf abaxial epidermis tomentose	A flora phenotype in which a(n) leaf abaxial epidermis exhibits the quality tomentose.	PHENO|PO_0006019	allowed	curator_review_2026-09-18	1	1	1	159	Orbivestus leopoldii (Sch.Bip. ex Walp.) H.Rob. (p159): covered beneath with short woolly hair		accept	Curator decision D1 (Robert Hoehndorf, 2026-09-18): mint FLOPO EQ phenotype classes for the NCVC Saudi guide's PO x PATO candidates through the reviewed-combination path.
EQ|PO_0006034|PATO_0001412	PO_0006034	leaflet margin	PATO_0001412	unstructured	leaflet margin unstructured	A flora phenotype in which a(n) leaflet margin exhibits the quality unstructured.	FLOPO_0009903	allowed	curator_review_2026-09-18	1	1	1	95	Vepris nobilis (Delile) Mziray (p95): entire margins		accept	Curator decision D1 (Robert Hoehndorf, 2026-09-18): mint FLOPO EQ phenotype classes for the NCVC Saudi guide's PO x PATO candidates through the reviewed-combination path.
EQ|PO_0009001|PATO_0001268	PO_0009001	fruit	PATO_0001268	desaturated brown	fruit desaturated brown	A flora phenotype in which a(n) fruit exhibits the quality desaturated brown.	FLOPO_0000030	allowed	curator_review_2026-09-18	1	1	1	18	Searsia retinorrhoea (Steud. ex Oliv.) Moffett (p18): pale brown with a pinkish tinge		accept	Curator decision D1 (Robert Hoehndorf, 2026-09-18): mint FLOPO EQ phenotype classes for the NCVC Saudi guide's PO x PATO candidates through the reviewed-combination path.
EQ|PO_0009001|PATO_0001284	PO_0009001	fruit	PATO_0001284	desaturated red	fruit desaturated red	A flora phenotype in which a(n) fruit exhibits the quality desaturated red.	FLOPO_0000030	allowed	curator_review_2026-09-18	1	1	1	177	Gymnosporia parviflora (Vahl) Chiov. (p177): pale red		accept	Curator decision D1 (Robert Hoehndorf, 2026-09-18): mint FLOPO EQ phenotype classes for the NCVC Saudi guide's PO x PATO candidates through the reviewed-combination path.
EQ|PO_0009001|PATO_0001947	PO_0009001	fruit	PATO_0001947	netted	fruit netted	A flora phenotype in which a(n) fruit exhibits the quality netted.	FLOPO_0000030	allowed	curator_review_2026-09-18	1	1	1	189	Senegalia hamulosa (Benth.) Boatwr. (p189): prominently reticulate		accept	Curator decision D1 (Robert Hoehndorf, 2026-09-18): mint FLOPO EQ phenotype classes for the NCVC Saudi guide's PO x PATO candidates through the reviewed-combination path.
EQ|PO_0009001|PATO_0104079	PO_0009001	fruit	PATO_0104079	reddish purple	fruit reddish purple	A flora phenotype in which a(n) fruit exhibits the quality reddish purple.	FLOPO_0000030	allowed	curator_review_2026-09-18	1	1	1	176	Gymnosporia forsskaoliana (Sebsebe) Jordaan (p176): red tending to purple		accept	Curator decision D1 (Robert Hoehndorf, 2026-09-18): mint FLOPO EQ phenotype classes for the NCVC Saudi guide's PO x PATO candidates through the reviewed-combination path.
EQ|PO_0009006|PATO_0000950	PO_0009006	shoot system	PATO_0000950	grey	shoot system grey	A flora phenotype in which a(n) shoot system exhibits the quality grey.	FLOPO_0001313	allowed	curator_review_2026-09-18	1	1	1	155	Artemisia sieberi Besser (p155): grey foliage		accept	Curator decision D1 (Robert Hoehndorf, 2026-09-18): mint FLOPO EQ phenotype classes for the NCVC Saudi guide's PO x PATO candidates through the reviewed-combination path.
EQ|PO_0009006|PATO_0002359	PO_0009006	shoot system	PATO_0002359	broad	shoot system broad	A flora phenotype in which a(n) shoot system exhibits the quality broad.	FLOPO_0001313	allowed	curator_review_2026-09-18	1	1	1	241	Salvadora persica L. (p241): wide crown		accept	Curator decision D1 (Robert Hoehndorf, 2026-09-18): mint FLOPO EQ phenotype classes for the NCVC Saudi guide's PO x PATO candidates through the reviewed-combination path.
EQ|PO_0009010|PATO_0001286	PO_0009010	seed	PATO_0001286	desaturated yellow	seed desaturated yellow	A flora phenotype in which a(n) seed exhibits the quality desaturated yellow.	FLOPO_0000074	allowed	curator_review_2026-09-18	1	1	1	258	Justicia flava (Forssk.) Vahl (p258): pale yellow		accept	Curator decision D1 (Robert Hoehndorf, 2026-09-18): mint FLOPO EQ phenotype classes for the NCVC Saudi guide's PO x PATO candidates through the reviewed-combination path.
EQ|PO_0009010|PATO_0002430	PO_0009010	seed	PATO_0002430	strap-shaped	seed strap-shaped	A flora phenotype in which a(n) seed exhibits the quality strap-shaped.	FLOPO_0000074	allowed	curator_review_2026-09-18	1	1	1	61	Vachellia johnwoodii (Boulos) Ragup., Seigler, Ebinger & Maslin (p61): seeds strap-shaped		accept	Curator decision D1 (Robert Hoehndorf, 2026-09-18): mint FLOPO EQ phenotype classes for the NCVC Saudi guide's PO x PATO candidates through the reviewed-combination path.
EQ|PO_0009010|PATO_0104035	PO_0009010	seed	PATO_0104035	pendent	seed pendent	A flora phenotype in which a(n) seed exhibits the quality pendent.	FLOPO_0000074	allowed	curator_review_2026-09-18	1	1	1	59	Vachellia flava (Forssk.) Kyal. & Boatwr. (p59): seeds hang from the dry pods		accept	Curator decision D1 (Robert Hoehndorf, 2026-09-18): mint FLOPO EQ phenotype classes for the NCVC Saudi guide's PO x PATO candidates through the reviewed-combination path.
EQ|PO_0009046|PATO_0001251	PO_0009046	flower	PATO_0001251	dark grey	flower dark grey	A flora phenotype in which a(n) flower exhibits the quality dark grey.	FLOPO_0000122	allowed	curator_review_2026-09-18	1	0	1	294	Indigofera oblongifolia Forssk. (p294): flowers of dark grey colour		accept	Curator decision D1 (Robert Hoehndorf, 2026-09-18): mint FLOPO EQ phenotype classes for the NCVC Saudi guide's PO x PATO candidates through the reviewed-combination path.
EQ|PO_0009046|PATO_0001260	PO_0009046	flower	PATO_0001260	light purple	flower light purple	A flora phenotype in which a(n) flower exhibits the quality light purple.	FLOPO_0000122	allowed	curator_review_2026-09-18	1	1	1	77	Moringa peregrina (Forssk.) Fiori (p77): light purple		accept	Curator decision D1 (Robert Hoehndorf, 2026-09-18): mint FLOPO EQ phenotype classes for the NCVC Saudi guide's PO x PATO candidates through the reviewed-combination path.
EQ|PO_0009046|PATO_0001266	PO_0009046	flower	PATO_0001266	desaturated blue	flower desaturated blue	A flora phenotype in which a(n) flower exhibits the quality desaturated blue.	FLOPO_0000122	allowed	curator_review_2026-09-18	1	1	1	198	Teramnus repens subsp. gracilis (Chiov.) Verdc. (p198): pale blue flowers		accept	Curator decision D1 (Robert Hoehndorf, 2026-09-18): mint FLOPO EQ phenotype classes for the NCVC Saudi guide's PO x PATO candidates through the reviewed-combination path.
EQ|PO_0009046|PATO_0001566	PO_0009046	flower	PATO_0001566	distributed	flower distributed	A flora phenotype in which a(n) flower exhibits the quality distributed.	FLOPO_0000122	allowed	curator_review_2026-09-18	1	1	1	281	Commelina africana L. (p281): flowers scattered		accept	Curator decision D1 (Robert Hoehndorf, 2026-09-18): mint FLOPO EQ phenotype classes for the NCVC Saudi guide's PO x PATO candidates through the reviewed-combination path.
EQ|PO_0009046|PATO_0002191	PO_0009046	flower	PATO_0002191	aromatic	flower aromatic	A flora phenotype in which a(n) flower exhibits the quality aromatic.	FLOPO_0000122	allowed	curator_review_2026-09-18	1	1	1	25	Cordia monoica Roxb. (p25): fragrant		accept	Curator decision D1 (Robert Hoehndorf, 2026-09-18): mint FLOPO EQ phenotype classes for the NCVC Saudi guide's PO x PATO candidates through the reviewed-combination path.
EQ|PO_0009046|PATO_0002260	PO_0009046	flower	PATO_0002260	semi erect	flower semi erect	A flora phenotype in which a(n) flower exhibits the quality semi erect.	FLOPO_0000122	allowed	curator_review_2026-09-18	1	1	1	92	Prunus arabica (Olivier) Meikle (p92): nearly erect		accept	Curator decision D1 (Robert Hoehndorf, 2026-09-18): mint FLOPO EQ phenotype classes for the NCVC Saudi guide's PO x PATO candidates through the reviewed-combination path.
EQ|PO_0009046|PATO_0002430	PO_0009046	flower	PATO_0002430	strap-shaped	flower strap-shaped	A flora phenotype in which a(n) flower exhibits the quality strap-shaped.	FLOPO_0000122	allowed	curator_review_2026-09-18	1	1	1	152	Anvillea garcinii (Burm.f.) DC. (p152): flowers ligulate		accept	Curator decision D1 (Robert Hoehndorf, 2026-09-18): mint FLOPO EQ phenotype classes for the NCVC Saudi guide's PO x PATO candidates through the reviewed-combination path.
EQ|PO_0009046|PATO_0104059	PO_0009046	flower	PATO_0104059	pinkish white	flower pinkish white	A flora phenotype in which a(n) flower exhibits the quality pinkish white.	FLOPO_0000122	allowed	curator_review_2026-09-18	1	1	1	296	Lotus arabicus Sol. ex L. (p296): white tending to pink		accept	Curator decision D1 (Robert Hoehndorf, 2026-09-18): mint FLOPO EQ phenotype classes for the NCVC Saudi guide's PO x PATO candidates through the reviewed-combination path.
EQ|PO_0009046|PATO_0104151	PO_0009046	flower	PATO_0104151	dark pink	flower dark pink	A flora phenotype in which a(n) flower exhibits the quality dark pink.	FLOPO_0000122	allowed	curator_review_2026-09-18	1	1	1	297	Lotus goetzei Harms (p297): dark pink in colour		accept	Curator decision D1 (Robert Hoehndorf, 2026-09-18): mint FLOPO EQ phenotype classes for the NCVC Saudi guide's PO x PATO candidates through the reviewed-combination path.
EQ|PO_0009046|PATO_0104314	PO_0009046	flower	PATO_0104314	crimson	flower crimson	A flora phenotype in which a(n) flower exhibits the quality crimson.	FLOPO_0000122	allowed	curator_review_2026-09-18	1	1	1	212	Hibiscus deflersii Schweinf. ex Cufod. (p212): dark crimson red		accept	Curator decision D1 (Robert Hoehndorf, 2026-09-18): mint FLOPO EQ phenotype classes for the NCVC Saudi guide's PO x PATO candidates through the reviewed-combination path.
EQ|PO_0009047|PATO_0000327	PO_0009047	stem	PATO_0000327	low brightness	stem low brightness	A flora phenotype in which a(n) stem exhibits the quality low brightness.	FLOPO_0000001	allowed	curator_review_2026-09-18	1	1	1	54	Senegalia asak (Forssk.) Kyal. & Boatwr. (p54): main stem dark		accept	Curator decision D1 (Robert Hoehndorf, 2026-09-18): mint FLOPO EQ phenotype classes for the NCVC Saudi guide's PO x PATO candidates through the reviewed-combination path.
EQ|PO_0009047|PATO_0001251	PO_0009047	stem	PATO_0001251	dark grey	stem dark grey	A flora phenotype in which a(n) stem exhibits the quality dark grey.	FLOPO_0000001	allowed	curator_review_2026-09-18	1	1	1	58	Vachellia etbaica (Schweinf.) Kyal. & Boatwr. (p58): trunk dark grey		accept	Curator decision D1 (Robert Hoehndorf, 2026-09-18): mint FLOPO EQ phenotype classes for the NCVC Saudi guide's PO x PATO candidates through the reviewed-combination path.
EQ|PO_0009047|PATO_0104031	PO_0009047	stem	PATO_0104031	cream	stem cream	A flora phenotype in which a(n) stem exhibits the quality cream.	FLOPO_0000001	allowed	curator_review_2026-09-18	1	1	1	84	Pittosporum viridiflorum Sims (p84): pale cream in colour		accept	Curator decision D1 (Robert Hoehndorf, 2026-09-18): mint FLOPO EQ phenotype classes for the NCVC Saudi guide's PO x PATO candidates through the reviewed-combination path.
EQ|PO_0009049|PATO_0001262	PO_0009049	inflorescence	PATO_0001262	light red	inflorescence light red	A flora phenotype in which a(n) inflorescence exhibits the quality light red.	FLOPO_0000034	allowed	curator_review_2026-09-18	1	0	1	160	Pluchea dioscoridis (L.) DC. (p160): light red in colour		accept	Curator decision D1 (Robert Hoehndorf, 2026-09-18): mint FLOPO EQ phenotype classes for the NCVC Saudi guide's PO x PATO candidates through the reviewed-combination path.
EQ|PO_0009049|PATO_0001331	PO_0009049	inflorescence	PATO_0001331	odorous	inflorescence odorous	A flora phenotype in which a(n) inflorescence exhibits the quality odorous.	FLOPO_0000034	allowed	curator_review_2026-09-18	1	1	1	160	Pluchea dioscoridis (L.) DC. (p160): with an aromatic scent		accept	Curator decision D1 (Robert Hoehndorf, 2026-09-18): mint FLOPO EQ phenotype classes for the NCVC Saudi guide's PO x PATO candidates through the reviewed-combination path.
EQ|PO_0009058|PATO_0104032	PO_0009058	perianth	PATO_0104032	coriaceous	perianth coriaceous	A flora phenotype in which a(n) perianth exhibits the quality coriaceous.	FLOPO_0000097	allowed	curator_review_2026-09-18	1	1	1	124	Haloxylon persicum Bunge (p124): leathery perianth		accept	Curator decision D1 (Robert Hoehndorf, 2026-09-18): mint FLOPO EQ phenotype classes for the NCVC Saudi guide's PO x PATO candidates through the reviewed-combination path.
EQ|PO_0009081|PATO_0000122	PO_0009081	higher order inflorescence axis	PATO_0000122	length	higher order inflorescence axis length	A flora phenotype in which a(n) higher order inflorescence axis exhibits the quality length.	PHENO|PO_0009081	allowed	curator_review_2026-09-18	1	1	1	135	Deverra triradiata subsp. musilii Hochst. ex Boiss. (p135): 8-25 mm long		accept	Curator decision D1 (Robert Hoehndorf, 2026-09-18): mint FLOPO EQ phenotype classes for the NCVC Saudi guide's PO x PATO candidates through the reviewed-combination path.
EQ|PO_0009088|PATO_0000700	PO_0009088	seed coat	PATO_0000700	rough	seed coat rough	A flora phenotype in which a(n) seed coat exhibits the quality rough.	FLOPO_0002904	allowed	curator_review_2026-09-18	1	1	1	249	Withania somnifera (L.) Dunal (p249): rough surface		accept	Curator decision D1 (Robert Hoehndorf, 2026-09-18): mint FLOPO EQ phenotype classes for the NCVC Saudi guide's PO x PATO candidates through the reviewed-combination path.
EQ|PO_0009088|PATO_0001759	PO_0009088	seed coat	PATO_0001759	granular	seed coat granular	A flora phenotype in which a(n) seed coat exhibits the quality granular.	FLOPO_0002904	allowed	curator_review_2026-09-18	1	1	1	249	Withania somnifera (L.) Dunal (p249): granular surface		accept	Curator decision D1 (Robert Hoehndorf, 2026-09-18): mint FLOPO EQ phenotype classes for the NCVC Saudi guide's PO x PATO candidates through the reviewed-combination path.
EQ|PO_0020038|PATO_0002348	PO_0020038	petiole	PATO_0002348	ligneous	petiole ligneous	A flora phenotype in which a(n) petiole exhibits the quality ligneous.	FLOPO_0000117	allowed	curator_review_2026-09-18	1	1	1	20	Hyphaene thebaica (p20): petioles woody		accept	Curator decision D1 (Robert Hoehndorf, 2026-09-18): mint FLOPO EQ phenotype classes for the NCVC Saudi guide's PO x PATO candidates through the reviewed-combination path.
EQ|PO_0020038|PATO_0070059	PO_0020038	petiole	PATO_0070059	rusty	petiole rusty	A flora phenotype in which a(n) petiole exhibits the quality rusty.	FLOPO_0000117	allowed	curator_review_2026-09-18	1	1	1	211	Grewia velutina (Forssk.) Lam. (p211): rusty petiole		accept	Curator decision D1 (Robert Hoehndorf, 2026-09-18): mint FLOPO EQ phenotype classes for the NCVC Saudi guide's PO x PATO candidates through the reviewed-combination path.
EQ|PO_0020039|PATO_0000454	PO_0020039	leaf lamina	PATO_0000454	hairy	leaf lamina hairy	A flora phenotype in which a(n) leaf lamina exhibits the quality hairy.	FLOPO_0001059	allowed	curator_review_2026-09-18	1	1	1	40	Maytenus undata (Thunb.) Blakelock (p40): with hairs		accept	Curator decision D1 (Robert Hoehndorf, 2026-09-18): mint FLOPO EQ phenotype classes for the NCVC Saudi guide's PO x PATO candidates through the reviewed-combination path.
EQ|PO_0020039|PATO_0002241	PO_0020039	leaf lamina	PATO_0002241	trilobed	leaf lamina trilobed	A flora phenotype in which a(n) leaf lamina exhibits the quality trilobed.	FLOPO_0001059	allowed	curator_review_2026-09-18	1	1	1	135	Deverra triradiata subsp. musilii Hochst. ex Boiss. (p135): the blade is three-lobed		accept	Curator decision D1 (Robert Hoehndorf, 2026-09-18): mint FLOPO EQ phenotype classes for the NCVC Saudi guide's PO x PATO candidates through the reviewed-combination path.
EQ|PO_0020040|PATO_0000616	PO_0020040	leaf base	PATO_0000616	asymmetrical	leaf base asymmetrical	A flora phenotype in which a(n) leaf base exhibits the quality asymmetrical.	FLOPO_0004152	allowed	curator_review_2026-09-18	1	1	1	299	Rhynchosia minima (L.) DC. (p299): usually oblique at the base		accept	Curator decision D1 (Robert Hoehndorf, 2026-09-18): mint FLOPO EQ phenotype classes for the NCVC Saudi guide's PO x PATO candidates through the reviewed-combination path.
EQ|PO_0020041|PATO_0001419	PO_0020041	stipule	PATO_0001419	sharp	stipule sharp	A flora phenotype in which a(n) stipule exhibits the quality sharp.	FLOPO_0000167	allowed	curator_review_2026-09-18	1	1	1	172	Capparis spinosa var. aegyptia (Lam.) Boiss. (p172): stipules sharp		accept	Curator decision D1 (Robert Hoehndorf, 2026-09-18): mint FLOPO EQ phenotype classes for the NCVC Saudi guide's PO x PATO candidates through the reviewed-combination path.
EQ|PO_0020043|PATO_0000122	PO_0020043	compound leaf	PATO_0000122	length	compound leaf length	A flora phenotype in which a(n) compound leaf exhibits the quality length.	PHENO|PO_0020043	allowed	curator_review_2026-09-18	1	1	1	50	Delonix elata (L.) Gamble (p50): dimensions (20 cm and 16 cm)		accept	Curator decision D1 (Robert Hoehndorf, 2026-09-18): mint FLOPO EQ phenotype classes for the NCVC Saudi guide's PO x PATO candidates through the reviewed-combination path.
EQ|PO_0020043|PATO_0000921	PO_0020043	compound leaf	PATO_0000921	width	compound leaf width	A flora phenotype in which a(n) compound leaf exhibits the quality width.	PHENO|PO_0020043	allowed	curator_review_2026-09-18	1	1	1	50	Delonix elata (L.) Gamble (p50): dimensions (20 cm and 16 cm)		accept	Curator decision D1 (Robert Hoehndorf, 2026-09-18): mint FLOPO EQ phenotype classes for the NCVC Saudi guide's PO x PATO candidates through the reviewed-combination path.
EQ|PO_0020049|PATO_0001154	PO_0020049	leaflet	PATO_0001154	elongated	leaflet elongated	A flora phenotype in which a(n) leaflet exhibits the quality elongated.	FLOPO_0000045	allowed	curator_review_2026-09-18	1	1	1	18	Searsia retinorrhoea (Steud. ex Oliv.) Moffett (p18): elongate		accept	Curator decision D1 (Robert Hoehndorf, 2026-09-18): mint FLOPO EQ phenotype classes for the NCVC Saudi guide's PO x PATO candidates through the reviewed-combination path.
EQ|PO_0020049|PATO_0001412	PO_0020049	leaflet	PATO_0001412	unstructured	leaflet unstructured	A flora phenotype in which a(n) leaflet exhibits the quality unstructured.	FLOPO_0000045	allowed	curator_review_2026-09-18	1	1	1	29	Commiphora gileadensis (L.) C.Chr. (p29): entire-margined		accept	Curator decision D1 (Robert Hoehndorf, 2026-09-18): mint FLOPO EQ phenotype classes for the NCVC Saudi guide's PO x PATO candidates through the reviewed-combination path.
EQ|PO_0020049|PATO_0002445	PO_0020049	leaflet	PATO_0002445	torsioned	leaflet torsioned	A flora phenotype in which a(n) leaflet exhibits the quality torsioned.	FLOPO_0000045	allowed	curator_review_2026-09-18	1	1	1	16	Pistacia falcata Becc. (p16): indirectly twisted at the base		accept	Curator decision D1 (Robert Hoehndorf, 2026-09-18): mint FLOPO EQ phenotype classes for the NCVC Saudi guide's PO x PATO candidates through the reviewed-combination path.
EQ|PO_0020061|PATO_0000467	PO_0020061	coma	PATO_0000467	present	coma present	A flora phenotype in which a(n) coma exhibits the quality present.	FLOPO_0006033	allowed	curator_review_2026-09-18	1	1	1	105	Tamarix nilotica (Ehrenb.) Bunge (p105): with a tuft of hair at the edge		accept	Curator decision D1 (Robert Hoehndorf, 2026-09-18): mint FLOPO EQ phenotype classes for the NCVC Saudi guide's PO x PATO candidates through the reviewed-combination path.
EQ|PO_0020121|PATO_0000467	PO_0020121	lateral root	PATO_0000467	present	lateral root present	A flora phenotype in which a(n) lateral root exhibits the quality present.	FLOPO_0022504	allowed	curator_review_2026-09-18	1	1	1	271	Pulicaria undulata subsp. undulata (p271): roots lateral		accept	Curator decision D1 (Robert Hoehndorf, 2026-09-18): mint FLOPO EQ phenotype classes for the NCVC Saudi guide's PO x PATO candidates through the reviewed-combination path.
EQ|PO_0020122|PATO_0000122	PO_0020122	inflorescence axis	PATO_0000122	length	inflorescence axis length	A flora phenotype in which a(n) inflorescence axis exhibits the quality length.	FLOPO_0003216	allowed	curator_review_2026-09-18	1	1	1	53	Prosopis koelziana Burkart (p53): on a rachis 1 cm long		accept	Curator decision D1 (Robert Hoehndorf, 2026-09-18): mint FLOPO EQ phenotype classes for the NCVC Saudi guide's PO x PATO candidates through the reviewed-combination path.
EQ|PO_0020128|PATO_0000323	PO_0020128	leaf margin	PATO_0000323	white	leaf margin white	A flora phenotype in which a(n) leaf margin exhibits the quality white.	FLOPO_0003919	allowed	curator_review_2026-09-18	1	1	1	135	Deverra triradiata subsp. musilii Hochst. ex Boiss. (p135): the leaves have broad white margins		accept	Curator decision D1 (Robert Hoehndorf, 2026-09-18): mint FLOPO EQ phenotype classes for the NCVC Saudi guide's PO x PATO candidates through the reviewed-combination path.
EQ|PO_0020128|PATO_0001365	PO_0020128	leaf margin	PATO_0001365	spiny	leaf margin spiny	A flora phenotype in which a(n) leaf margin exhibits the quality spiny.	FLOPO_0003919	allowed	curator_review_2026-09-18	1	1	1	82	Pandanus tectorius Parkinson (p82): with short spines		accept	Curator decision D1 (Robert Hoehndorf, 2026-09-18): mint FLOPO EQ phenotype classes for the NCVC Saudi guide's PO x PATO candidates through the reviewed-combination path.
EQ|PO_0020128|PATO_0001594	PO_0020128	leaf margin	PATO_0001594	arched	leaf margin arched	A flora phenotype in which a(n) leaf margin exhibits the quality arched.	FLOPO_0003919	allowed	curator_review_2026-09-18	1	1	1	82	Pandanus tectorius Parkinson (p82): leaf margins arched		accept	Curator decision D1 (Robert Hoehndorf, 2026-09-18): mint FLOPO EQ phenotype classes for the NCVC Saudi guide's PO x PATO candidates through the reviewed-combination path.
EQ|PO_0020128|PATO_0001786	PO_0020128	leaf margin	PATO_0001786	split	leaf margin split	A flora phenotype in which a(n) leaf margin exhibits the quality split.	FLOPO_0003919	allowed	curator_review_2026-09-18	1	1	1	311	Calamagrostis arenaria (L.) Roth (p311): split to irregularly torn at the margin		accept	Curator decision D1 (Robert Hoehndorf, 2026-09-18): mint FLOPO EQ phenotype classes for the NCVC Saudi guide's PO x PATO candidates through the reviewed-combination path.
EQ|PO_0020137|PATO_0001365	PO_0020137	leaf apex	PATO_0001365	spiny	leaf apex spiny	A flora phenotype in which a(n) leaf apex exhibits the quality spiny.	FLOPO_0006206	allowed	curator_review_2026-09-18	1	1	1	122	Cornulaca monacantha Delile (p122): with a spiny apex		accept	Curator decision D1 (Robert Hoehndorf, 2026-09-18): mint FLOPO EQ phenotype classes for the NCVC Saudi guide's PO x PATO candidates through the reviewed-combination path.
EQ|PO_0020137|PATO_0001500	PO_0020137	leaf apex	PATO_0001500	tapered	leaf apex tapered	A flora phenotype in which a(n) leaf apex exhibits the quality tapered.	FLOPO_0006206	allowed	curator_review_2026-09-18	1	1	1	147	Dracaena hanningtonii Baker (p147): tapering at the apex		accept	Curator decision D1 (Robert Hoehndorf, 2026-09-18): mint FLOPO EQ phenotype classes for the NCVC Saudi guide's PO x PATO candidates through the reviewed-combination path.
EQ|PO_0025008|PATO_0104013	PO_0025008	petal margin	PATO_0104013	greenish yellow	petal margin greenish yellow	A flora phenotype in which a(n) petal margin exhibits the quality greenish yellow.	PHENO|PO_0025008	allowed	curator_review_2026-09-18	1	1	1	144	Periploca visciformis (Vatke) K.Schum. (p144): corolla petals have greenish-yellow margins		accept	Curator decision D1 (Robert Hoehndorf, 2026-09-18): mint FLOPO EQ phenotype classes for the NCVC Saudi guide's PO x PATO candidates through the reviewed-combination path.
EQ|PO_0025025|PATO_0001855	PO_0025025	root system	PATO_0001855	horizontal	root system horizontal	A flora phenotype in which a(n) root system exhibits the quality horizontal.	FLOPO_0015281	allowed	curator_review_2026-09-18	1	1	1	303	Iris florentina L. (p303): thick, horizontal root system		accept	Curator decision D1 (Robert Hoehndorf, 2026-09-18): mint FLOPO EQ phenotype classes for the NCVC Saudi guide's PO x PATO candidates through the reviewed-combination path.
EQ|PO_0025034|PATO_0000327	PO_0025034	leaf	PATO_0000327	low brightness	leaf low brightness	A flora phenotype in which a(n) leaf exhibits the quality low brightness.	FLOPO_0000004	allowed	curator_review_2026-09-18	1	1	1	86	Phyllogeiton discolor (Klotzsch) Herzog (p86): dark beneath		accept	Curator decision D1 (Robert Hoehndorf, 2026-09-18): mint FLOPO EQ phenotype classes for the NCVC Saudi guide's PO x PATO candidates through the reviewed-combination path.
EQ|PO_0025034|PATO_0001359	PO_0025034	leaf	PATO_0001359	rugose	leaf rugose	A flora phenotype in which a(n) leaf exhibits the quality rugose.	FLOPO_0000004	allowed	curator_review_2026-09-18	1	1	1	251	Lantana rugosa Thunb. (p251): much wrinkled		accept	Curator decision D1 (Robert Hoehndorf, 2026-09-18): mint FLOPO EQ phenotype classes for the NCVC Saudi guide's PO x PATO candidates through the reviewed-combination path.
EQ|PO_0025034|PATO_0002226	PO_0025034	leaf	PATO_0002226	subcylindrical	leaf subcylindrical	A flora phenotype in which a(n) leaf exhibits the quality subcylindrical.	FLOPO_0000004	allowed	curator_review_2026-09-18	1	1	1	147	Dracaena hanningtonii Baker (p147): subcylindrical		accept	Curator decision D1 (Robert Hoehndorf, 2026-09-18): mint FLOPO EQ phenotype classes for the NCVC Saudi guide's PO x PATO candidates through the reviewed-combination path.
EQ|PO_0025034|PATO_0002235	PO_0025034	leaf	PATO_0002235	blade-like	leaf blade-like	A flora phenotype in which a(n) leaf exhibits the quality blade-like.	FLOPO_0000004	allowed	curator_review_2026-09-18	1	1	1	21	Dracaena ombet (p21): leaves sword-shaped		accept	Curator decision D1 (Robert Hoehndorf, 2026-09-18): mint FLOPO EQ phenotype classes for the NCVC Saudi guide's PO x PATO candidates through the reviewed-combination path.
EQ|PO_0025034|PATO_0002430	PO_0025034	leaf	PATO_0002430	strap-shaped	leaf strap-shaped	A flora phenotype in which a(n) leaf exhibits the quality strap-shaped.	FLOPO_0000004	allowed	curator_review_2026-09-18	1	1	1	260	Crinum album (Forssk.) Herb. (p260): leaves strap-shaped		accept	Curator decision D1 (Robert Hoehndorf, 2026-09-18): mint FLOPO EQ phenotype classes for the NCVC Saudi guide's PO x PATO candidates through the reviewed-combination path.
EQ|PO_0025034|PATO_0104114	PO_0025034	leaf	PATO_0104114	yellowish green	leaf yellowish green	A flora phenotype in which a(n) leaf exhibits the quality yellowish green.	FLOPO_0000004	allowed	curator_review_2026-09-18	1	1	1	18	Searsia retinorrhoea (Steud. ex Oliv.) Moffett (p18): yellowish-green		accept	Curator decision D1 (Robert Hoehndorf, 2026-09-18): mint FLOPO EQ phenotype classes for the NCVC Saudi guide's PO x PATO candidates through the reviewed-combination path.
EQ|PO_0025034|PATO_0104123	PO_0025034	leaf	PATO_0104123	deep green	leaf deep green	A flora phenotype in which a(n) leaf exhibits the quality deep green.	FLOPO_0000004	allowed	curator_review_2026-09-18	1	1	1	98	Dobera glabra (Forssk.) Juss. ex Poir. (p98): leaves intensely green		accept	Curator decision D1 (Robert Hoehndorf, 2026-09-18): mint FLOPO EQ phenotype classes for the NCVC Saudi guide's PO x PATO candidates through the reviewed-combination path.
EQ|PO_0025073|PATO_0001251	PO_0025073	branch	PATO_0001251	dark grey	branch dark grey	A flora phenotype in which a(n) branch exhibits the quality dark grey.	FLOPO_0000100	allowed	curator_review_2026-09-18	1	1	1	18	Searsia retinorrhoea (Steud. ex Oliv.) Moffett (p18): branches usually dark grey		accept	Curator decision D1 (Robert Hoehndorf, 2026-09-18): mint FLOPO EQ phenotype classes for the NCVC Saudi guide's PO x PATO candidates through the reviewed-combination path.
EQ|PO_0025073|PATO_0001252	PO_0025073	branch	PATO_0001252	light grey	branch light grey	A flora phenotype in which a(n) branch exhibits the quality light grey.	FLOPO_0000100	allowed	curator_review_2026-09-18	1	1	1	91	Rhizophora mucronata Poir. (p91): light grey		accept	Curator decision D1 (Robert Hoehndorf, 2026-09-18): mint FLOPO EQ phenotype classes for the NCVC Saudi guide's PO x PATO candidates through the reviewed-combination path.
EQ|PO_0025073|PATO_0001272	PO_0025073	branch	PATO_0001272	desaturated green	branch desaturated green	A flora phenotype in which a(n) branch exhibits the quality desaturated green.	FLOPO_0000100	allowed	curator_review_2026-09-18	1	1	1	190	Senna alexandrina Mill. (p190): pale green branches		accept	Curator decision D1 (Robert Hoehndorf, 2026-09-18): mint FLOPO EQ phenotype classes for the NCVC Saudi guide's PO x PATO candidates through the reviewed-combination path.
EQ|PO_0025073|PATO_0001284	PO_0025073	branch	PATO_0001284	desaturated red	branch desaturated red	A flora phenotype in which a(n) branch exhibits the quality desaturated red.	FLOPO_0000100	allowed	curator_review_2026-09-18	1	1	1	178	Gymnosporia senegalensis (Lam.) Loes. (p178): branches pale red		accept	Curator decision D1 (Robert Hoehndorf, 2026-09-18): mint FLOPO EQ phenotype classes for the NCVC Saudi guide's PO x PATO candidates through the reviewed-combination path.
EQ|PO_0025073|PATO_0001802	PO_0025073	branch	PATO_0001802	loose	branch loose	A flora phenotype in which a(n) branch exhibits the quality loose.	FLOPO_0000100	allowed	curator_review_2026-09-18	1	1	1	289	Abrus bottae Deflers (p289): lax branches		accept	Curator decision D1 (Robert Hoehndorf, 2026-09-18): mint FLOPO EQ phenotype classes for the NCVC Saudi guide's PO x PATO candidates through the reviewed-combination path.
EQ|PO_0025073|PATO_0001846	PO_0025073	branch	PATO_0001846	tangled	branch tangled	A flora phenotype in which a(n) branch exhibits the quality tangled.	FLOPO_0000100	allowed	curator_review_2026-09-18	1	1	1	170	Capparis decidua (Forssk.) Edgew. (p170): branches tangled		accept	Curator decision D1 (Robert Hoehndorf, 2026-09-18): mint FLOPO EQ phenotype classes for the NCVC Saudi guide's PO x PATO candidates through the reviewed-combination path.
EQ|PO_0025073|PATO_0001989	PO_0025073	branch	PATO_0001989	sinuous	branch sinuous	A flora phenotype in which a(n) branch exhibits the quality sinuous.	FLOPO_0000100	allowed	curator_review_2026-09-18	1	1	1	209	Grewia tembensis Fresen. (p209): zigzag		accept	Curator decision D1 (Robert Hoehndorf, 2026-09-18): mint FLOPO EQ phenotype classes for the NCVC Saudi guide's PO x PATO candidates through the reviewed-combination path.
EQ|PO_0025073|PATO_0002310	PO_0025073	branch	PATO_0002310	robust	branch robust	A flora phenotype in which a(n) branch exhibits the quality robust.	FLOPO_0000100	allowed	curator_review_2026-09-18	1	1	1	47	Erica arborea L. (p47): large, sturdy		accept	Curator decision D1 (Robert Hoehndorf, 2026-09-18): mint FLOPO EQ phenotype classes for the NCVC Saudi guide's PO x PATO candidates through the reviewed-combination path.
EQ|PO_0025073|PATO_0104020	PO_0025073	branch	PATO_0104020	blue green	branch blue green	A flora phenotype in which a(n) branch exhibits the quality blue green.	FLOPO_0000100	allowed	curator_review_2026-09-18	1	1	1	133	Deverra tortuosa (Desf.) DC. (p133): bluish-green in colour		accept	Curator decision D1 (Robert Hoehndorf, 2026-09-18): mint FLOPO EQ phenotype classes for the NCVC Saudi guide's PO x PATO candidates through the reviewed-combination path.
EQ|PO_0025073|PATO_0104311	PO_0025073	branch	PATO_0104311	purplish red	branch purplish red	A flora phenotype in which a(n) branch exhibits the quality purplish red.	FLOPO_0000100	allowed	curator_review_2026-09-18	1	1	1	59	Vachellia flava (Forssk.) Kyal. & Boatwr. (p59): branches purplish red		accept	Curator decision D1 (Robert Hoehndorf, 2026-09-18): mint FLOPO EQ phenotype classes for the NCVC Saudi guide's PO x PATO candidates through the reviewed-combination path.
EQ|PO_0025083|PATO_0000122	PO_0025083	strobilus	PATO_0000122	length	strobilus length	A flora phenotype in which a(n) strobilus exhibits the quality length.	FLOPO_0005201	allowed	curator_review_2026-09-18	1	1	1	43	Juniperus phoenicea L. (p43): 6-14 mm long		accept	Curator decision D1 (Robert Hoehndorf, 2026-09-18): mint FLOPO EQ phenotype classes for the NCVC Saudi guide's PO x PATO candidates through the reviewed-combination path.
EQ|PO_0025083|PATO_0000323	PO_0025083	strobilus	PATO_0000323	white	strobilus white	A flora phenotype in which a(n) strobilus exhibits the quality white.	FLOPO_0005201	allowed	curator_review_2026-09-18	1	1	1	284	Ephedra ciliata Fisch. & C.A.Mey. (p284): white		accept	Curator decision D1 (Robert Hoehndorf, 2026-09-18): mint FLOPO EQ phenotype classes for the NCVC Saudi guide's PO x PATO candidates through the reviewed-combination path.
EQ|PO_0025083|PATO_0000952	PO_0025083	strobilus	PATO_0000952	brown	strobilus brown	A flora phenotype in which a(n) strobilus exhibits the quality brown.	FLOPO_0005201	allowed	curator_review_2026-09-18	1	1	1	43	Juniperus phoenicea L. (p43): flowers brown in form		accept	Curator decision D1 (Robert Hoehndorf, 2026-09-18): mint FLOPO EQ phenotype classes for the NCVC Saudi guide's PO x PATO candidates through the reviewed-combination path.
EQ|PO_0025083|PATO_0000953	PO_0025083	strobilus	PATO_0000953	orange	strobilus orange	A flora phenotype in which a(n) strobilus exhibits the quality orange.	FLOPO_0005201	allowed	curator_review_2026-09-18	1	1	1	184	Ephedra pachyclada Boiss. (p184): cones orange		accept	Curator decision D1 (Robert Hoehndorf, 2026-09-18): mint FLOPO EQ phenotype classes for the NCVC Saudi guide's PO x PATO candidates through the reviewed-combination path.
EQ|PO_0025083|PATO_0001354	PO_0025083	strobilus	PATO_0001354	translucent	strobilus translucent	A flora phenotype in which a(n) strobilus exhibits the quality translucent.	FLOPO_0005201	allowed	curator_review_2026-09-18	1	1	1	284	Ephedra ciliata Fisch. & C.A.Mey. (p284): translucent, grape-like		accept	Curator decision D1 (Robert Hoehndorf, 2026-09-18): mint FLOPO EQ phenotype classes for the NCVC Saudi guide's PO x PATO candidates through the reviewed-combination path.
EQ|PO_0025083|PATO_0001499	PO_0025083	strobilus	PATO_0001499	spherical	strobilus spherical	A flora phenotype in which a(n) strobilus exhibits the quality spherical.	FLOPO_0005201	allowed	curator_review_2026-09-18	1	1	1	184	Ephedra pachyclada Boiss. (p184): the small cones spherical		accept	Curator decision D1 (Robert Hoehndorf, 2026-09-18): mint FLOPO EQ phenotype classes for the NCVC Saudi guide's PO x PATO candidates through the reviewed-combination path.
EQ|PO_0025083|PATO_0002351	PO_0025083	strobilus	PATO_0002351	fleshy	strobilus fleshy	A flora phenotype in which a(n) strobilus exhibits the quality fleshy.	FLOPO_0005201	allowed	curator_review_2026-09-18	1	1	1	284	Ephedra ciliata Fisch. & C.A.Mey. (p284): fruit fleshy		accept	Curator decision D1 (Robert Hoehndorf, 2026-09-18): mint FLOPO EQ phenotype classes for the NCVC Saudi guide's PO x PATO candidates through the reviewed-combination path.
EQ|PO_0025169|PATO_0002310	PO_0025169	prickle	PATO_0002310	robust	prickle robust	A flora phenotype in which a(n) prickle exhibits the quality robust.	FLOPO_0001626	allowed	curator_review_2026-09-18	1	0	1	54	Senegalia asak (Forssk.) Kyal. & Boatwr. (p54): strong		accept	Curator decision D1 (Robert Hoehndorf, 2026-09-18): mint FLOPO EQ phenotype classes for the NCVC Saudi guide's PO x PATO candidates through the reviewed-combination path.
EQ|PO_0025172|PATO_0001245	PO_0025172	thorn	PATO_0001245	dark brown	thorn dark brown	A flora phenotype in which a(n) thorn exhibits the quality dark brown.	FLOPO_0001761	allowed	curator_review_2026-09-18	1	1	1	56	Senegalia mellifera (Benth.) Seigler & Ebinger (p56): dark brown		accept	Curator decision D1 (Robert Hoehndorf, 2026-09-18): mint FLOPO EQ phenotype classes for the NCVC Saudi guide's PO x PATO candidates through the reviewed-combination path.
EQ|PO_0025172|PATO_0002310	PO_0025172	thorn	PATO_0002310	robust	thorn robust	A flora phenotype in which a(n) thorn exhibits the quality robust.	FLOPO_0001761	allowed	curator_review_2026-09-18	1	1	1	56	Senegalia mellifera (Benth.) Seigler & Ebinger (p56): strong		accept	Curator decision D1 (Robert Hoehndorf, 2026-09-18): mint FLOPO EQ phenotype classes for the NCVC Saudi guide's PO x PATO candidates through the reviewed-combination path.
EQ|PO_0025172|PATO_0104016	PO_0025172	thorn	PATO_0104016	terete	thorn terete	A flora phenotype in which a(n) thorn exhibits the quality terete.	FLOPO_0001761	allowed	curator_review_2026-09-18	1	1	1	59	Vachellia flava (Forssk.) Kyal. & Boatwr. (p59): thorns round		accept	Curator decision D1 (Robert Hoehndorf, 2026-09-18): mint FLOPO EQ phenotype classes for the NCVC Saudi guide's PO x PATO candidates through the reviewed-combination path.
EQ|PO_0025174|PATO_0001419	PO_0025174	spine stipule	PATO_0001419	sharp	spine stipule sharp	A flora phenotype in which a(n) spine stipule exhibits the quality sharp.	PHENO|PO_0025174	allowed	curator_review_2026-09-18	1	1	1	171	Capparis spinosa L. (p171): pairs of small, sharp spines modified from stipules		accept	Curator decision D1 (Robert Hoehndorf, 2026-09-18): mint FLOPO EQ phenotype classes for the NCVC Saudi guide's PO x PATO candidates through the reviewed-combination path.
EQ|PO_0025174|PATO_0002149	PO_0025174	spine stipule	PATO_0002149	ivory	spine stipule ivory	A flora phenotype in which a(n) spine stipule exhibits the quality ivory.	PHENO|PO_0025174	allowed	curator_review_2026-09-18	1	1	1	60	Vachellia gerrardii var. najdensis (Chaudhary) Ragup., Seigler, Ebinger & Maslin (p60): ivory-coloured		accept	Curator decision D1 (Robert Hoehndorf, 2026-09-18): mint FLOPO EQ phenotype classes for the NCVC Saudi guide's PO x PATO candidates through the reviewed-combination path.
EQ|PO_0025174|PATO_0002180	PO_0025174	spine stipule	PATO_0002180	straight	spine stipule straight	A flora phenotype in which a(n) spine stipule exhibits the quality straight.	PHENO|PO_0025174	allowed	curator_review_2026-09-18	1	1	1	89	Ziziphus nummularia (Burm.f.) Wight & Arn. (p89): straight		accept	Curator decision D1 (Robert Hoehndorf, 2026-09-18): mint FLOPO EQ phenotype classes for the NCVC Saudi guide's PO x PATO candidates through the reviewed-combination path.
EQ|PO_0025174|PATO_0002215	PO_0025174	spine stipule	PATO_0002215	falciform	spine stipule falciform	A flora phenotype in which a(n) spine stipule exhibits the quality falciform.	PHENO|PO_0025174	allowed	curator_review_2026-09-18	1	1	1	173	Capparis tomentosa Lam. (p173): stipules bearing a pair of hooked spines		accept	Curator decision D1 (Robert Hoehndorf, 2026-09-18): mint FLOPO EQ phenotype classes for the NCVC Saudi guide's PO x PATO candidates through the reviewed-combination path.
EQ|PO_0025248|PATO_0000122	PO_0025248	pseudostem	PATO_0000122	length	pseudostem length	A flora phenotype in which a(n) pseudostem exhibits the quality length.	FLOPO_0003413	allowed	curator_review_2026-09-18	1	1	1	261	Scadoxus multiflorus (Martyn) Raf. (p261): 25–40 cm long		accept	Curator decision D1 (Robert Hoehndorf, 2026-09-18): mint FLOPO EQ phenotype classes for the NCVC Saudi guide's PO x PATO candidates through the reviewed-combination path.
EQ|PO_0025355|PATO_0005014	PO_0025355	corm	PATO_0005014	subspherical	corm subspherical	A flora phenotype in which a(n) corm exhibits the quality subspherical.	FLOPO_0002487	allowed	curator_review_2026-09-18	1	1	1	304	Moraea sisyrinchium (L.) Ker Gawl. (p304): subspherical corm		accept	Curator decision D1 (Robert Hoehndorf, 2026-09-18): mint FLOPO EQ phenotype classes for the NCVC Saudi guide's PO x PATO candidates through the reviewed-combination path.
EQ|PO_0025600|PATO_0000323	PO_0025600	staminate flower	PATO_0000323	white	staminate flower white	A flora phenotype in which a(n) staminate flower exhibits the quality white.	PHENO|PO_0025600	allowed	curator_review_2026-09-18	1	1	1	82	Pandanus tectorius Parkinson (p82): male flowers yellowish white		accept	Curator decision D1 (Robert Hoehndorf, 2026-09-18): mint FLOPO EQ phenotype classes for the NCVC Saudi guide's PO x PATO candidates through the reviewed-combination path.
EQ|PO_0025600|PATO_0001334	PO_0025600	staminate flower	PATO_0001334	diameter	staminate flower diameter	A flora phenotype in which a(n) staminate flower exhibits the quality diameter.	PHENO|PO_0025600	allowed	curator_review_2026-09-18	1	1	1	129	Suaeda monoica Forssk. ex J.F.Gmel. (p129): 3 mm in diameter		accept	Curator decision D1 (Robert Hoehndorf, 2026-09-18): mint FLOPO EQ phenotype classes for the NCVC Saudi guide's PO x PATO candidates through the reviewed-combination path.
EQ|PO_0025600|PATO_0001436	PO_0025600	staminate flower	PATO_0001436	sessile (sensu botany)	staminate flower sessile (sensu botany)	A flora phenotype in which a(n) staminate flower exhibits the quality sessile (sensu botany).	PHENO|PO_0025600	allowed	curator_review_2026-09-18	1	1	1	74	Ficus salicifolia Vahl (p74): male flowers sessile		accept	Curator decision D1 (Robert Hoehndorf, 2026-09-18): mint FLOPO EQ phenotype classes for the NCVC Saudi guide's PO x PATO candidates through the reviewed-combination path.
EQ|PO_0025600|PATO_0001499	PO_0025600	staminate flower	PATO_0001499	spherical	staminate flower spherical	A flora phenotype in which a(n) staminate flower exhibits the quality spherical.	PHENO|PO_0025600	allowed	curator_review_2026-09-18	1	1	1	129	Suaeda monoica Forssk. ex J.F.Gmel. (p129): the male flowers developing first, globose		accept	Curator decision D1 (Robert Hoehndorf, 2026-09-18): mint FLOPO EQ phenotype classes for the NCVC Saudi guide's PO x PATO candidates through the reviewed-combination path.
EQ|PO_0025600|PATO_0001979	PO_0025600	staminate flower	PATO_0001979	lobed	staminate flower lobed	A flora phenotype in which a(n) staminate flower exhibits the quality lobed.	PHENO|PO_0025600	allowed	curator_review_2026-09-18	1	1	1	129	Suaeda monoica Forssk. ex J.F.Gmel. (p129): deeply divided		accept	Curator decision D1 (Robert Hoehndorf, 2026-09-18): mint FLOPO EQ phenotype classes for the NCVC Saudi guide's PO x PATO candidates through the reviewed-combination path.
EQ|PO_0030091|PATO_0000386	PO_0030091	capsule fruit	PATO_0000386	hard	capsule fruit hard	A flora phenotype in which a(n) capsule fruit exhibits the quality hard.	PHENO|PO_0030091	allowed	curator_review_2026-09-18	1	1	1	70	Trichilia emetica Vahl (p70): hard		accept	Curator decision D1 (Robert Hoehndorf, 2026-09-18): mint FLOPO EQ phenotype classes for the NCVC Saudi guide's PO x PATO candidates through the reviewed-combination path.
EQ|PO_0030091|PATO_0000454	PO_0030091	capsule fruit	PATO_0000454	hairy	capsule fruit hairy	A flora phenotype in which a(n) capsule fruit exhibits the quality hairy.	PHENO|PO_0030091	allowed	curator_review_2026-09-18	1	1	1	69	Dombeya torrida (J.F.Gmel.) Bamps (p69): soft hairs on the fruits		accept	Curator decision D1 (Robert Hoehndorf, 2026-09-18): mint FLOPO EQ phenotype classes for the NCVC Saudi guide's PO x PATO candidates through the reviewed-combination path.
EQ|PO_0030091|PATO_0000946	PO_0030091	capsule fruit	PATO_0000946	oblong	capsule fruit oblong	A flora phenotype in which a(n) capsule fruit exhibits the quality oblong.	PHENO|PO_0030091	allowed	curator_review_2026-09-18	1	1	1	206	Woodfordia fruticosa (L.) Kurz (p206): linear-oblong		accept	Curator decision D1 (Robert Hoehndorf, 2026-09-18): mint FLOPO EQ phenotype classes for the NCVC Saudi guide's PO x PATO candidates through the reviewed-combination path.
EQ|PO_0030091|PATO_0001424	PO_0030091	capsule fruit	PATO_0001424	violet	capsule fruit violet	A flora phenotype in which a(n) capsule fruit exhibits the quality violet.	PHENO|PO_0030091	allowed	curator_review_2026-09-18	1	1	1	205	Lawsonia inermis L. (p205): violet-green		accept	Curator decision D1 (Robert Hoehndorf, 2026-09-18): mint FLOPO EQ phenotype classes for the NCVC Saudi guide's PO x PATO candidates through the reviewed-combination path.
EQ|PO_0030091|PATO_0001891	PO_0030091	capsule fruit	PATO_0001891	ovate	capsule fruit ovate	A flora phenotype in which a(n) capsule fruit exhibits the quality ovate.	PHENO|PO_0030091	allowed	curator_review_2026-09-18	1	1	1	206	Woodfordia fruticosa (L.) Kurz (p206): ovoid		accept	Curator decision D1 (Robert Hoehndorf, 2026-09-18): mint FLOPO EQ phenotype classes for the NCVC Saudi guide's PO x PATO candidates through the reviewed-combination path.
EQ|PO_0030100|PATO_0000320	PO_0030100	legume fruit	PATO_0000320	green	legume fruit green	A flora phenotype in which a(n) legume fruit exhibits the quality green.	PHENO|PO_0030100	allowed	curator_review_2026-09-18	1	1	1	67	Vachellia tortilis subsp. tortilis (p67): green in colour		accept	Curator decision D1 (Robert Hoehndorf, 2026-09-18): mint FLOPO EQ phenotype classes for the NCVC Saudi guide's PO x PATO candidates through the reviewed-combination path.
EQ|PO_0030100|PATO_0000404	PO_0030100	legume fruit	PATO_0000404	coiled	legume fruit coiled	A flora phenotype in which a(n) legume fruit exhibits the quality coiled.	PHENO|PO_0030100	allowed	curator_review_2026-09-18	1	1	1	66	Vachellia tortilis subsp. raddiana (Savi) Kyal. & Boatwr. (p66): spirally coiled		accept	Curator decision D1 (Robert Hoehndorf, 2026-09-18): mint FLOPO EQ phenotype classes for the NCVC Saudi guide's PO x PATO candidates through the reviewed-combination path.
EQ|PO_0030100|PATO_0000622	PO_0030100	legume fruit	PATO_0000622	erect	legume fruit erect	A flora phenotype in which a(n) legume fruit exhibits the quality erect.	PHENO|PO_0030100	allowed	curator_review_2026-09-18	1	1	1	296	Lotus arabicus Sol. ex L. (p296): erect pods		accept	Curator decision D1 (Robert Hoehndorf, 2026-09-18): mint FLOPO EQ phenotype classes for the NCVC Saudi guide's PO x PATO candidates through the reviewed-combination path.
EQ|PO_0030100|PATO_0000950	PO_0030100	legume fruit	PATO_0000950	grey	legume fruit grey	A flora phenotype in which a(n) legume fruit exhibits the quality grey.	PHENO|PO_0030100	allowed	curator_review_2026-09-18	1	1	1	62	Vachellia nilotica subsp. indica (Benth.) Kyal. & Boatwr. (p62): grey		accept	Curator decision D1 (Robert Hoehndorf, 2026-09-18): mint FLOPO EQ phenotype classes for the NCVC Saudi guide's PO x PATO candidates through the reviewed-combination path.
EQ|PO_0030100|PATO_0000951	PO_0030100	legume fruit	PATO_0000951	purple	legume fruit purple	A flora phenotype in which a(n) legume fruit exhibits the quality purple.	PHENO|PO_0030100	allowed	curator_review_2026-09-18	1	1	1	63	Vachellia origena (Hunde) Kyal. & Boatwr. (p63): purple		accept	Curator decision D1 (Robert Hoehndorf, 2026-09-18): mint FLOPO EQ phenotype classes for the NCVC Saudi guide's PO x PATO candidates through the reviewed-combination path.
EQ|PO_0030100|PATO_0001199	PO_0030100	legume fruit	PATO_0001199	linear	legume fruit linear	A flora phenotype in which a(n) legume fruit exhibits the quality linear.	PHENO|PO_0030100	allowed	curator_review_2026-09-18	1	1	1	198	Teramnus repens subsp. gracilis (Chiov.) Verdc. (p198): linear pods		accept	Curator decision D1 (Robert Hoehndorf, 2026-09-18): mint FLOPO EQ phenotype classes for the NCVC Saudi guide's PO x PATO candidates through the reviewed-combination path.
EQ|PO_0030100|PATO_0001287	PO_0030100	legume fruit	PATO_0001287	red brown	legume fruit red brown	A flora phenotype in which a(n) legume fruit exhibits the quality red brown.	PHENO|PO_0030100	allowed	curator_review_2026-09-18	1	1	1	61	Vachellia johnwoodii (Boulos) Ragup., Seigler, Ebinger & Maslin (p61): pods reddish brown		accept	Curator decision D1 (Robert Hoehndorf, 2026-09-18): mint FLOPO EQ phenotype classes for the NCVC Saudi guide's PO x PATO candidates through the reviewed-combination path.
EQ|PO_0030100|PATO_0001365	PO_0030100	legume fruit	PATO_0001365	spiny	legume fruit spiny	A flora phenotype in which a(n) legume fruit exhibits the quality spiny.	PHENO|PO_0030100	allowed	curator_review_2026-09-18	1	1	1	194	Taverniera aegyptiaca Boiss. (p194): pods with scattered spines		accept	Curator decision D1 (Robert Hoehndorf, 2026-09-18): mint FLOPO EQ phenotype classes for the NCVC Saudi guide's PO x PATO candidates through the reviewed-combination path.
EQ|PO_0030100|PATO_0002165	PO_0030100	legume fruit	PATO_0002165	drooping	legume fruit drooping	A flora phenotype in which a(n) legume fruit exhibits the quality drooping.	PHENO|PO_0030100	allowed	curator_review_2026-09-18	1	1	1	192	Sesbania leptocarpa DC. (p192): pendulous pods		accept	Curator decision D1 (Robert Hoehndorf, 2026-09-18): mint FLOPO EQ phenotype classes for the NCVC Saudi guide's PO x PATO candidates through the reviewed-combination path.
EQ|PO_0030100|PATO_0002212	PO_0030100	legume fruit	PATO_0002212	slender	legume fruit slender	A flora phenotype in which a(n) legume fruit exhibits the quality slender.	PHENO|PO_0030100	allowed	curator_review_2026-09-18	1	1	1	59	Vachellia flava (Forssk.) Kyal. & Boatwr. (p59): slender		accept	Curator decision D1 (Robert Hoehndorf, 2026-09-18): mint FLOPO EQ phenotype classes for the NCVC Saudi guide's PO x PATO candidates through the reviewed-combination path.
EQ|PO_0030100|PATO_0002254	PO_0030100	legume fruit	PATO_0002254	flattened	legume fruit flattened	A flora phenotype in which a(n) legume fruit exhibits the quality flattened.	PHENO|PO_0030100	allowed	curator_review_2026-09-18	1	1	1	190	Senna alexandrina Mill. (p190): compressed pods		accept	Curator decision D1 (Robert Hoehndorf, 2026-09-18): mint FLOPO EQ phenotype classes for the NCVC Saudi guide's PO x PATO candidates through the reviewed-combination path.
EQ|PO_0030100|PATO_0002457	PO_0030100	legume fruit	PATO_0002457	leaf-like	legume fruit leaf-like	A flora phenotype in which a(n) legume fruit exhibits the quality leaf-like.	PHENO|PO_0030100	allowed	curator_review_2026-09-18	1	1	1	191	Senna italica Mill. (p191): resembling leaves		accept	Curator decision D1 (Robert Hoehndorf, 2026-09-18): mint FLOPO EQ phenotype classes for the NCVC Saudi guide's PO x PATO candidates through the reviewed-combination path.
EQ|PO_0030100|PATO_0104032	PO_0030100	legume fruit	PATO_0104032	coriaceous	legume fruit coriaceous	A flora phenotype in which a(n) legume fruit exhibits the quality coriaceous.	PHENO|PO_0030100	allowed	curator_review_2026-09-18	1	1	1	61	Vachellia johnwoodii (Boulos) Ragup., Seigler, Ebinger & Maslin (p61): leathery in texture		accept	Curator decision D1 (Robert Hoehndorf, 2026-09-18): mint FLOPO EQ phenotype classes for the NCVC Saudi guide's PO x PATO candidates through the reviewed-combination path.
EQ|PO_0030100|PATO_0104311	PO_0030100	legume fruit	PATO_0104311	purplish red	legume fruit purplish red	A flora phenotype in which a(n) legume fruit exhibits the quality purplish red.	PHENO|PO_0030100	allowed	curator_review_2026-09-18	1	1	1	58	Vachellia etbaica (Schweinf.) Kyal. & Boatwr. (p58): pods purplish red		accept	Curator decision D1 (Robert Hoehndorf, 2026-09-18): mint FLOPO EQ phenotype classes for the NCVC Saudi guide's PO x PATO candidates through the reviewed-combination path.
EQ|PO_0030102|PATO_0000327	PO_0030102	nut fruit	PATO_0000327	low brightness	nut fruit low brightness	A flora phenotype in which a(n) nut fruit exhibits the quality low brightness.	FLOPO_0980908	allowed	curator_review_2026-09-18	1	1	1	203	Ocimum forskoelei Benth. (p203): dark nutlet		accept	Curator decision D1 (Robert Hoehndorf, 2026-09-18): mint FLOPO EQ phenotype classes for the NCVC Saudi guide's PO x PATO candidates through the reviewed-combination path.
EQ|PO_0030102|PATO_0001499	PO_0030102	nut fruit	PATO_0001499	spherical	nut fruit spherical	A flora phenotype in which a(n) nut fruit exhibits the quality spherical.	FLOPO_0980908	allowed	curator_review_2026-09-18	1	1	1	203	Ocimum forskoelei Benth. (p203): spherical		accept	Curator decision D1 (Robert Hoehndorf, 2026-09-18): mint FLOPO EQ phenotype classes for the NCVC Saudi guide's PO x PATO candidates through the reviewed-combination path.
EQ|PO_0030102|PATO_0001540	PO_0030102	nut fruit	PATO_0001540	glutinous	nut fruit glutinous	A flora phenotype in which a(n) nut fruit exhibits the quality glutinous.	FLOPO_0980908	allowed	curator_review_2026-09-18	1	1	1	203	Ocimum forskoelei Benth. (p203): mucilaginous when wet		accept	Curator decision D1 (Robert Hoehndorf, 2026-09-18): mint FLOPO EQ phenotype classes for the NCVC Saudi guide's PO x PATO candidates through the reviewed-combination path.
EQ|PO_0030102|PATO_0001891	PO_0030102	nut fruit	PATO_0001891	ovate	nut fruit ovate	A flora phenotype in which a(n) nut fruit exhibits the quality ovate.	FLOPO_0980908	allowed	curator_review_2026-09-18	1	1	1	274	Alkanna orientalis (L.) Boiss. (p274): ovate in shape		accept	Curator decision D1 (Robert Hoehndorf, 2026-09-18): mint FLOPO EQ phenotype classes for the NCVC Saudi guide's PO x PATO candidates through the reviewed-combination path.
EQ|PO_0030102|PATO_0001936	PO_0030102	nut fruit	PATO_0001936	obovate	nut fruit obovate	A flora phenotype in which a(n) nut fruit exhibits the quality obovate.	FLOPO_0980908	allowed	curator_review_2026-09-18	1	1	1	305	Otostegia fruticosa (Forssk.) Schweinf. ex Penzig (p305): obovate in shape		accept	Curator decision D1 (Robert Hoehndorf, 2026-09-18): mint FLOPO EQ phenotype classes for the NCVC Saudi guide's PO x PATO candidates through the reviewed-combination path.
EQ|PO_0030102|PATO_0002359	PO_0030102	nut fruit	PATO_0002359	broad	nut fruit broad	A flora phenotype in which a(n) nut fruit exhibits the quality broad.	FLOPO_0980908	allowed	curator_review_2026-09-18	1	1	1	201	Lavandula dentata L. (p201): broad		accept	Curator decision D1 (Robert Hoehndorf, 2026-09-18): mint FLOPO EQ phenotype classes for the NCVC Saudi guide's PO x PATO candidates through the reviewed-combination path.
EQ|PO_0030103|PATO_0000122	PO_0030103	drupe fruit	PATO_0000122	length	drupe fruit length	A flora phenotype in which a(n) drupe fruit exhibits the quality length.	PHENO|PO_0030103	allowed	curator_review_2026-09-18	1	1	1	307	Tinospora bakis (A.Rich.) Miers (p307): 6 mm long		accept	Curator decision D1 (Robert Hoehndorf, 2026-09-18): mint FLOPO EQ phenotype classes for the NCVC Saudi guide's PO x PATO candidates through the reviewed-combination path.
EQ|PO_0030103|PATO_0000317	PO_0030103	drupe fruit	PATO_0000317	black	drupe fruit black	A flora phenotype in which a(n) drupe fruit exhibits the quality black.	PHENO|PO_0030103	allowed	curator_review_2026-09-18	1	1	1	204	Premna resinosa (Hochst.) Schauer (p204): black		accept	Curator decision D1 (Robert Hoehndorf, 2026-09-18): mint FLOPO EQ phenotype classes for the NCVC Saudi guide's PO x PATO candidates through the reviewed-combination path.
EQ|PO_0030103|PATO_0000453	PO_0030103	drupe fruit	PATO_0000453	glabrous	drupe fruit glabrous	A flora phenotype in which a(n) drupe fruit exhibits the quality glabrous.	PHENO|PO_0030103	allowed	curator_review_2026-09-18	1	1	1	314	Rubus creticus Tourn. ex L. (p314): glabrous		accept	Curator decision D1 (Robert Hoehndorf, 2026-09-18): mint FLOPO EQ phenotype classes for the NCVC Saudi guide's PO x PATO candidates through the reviewed-combination path.
EQ|PO_0030103|PATO_0001373	PO_0030103	drupe fruit	PATO_0001373	glistening	drupe fruit glistening	A flora phenotype in which a(n) drupe fruit exhibits the quality glistening.	PHENO|PO_0030103	allowed	curator_review_2026-09-18	1	1	1	315	Osyris lanceolata Hochst. & Steud. (p315): shiny red		accept	Curator decision D1 (Robert Hoehndorf, 2026-09-18): mint FLOPO EQ phenotype classes for the NCVC Saudi guide's PO x PATO candidates through the reviewed-combination path.
EQ|PO_0030103|PATO_0001482	PO_0030103	drupe fruit	PATO_0001482	prominent	drupe fruit prominent	A flora phenotype in which a(n) drupe fruit exhibits the quality prominent.	PHENO|PO_0030103	allowed	curator_review_2026-09-18	1	1	1	314	Rubus creticus Tourn. ex L. (p314): prominent		accept	Curator decision D1 (Robert Hoehndorf, 2026-09-18): mint FLOPO EQ phenotype classes for the NCVC Saudi guide's PO x PATO candidates through the reviewed-combination path.
EQ|PO_0030105|PATO_0000122	PO_0030105	follicle fruit	PATO_0000122	length	follicle fruit length	A flora phenotype in which a(n) follicle fruit exhibits the quality length.	PHENO|PO_0030105	allowed	curator_review_2026-09-18	1	1	1	138	Gomphocarpus fruticosus (L.) W.T.Aiton (p138): 20-50 mm long		accept	Curator decision D1 (Robert Hoehndorf, 2026-09-18): mint FLOPO EQ phenotype classes for the NCVC Saudi guide's PO x PATO candidates through the reviewed-combination path.
EQ|PO_0030105|PATO_0000386	PO_0030105	follicle fruit	PATO_0000386	hard	follicle fruit hard	A flora phenotype in which a(n) follicle fruit exhibits the quality hard.	PHENO|PO_0030105	allowed	curator_review_2026-09-18	1	1	1	139	Gomphocarpus sinaicus Boiss. (p139): very hard		accept	Curator decision D1 (Robert Hoehndorf, 2026-09-18): mint FLOPO EQ phenotype classes for the NCVC Saudi guide's PO x PATO candidates through the reviewed-combination path.
EQ|PO_0030105|PATO_0000701	PO_0030105	follicle fruit	PATO_0000701	smooth	follicle fruit smooth	A flora phenotype in which a(n) follicle fruit exhibits the quality smooth.	PHENO|PO_0030105	allowed	curator_review_2026-09-18	1	1	1	139	Gomphocarpus sinaicus Boiss. (p139): smooth		accept	Curator decision D1 (Robert Hoehndorf, 2026-09-18): mint FLOPO EQ phenotype classes for the NCVC Saudi guide's PO x PATO candidates through the reviewed-combination path.
EQ|PO_0030105|PATO_0001365	PO_0030105	follicle fruit	PATO_0001365	spiny	follicle fruit spiny	A flora phenotype in which a(n) follicle fruit exhibits the quality spiny.	PHENO|PO_0030105	allowed	curator_review_2026-09-18	1	1	1	139	Gomphocarpus sinaicus Boiss. (p139): bearing dark spines		accept	Curator decision D1 (Robert Hoehndorf, 2026-09-18): mint FLOPO EQ phenotype classes for the NCVC Saudi guide's PO x PATO candidates through the reviewed-combination path.
EQ|PO_0030105|PATO_0001891	PO_0030105	follicle fruit	PATO_0001891	ovate	follicle fruit ovate	A flora phenotype in which a(n) follicle fruit exhibits the quality ovate.	PHENO|PO_0030105	allowed	curator_review_2026-09-18	1	1	1	139	Gomphocarpus sinaicus Boiss. (p139): ovoid		accept	Curator decision D1 (Robert Hoehndorf, 2026-09-18): mint FLOPO EQ phenotype classes for the NCVC Saudi guide's PO x PATO candidates through the reviewed-combination path.
EQ|PO_0030107|PATO_0001873	PO_0030107	achene fruit	PATO_0001873	cylindrical	achene fruit cylindrical	A flora phenotype in which a(n) achene fruit exhibits the quality cylindrical.	FLOPO_0980916	allowed	curator_review_2026-09-18	1	1	1	269	Pulicaria incisa (Lam.) DC. (p269): cylindrical in shape		accept	Curator decision D1 (Robert Hoehndorf, 2026-09-18): mint FLOPO EQ phenotype classes for the NCVC Saudi guide's PO x PATO candidates through the reviewed-combination path.
EQ|PO_0030108|PATO_0000122	PO_0030108	berry fruit	PATO_0000122	length	berry fruit length	A flora phenotype in which a(n) berry fruit exhibits the quality length.	PHENO|PO_0030108	allowed	curator_review_2026-09-18	1	1	1	316	Cissus quadrangularis L. (p316): 9 mm long		accept	Curator decision D1 (Robert Hoehndorf, 2026-09-18): mint FLOPO EQ phenotype classes for the NCVC Saudi guide's PO x PATO candidates through the reviewed-combination path.
EQ|PO_0030108|PATO_0000317	PO_0030108	berry fruit	PATO_0000317	black	berry fruit black	A flora phenotype in which a(n) berry fruit exhibits the quality black.	PHENO|PO_0030108	allowed	curator_review_2026-09-18	1	1	1	308	Jasminum grandiflorum L. (p308): fruits black		accept	Curator decision D1 (Robert Hoehndorf, 2026-09-18): mint FLOPO EQ phenotype classes for the NCVC Saudi guide's PO x PATO candidates through the reviewed-combination path.
EQ|PO_0030108|PATO_0000322	PO_0030108	berry fruit	PATO_0000322	red	berry fruit red	A flora phenotype in which a(n) berry fruit exhibits the quality red.	PHENO|PO_0030108	allowed	curator_review_2026-09-18	1	1	1	278	Lonicera etrusca Santi (p278): reddish in colour		accept	Curator decision D1 (Robert Hoehndorf, 2026-09-18): mint FLOPO EQ phenotype classes for the NCVC Saudi guide's PO x PATO candidates through the reviewed-combination path.
EQ|PO_0030113|PATO_0000406	PO_0030113	flower pedicel	PATO_0000406	curved	flower pedicel curved	A flora phenotype in which a(n) flower pedicel exhibits the quality curved.	PHENO|PO_0030113	allowed	curator_review_2026-09-18	1	1	1	47	Erica arborea L. (p47): flower stalk curved		accept	Curator decision D1 (Robert Hoehndorf, 2026-09-18): mint FLOPO EQ phenotype classes for the NCVC Saudi guide's PO x PATO candidates through the reviewed-combination path.
EQ|PO_0030113|PATO_0000454	PO_0030113	flower pedicel	PATO_0000454	hairy	flower pedicel hairy	A flora phenotype in which a(n) flower pedicel exhibits the quality hairy.	PHENO|PO_0030113	allowed	curator_review_2026-09-18	1	1	1	220	Clutia lanceolata Forssk. (p220): with hairs		accept	Curator decision D1 (Robert Hoehndorf, 2026-09-18): mint FLOPO EQ phenotype classes for the NCVC Saudi guide's PO x PATO candidates through the reviewed-combination path.
EQ|PO_0030113|PATO_0000954	PO_0030113	flower pedicel	PATO_0000954	pink	flower pedicel pink	A flora phenotype in which a(n) flower pedicel exhibits the quality pink.	PHENO|PO_0030113	allowed	curator_review_2026-09-18	1	1	1	47	Erica arborea L. (p47): pink		accept	Curator decision D1 (Robert Hoehndorf, 2026-09-18): mint FLOPO EQ phenotype classes for the NCVC Saudi guide's PO x PATO candidates through the reviewed-combination path.
EQ|PO_0030113|PATO_0002359	PO_0030113	flower pedicel	PATO_0002359	broad	flower pedicel broad	A flora phenotype in which a(n) flower pedicel exhibits the quality broad.	PHENO|PO_0030113	allowed	curator_review_2026-09-18	1	1	1	169	Capparis cartilaginea Decne. (p169): the flower stalk broad		accept	Curator decision D1 (Robert Hoehndorf, 2026-09-18): mint FLOPO EQ phenotype classes for the NCVC Saudi guide's PO x PATO candidates through the reviewed-combination path.
EQ|PO_0030115|PATO_0000322	PO_0030115	raceme inflorescence	PATO_0000322	red	raceme inflorescence red	A flora phenotype in which a(n) raceme inflorescence exhibits the quality red.	FLOPO_0980958	allowed	curator_review_2026-09-18	1	1	1	206	Woodfordia fruticosa (L.) Kurz (p206): red inflorescences		accept	Curator decision D1 (Robert Hoehndorf, 2026-09-18): mint FLOPO EQ phenotype classes for the NCVC Saudi guide's PO x PATO candidates through the reviewed-combination path.
EQ|PO_0030115|PATO_0001802	PO_0030115	raceme inflorescence	PATO_0001802	loose	raceme inflorescence loose	A flora phenotype in which a(n) raceme inflorescence exhibits the quality loose.	FLOPO_0980958	allowed	curator_review_2026-09-18	1	1	1	123	Halothamnus iraqensis Botsch. (p123): forming lax racemes		accept	Curator decision D1 (Robert Hoehndorf, 2026-09-18): mint FLOPO EQ phenotype classes for the NCVC Saudi guide's PO x PATO candidates through the reviewed-combination path.
EQ|PO_0030115|PATO_0104035	PO_0030115	raceme inflorescence	PATO_0104035	pendent	raceme inflorescence pendent	A flora phenotype in which a(n) raceme inflorescence exhibits the quality pendent.	FLOPO_0980958	allowed	curator_review_2026-09-18	1	1	1	187	Cadia purpurea (G.Piccioli) Aiton (p187): flowers in pendulous racemes		accept	Curator decision D1 (Robert Hoehndorf, 2026-09-18): mint FLOPO EQ phenotype classes for the NCVC Saudi guide's PO x PATO candidates through the reviewed-combination path.
EQ|PO_0030117|PATO_0000324	PO_0030117	spike inflorescence	PATO_0000324	yellow	spike inflorescence yellow	A flora phenotype in which a(n) spike inflorescence exhibits the quality yellow.	FLOPO_0980963	allowed	curator_review_2026-09-18	1	0	1	200	Lavandula atriplicifolia Benth. (p200): and yellow in colour		accept	Curator decision D1 (Robert Hoehndorf, 2026-09-18): mint FLOPO EQ phenotype classes for the NCVC Saudi guide's PO x PATO candidates through the reviewed-combination path.
EQ|PO_0030121|PATO_0000323	PO_0030121	capitulum inflorescence	PATO_0000323	white	capitulum inflorescence white	A flora phenotype in which a(n) capitulum inflorescence exhibits the quality white.	FLOPO_0980970	allowed	curator_review_2026-09-18	1	1	1	61	Vachellia johnwoodii (Boulos) Ragup., Seigler, Ebinger & Maslin (p61): white globose inflorescences		accept	Curator decision D1 (Robert Hoehndorf, 2026-09-18): mint FLOPO EQ phenotype classes for the NCVC Saudi guide's PO x PATO candidates through the reviewed-combination path.
EQ|PO_0030121|PATO_0000921	PO_0030121	capitulum inflorescence	PATO_0000921	width	capitulum inflorescence width	A flora phenotype in which a(n) capitulum inflorescence exhibits the quality width.	FLOPO_0980970	allowed	curator_review_2026-09-18	1	1	1	163	Rhanterium epapposum Oliv. (p163): 1.5 cm wide		accept	Curator decision D1 (Robert Hoehndorf, 2026-09-18): mint FLOPO EQ phenotype classes for the NCVC Saudi guide's PO x PATO candidates through the reviewed-combination path.
EQ|PO_0030121|PATO_0000951	PO_0030121	capitulum inflorescence	PATO_0000951	purple	capitulum inflorescence purple	A flora phenotype in which a(n) capitulum inflorescence exhibits the quality purple.	FLOPO_0980970	allowed	curator_review_2026-09-18	1	1	1	156	Baccharoides schimperi (DC.) Isawumi, El-Ghazaly & B.Nord. (p156): purple		accept	Curator decision D1 (Robert Hoehndorf, 2026-09-18): mint FLOPO EQ phenotype classes for the NCVC Saudi guide's PO x PATO candidates through the reviewed-combination path.
EQ|PO_0030121|PATO_0001164	PO_0030121	capitulum inflorescence	PATO_0001164	dense	capitulum inflorescence dense	A flora phenotype in which a(n) capitulum inflorescence exhibits the quality dense.	FLOPO_0980970	allowed	curator_review_2026-09-18	1	1	1	162	Psiadia punctulata Vatke (p162): flower heads dense		accept	Curator decision D1 (Robert Hoehndorf, 2026-09-18): mint FLOPO EQ phenotype classes for the NCVC Saudi guide's PO x PATO candidates through the reviewed-combination path.
EQ|PO_0030121|PATO_0001263	PO_0030121	capitulum inflorescence	PATO_0001263	dark yellow	capitulum inflorescence dark yellow	A flora phenotype in which a(n) capitulum inflorescence exhibits the quality dark yellow.	FLOPO_0980970	allowed	curator_review_2026-09-18	1	1	1	62	Vachellia nilotica subsp. indica (Benth.) Kyal. & Boatwr. (p62): dark yellow		accept	Curator decision D1 (Robert Hoehndorf, 2026-09-18): mint FLOPO EQ phenotype classes for the NCVC Saudi guide's PO x PATO candidates through the reviewed-combination path.
EQ|PO_0030121|PATO_0001373	PO_0030121	capitulum inflorescence	PATO_0001373	glistening	capitulum inflorescence glistening	A flora phenotype in which a(n) capitulum inflorescence exhibits the quality glistening.	FLOPO_0980970	allowed	curator_review_2026-09-18	1	1	1	64	Vachellia seyal var. fistula (p64): shiny		accept	Curator decision D1 (Robert Hoehndorf, 2026-09-18): mint FLOPO EQ phenotype classes for the NCVC Saudi guide's PO x PATO candidates through the reviewed-combination path.
EQ|PO_0030121|PATO_0002191	PO_0030121	capitulum inflorescence	PATO_0002191	aromatic	capitulum inflorescence aromatic	A flora phenotype in which a(n) capitulum inflorescence exhibits the quality aromatic.	FLOPO_0980970	allowed	curator_review_2026-09-18	1	1	1	271	Pulicaria undulata subsp. undulata (p271): with an aromatic scent		accept	Curator decision D1 (Robert Hoehndorf, 2026-09-18): mint FLOPO EQ phenotype classes for the NCVC Saudi guide's PO x PATO candidates through the reviewed-combination path.
EQ|PO_0030121|PATO_0002254	PO_0030121	capitulum inflorescence	PATO_0002254	flattened	capitulum inflorescence flattened	A flora phenotype in which a(n) capitulum inflorescence exhibits the quality flattened.	FLOPO_0980970	allowed	curator_review_2026-09-18	1	1	1	152	Anvillea garcinii (Burm.f.) DC. (p152): flat		accept	Curator decision D1 (Robert Hoehndorf, 2026-09-18): mint FLOPO EQ phenotype classes for the NCVC Saudi guide's PO x PATO candidates through the reviewed-combination path.
EQ|PO_0030123|PATO_0001873	PO_0030123	panicle inflorescence	PATO_0001873	cylindrical	panicle inflorescence cylindrical	A flora phenotype in which a(n) panicle inflorescence exhibits the quality cylindrical.	FLOPO_0980972	allowed	curator_review_2026-09-18	1	1	1	311	Calamagrostis arenaria (L.) Roth (p311): cylindrical in shape		accept	Curator decision D1 (Robert Hoehndorf, 2026-09-18): mint FLOPO EQ phenotype classes for the NCVC Saudi guide's PO x PATO candidates through the reviewed-combination path.
EQ|PO_0030124|PATO_0000467	PO_0030124	corymb inflorescence	PATO_0000467	present	corymb inflorescence present	A flora phenotype in which a(n) corymb inflorescence exhibits the quality present.	PHENO|PO_0030124	allowed	curator_review_2026-09-18	1	1	1	174	Maerua oblongifolia (Forssk.) A.Rich. (p174): flowers in terminal corymbose inflorescences		accept	Curator decision D1 (Robert Hoehndorf, 2026-09-18): mint FLOPO EQ phenotype classes for the NCVC Saudi guide's PO x PATO candidates through the reviewed-combination path.
EQ|PO_0030129|PATO_0002476	PO_0030129	umbel inflorescence	PATO_0002476	terminal	umbel inflorescence terminal	A flora phenotype in which a(n) umbel inflorescence exhibits the quality terminal.	PHENO|PO_0030129	allowed	curator_review_2026-09-18	1	1	1	133	Deverra tortuosa (Desf.) DC. (p133): the inflorescences are terminal umbels		accept	Curator decision D1 (Robert Hoehndorf, 2026-09-18): mint FLOPO EQ phenotype classes for the NCVC Saudi guide's PO x PATO candidates through the reviewed-combination path.
EQ|PO_0009046|PATO_0000587	PO_0009046	flower	PATO_0000587	decreased size	flower decreased size	A flora phenotype in which a(n) flower exhibits the quality decreased size.	FLOPO_0000122	novel		31	0	31	23|26|52|57|76|100|102|103|106|113|122|143|151|185|198|204|227|231|232|233|234|249|253|264|265|290|293|299|307|313|317	Tarchonanthus camphoratus L. (p23): flowers small	Cordia sinensis Lam. (p26): small	exclude	"pair novel in config/valid_combinations.tsv (curator pair screen 2026-09-18: abnormal-sense PATO (increased/decreased relative to a normal reference); source states a plain descriptive value (e.g. ""small"", ""short"", ""many""))"
EQ|PO_0020038|PATO_0000574	PO_0020038	petiole	PATO_0000574	decreased length	petiole decreased length	A flora phenotype in which a(n) petiole exhibits the quality decreased length.	FLOPO_0000117	novel		30	0	30	15|36|37|38|45|46|52|61|78|79|86|93|97|100|106|116|118|134|136|138|174|206|217|221|227|233|235|246|291|300	Avicennia marina (p15): leaves short-petioled	Trema orientale (L.) Blume (p36): leaves short-petioled	exclude	"pair novel in config/valid_combinations.tsv (curator pair screen 2026-09-18: abnormal-sense PATO (increased/decreased relative to a normal reference); source states a plain descriptive value (e.g. ""small"", ""short"", ""many""))"
EQ|PO_0009046|PATO_0001340	PO_0009046	flower	PATO_0001340	hermaphrodite	flower hermaphrodite	A flora phenotype in which a(n) flower exhibits the quality hermaphrodite.	FLOPO_0000122	allowed	curator_review_2026-09-18	23	21	23	35|92|115|119|124|130|131|141|153|154|166|169|172|173|176|188|222|226|232|249|254|312|313	Celtis toka (Forssk.) Hepper & J.R.I.Wood (p35): hermaphrodite flowers	Prunus arabica (Olivier) Meikle (p92): flowers bisexual	exclude	blocked quality branch: PATO:0001340 is under phenotypic sex, which ontology/flopo.owl excludes with a general class axiom (the EQ class would be unsatisfiable)
EQ|PO_0025034|PATO_0000587	PO_0025034	leaf	PATO_0000587	decreased size	leaf decreased size	A flora phenotype in which a(n) leaf exhibits the quality decreased size.	FLOPO_0000004	novel		16	0	16	47|53|115|119|125|151|163|171|183|194|205|223|224|225|229|286	Erica arborea L. (p47): leaves small	Prosopis koelziana Burkart (p53): leaves small	exclude	"pair novel in config/valid_combinations.tsv (curator pair screen 2026-09-18: abnormal-sense PATO (increased/decreased relative to a normal reference); source states a plain descriptive value (e.g. ""small"", ""short"", ""many""))"
EQ|PO_0025034|PATO_0000599	PO_0025034	leaf	PATO_0000599	decreased width	leaf decreased width	A flora phenotype in which a(n) leaf exhibits the quality decreased width.	FLOPO_0000004	novel		13	0	12	23|143|148|182|188|222|226|231|262|276|280|284|304	Tarchonanthus camphoratus L. (p23): leaves narrow	Periploca somaliensis Browicz (p143): narrowly linear ... narrowly ovate	exclude	"pair novel in config/valid_combinations.tsv (curator pair screen 2026-09-18: abnormal-sense PATO (increased/decreased relative to a normal reference); source states a plain descriptive value (e.g. ""small"", ""short"", ""many""))"
EQ|PO_0009001|PATO_0000587	PO_0009001	fruit	PATO_0000587	decreased size	fruit decreased size	A flora phenotype in which a(n) fruit exhibits the quality decreased size.	FLOPO_0000030	novel		10	0	10	15|73|119|124|161|188|209|222|235|243	Avicennia marina (p15): small capsule	Ficus palmata subsp. palmata (p73): fruits small	exclude	"pair novel in config/valid_combinations.tsv (curator pair screen 2026-09-18: abnormal-sense PATO (increased/decreased relative to a normal reference); source states a plain descriptive value (e.g. ""small"", ""short"", ""many""))"
EQ|PO_0020043|FLOPO_0980424	PO_0020043	compound leaf	FLOPO_0980424	trifoliolate	compound leaf trifoliolate	A flora phenotype in which a(n) compound leaf exhibits the quality trifoliolate.	PHENO|PO_0020043	novel		6	0	6	18|29|30|95|132|317	Searsia retinorrhoea (Steud. ex Oliv.) Moffett (p18): trifoliolate	Commiphora gileadensis (L.) C.Chr. (p29): leaves trifoliolate	exclude	not a PO x PATO pair: quality FLOPO_0980424 (trifoliolate) is FLOPO-local; outside the reviewed-combination path
EQ|PO_0030113|PATO_0000574	PO_0030113	flower pedicel	PATO_0000574	decreased length	flower pedicel decreased length	A flora phenotype in which a(n) flower pedicel exhibits the quality decreased length.	PHENO|PO_0030113	novel		6	0	6	53|91|141|225|238|280	Prosopis koelziana Burkart (p53): short-pedicelled	Rhizophora mucronata Poir. (p91): with short thick stalks	exclude	"pair novel in config/valid_combinations.tsv (curator pair screen 2026-09-18: abnormal-sense PATO (increased/decreased relative to a normal reference); source states a plain descriptive value (e.g. ""small"", ""short"", ""many""))"
EQ|PO_0000003|PATO_0000587	PO_0000003	whole plant	PATO_0000587	decreased size	whole plant decreased size	A flora phenotype in which a(n) whole plant exhibits the quality decreased size.	FLOPO_0000089	novel		5	0	5	123|127|155|157|281	Halothamnus iraqensis Botsch. (p123): Small shrub	Soda schweinfurthii (Solms) Akhani (p127): small	exclude	"pair novel in config/valid_combinations.tsv (curator pair screen 2026-09-18: abnormal-sense PATO (increased/decreased relative to a normal reference); source states a plain descriptive value (e.g. ""small"", ""short"", ""many""))"
EQ|PO_0020137|PATO_0000389	PO_0020137	leaf apex	PATO_0000389	acute	leaf apex acute	A flora phenotype in which a(n) leaf apex exhibits the quality acute.	FLOPO_0006206	allowed	curator_review_2026-09-18	5	0	5	32|68|83|88|139	Commiphora myrrha (Nees) Engl. (p32): acute	Psydrax schimperianus (A.Rich.) Bridson (p68): the leaf apex acute	exclude	PATO homonym trap: PATO:0000389 acute is a process duration, not an acute (pointed) organ shape
EQ|PO_0030115|PATO_0000574	PO_0030115	raceme inflorescence	PATO_0000574	decreased length	raceme inflorescence decreased length	A flora phenotype in which a(n) raceme inflorescence exhibits the quality decreased length.	FLOPO_0980958	novel		5	0	5	70|132|180|195|300	Trichilia emetica Vahl (p70): short	Searsia tripartita (Ucria) Moffett (p132): The inflorescences are short racemes	exclude	"pair novel in config/valid_combinations.tsv (curator pair screen 2026-09-18: abnormal-sense PATO (increased/decreased relative to a normal reference); source states a plain descriptive value (e.g. ""small"", ""short"", ""many""))"
EQ|PO_0009010|PATO_0000587	PO_0009010	seed	PATO_0000587	decreased size	seed decreased size	A flora phenotype in which a(n) seed exhibits the quality decreased size.	FLOPO_0000074	novel		4	0	4	20|151|154|308	Hyphaene thebaica (p20): seeds small, resembling coconut seeds	Achillea fragrantissima (Forssk.) Sch.Bip. (p151): small seeds	exclude	"pair novel in config/valid_combinations.tsv (curator pair screen 2026-09-18: abnormal-sense PATO (increased/decreased relative to a normal reference); source states a plain descriptive value (e.g. ""small"", ""short"", ""many""))"
EQ|PO_0009047|PATO_0000574	PO_0009047	stem	PATO_0000574	decreased length	stem decreased length	A flora phenotype in which a(n) stem exhibits the quality decreased length.	FLOPO_0000001	novel		4	0	4	32|66|149|286	Commiphora myrrha (Nees) Engl. (p32): short thick trunk	Vachellia tortilis subsp. raddiana (Savi) Kyal. & Boatwr. (p66): a short trunk	exclude	"pair novel in config/valid_combinations.tsv (curator pair screen 2026-09-18: abnormal-sense PATO (increased/decreased relative to a normal reference); source states a plain descriptive value (e.g. ""small"", ""short"", ""many""))"
EQ|PO_0009049|PATO_0000574	PO_0009049	inflorescence	PATO_0000574	decreased length	inflorescence decreased length	A flora phenotype in which a(n) inflorescence exhibits the quality decreased length.	FLOPO_0000034	novel		4	0	4	84|168|186|221	Pittosporum viridiflorum Sims (p84): short and in clusters	Cadaba glandulosa Forssk. (p168): flowers short, terminal, racemose	exclude	"pair novel in config/valid_combinations.tsv (curator pair screen 2026-09-18: abnormal-sense PATO (increased/decreased relative to a normal reference); source states a plain descriptive value (e.g. ""small"", ""short"", ""many""))"
EQ|PO_0025073|PATO_0000455	PO_0025073	branch	PATO_0000455	pubescent	branch pubescent	A flora phenotype in which a(n) branch exhibits the quality pubescent.	FLOPO_0000100	allowed	2016_seed	4	0	4	60|163|247|248	Vachellia gerrardii var. najdensis (Chaudhary) Ragup., Seigler, Ebinger & Maslin (p60): with dense down	Rhanterium epapposum Oliv. (p163): downy	exclude	PATO homonym trap: PATO:0000455 pubescent is onset-of-puberty maturity; the indumentum sense is PATO:0000454 hairy or FLOPO pubescent
EQ|PO_0025073|PATO_0000587	PO_0025073	branch	PATO_0000587	decreased size	branch decreased size	A flora phenotype in which a(n) branch exhibits the quality decreased size.	FLOPO_0000100	novel		4	0	4	106|199|223|224	Balanites aegyptiaca var. aegyptiaca (p106): branches small	Hypericum revolutum Vahl (p199): branches small	exclude	"pair novel in config/valid_combinations.tsv (curator pair screen 2026-09-18: abnormal-sense PATO (increased/decreased relative to a normal reference); source states a plain descriptive value (e.g. ""small"", ""short"", ""many""))"
EQ|PO_0000282|FLOPO_0980092	PO_0000282	trichome	FLOPO_0980092	silvery	trichome silvery	A flora phenotype in which a(n) trichome exhibits the quality silvery.	FLOPO_0000355	novel		3	3	3	197|201|294	Taverniera spartea DC. (p197): dense silvery hairs	Lavandula dentata L. (p201): hairs silver-coloured	exclude	not a PO x PATO pair: quality FLOPO_0980092 (silvery) is FLOPO-local; outside the reviewed-combination path
EQ|PO_0000282|PATO_0000574	PO_0000282	trichome	PATO_0000574	decreased length	trichome decreased length	A flora phenotype in which a(n) trichome exhibits the quality decreased length.	FLOPO_0000355	novel		3	0	3	28|126|249	Ehretia obtusifolia Hochst. ex A.DC. (p28): short hairs	Soda rosmarinus (Bunge ex Boiss.) (p126): short hairs	exclude	"pair novel in config/valid_combinations.tsv (curator pair screen 2026-09-18: abnormal-sense PATO (increased/decreased relative to a normal reference); source states a plain descriptive value (e.g. ""small"", ""short"", ""many""))"
EQ|PO_0009049|PATO_0001555	PO_0009049	inflorescence	PATO_0001555	has number of	inflorescence has number of	A flora phenotype in which a(n) inflorescence exhibits the quality has number of.	FLOPO_0000034	novel		3	0	3	36|39|203	Trema orientale (L.) Blume (p36): containing many flowers	Gymnosporia arbutifolia (Hochst. ex A.Rich.) Loes. (p39): with many flowers	exclude	"pair novel in config/valid_combinations.tsv (curator pair screen 2026-09-18: relational ""has number of"" without a counted entity; source is a count (""many flowers""), not a PATO value)"
EQ|PO_0025034|PATO_0001227	PO_0025034	leaf	PATO_0001227	variant	leaf variant	A flora phenotype in which a(n) leaf exhibits the quality variant.	FLOPO_0000004	novel		3	0	3	73|213|282	Ficus palmata subsp. palmata (p73): variable in shape	Hibiscus micranthus L.f. (p213): leaves variable in shape	exclude	"pair novel in config/valid_combinations.tsv (curator pair screen 2026-09-18: mis-grounded: ""variable in shape"" is intra-taxon variation, not PATO variant (abnormal-sense))"
EQ|PO_0025073|PATO_0000470	PO_0025073	branch	PATO_0000470	increased amount	branch increased amount	A flora phenotype in which a(n) branch exhibits the quality increased amount.	FLOPO_0000100	novel		3	0	3	118|122|271	Atriplex turcomanica (Moq.) Boiss. (p118): numerous branches	Cornulaca monacantha Delile (p122): with many woody branches	exclude	"pair novel in config/valid_combinations.tsv (curator pair screen 2026-09-18: abnormal-sense PATO (increased/decreased relative to a normal reference); source states a plain descriptive value (e.g. ""small"", ""short"", ""many""))"
EQ|PO_0025356|PATO_0000586	PO_0025356	bulb	PATO_0000586	increased size	bulb increased size	A flora phenotype in which a(n) bulb exhibits the quality increased size.	FLOPO_0002255	novel		3	0	3	259|260|267	Allium atroviolaceum Boiss. (p259): large bulb	Crinum album (Forssk.) Herb. (p260): a large bulb	exclude	"pair novel in config/valid_combinations.tsv (curator pair screen 2026-09-18: abnormal-sense PATO (increased/decreased relative to a normal reference); source states a plain descriptive value (e.g. ""small"", ""short"", ""many""))"
EQ|PO_0000003|PATO_0000569	PO_0000003	whole plant	PATO_0000569	decreased height	whole plant decreased height	A flora phenotype in which a(n) whole plant exhibits the quality decreased height.	FLOPO_0000089	novel		2	0	2	163|312	Rhanterium epapposum Oliv. (p163): short shrub	Cymbopogon schoenanthus (L.) Spreng. (p312): short	exclude	"pair novel in config/valid_combinations.tsv (curator pair screen 2026-09-18: abnormal-sense PATO (increased/decreased relative to a normal reference); source states a plain descriptive value (e.g. ""small"", ""short"", ""many""))"
EQ|PO_0000003|PATO_0002285	PO_0000003	whole plant	PATO_0002285	increased branchiness	whole plant increased branchiness	A flora phenotype in which a(n) whole plant exhibits the quality increased branchiness.	FLOPO_0000089	novel		2	0	2	19|24	Carissa spinarum (p19): much branched	Cordia africana L. (p24): much branched	exclude	"pair novel in config/valid_combinations.tsv (curator pair screen 2026-09-18: abnormal-sense PATO (increased/decreased relative to a normal reference); source states a plain descriptive value (e.g. ""small"", ""short"", ""many""))"
EQ|PO_0000013|PATO_0000587	PO_0000013	cauline leaf	PATO_0000587	decreased size	cauline leaf decreased size	A flora phenotype in which a(n) cauline leaf exhibits the quality decreased size.	FLOPO_0012852	novel		2	0	2	120|121	Caroxylon vermiculatum (L.) Akhani & Roalson (p120): The lower leaves of the stem are small	Caroxylon villosum (Schult.) Akhani & Roalson (p121): the lower leaves are small	exclude	"pair novel in config/valid_combinations.tsv (curator pair screen 2026-09-18: abnormal-sense PATO (increased/decreased relative to a normal reference); source states a plain descriptive value (e.g. ""small"", ""short"", ""many""))"
EQ|PO_0009001|PATO_0000599	PO_0009001	fruit	PATO_0000599	decreased width	fruit decreased width	A flora phenotype in which a(n) fruit exhibits the quality decreased width.	FLOPO_0000030	novel		2	0	2	265|266	Leptadenia arborea (Forssk.) Schweinf. (p265): narrow follicle	Stephanotis schimperi (Decne.) S.Reuss, Liede & Meve (p266): narrow follicle	exclude	"pair novel in config/valid_combinations.tsv (curator pair screen 2026-09-18: abnormal-sense PATO (increased/decreased relative to a normal reference); source states a plain descriptive value (e.g. ""small"", ""short"", ""many""))"
EQ|PO_0009029|PATO_0000470	PO_0009029	stamen	PATO_0000470	increased amount	stamen increased amount	A flora phenotype in which a(n) stamen exhibits the quality increased amount.	FLOPO_0000188	novel		2	0	2	208|211	Grewia erythraea Schweinf. (p208): stamens numerous	Grewia velutina (Forssk.) Lam. (p211): stamens numerous	exclude	"pair novel in config/valid_combinations.tsv (curator pair screen 2026-09-18: abnormal-sense PATO (increased/decreased relative to a normal reference); source states a plain descriptive value (e.g. ""small"", ""short"", ""many""))"
EQ|PO_0009046|PATO_0000470	PO_0009046	flower	PATO_0000470	increased amount	flower increased amount	A flora phenotype in which a(n) flower exhibits the quality increased amount.	FLOPO_0000122	novel		2	0	2	128|137	Suaeda fruticosa Forssk. ex J.F.Gmel. (p128): The flowers are numerous	Adenium obesum (Forssk.) Roem. & Schult. (p137): large numbers of flowers	exclude	"pair novel in config/valid_combinations.tsv (curator pair screen 2026-09-18: abnormal-sense PATO (increased/decreased relative to a normal reference); source states a plain descriptive value (e.g. ""small"", ""short"", ""many""))"
EQ|PO_0009053|PATO_0000574	PO_0009053	peduncle	PATO_0000574	decreased length	peduncle decreased length	A flora phenotype in which a(n) peduncle exhibits the quality decreased length.	FLOPO_0000283	novel		2	0	2	152|244	Anvillea garcinii (Burm.f.) DC. (p152): on a short stalk	Scrophularia deserti Delile (p244): short-peduncled	exclude	"pair novel in config/valid_combinations.tsv (curator pair screen 2026-09-18: abnormal-sense PATO (increased/decreased relative to a normal reference); source states a plain descriptive value (e.g. ""small"", ""short"", ""many""))"
EQ|PO_0020049|PATO_0000574	PO_0020049	leaflet	PATO_0000574	decreased length	leaflet decreased length	A flora phenotype in which a(n) leaflet exhibits the quality decreased length.	FLOPO_0000045	novel		2	0	2	18|236	Searsia retinorrhoea (Steud. ex Oliv.) Moffett (p18): leaflets short-stalked	Rosa abyssinica R.Br. ex Lindl. (p236): short-stalked	exclude	"pair novel in config/valid_combinations.tsv (curator pair screen 2026-09-18: abnormal-sense PATO (increased/decreased relative to a normal reference); source states a plain descriptive value (e.g. ""small"", ""short"", ""many""))"
EQ|PO_0025034|PATO_0000574	PO_0025034	leaf	PATO_0000574	decreased length	leaf decreased length	A flora phenotype in which a(n) leaf exhibits the quality decreased length.	FLOPO_0000004	novel		2	0	2	123|184	Halothamnus iraqensis Botsch. (p123): short	Ephedra pachyclada Boiss. (p184): leaves short	exclude	"pair novel in config/valid_combinations.tsv (curator pair screen 2026-09-18: abnormal-sense PATO (increased/decreased relative to a normal reference); source states a plain descriptive value (e.g. ""small"", ""short"", ""many""))"
EQ|PO_0025034|PATO_0001731	PO_0025034	leaf	PATO_0001731	deciduous (plant)	leaf deciduous (plant)	A flora phenotype in which a(n) leaf exhibits the quality deciduous (plant).	FLOPO_0000004	novel		2	0	2	48|170	Euphorbia ammak Schweinf. (p48): deciduous	Capparis decidua (Forssk.) Edgew. (p170): leaves deciduous	exclude	pair novel in config/valid_combinations.tsv (curator pair screen 2026-09-18: bearer incoherent: PATO:0001731 deciduous (plant) inheres in a plant that sheds leaves; leaf sense is PATO:0001730)
EQ|PO_0025073|PATO_0002285	PO_0025073	branch	PATO_0002285	increased branchiness	branch increased branchiness	A flora phenotype in which a(n) branch exhibits the quality increased branchiness.	FLOPO_0000100	novel		2	0	2	30|38	Commiphora kataf (Forssk.) Engl. (p30): much-branched	Maerua crassifolia Forssk. (p38): many branches	exclude	"pair novel in config/valid_combinations.tsv (curator pair screen 2026-09-18: abnormal-sense PATO (increased/decreased relative to a normal reference); source states a plain descriptive value (e.g. ""small"", ""short"", ""many""))"
EQ|PO_0025172|PATO_0000587	PO_0025172	thorn	PATO_0000587	decreased size	thorn decreased size	A flora phenotype in which a(n) thorn exhibits the quality decreased size.	FLOPO_0001761	novel		2	0	2	52|56	Prosopis cineraria (L.) Druce (p52): small thorns	Senegalia mellifera (Benth.) Seigler & Ebinger (p56): thorns small	exclude	"pair novel in config/valid_combinations.tsv (curator pair screen 2026-09-18: abnormal-sense PATO (increased/decreased relative to a normal reference); source states a plain descriptive value (e.g. ""small"", ""short"", ""many""))"
EQ|PO_0030100|PATO_0000591	PO_0030100	legume fruit	PATO_0000591	increased thickness	legume fruit increased thickness	A flora phenotype in which a(n) legume fruit exhibits the quality increased thickness.	PHENO|PO_0030100	novel		2	0	2	58|296	Vachellia etbaica (Schweinf.) Kyal. & Boatwr. (p58): thick	Lotus arabicus Sol. ex L. (p296): and thick	exclude	"pair novel in config/valid_combinations.tsv (curator pair screen 2026-09-18: abnormal-sense PATO (increased/decreased relative to a normal reference); source states a plain descriptive value (e.g. ""small"", ""short"", ""many""))"
EQ|PO_0000003|PATO_0000969	PO_0000003	whole plant	PATO_0000969	dwarf-like	whole plant dwarf-like	A flora phenotype in which a(n) whole plant exhibits the quality dwarf-like.	FLOPO_0000089	novel		1	0	1	126	Soda rosmarinus (Bunge ex Boiss.) (p126): dwarf		exclude	"pair novel in config/valid_combinations.tsv (curator pair screen 2026-09-18: abnormal-sense PATO (increased/decreased relative to a normal reference); source states a plain descriptive value (e.g. ""small"", ""short"", ""many""))"
EQ|PO_0000003|PATO_0002210	PO_0000003	whole plant	PATO_0002210	bulbous	whole plant bulbous	A flora phenotype in which a(n) whole plant exhibits the quality bulbous.	FLOPO_0000089	novel		1	0	1	261	Scadoxus multiflorus (Martyn) Raf. (p261): a bulbous plant		exclude	"pair novel in config/valid_combinations.tsv (curator pair screen 2026-09-18: mis-grounded: ""bulbous plant"" = plant bearing a bulb; PATO bulbous is a swelling shape of the bearer)"
EQ|PO_0000013|PATO_0000574	PO_0000013	cauline leaf	PATO_0000574	decreased length	cauline leaf decreased length	A flora phenotype in which a(n) cauline leaf exhibits the quality decreased length.	FLOPO_0012852	novel		1	0	1	120	Caroxylon vermiculatum (L.) Akhani & Roalson (p120): and short		exclude	"pair novel in config/valid_combinations.tsv (curator pair screen 2026-09-18: abnormal-sense PATO (increased/decreased relative to a normal reference); source states a plain descriptive value (e.g. ""small"", ""short"", ""many""))"
EQ|PO_0000049|PATO_0000952	PO_0000049	leaf lamina abaxial epidermis	PATO_0000952	brown	leaf lamina abaxial epidermis brown	A flora phenotype in which a(n) leaf lamina abaxial epidermis exhibits the quality brown.	PHENO|PO_0000049	allowed	curator_review_2026-09-18	1	1	1	24	Cordia africana L. (p24): hairs tending to brown beneath		exclude	mis-grounded: the brown structures are the hairs beneath, not the abaxial epidermis
EQ|PO_0004518|PATO_0000455	PO_0004518	bark	PATO_0000455	pubescent	bark pubescent	A flora phenotype in which a(n) bark exhibits the quality pubescent.	FLOPO_0000010	allowed	2016_seed	1	0	1	254	Zygophyllum coccineum L. (p254): downy		exclude	PATO homonym trap: PATO:0000455 pubescent is onset-of-puberty maturity; the indumentum sense is PATO:0000454 hairy or FLOPO pubescent
EQ|PO_0004542|PATO_0000574	PO_0004542	rhizome	PATO_0000574	decreased length	rhizome decreased length	A flora phenotype in which a(n) rhizome exhibits the quality decreased length.	FLOPO_0000194	novel		1	0	1	261	Scadoxus multiflorus (Martyn) Raf. (p261): usually with a short rhizome		exclude	"pair novel in config/valid_combinations.tsv (curator pair screen 2026-09-18: abnormal-sense PATO (increased/decreased relative to a normal reference); source states a plain descriptive value (e.g. ""small"", ""short"", ""many""))"
EQ|PO_0004701|PATO_0000574	PO_0004701	short shoot	PATO_0000574	decreased length	short shoot decreased length	A flora phenotype in which a(n) short shoot exhibits the quality decreased length.	FLOPO_0001185	novel		1	0	1	93	Prunus korshinskyi Hand.-Mazz. (p93): on a short spur		exclude	"pair novel in config/valid_combinations.tsv (curator pair screen 2026-09-18: abnormal-sense PATO (increased/decreased relative to a normal reference); source states a plain descriptive value (e.g. ""small"", ""short"", ""many""))"
EQ|PO_0005032|PATO_0000574	PO_0005032	megasporangiate strobilus	PATO_0000574	decreased length	megasporangiate strobilus decreased length	A flora phenotype in which a(n) megasporangiate strobilus exhibits the quality decreased length.	PHENO|PO_0005032	novel		1	0	1	183	Ephedra foeminea Forssk. (p183): on a short, hooked stalk		exclude	"pair novel in config/valid_combinations.tsv (curator pair screen 2026-09-18: abnormal-sense PATO (increased/decreased relative to a normal reference); source states a plain descriptive value (e.g. ""small"", ""short"", ""many""))"
EQ|PO_0005032|PATO_0002215	PO_0005032	megasporangiate strobilus	PATO_0002215	falciform	megasporangiate strobilus falciform	A flora phenotype in which a(n) megasporangiate strobilus exhibits the quality falciform.	PHENO|PO_0005032	allowed	curator_review_2026-09-18	1	1	1	183	Ephedra foeminea Forssk. (p183): on a short, hooked stalk		exclude	mis-grounded: Ephedra foeminea 'hooked stalk' describes the cone stalk, not a falciform megasporangiate strobilus
EQ|PO_0009001|PATO_0000455	PO_0009001	fruit	PATO_0000455	pubescent	fruit pubescent	A flora phenotype in which a(n) fruit exhibits the quality pubescent.	FLOPO_0000030	allowed	2016_seed	1	0	1	133	Deverra tortuosa (Desf.) DC. (p133): bear downy hairs		exclude	PATO homonym trap: PATO:0000455 pubescent is onset-of-puberty maturity; the indumentum sense is PATO:0000454 hairy or FLOPO pubescent
EQ|PO_0009001|PATO_0000574	PO_0009001	fruit	PATO_0000574	decreased length	fruit decreased length	A flora phenotype in which a(n) fruit exhibits the quality decreased length.	FLOPO_0000030	novel		1	0	1	157	Euryops arabicus Steud. ex Jaub. & Spach (p157): short		exclude	"pair novel in config/valid_combinations.tsv (curator pair screen 2026-09-18: abnormal-sense PATO (increased/decreased relative to a normal reference); source states a plain descriptive value (e.g. ""small"", ""short"", ""many""))"
EQ|PO_0009001|PATO_0001979	PO_0009001	fruit	PATO_0001979	lobed	fruit lobed	A flora phenotype in which a(n) fruit exhibits the quality lobed.	FLOPO_0000030	allowed	2016_seed	1	1	1	211	Grewia velutina (Forssk.) Lam. (p211): unlobed		exclude	duplicate of live FLOPO_0000257 (fruit lobed)
EQ|PO_0009001|PATO_0005016	PO_0009001	fruit	PATO_0005016	surrounded by	fruit surrounded by	A flora phenotype in which a(n) fruit exhibits the quality surrounded by.	FLOPO_0000030	novel		1	0	1	102	Nuxia congesta R.Br. ex Fresen. (p102): surrounded by the base of the corolla		exclude	"pair novel in config/valid_combinations.tsv (curator pair screen 2026-09-18: relational quality ""surrounded by"" without its filler (corolla base); not a PO x PATO value pair)"
EQ|PO_0009005|PATO_0001596	PO_0009005	root	PATO_0001596	increased depth	root increased depth	A flora phenotype in which a(n) root exhibits the quality increased depth.	FLOPO_0000039	novel		1	0	1	74	Ficus salicifolia Vahl (p74): deep roots		exclude	"pair novel in config/valid_combinations.tsv (curator pair screen 2026-09-18: abnormal-sense PATO (increased/decreased relative to a normal reference); source states a plain descriptive value (e.g. ""small"", ""short"", ""many""))"
EQ|PO_0009010|PATO_0000455	PO_0009010	seed	PATO_0000455	pubescent	seed pubescent	A flora phenotype in which a(n) seed exhibits the quality pubescent.	FLOPO_0000074	allowed	2016_seed	1	0	1	179	Cleome droserifolia (Forssk.) Delile (p179): with downy hairs		exclude	PATO homonym trap: PATO:0000455 pubescent is onset-of-puberty maturity; the indumentum sense is PATO:0000454 hairy or FLOPO pubescent
EQ|PO_0009010|PATO_0000470	PO_0009010	seed	PATO_0000470	increased amount	seed increased amount	A flora phenotype in which a(n) seed exhibits the quality increased amount.	FLOPO_0000074	novel		1	0	1	279	Dianthus crinitus Sm. (p279): containing many seeds		exclude	"pair novel in config/valid_combinations.tsv (curator pair screen 2026-09-18: abnormal-sense PATO (increased/decreased relative to a normal reference); source states a plain descriptive value (e.g. ""small"", ""short"", ""many""))"
EQ|PO_0009010|PATO_0001555	PO_0009010	seed	PATO_0001555	has number of	seed has number of	A flora phenotype in which a(n) seed exhibits the quality has number of.	FLOPO_0000074	novel		1	0	1	205	Lawsonia inermis L. (p205): containing many seeds		exclude	"pair novel in config/valid_combinations.tsv (curator pair screen 2026-09-18: relational ""has number of"" without a counted entity; source is a count)"
EQ|PO_0009010|PATO_0002118	PO_0009010	seed	PATO_0002118	multiple	seed multiple	A flora phenotype in which a(n) seed exhibits the quality multiple.	FLOPO_0000074	allowed	curator_review_2026-09-18	1	1	1	249	Withania somnifera (L.) Dunal (p249): seeds numerous		exclude	count, not a PATO value: 'seeds numerous' is a seed number (same criterion as 'has number of' / 'many seeds' in the pair screen)
EQ|PO_0009032|PATO_0000574	PO_0009032	petal	PATO_0000574	decreased length	petal decreased length	A flora phenotype in which a(n) petal exhibits the quality decreased length.	FLOPO_0000013	novel		1	0	1	211	Grewia velutina (Forssk.) Lam. (p211): petals shorter than the sepals		exclude	"pair novel in config/valid_combinations.tsv (curator pair screen 2026-09-18: abnormal-sense PATO (increased/decreased relative to a normal reference); source states a plain descriptive value (e.g. ""small"", ""short"", ""many""))"
EQ|PO_0009032|PATO_0000599	PO_0009032	petal	PATO_0000599	decreased width	petal decreased width	A flora phenotype in which a(n) petal exhibits the quality decreased width.	FLOPO_0000013	novel		1	0	1	142	Periploca aphylla Decne. (p142): narrow		exclude	"pair novel in config/valid_combinations.tsv (curator pair screen 2026-09-18: abnormal-sense PATO (increased/decreased relative to a normal reference); source states a plain descriptive value (e.g. ""small"", ""short"", ""many""))"
EQ|PO_0009047|PATO_0001779	PO_0009047	stem	PATO_0001779	decreased strength	stem decreased strength	A flora phenotype in which a(n) stem exhibits the quality decreased strength.	FLOPO_0000001	novel		1	0	1	227	Myrsine africana L. (p227): weak		exclude	"pair novel in config/valid_combinations.tsv (curator pair screen 2026-09-18: abnormal-sense PATO (increased/decreased relative to a normal reference); source states a plain descriptive value (e.g. ""small"", ""short"", ""many""))"
EQ|PO_0009047|PATO_0002336	PO_0009047	stem	PATO_0002336	pyramidal	stem pyramidal	A flora phenotype in which a(n) stem exhibits the quality pyramidal.	FLOPO_0000001	novel		1	0	1	285	Euphorbia cactus Ehrenb. ex Boiss. (p285): stem has distinct pyramidal rings		exclude	"pair novel in config/valid_combinations.tsv (curator pair screen 2026-09-18: mis-grounded: source ""pyramidal rings"" describes surface rings on the stem, not a pyramidal stem)"
EQ|PO_0009049|PATO_0000587	PO_0009049	inflorescence	PATO_0000587	decreased size	inflorescence decreased size	A flora phenotype in which a(n) inflorescence exhibits the quality decreased size.	FLOPO_0000034	novel		1	0	1	204	Premna resinosa (Hochst.) Schauer (p204): small terminal clusters		exclude	"pair novel in config/valid_combinations.tsv (curator pair screen 2026-09-18: abnormal-sense PATO (increased/decreased relative to a normal reference); source states a plain descriptive value (e.g. ""small"", ""short"", ""many""))"
EQ|PO_0009060|PATO_0000574	PO_0009060	calyx	PATO_0000574	decreased length	calyx decreased length	A flora phenotype in which a(n) calyx exhibits the quality decreased length.	FLOPO_0000042	novel		1	0	1	68	Psydrax schimperianus (A.Rich.) Bridson (p68): the calyx short		exclude	"pair novel in config/valid_combinations.tsv (curator pair screen 2026-09-18: abnormal-sense PATO (increased/decreased relative to a normal reference); source states a plain descriptive value (e.g. ""small"", ""short"", ""many""))"
EQ|PO_0009081|PATO_0000574	PO_0009081	higher order inflorescence axis	PATO_0000574	decreased length	higher order inflorescence axis decreased length	A flora phenotype in which a(n) higher order inflorescence axis exhibits the quality decreased length.	PHENO|PO_0009081	novel		1	0	1	133	Deverra tortuosa (Desf.) DC. (p133): short rays		exclude	"pair novel in config/valid_combinations.tsv (curator pair screen 2026-09-18: abnormal-sense PATO (increased/decreased relative to a normal reference); source states a plain descriptive value (e.g. ""small"", ""short"", ""many""))"
EQ|PO_0009081|PATO_0000591	PO_0009081	higher order inflorescence axis	PATO_0000591	increased thickness	higher order inflorescence axis increased thickness	A flora phenotype in which a(n) higher order inflorescence axis exhibits the quality increased thickness.	PHENO|PO_0009081	novel		1	0	1	135	Deverra triradiata subsp. musilii Hochst. ex Boiss. (p135): thick rays		exclude	"pair novel in config/valid_combinations.tsv (curator pair screen 2026-09-18: abnormal-sense PATO (increased/decreased relative to a normal reference); source states a plain descriptive value (e.g. ""small"", ""short"", ""many""))"
EQ|PO_0009081|PATO_0001786	PO_0009081	higher order inflorescence axis	PATO_0001786	split	higher order inflorescence axis split	A flora phenotype in which a(n) higher order inflorescence axis exhibits the quality split.	PHENO|PO_0009081	novel		1	0	1	135	Deverra triradiata subsp. musilii Hochst. ex Boiss. (p135): split, thick rays		exclude	"pair novel in config/valid_combinations.tsv (curator pair screen 2026-09-18: mis-grounded: ""split, thick rays"" (umbel rays) is not a PATO split structure of an inflorescence axis)"
EQ|PO_0009081|PATO_0001891	PO_0009081	higher order inflorescence axis	PATO_0001891	ovate	higher order inflorescence axis ovate	A flora phenotype in which a(n) higher order inflorescence axis exhibits the quality ovate.	PHENO|PO_0009081	novel		1	0	1	133	Deverra tortuosa (Desf.) DC. (p133): and ovate		exclude	pair novel in config/valid_combinations.tsv (curator pair screen 2026-09-18: incoherent: ovate is a planar outline; an inflorescence axis (umbel ray) cannot be ovate)
EQ|PO_0020039|PATO_0000591	PO_0020039	leaf lamina	PATO_0000591	increased thickness	leaf lamina increased thickness	A flora phenotype in which a(n) leaf lamina exhibits the quality increased thickness.	FLOPO_0001059	novel		1	0	1	244	Scrophularia deserti Delile (p244): thick blade		exclude	"pair novel in config/valid_combinations.tsv (curator pair screen 2026-09-18: abnormal-sense PATO (increased/decreased relative to a normal reference); source states a plain descriptive value (e.g. ""small"", ""short"", ""many""))"
EQ|PO_0020041|PATO_0000587	PO_0020041	stipule	PATO_0000587	decreased size	stipule decreased size	A flora phenotype in which a(n) stipule exhibits the quality decreased size.	FLOPO_0000167	novel		1	0	1	216	Triumfetta rhomboidea Jacq. (p216): leaves with small stipules		exclude	"pair novel in config/valid_combinations.tsv (curator pair screen 2026-09-18: abnormal-sense PATO (increased/decreased relative to a normal reference); source states a plain descriptive value (e.g. ""small"", ""short"", ""many""))"
EQ|PO_0020043|PATO_0000586	PO_0020043	compound leaf	PATO_0000586	increased size	compound leaf increased size	A flora phenotype in which a(n) compound leaf exhibits the quality increased size.	PHENO|PO_0020043	novel		1	0	1	77	Moringa peregrina (Forssk.) Fiori (p77): large		exclude	"pair novel in config/valid_combinations.tsv (curator pair screen 2026-09-18: abnormal-sense PATO (increased/decreased relative to a normal reference); source states a plain descriptive value (e.g. ""small"", ""short"", ""many""))"
EQ|PO_0020049|PATO_0000389	PO_0020049	leaflet	PATO_0000389	acute	leaflet acute	A flora phenotype in which a(n) leaflet exhibits the quality acute.	FLOPO_0000045	allowed	curator_review_2026-09-18	1	0	1	55	Senegalia laeta (R.Br. ex Benth.) Seigler & Ebinger (p55): acute-edged		exclude	PATO homonym trap: PATO:0000389 acute is a process duration, not an acute (pointed) organ shape
EQ|PO_0020049|PATO_0000587	PO_0020049	leaflet	PATO_0000587	decreased size	leaflet decreased size	A flora phenotype in which a(n) leaflet exhibits the quality decreased size.	FLOPO_0000045	novel		1	0	1	77	Moringa peregrina (Forssk.) Fiori (p77): leaflets small in size		exclude	"pair novel in config/valid_combinations.tsv (curator pair screen 2026-09-18: abnormal-sense PATO (increased/decreased relative to a normal reference); source states a plain descriptive value (e.g. ""small"", ""short"", ""many""))"
EQ|PO_0020049|PATO_0000599	PO_0020049	leaflet	PATO_0000599	decreased width	leaflet decreased width	A flora phenotype in which a(n) leaflet exhibits the quality decreased width.	FLOPO_0000045	novel		1	0	1	18	Searsia retinorrhoea (Steud. ex Oliv.) Moffett (p18): narrow		exclude	"pair novel in config/valid_combinations.tsv (curator pair screen 2026-09-18: abnormal-sense PATO (increased/decreased relative to a normal reference); source states a plain descriptive value (e.g. ""small"", ""short"", ""many""))"
EQ|PO_0020049|PATO_0001227	PO_0020049	leaflet	PATO_0001227	variant	leaflet variant	A flora phenotype in which a(n) leaflet exhibits the quality variant.	FLOPO_0000045	novel		1	0	1	317	Rhoicissus revoilii Planch. (p317): variable in shape		exclude	"pair novel in config/valid_combinations.tsv (curator pair screen 2026-09-18: mis-grounded: ""variable"" is intra-taxon variation, not PATO variant (abnormal-sense))"
EQ|PO_0020050|PATO_0000574	PO_0020050	petiolule	PATO_0000574	decreased length	petiolule decreased length	A flora phenotype in which a(n) petiolule exhibits the quality decreased length.	FLOPO_0000439	novel		1	0	1	175	Maerua triphylla A.Rich. (p175): leaflets short-stalked		exclude	"pair novel in config/valid_combinations.tsv (curator pair screen 2026-09-18: abnormal-sense PATO (increased/decreased relative to a normal reference); source states a plain descriptive value (e.g. ""small"", ""short"", ""many""))"
EQ|PO_0020075|PATO_0000406	PO_0020075	mericarp	PATO_0000406	curved	mericarp curved	A flora phenotype in which a(n) mericarp exhibits the quality curved.	FLOPO_0980857	allowed	curator_review_2026-09-18	1	1	1	301	Geranium biuncinatum Kokwaro (p301): with two horns curved at the apex		exclude	mis-grounded: the curved structures are the two apical horns, not the mericarp
EQ|PO_0020142|PATO_0000574	PO_0020142	stem internode	PATO_0000574	decreased length	stem internode decreased length	A flora phenotype in which a(n) stem internode exhibits the quality decreased length.	PHENO|PO_0020142	novel		1	0	1	115	Anabasis articulata (Forssk.) Moq. (p115): short internodes		exclude	"pair novel in config/valid_combinations.tsv (curator pair screen 2026-09-18: abnormal-sense PATO (increased/decreased relative to a normal reference); source states a plain descriptive value (e.g. ""small"", ""short"", ""many""))"
EQ|PO_0025025|PATO_0000591	PO_0025025	root system	PATO_0000591	increased thickness	root system increased thickness	A flora phenotype in which a(n) root system exhibits the quality increased thickness.	FLOPO_0015281	novel		1	0	1	303	Iris florentina L. (p303): thick, horizontal root system		exclude	"pair novel in config/valid_combinations.tsv (curator pair screen 2026-09-18: abnormal-sense PATO (increased/decreased relative to a normal reference); source states a plain descriptive value (e.g. ""small"", ""short"", ""many""))"
EQ|PO_0025025|PATO_0001893	PO_0025025	root system	PATO_0001893	increased odor	root system increased odor	A flora phenotype in which a(n) root system exhibits the quality increased odor.	FLOPO_0015281	novel		1	0	1	303	Iris florentina L. (p303): with a strong odour		exclude	"pair novel in config/valid_combinations.tsv (curator pair screen 2026-09-18: abnormal-sense PATO (increased/decreased relative to a normal reference); source states a plain descriptive value (e.g. ""small"", ""short"", ""many""))"
EQ|PO_0025034|PATO_0000470	PO_0025034	leaf	PATO_0000470	increased amount	leaf increased amount	A flora phenotype in which a(n) leaf exhibits the quality increased amount.	FLOPO_0000004	novel		1	0	1	267	Drimia maritima (L.) Stearn (p267): leaves numerous		exclude	"pair novel in config/valid_combinations.tsv (curator pair screen 2026-09-18: abnormal-sense PATO (increased/decreased relative to a normal reference); source states a plain descriptive value (e.g. ""small"", ""short"", ""many""))"
EQ|PO_0025034|PATO_0001365	PO_0025034	leaf	PATO_0001365	spiny	leaf spiny	A flora phenotype in which a(n) leaf exhibits the quality spiny.	FLOPO_0000004	allowed	2016_seed	1	1	1	54	Senegalia asak (Forssk.) Kyal. & Boatwr. (p54): leaves not spiny		exclude	duplicate of live FLOPO_0006416 (leaf spiny)
EQ|PO_0025073|PATO_0000574	PO_0025073	branch	PATO_0000574	decreased length	branch decreased length	A flora phenotype in which a(n) branch exhibits the quality decreased length.	FLOPO_0000100	novel		1	0	1	289	Abrus bottae Deflers (p289): short twigs		exclude	"pair novel in config/valid_combinations.tsv (curator pair screen 2026-09-18: abnormal-sense PATO (increased/decreased relative to a normal reference); source states a plain descriptive value (e.g. ""small"", ""short"", ""many""))"
EQ|PO_0025083|PATO_0000587	PO_0025083	strobilus	PATO_0000587	decreased size	strobilus decreased size	A flora phenotype in which a(n) strobilus exhibits the quality decreased size.	FLOPO_0005201	novel		1	0	1	284	Ephedra ciliata Fisch. & C.A.Mey. (p284): the small cones		exclude	"pair novel in config/valid_combinations.tsv (curator pair screen 2026-09-18: abnormal-sense PATO (increased/decreased relative to a normal reference); source states a plain descriptive value (e.g. ""small"", ""short"", ""many""))"
EQ|PO_0025169|PATO_0000587	PO_0025169	prickle	PATO_0000587	decreased size	prickle decreased size	A flora phenotype in which a(n) prickle exhibits the quality decreased size.	FLOPO_0001626	novel		1	0	1	54	Senegalia asak (Forssk.) Kyal. & Boatwr. (p54): small, strong prickles		exclude	"pair novel in config/valid_combinations.tsv (curator pair screen 2026-09-18: abnormal-sense PATO (increased/decreased relative to a normal reference); source states a plain descriptive value (e.g. ""small"", ""short"", ""many""))"
EQ|PO_0025172|PATO_0000574	PO_0025172	thorn	PATO_0000574	decreased length	thorn decreased length	A flora phenotype in which a(n) thorn exhibits the quality decreased length.	FLOPO_0001761	novel		1	0	1	53	Prosopis koelziana Burkart (p53): short thorns		exclude	"pair novel in config/valid_combinations.tsv (curator pair screen 2026-09-18: abnormal-sense PATO (increased/decreased relative to a normal reference); source states a plain descriptive value (e.g. ""small"", ""short"", ""many""))"
EQ|PO_0025172|PATO_0000586	PO_0025172	thorn	PATO_0000586	increased size	thorn increased size	A flora phenotype in which a(n) thorn exhibits the quality increased size.	FLOPO_0001761	novel		1	0	1	64	Vachellia seyal var. fistula (p64): large thorns on the branches		exclude	"pair novel in config/valid_combinations.tsv (curator pair screen 2026-09-18: abnormal-sense PATO (increased/decreased relative to a normal reference); source states a plain descriptive value (e.g. ""small"", ""short"", ""many""))"
EQ|PO_0025174|PATO_0000574	PO_0025174	spine stipule	PATO_0000574	decreased length	spine stipule decreased length	A flora phenotype in which a(n) spine stipule exhibits the quality decreased length.	PHENO|PO_0025174	novel		1	0	1	61	Vachellia johnwoodii (Boulos) Ragup., Seigler, Ebinger & Maslin (p61): small and short		exclude	"pair novel in config/valid_combinations.tsv (curator pair screen 2026-09-18: abnormal-sense PATO (increased/decreased relative to a normal reference); source states a plain descriptive value (e.g. ""small"", ""short"", ""many""))"
EQ|PO_0025174|PATO_0000586	PO_0025174	spine stipule	PATO_0000586	increased size	spine stipule increased size	A flora phenotype in which a(n) spine stipule exhibits the quality increased size.	PHENO|PO_0025174	novel		1	0	1	60	Vachellia gerrardii var. najdensis (Chaudhary) Ragup., Seigler, Ebinger & Maslin (p60): large		exclude	"pair novel in config/valid_combinations.tsv (curator pair screen 2026-09-18: abnormal-sense PATO (increased/decreased relative to a normal reference); source states a plain descriptive value (e.g. ""small"", ""short"", ""many""))"
EQ|PO_0025599|PATO_0000383	PO_0025599	pistillate flower	PATO_0000383	female	pistillate flower female	A flora phenotype in which a(n) pistillate flower exhibits the quality female.	PHENO|PO_0025599	allowed	curator_review_2026-09-18	1	1	1	117	Atriplex halimus L. (p117): female flowers		exclude	blocked quality branch: PATO:0000383 is under phenotypic sex, which ontology/flopo.owl excludes with a general class axiom (the EQ class would be unsatisfiable)
EQ|PO_0025599|PATO_0000587	PO_0025599	pistillate flower	PATO_0000587	decreased size	pistillate flower decreased size	A flora phenotype in which a(n) pistillate flower exhibits the quality decreased size.	PHENO|PO_0025599	novel		1	0	1	129	Suaeda monoica Forssk. ex J.F.Gmel. (p129): the female flowers are much smaller		exclude	"pair novel in config/valid_combinations.tsv (curator pair screen 2026-09-18: abnormal-sense PATO (increased/decreased relative to a normal reference); source states a plain descriptive value (e.g. ""small"", ""short"", ""many""))"
EQ|PO_0025600|PATO_0000384	PO_0025600	staminate flower	PATO_0000384	male	staminate flower male	A flora phenotype in which a(n) staminate flower exhibits the quality male.	PHENO|PO_0025600	allowed	curator_review_2026-09-18	1	1	1	117	Atriplex halimus L. (p117): male flowers		exclude	blocked quality branch: PATO:0000384 is under phenotypic sex, which ontology/flopo.owl excludes with a general class axiom (the EQ class would be unsatisfiable)
EQ|PO_0025600|PATO_0000701	PO_0025600	staminate flower	PATO_0000701	smooth	staminate flower smooth	A flora phenotype in which a(n) staminate flower exhibits the quality smooth.	PHENO|PO_0025600	novel		1	0	1	74	Ficus salicifolia Vahl (p74): smooth		exclude	"pair novel in config/valid_combinations.tsv (curator pair screen 2026-09-18: mis-grounded: Ficus salicifolia ""surrounded by a three-parted envelope, ovate, obtuse, fleshy, smooth"" describes the envelope, not the staminate flower)"
EQ|PO_0025600|PATO_0001891	PO_0025600	staminate flower	PATO_0001891	ovate	staminate flower ovate	A flora phenotype in which a(n) staminate flower exhibits the quality ovate.	PHENO|PO_0025600	novel		1	0	1	74	Ficus salicifolia Vahl (p74): ovate		exclude	pair novel in config/valid_combinations.tsv (curator pair screen 2026-09-18: mis-grounded: Ficus salicifolia envelope (not staminate flower) is ovate)
EQ|PO_0025600|PATO_0001935	PO_0025600	staminate flower	PATO_0001935	obtuse	staminate flower obtuse	A flora phenotype in which a(n) staminate flower exhibits the quality obtuse.	PHENO|PO_0025600	novel		1	0	1	74	Ficus salicifolia Vahl (p74): obtuse		exclude	pair novel in config/valid_combinations.tsv (curator pair screen 2026-09-18: mis-grounded: Ficus salicifolia envelope (not staminate flower) is obtuse)
EQ|PO_0025600|PATO_0002351	PO_0025600	staminate flower	PATO_0002351	fleshy	staminate flower fleshy	A flora phenotype in which a(n) staminate flower exhibits the quality fleshy.	PHENO|PO_0025600	novel		1	0	1	74	Ficus salicifolia Vahl (p74): fleshy		exclude	pair novel in config/valid_combinations.tsv (curator pair screen 2026-09-18: mis-grounded: Ficus salicifolia envelope (not staminate flower) is fleshy)
EQ|PO_0030100|PATO_0000455	PO_0030100	legume fruit	PATO_0000455	pubescent	legume fruit pubescent	A flora phenotype in which a(n) legume fruit exhibits the quality pubescent.	PHENO|PO_0030100	novel		1	0	1	60	Vachellia gerrardii var. najdensis (Chaudhary) Ragup., Seigler, Ebinger & Maslin (p60): with dense down		exclude	pair novel in config/valid_combinations.tsv (curator pair screen 2026-09-18: PATO homonym trap: PATO:0000455 pubescent = puberty; indumentum sense uses PATO:0000454 hairy / FLOPO pubescent)
EQ|PO_0030100|PATO_0000573	PO_0030100	legume fruit	PATO_0000573	increased length	legume fruit increased length	A flora phenotype in which a(n) legume fruit exhibits the quality increased length.	PHENO|PO_0030100	novel		1	0	1	62	Vachellia nilotica subsp. indica (Benth.) Kyal. & Boatwr. (p62): long pods		exclude	"pair novel in config/valid_combinations.tsv (curator pair screen 2026-09-18: abnormal-sense PATO (increased/decreased relative to a normal reference); source states a plain descriptive value (e.g. ""small"", ""short"", ""many""))"
EQ|PO_0030100|PATO_0000574	PO_0030100	legume fruit	PATO_0000574	decreased length	legume fruit decreased length	A flora phenotype in which a(n) legume fruit exhibits the quality decreased length.	PHENO|PO_0030100	novel		1	0	1	290	Indigofera amorphoides Jaub. & Spach (p290): fruits are short pods		exclude	"pair novel in config/valid_combinations.tsv (curator pair screen 2026-09-18: abnormal-sense PATO (increased/decreased relative to a normal reference); source states a plain descriptive value (e.g. ""small"", ""short"", ""many""))"
EQ|PO_0030100|PATO_0000592	PO_0030100	legume fruit	PATO_0000592	decreased thickness	legume fruit decreased thickness	A flora phenotype in which a(n) legume fruit exhibits the quality decreased thickness.	PHENO|PO_0030100	novel		1	0	1	191	Senna italica Mill. (p191): thin pods		exclude	"pair novel in config/valid_combinations.tsv (curator pair screen 2026-09-18: abnormal-sense PATO (increased/decreased relative to a normal reference); source states a plain descriptive value (e.g. ""small"", ""short"", ""many""))"
EQ|PO_0030100|PATO_0000599	PO_0030100	legume fruit	PATO_0000599	decreased width	legume fruit decreased width	A flora phenotype in which a(n) legume fruit exhibits the quality decreased width.	PHENO|PO_0030100	novel		1	0	1	192	Sesbania leptocarpa DC. (p192): narrow pods		exclude	"pair novel in config/valid_combinations.tsv (curator pair screen 2026-09-18: abnormal-sense PATO (increased/decreased relative to a normal reference); source states a plain descriptive value (e.g. ""small"", ""short"", ""many""))"
EQ|PO_0030100|PATO_0001485	PO_0030100	legume fruit	PATO_0001485	condensed	legume fruit condensed	A flora phenotype in which a(n) legume fruit exhibits the quality condensed.	PHENO|PO_0030100	novel		1	0	1	53	Prosopis koelziana Burkart (p53): compressed between the seeds		exclude	"pair novel in config/valid_combinations.tsv (curator pair screen 2026-09-18: mis-grounded: ""compressed between the seeds"" (constricted/compressed) is not PATO condensed)"
EQ|PO_0030102|PATO_0000574	PO_0030102	nut fruit	PATO_0000574	decreased length	nut fruit decreased length	A flora phenotype in which a(n) nut fruit exhibits the quality decreased length.	FLOPO_0980908	novel		1	0	1	274	Alkanna orientalis (L.) Boiss. (p274): with a short beak		exclude	"pair novel in config/valid_combinations.tsv (curator pair screen 2026-09-18: abnormal-sense PATO (increased/decreased relative to a normal reference); source states a plain descriptive value (e.g. ""small"", ""short"", ""many""))"
EQ|PO_0030102|PATO_0000587	PO_0030102	nut fruit	PATO_0000587	decreased size	nut fruit decreased size	A flora phenotype in which a(n) nut fruit exhibits the quality decreased size.	FLOPO_0980908	novel		1	0	1	283	Cyperus alternifolius L. (p283): small nut		exclude	"pair novel in config/valid_combinations.tsv (curator pair screen 2026-09-18: abnormal-sense PATO (increased/decreased relative to a normal reference); source states a plain descriptive value (e.g. ""small"", ""short"", ""many""))"
EQ|PO_0030102|PATO_0002215	PO_0030102	nut fruit	PATO_0002215	falciform	nut fruit falciform	A flora phenotype in which a(n) nut fruit exhibits the quality falciform.	FLOPO_0980908	allowed	curator_review_2026-09-18	1	1	1	274	Alkanna orientalis (L.) Boiss. (p274): hooked beak		exclude	mis-grounded: Alkanna orientalis 'hooked beak' describes the nutlet beak, not a falciform nut fruit
EQ|PO_0030105|PATO_0000327	PO_0030105	follicle fruit	PATO_0000327	low brightness	follicle fruit low brightness	A flora phenotype in which a(n) follicle fruit exhibits the quality low brightness.	PHENO|PO_0030105	allowed	curator_review_2026-09-18	1	1	1	139	Gomphocarpus sinaicus Boiss. (p139): dark spines		exclude	mis-grounded: Gomphocarpus sinaicus 'dark spines' describes the fruit spines, not a dark follicle
EQ|PO_0030106|PATO_0000599	PO_0030106	silique fruit	PATO_0000599	decreased width	silique fruit decreased width	A flora phenotype in which a(n) silique fruit exhibits the quality decreased width.	FLOPO_0980911	novel		1	0	1	276	Matthiola arabica Boiss. (p276): narrow in shape		exclude	"pair novel in config/valid_combinations.tsv (curator pair screen 2026-09-18: abnormal-sense PATO (increased/decreased relative to a normal reference); source states a plain descriptive value (e.g. ""small"", ""short"", ""many""))"
EQ|PO_0030113|PATO_0000591	PO_0030113	flower pedicel	PATO_0000591	increased thickness	flower pedicel increased thickness	A flora phenotype in which a(n) flower pedicel exhibits the quality increased thickness.	PHENO|PO_0030113	novel		1	0	1	91	Rhizophora mucronata Poir. (p91): with short thick stalks		exclude	"pair novel in config/valid_combinations.tsv (curator pair screen 2026-09-18: abnormal-sense PATO (increased/decreased relative to a normal reference); source states a plain descriptive value (e.g. ""small"", ""short"", ""many""))"
EQ|PO_0030115|PATO_0000587	PO_0030115	raceme inflorescence	PATO_0000587	decreased size	raceme inflorescence decreased size	A flora phenotype in which a(n) raceme inflorescence exhibits the quality decreased size.	FLOPO_0980958	novel		1	0	1	197	Taverniera spartea DC. (p197): small racemes		exclude	"pair novel in config/valid_combinations.tsv (curator pair screen 2026-09-18: abnormal-sense PATO (increased/decreased relative to a normal reference); source states a plain descriptive value (e.g. ""small"", ""short"", ""many""))"
EQ|PO_0030121|PATO_0001874	PO_0030121	capitulum inflorescence	PATO_0001874	discoid	capitulum inflorescence discoid	A flora phenotype in which a(n) capitulum inflorescence exhibits the quality discoid.	FLOPO_0980970	novel		1	0	1	152	Anvillea garcinii (Burm.f.) DC. (p152): inflorescences discoid		exclude	"pair novel in config/valid_combinations.tsv (curator pair screen 2026-09-18: botanical homonym trap: ""discoid head"" = capitulum lacking ray florets, not PATO discoid (disc shape))"
EQ|PO_0030123|PATO_0000573	PO_0030123	panicle inflorescence	PATO_0000573	increased length	panicle inflorescence increased length	A flora phenotype in which a(n) panicle inflorescence exhibits the quality increased length.	FLOPO_0980972	novel		1	0	1	311	Calamagrostis arenaria (L.) Roth (p311): flowering stalk long		exclude	"pair novel in config/valid_combinations.tsv (curator pair screen 2026-09-18: abnormal-sense PATO (increased/decreased relative to a normal reference); source states a plain descriptive value (e.g. ""small"", ""short"", ""many""))"
EQ|PO_0030123|PATO_0000599	PO_0030123	panicle inflorescence	PATO_0000599	decreased width	panicle inflorescence decreased width	A flora phenotype in which a(n) panicle inflorescence exhibits the quality decreased width.	FLOPO_0980972	novel		1	0	1	311	Calamagrostis arenaria (L.) Roth (p311): narrow		exclude	"pair novel in config/valid_combinations.tsv (curator pair screen 2026-09-18: abnormal-sense PATO (increased/decreased relative to a normal reference); source states a plain descriptive value (e.g. ""small"", ""short"", ""many""))"
EQ|PO_0030129|PATO_0000574	PO_0030129	umbel inflorescence	PATO_0000574	decreased length	umbel inflorescence decreased length	A flora phenotype in which a(n) umbel inflorescence exhibits the quality decreased length.	PHENO|PO_0030129	novel		1	0	1	134	Deverra triradiata Hochst. ex Boiss. (p134): short		exclude	"pair novel in config/valid_combinations.tsv (curator pair screen 2026-09-18: abnormal-sense PATO (increased/decreased relative to a normal reference); source states a plain descriptive value (e.g. ""small"", ""short"", ""many""))"
