old_flopo_id	old_label	obsolete_label	old_signature	replacement_flopo_id	replacement_label	replacement_signature	replacement_id_status	term_replaced_by	current_quality_label	current_quality_definition	replacement_quality_label	replacement_quality_definition	old_class_action	replacement_class_action	evidence	recommendation	curator_decision	curator_notes
FLOPO_0000077	calyx pubescent	obsolete calyx pubescent	EQ|PO_0009060|PATO_0000455	FLOPO_0980510	calyx pubescent	EQ|PO_0009060|PATO_0001320	new_approved_reserved	http://purl.obolibrary.org/obo/FLOPO_0980510	pubescent	A maturity quality inhering in a bearer by virtue of the bearer's having arrived at the onset of puberty (the age at which sex glands become functional) but not yet fully mature.	pubescent hair	A pilosity quality of being covered with short hairs or soft down.	remove_logical_axioms_and_usages;retain_definition;add_owl_deprecated_true;prefix_label_obsolete;add_IAO_0100001	mint_new_class_with_correct_botanical_pilosity_signature	EVID:UPOV_TGP14|EVID:AOS_DOWNY|PATO-source-definitions	obsolete_and_replace_wrong_semantics	accept	Approved by Robert Hoehndorf (ORCID:0000-0001-8149-5890) on 2026-07-15.
FLOPO_0000182	style pubescent	obsolete style pubescent	EQ|PO_0009074|PATO_0000455	FLOPO_0980521	style pubescent	EQ|PO_0009074|PATO_0001320	new_approved_reserved	http://purl.obolibrary.org/obo/FLOPO_0980521	pubescent	A maturity quality inhering in a bearer by virtue of the bearer's having arrived at the onset of puberty (the age at which sex glands become functional) but not yet fully mature.	pubescent hair	A pilosity quality of being covered with short hairs or soft down.	remove_logical_axioms_and_usages;retain_definition;add_owl_deprecated_true;prefix_label_obsolete;add_IAO_0100001	mint_new_class_with_correct_botanical_pilosity_signature	EVID:UPOV_TGP14|EVID:AOS_DOWNY|PATO-source-definitions	obsolete_and_replace_wrong_semantics	accept	Approved by Robert Hoehndorf (ORCID:0000-0001-8149-5890) on 2026-07-15.
FLOPO_0000186	shoot apex pubescent	obsolete shoot apex pubescent	EQ|PO_0000037|PATO_0000455	FLOPO_0980438	shoot apex pubescent	EQ|PO_0000037|PATO_0001320	new_approved_reserved	http://purl.obolibrary.org/obo/FLOPO_0980438	pubescent	A maturity quality inhering in a bearer by virtue of the bearer's having arrived at the onset of puberty (the age at which sex glands become functional) but not yet fully mature.	pubescent hair	A pilosity quality of being covered with short hairs or soft down.	remove_logical_axioms_and_usages;retain_definition;add_owl_deprecated_true;prefix_label_obsolete;add_IAO_0100001	mint_new_class_with_correct_botanical_pilosity_signature	EVID:UPOV_TGP14|EVID:AOS_DOWNY|PATO-source-definitions	obsolete_and_replace_wrong_semantics	accept	Approved by Robert Hoehndorf (ORCID:0000-0001-8149-5890) on 2026-07-15.
FLOPO_0000294	flower pubescent	obsolete flower pubescent	EQ|PO_0009046|PATO_0000455	FLOPO_0980502	flower pubescent	EQ|PO_0009046|PATO_0001320	new_approved_reserved	http://purl.obolibrary.org/obo/FLOPO_0980502	pubescent	A maturity quality inhering in a bearer by virtue of the bearer's having arrived at the onset of puberty (the age at which sex glands become functional) but not yet fully mature.	pubescent hair	A pilosity quality of being covered with short hairs or soft down.	remove_logical_axioms_and_usages;retain_definition;add_owl_deprecated_true;prefix_label_obsolete;add_IAO_0100001	mint_new_class_with_correct_botanical_pilosity_signature	EVID:UPOV_TGP14|EVID:AOS_DOWNY|PATO-source-definitions	obsolete_and_replace_wrong_semantics	accept	Approved by Robert Hoehndorf (ORCID:0000-0001-8149-5890) on 2026-07-15.
FLOPO_0000317	fruit pubescent	obsolete fruit pubescent	EQ|PO_0009001|PATO_0000455	FLOPO_0980482	fruit pubescent	EQ|PO_0009001|PATO_0001320	new_approved_reserved	http://purl.obolibrary.org/obo/FLOPO_0980482	pubescent	A maturity quality inhering in a bearer by virtue of the bearer's having arrived at the onset of puberty (the age at which sex glands become functional) but not yet fully mature.	pubescent hair	A pilosity quality of being covered with short hairs or soft down.	remove_logical_axioms_and_usages;retain_definition;add_owl_deprecated_true;prefix_label_obsolete;add_IAO_0100001	mint_new_class_with_correct_botanical_pilosity_signature	EVID:UPOV_TGP14|EVID:AOS_DOWNY|PATO-source-definitions	obsolete_and_replace_wrong_semantics	accept	Approved by Robert Hoehndorf (ORCID:0000-0001-8149-5890) on 2026-07-15.
FLOPO_0000319	corolla pubescent	obsolete corolla pubescent	EQ|PO_0009059|PATO_0000455	FLOPO_0980509	corolla pubescent	EQ|PO_0009059|PATO_0001320	new_approved_reserved	http://purl.obolibrary.org/obo/FLOPO_0980509	pubescent	A maturity quality inhering in a bearer by virtue of the bearer's having arrived at the onset of puberty (the age at which sex glands become functional) but not yet fully mature.	pubescent hair	A pilosity quality of being covered with short hairs or soft down.	remove_logical_axioms_and_usages;retain_definition;add_owl_deprecated_true;prefix_label_obsolete;add_IAO_0100001	mint_new_class_with_correct_botanical_pilosity_signature	EVID:UPOV_TGP14|EVID:AOS_DOWNY|PATO-source-definitions	obsolete_and_replace_wrong_semantics	accept	Approved by Robert Hoehndorf (ORCID:0000-0001-8149-5890) on 2026-07-15.
FLOPO_0000364	stem pubescent	obsolete stem pubescent	EQ|PO_0009047|PATO_0000455	FLOPO_0980503	stem pubescent	EQ|PO_0009047|PATO_0001320	new_approved_reserved	http://purl.obolibrary.org/obo/FLOPO_0980503	pubescent	A maturity quality inhering in a bearer by virtue of the bearer's having arrived at the onset of puberty (the age at which sex glands become functional) but not yet fully mature.	pubescent hair	A pilosity quality of being covered with short hairs or soft down.	remove_logical_axioms_and_usages;retain_definition;add_owl_deprecated_true;prefix_label_obsolete;add_IAO_0100001	mint_new_class_with_correct_botanical_pilosity_signature	EVID:UPOV_TGP14|EVID:AOS_DOWNY|PATO-source-definitions	obsolete_and_replace_wrong_semantics	accept	Approved by Robert Hoehndorf (ORCID:0000-0001-8149-5890) on 2026-07-15.
FLOPO_0000388	stipule pubescent	obsolete stipule pubescent	EQ|PO_0020041|PATO_0000455	FLOPO_0980538	stipule pubescent	EQ|PO_0020041|PATO_0001320	new_approved_reserved	http://purl.obolibrary.org/obo/FLOPO_0980538	pubescent	A maturity quality inhering in a bearer by virtue of the bearer's having arrived at the onset of puberty (the age at which sex glands become functional) but not yet fully mature.	pubescent hair	A pilosity quality of being covered with short hairs or soft down.	remove_logical_axioms_and_usages;retain_definition;add_owl_deprecated_true;prefix_label_obsolete;add_IAO_0100001	mint_new_class_with_correct_botanical_pilosity_signature	EVID:UPOV_TGP14|EVID:AOS_DOWNY|PATO-source-definitions	obsolete_and_replace_wrong_semantics	accept	Approved by Robert Hoehndorf (ORCID:0000-0001-8149-5890) on 2026-07-15.
FLOPO_0000476	petiole pubescent	obsolete petiole pubescent	EQ|PO_0020038|PATO_0000455	FLOPO_0980535	petiole pubescent	EQ|PO_0020038|PATO_0001320	new_approved_reserved	http://purl.obolibrary.org/obo/FLOPO_0980535	pubescent	A maturity quality inhering in a bearer by virtue of the bearer's having arrived at the onset of puberty (the age at which sex glands become functional) but not yet fully mature.	pubescent hair	A pilosity quality of being covered with short hairs or soft down.	remove_logical_axioms_and_usages;retain_definition;add_owl_deprecated_true;prefix_label_obsolete;add_IAO_0100001	mint_new_class_with_correct_botanical_pilosity_signature	EVID:UPOV_TGP14|EVID:AOS_DOWNY|PATO-source-definitions	obsolete_and_replace_wrong_semantics	accept	Approved by Robert Hoehndorf (ORCID:0000-0001-8149-5890) on 2026-07-15.
FLOPO_0000501	bracteole pubescent	obsolete bracteole pubescent	EQ|PO_0009043|PATO_0000455	FLOPO_0980501	bracteole pubescent	EQ|PO_0009043|PATO_0001320	new_approved_reserved	http://purl.obolibrary.org/obo/FLOPO_0980501	pubescent	A maturity quality inhering in a bearer by virtue of the bearer's having arrived at the onset of puberty (the age at which sex glands become functional) but not yet fully mature.	pubescent hair	A pilosity quality of being covered with short hairs or soft down.	remove_logical_axioms_and_usages;retain_definition;add_owl_deprecated_true;prefix_label_obsolete;add_IAO_0100001	mint_new_class_with_correct_botanical_pilosity_signature	EVID:UPOV_TGP14|EVID:AOS_DOWNY|PATO-source-definitions	obsolete_and_replace_wrong_semantics	accept	Approved by Robert Hoehndorf (ORCID:0000-0001-8149-5890) on 2026-07-15.
FLOPO_0000544	central zone pubescent	obsolete central zone pubescent	EQ|PO_0000224|PATO_0000455	FLOPO_0980442	central zone pubescent	EQ|PO_0000224|PATO_0001320	new_approved_reserved	http://purl.obolibrary.org/obo/FLOPO_0980442	pubescent	A maturity quality inhering in a bearer by virtue of the bearer's having arrived at the onset of puberty (the age at which sex glands become functional) but not yet fully mature.	pubescent hair	A pilosity quality of being covered with short hairs or soft down.	remove_logical_axioms_and_usages;retain_definition;add_owl_deprecated_true;prefix_label_obsolete;add_IAO_0100001	mint_new_class_with_correct_botanical_pilosity_signature	EVID:UPOV_TGP14|EVID:AOS_DOWNY|PATO-source-definitions	obsolete_and_replace_wrong_semantics	accept	Approved by Robert Hoehndorf (ORCID:0000-0001-8149-5890) on 2026-07-15.
FLOPO_0000567	pedicel pubescent	obsolete pedicel pubescent	EQ|PO_0009052|PATO_0000455	FLOPO_0980505	pedicel pubescent	EQ|PO_0009052|PATO_0001320	new_approved_reserved	http://purl.obolibrary.org/obo/FLOPO_0980505	pubescent	A maturity quality inhering in a bearer by virtue of the bearer's having arrived at the onset of puberty (the age at which sex glands become functional) but not yet fully mature.	pubescent hair	A pilosity quality of being covered with short hairs or soft down.	remove_logical_axioms_and_usages;retain_definition;add_owl_deprecated_true;prefix_label_obsolete;add_IAO_0100001	mint_new_class_with_correct_botanical_pilosity_signature	EVID:UPOV_TGP14|EVID:AOS_DOWNY|PATO-source-definitions	obsolete_and_replace_wrong_semantics	accept	Approved by Robert Hoehndorf (ORCID:0000-0001-8149-5890) on 2026-07-15.
FLOPO_0000625	stele pubescent	obsolete stele pubescent	EQ|PO_0025197|PATO_0000455	FLOPO_0980564	stele pubescent	EQ|PO_0025197|PATO_0001320	new_approved_reserved	http://purl.obolibrary.org/obo/FLOPO_0980564	pubescent	A maturity quality inhering in a bearer by virtue of the bearer's having arrived at the onset of puberty (the age at which sex glands become functional) but not yet fully mature.	pubescent hair	A pilosity quality of being covered with short hairs or soft down.	remove_logical_axioms_and_usages;retain_definition;add_owl_deprecated_true;prefix_label_obsolete;add_IAO_0100001	mint_new_class_with_correct_botanical_pilosity_signature	EVID:UPOV_TGP14|EVID:AOS_DOWNY|PATO-source-definitions	obsolete_and_replace_wrong_semantics	accept	Approved by Robert Hoehndorf (ORCID:0000-0001-8149-5890) on 2026-07-15.
FLOPO_0000635	peduncle pubescent	obsolete peduncle pubescent	EQ|PO_0009053|PATO_0000455	FLOPO_0980506	peduncle pubescent	EQ|PO_0009053|PATO_0001320	new_approved_reserved	http://purl.obolibrary.org/obo/FLOPO_0980506	pubescent	A maturity quality inhering in a bearer by virtue of the bearer's having arrived at the onset of puberty (the age at which sex glands become functional) but not yet fully mature.	pubescent hair	A pilosity quality of being covered with short hairs or soft down.	remove_logical_axioms_and_usages;retain_definition;add_owl_deprecated_true;prefix_label_obsolete;add_IAO_0100001	mint_new_class_with_correct_botanical_pilosity_signature	EVID:UPOV_TGP14|EVID:AOS_DOWNY|PATO-source-definitions	obsolete_and_replace_wrong_semantics	accept	Approved by Robert Hoehndorf (ORCID:0000-0001-8149-5890) on 2026-07-15.
FLOPO_0000724	involucre pubescent	obsolete involucre pubescent	EQ|PO_0009100|PATO_0000455	FLOPO_0980529	involucre pubescent	EQ|PO_0009100|PATO_0001320	new_approved_reserved	http://purl.obolibrary.org/obo/FLOPO_0980529	pubescent	A maturity quality inhering in a bearer by virtue of the bearer's having arrived at the onset of puberty (the age at which sex glands become functional) but not yet fully mature.	pubescent hair	A pilosity quality of being covered with short hairs or soft down.	remove_logical_axioms_and_usages;retain_definition;add_owl_deprecated_true;prefix_label_obsolete;add_IAO_0100001	mint_new_class_with_correct_botanical_pilosity_signature	EVID:UPOV_TGP14|EVID:AOS_DOWNY|PATO-source-definitions	obsolete_and_replace_wrong_semantics	accept	Approved by Robert Hoehndorf (ORCID:0000-0001-8149-5890) on 2026-07-15.
FLOPO_0000748	branch pubescent	obsolete branch pubescent	EQ|PO_0025073|PATO_0000455	FLOPO_0980557	branch pubescent	EQ|PO_0025073|PATO_0001320	new_approved_reserved	http://purl.obolibrary.org/obo/FLOPO_0980557	pubescent	A maturity quality inhering in a bearer by virtue of the bearer's having arrived at the onset of puberty (the age at which sex glands become functional) but not yet fully mature.	pubescent hair	A pilosity quality of being covered with short hairs or soft down.	remove_logical_axioms_and_usages;retain_definition;add_owl_deprecated_true;prefix_label_obsolete;add_IAO_0100001	mint_new_class_with_correct_botanical_pilosity_signature	EVID:UPOV_TGP14|EVID:AOS_DOWNY|PATO-source-definitions	obsolete_and_replace_wrong_semantics	accept	Approved by Robert Hoehndorf (ORCID:0000-0001-8149-5890) on 2026-07-15.
FLOPO_0000814	leaflet pubescent	obsolete leaflet pubescent	EQ|PO_0020049|PATO_0000455	FLOPO_0980540	leaflet pubescent	EQ|PO_0020049|PATO_0001320	new_approved_reserved	http://purl.obolibrary.org/obo/FLOPO_0980540	pubescent	A maturity quality inhering in a bearer by virtue of the bearer's having arrived at the onset of puberty (the age at which sex glands become functional) but not yet fully mature.	pubescent hair	A pilosity quality of being covered with short hairs or soft down.	remove_logical_axioms_and_usages;retain_definition;add_owl_deprecated_true;prefix_label_obsolete;add_IAO_0100001	mint_new_class_with_correct_botanical_pilosity_signature	EVID:UPOV_TGP14|EVID:AOS_DOWNY|PATO-source-definitions	obsolete_and_replace_wrong_semantics	accept	Approved by Robert Hoehndorf (ORCID:0000-0001-8149-5890) on 2026-07-15.
FLOPO_0000818	leaf pubescent	obsolete leaf pubescent	EQ|PO_0025034|PATO_0000455	FLOPO_0980554	leaf pubescent	EQ|PO_0025034|PATO_0001320	new_approved_reserved	http://purl.obolibrary.org/obo/FLOPO_0980554	pubescent	A maturity quality inhering in a bearer by virtue of the bearer's having arrived at the onset of puberty (the age at which sex glands become functional) but not yet fully mature.	pubescent hair	A pilosity quality of being covered with short hairs or soft down.	remove_logical_axioms_and_usages;retain_definition;add_owl_deprecated_true;prefix_label_obsolete;add_IAO_0100001	mint_new_class_with_correct_botanical_pilosity_signature	EVID:UPOV_TGP14|EVID:AOS_DOWNY|PATO-source-definitions	obsolete_and_replace_wrong_semantics	accept	Approved by Robert Hoehndorf (ORCID:0000-0001-8149-5890) on 2026-07-15.
FLOPO_0000831	anther pubescent	obsolete anther pubescent	EQ|PO_0009066|PATO_0000455	FLOPO_0980516	anther pubescent	EQ|PO_0009066|PATO_0001320	new_approved_reserved	http://purl.obolibrary.org/obo/FLOPO_0980516	pubescent	A maturity quality inhering in a bearer by virtue of the bearer's having arrived at the onset of puberty (the age at which sex glands become functional) but not yet fully mature.	pubescent hair	A pilosity quality of being covered with short hairs or soft down.	remove_logical_axioms_and_usages;retain_definition;add_owl_deprecated_true;prefix_label_obsolete;add_IAO_0100001	mint_new_class_with_correct_botanical_pilosity_signature	EVID:UPOV_TGP14|EVID:AOS_DOWNY|PATO-source-definitions	obsolete_and_replace_wrong_semantics	accept	Approved by Robert Hoehndorf (ORCID:0000-0001-8149-5890) on 2026-07-15.
FLOPO_0000859	central spike of tassel inflorescence pubescent	obsolete central spike of tassel inflorescence pubescent	EQ|PO_0006324|PATO_0000455	FLOPO_0980476	central spike of tassel inflorescence pubescent	EQ|PO_0006324|PATO_0001320	new_approved_reserved	http://purl.obolibrary.org/obo/FLOPO_0980476	pubescent	A maturity quality inhering in a bearer by virtue of the bearer's having arrived at the onset of puberty (the age at which sex glands become functional) but not yet fully mature.	pubescent hair	A pilosity quality of being covered with short hairs or soft down.	remove_logical_axioms_and_usages;retain_definition;add_owl_deprecated_true;prefix_label_obsolete;add_IAO_0100001	mint_new_class_with_correct_botanical_pilosity_signature	EVID:UPOV_TGP14|EVID:AOS_DOWNY|PATO-source-definitions	obsolete_and_replace_wrong_semantics	accept	Approved by Robert Hoehndorf (ORCID:0000-0001-8149-5890) on 2026-07-15.
FLOPO_0000974	carpel pubescent	obsolete carpel pubescent	EQ|PO_0009030|PATO_0000455	FLOPO_0980491	carpel pubescent	EQ|PO_0009030|PATO_0001320	new_approved_reserved	http://purl.obolibrary.org/obo/FLOPO_0980491	pubescent	A maturity quality inhering in a bearer by virtue of the bearer's having arrived at the onset of puberty (the age at which sex glands become functional) but not yet fully mature.	pubescent hair	A pilosity quality of being covered with short hairs or soft down.	remove_logical_axioms_and_usages;retain_definition;add_owl_deprecated_true;prefix_label_obsolete;add_IAO_0100001	mint_new_class_with_correct_botanical_pilosity_signature	EVID:UPOV_TGP14|EVID:AOS_DOWNY|PATO-source-definitions	obsolete_and_replace_wrong_semantics	accept	Approved by Robert Hoehndorf (ORCID:0000-0001-8149-5890) on 2026-07-15.
FLOPO_0001037	lamina pubescent	obsolete lamina pubescent	EQ|PO_0025060|PATO_0000455	FLOPO_0980555	lamina pubescent	EQ|PO_0025060|PATO_0001320	new_approved_reserved	http://purl.obolibrary.org/obo/FLOPO_0980555	pubescent	A maturity quality inhering in a bearer by virtue of the bearer's having arrived at the onset of puberty (the age at which sex glands become functional) but not yet fully mature.	pubescent hair	A pilosity quality of being covered with short hairs or soft down.	remove_logical_axioms_and_usages;retain_definition;add_owl_deprecated_true;prefix_label_obsolete;add_IAO_0100001	mint_new_class_with_correct_botanical_pilosity_signature	EVID:UPOV_TGP14|EVID:AOS_DOWNY|PATO-source-definitions	obsolete_and_replace_wrong_semantics	accept	Approved by Robert Hoehndorf (ORCID:0000-0001-8149-5890) on 2026-07-15.
FLOPO_0001087	disk flower pubescent	obsolete disk flower pubescent	EQ|PO_0025332|PATO_0000455	FLOPO_0980573	disk flower pubescent	EQ|PO_0025332|PATO_0001320	new_approved_reserved	http://purl.obolibrary.org/obo/FLOPO_0980573	pubescent	A maturity quality inhering in a bearer by virtue of the bearer's having arrived at the onset of puberty (the age at which sex glands become functional) but not yet fully mature.	pubescent hair	A pilosity quality of being covered with short hairs or soft down.	remove_logical_axioms_and_usages;retain_definition;add_owl_deprecated_true;prefix_label_obsolete;add_IAO_0100001	mint_new_class_with_correct_botanical_pilosity_signature	EVID:UPOV_TGP14|EVID:AOS_DOWNY|PATO-source-definitions	obsolete_and_replace_wrong_semantics	accept	Approved by Robert Hoehndorf (ORCID:0000-0001-8149-5890) on 2026-07-15.
FLOPO_0001108	pistillode pubescent	obsolete pistillode pubescent	EQ|PO_0009078|PATO_0000455	FLOPO_0980523	pistillode pubescent	EQ|PO_0009078|PATO_0001320	new_approved_reserved	http://purl.obolibrary.org/obo/FLOPO_0980523	pubescent	A maturity quality inhering in a bearer by virtue of the bearer's having arrived at the onset of puberty (the age at which sex glands become functional) but not yet fully mature.	pubescent hair	A pilosity quality of being covered with short hairs or soft down.	remove_logical_axioms_and_usages;retain_definition;add_owl_deprecated_true;prefix_label_obsolete;add_IAO_0100001	mint_new_class_with_correct_botanical_pilosity_signature	EVID:UPOV_TGP14|EVID:AOS_DOWNY|PATO-source-definitions	obsolete_and_replace_wrong_semantics	accept	Approved by Robert Hoehndorf (ORCID:0000-0001-8149-5890) on 2026-07-15.
FLOPO_0001155	lenticel pubescent	obsolete lenticel pubescent	EQ|PO_0000031|PATO_0000455	FLOPO_0980436	lenticel pubescent	EQ|PO_0000031|PATO_0001320	new_approved_reserved	http://purl.obolibrary.org/obo/FLOPO_0980436	pubescent	A maturity quality inhering in a bearer by virtue of the bearer's having arrived at the onset of puberty (the age at which sex glands become functional) but not yet fully mature.	pubescent hair	A pilosity quality of being covered with short hairs or soft down.	remove_logical_axioms_and_usages;retain_definition;add_owl_deprecated_true;prefix_label_obsolete;add_IAO_0100001	mint_new_class_with_correct_botanical_pilosity_signature	EVID:UPOV_TGP14|EVID:AOS_DOWNY|PATO-source-definitions	obsolete_and_replace_wrong_semantics	accept	Approved by Robert Hoehndorf (ORCID:0000-0001-8149-5890) on 2026-07-15.
FLOPO_0001158	plant callus pubescent	obsolete plant callus pubescent	EQ|PO_0005052|PATO_0000455	FLOPO_0980462	plant callus pubescent	EQ|PO_0005052|PATO_0001320	new_approved_reserved	http://purl.obolibrary.org/obo/FLOPO_0980462	pubescent	A maturity quality inhering in a bearer by virtue of the bearer's having arrived at the onset of puberty (the age at which sex glands become functional) but not yet fully mature.	pubescent hair	A pilosity quality of being covered with short hairs or soft down.	remove_logical_axioms_and_usages;retain_definition;add_owl_deprecated_true;prefix_label_obsolete;add_IAO_0100001	mint_new_class_with_correct_botanical_pilosity_signature	EVID:UPOV_TGP14|EVID:AOS_DOWNY|PATO-source-definitions	obsolete_and_replace_wrong_semantics	accept	Approved by Robert Hoehndorf (ORCID:0000-0001-8149-5890) on 2026-07-15.
FLOPO_0001232	endocarp pubescent	obsolete endocarp pubescent	EQ|PO_0009086|PATO_0000455	FLOPO_0980526	endocarp pubescent	EQ|PO_0009086|PATO_0001320	new_approved_reserved	http://purl.obolibrary.org/obo/FLOPO_0980526	pubescent	A maturity quality inhering in a bearer by virtue of the bearer's having arrived at the onset of puberty (the age at which sex glands become functional) but not yet fully mature.	pubescent hair	A pilosity quality of being covered with short hairs or soft down.	remove_logical_axioms_and_usages;retain_definition;add_owl_deprecated_true;prefix_label_obsolete;add_IAO_0100001	mint_new_class_with_correct_botanical_pilosity_signature	EVID:UPOV_TGP14|EVID:AOS_DOWNY|PATO-source-definitions	obsolete_and_replace_wrong_semantics	accept	Approved by Robert Hoehndorf (ORCID:0000-0001-8149-5890) on 2026-07-15.
FLOPO_0001490	flower fascicle pubescent	obsolete flower fascicle pubescent	EQ|PO_0025323|PATO_0000455	FLOPO_0980570	flower fascicle pubescent	EQ|PO_0025323|PATO_0001320	new_approved_reserved	http://purl.obolibrary.org/obo/FLOPO_0980570	pubescent	A maturity quality inhering in a bearer by virtue of the bearer's having arrived at the onset of puberty (the age at which sex glands become functional) but not yet fully mature.	pubescent hair	A pilosity quality of being covered with short hairs or soft down.	remove_logical_axioms_and_usages;retain_definition;add_owl_deprecated_true;prefix_label_obsolete;add_IAO_0100001	mint_new_class_with_correct_botanical_pilosity_signature	EVID:UPOV_TGP14|EVID:AOS_DOWNY|PATO-source-definitions	obsolete_and_replace_wrong_semantics	accept	Approved by Robert Hoehndorf (ORCID:0000-0001-8149-5890) on 2026-07-15.
FLOPO_0001578	stigma pubescent	obsolete stigma pubescent	EQ|PO_0009073|PATO_0000455	FLOPO_0980520	stigma pubescent	EQ|PO_0009073|PATO_0001320	new_approved_reserved	http://purl.obolibrary.org/obo/FLOPO_0980520	pubescent	A maturity quality inhering in a bearer by virtue of the bearer's having arrived at the onset of puberty (the age at which sex glands become functional) but not yet fully mature.	pubescent hair	A pilosity quality of being covered with short hairs or soft down.	remove_logical_axioms_and_usages;retain_definition;add_owl_deprecated_true;prefix_label_obsolete;add_IAO_0100001	mint_new_class_with_correct_botanical_pilosity_signature	EVID:UPOV_TGP14|EVID:AOS_DOWNY|PATO-source-definitions	obsolete_and_replace_wrong_semantics	accept	Approved by Robert Hoehndorf (ORCID:0000-0001-8149-5890) on 2026-07-15.
FLOPO_0001622	petiolule pubescent	obsolete petiolule pubescent	EQ|PO_0020050|PATO_0000455	FLOPO_0980541	petiolule pubescent	EQ|PO_0020050|PATO_0001320	new_approved_reserved	http://purl.obolibrary.org/obo/FLOPO_0980541	pubescent	A maturity quality inhering in a bearer by virtue of the bearer's having arrived at the onset of puberty (the age at which sex glands become functional) but not yet fully mature.	pubescent hair	A pilosity quality of being covered with short hairs or soft down.	remove_logical_axioms_and_usages;retain_definition;add_owl_deprecated_true;prefix_label_obsolete;add_IAO_0100001	mint_new_class_with_correct_botanical_pilosity_signature	EVID:UPOV_TGP14|EVID:AOS_DOWNY|PATO-source-definitions	obsolete_and_replace_wrong_semantics	accept	Approved by Robert Hoehndorf (ORCID:0000-0001-8149-5890) on 2026-07-15.
FLOPO_0001634	sepal pubescent	obsolete sepal pubescent	EQ|PO_0009031|PATO_0000455	FLOPO_0980492	sepal pubescent	EQ|PO_0009031|PATO_0001320	new_approved_reserved	http://purl.obolibrary.org/obo/FLOPO_0980492	pubescent	A maturity quality inhering in a bearer by virtue of the bearer's having arrived at the onset of puberty (the age at which sex glands become functional) but not yet fully mature.	pubescent hair	A pilosity quality of being covered with short hairs or soft down.	remove_logical_axioms_and_usages;retain_definition;add_owl_deprecated_true;prefix_label_obsolete;add_IAO_0100001	mint_new_class_with_correct_botanical_pilosity_signature	EVID:UPOV_TGP14|EVID:AOS_DOWNY|PATO-source-definitions	obsolete_and_replace_wrong_semantics	accept	Approved by Robert Hoehndorf (ORCID:0000-0001-8149-5890) on 2026-07-15.
FLOPO_0001675	bract pubescent	obsolete bract pubescent	EQ|PO_0009055|PATO_0000455	FLOPO_0980507	bract pubescent	EQ|PO_0009055|PATO_0001320	new_approved_reserved	http://purl.obolibrary.org/obo/FLOPO_0980507	pubescent	A maturity quality inhering in a bearer by virtue of the bearer's having arrived at the onset of puberty (the age at which sex glands become functional) but not yet fully mature.	pubescent hair	A pilosity quality of being covered with short hairs or soft down.	remove_logical_axioms_and_usages;retain_definition;add_owl_deprecated_true;prefix_label_obsolete;add_IAO_0100001	mint_new_class_with_correct_botanical_pilosity_signature	EVID:UPOV_TGP14|EVID:AOS_DOWNY|PATO-source-definitions	obsolete_and_replace_wrong_semantics	accept	Approved by Robert Hoehndorf (ORCID:0000-0001-8149-5890) on 2026-07-15.
FLOPO_0001723	palmate leaf pubescent	obsolete palmate leaf pubescent	EQ|PO_0020046|PATO_0000455	FLOPO_0980539	palmate leaf pubescent	EQ|PO_0020046|PATO_0001320	new_approved_reserved	http://purl.obolibrary.org/obo/FLOPO_0980539	pubescent	A maturity quality inhering in a bearer by virtue of the bearer's having arrived at the onset of puberty (the age at which sex glands become functional) but not yet fully mature.	pubescent hair	A pilosity quality of being covered with short hairs or soft down.	remove_logical_axioms_and_usages;retain_definition;add_owl_deprecated_true;prefix_label_obsolete;add_IAO_0100001	mint_new_class_with_correct_botanical_pilosity_signature	EVID:UPOV_TGP14|EVID:AOS_DOWNY|PATO-source-definitions	obsolete_and_replace_wrong_semantics	accept	Approved by Robert Hoehndorf (ORCID:0000-0001-8149-5890) on 2026-07-15.
FLOPO_0001743	awn pubescent	obsolete awn pubescent	EQ|PO_0025349|PATO_0000455	FLOPO_0980574	awn pubescent	EQ|PO_0025349|PATO_0001320	new_approved_reserved	http://purl.obolibrary.org/obo/FLOPO_0980574	pubescent	A maturity quality inhering in a bearer by virtue of the bearer's having arrived at the onset of puberty (the age at which sex glands become functional) but not yet fully mature.	pubescent hair	A pilosity quality of being covered with short hairs or soft down.	remove_logical_axioms_and_usages;retain_definition;add_owl_deprecated_true;prefix_label_obsolete;add_IAO_0100001	mint_new_class_with_correct_botanical_pilosity_signature	EVID:UPOV_TGP14|EVID:AOS_DOWNY|PATO-source-definitions	obsolete_and_replace_wrong_semantics	accept	Approved by Robert Hoehndorf (ORCID:0000-0001-8149-5890) on 2026-07-15.
FLOPO_0001943	axillary bud meristem pubescent	obsolete axillary bud meristem pubescent	EQ|PO_0000232|PATO_0000455	FLOPO_0980443	axillary bud meristem pubescent	EQ|PO_0000232|PATO_0001320	new_approved_reserved	http://purl.obolibrary.org/obo/FLOPO_0980443	pubescent	A maturity quality inhering in a bearer by virtue of the bearer's having arrived at the onset of puberty (the age at which sex glands become functional) but not yet fully mature.	pubescent hair	A pilosity quality of being covered with short hairs or soft down.	remove_logical_axioms_and_usages;retain_definition;add_owl_deprecated_true;prefix_label_obsolete;add_IAO_0100001	mint_new_class_with_correct_botanical_pilosity_signature	EVID:UPOV_TGP14|EVID:AOS_DOWNY|PATO-source-definitions	obsolete_and_replace_wrong_semantics	accept	Approved by Robert Hoehndorf (ORCID:0000-0001-8149-5890) on 2026-07-15.
FLOPO_0001996	hypanthium pubescent	obsolete hypanthium pubescent	EQ|PO_0009065|PATO_0000455	FLOPO_0980515	hypanthium pubescent	EQ|PO_0009065|PATO_0001320	new_approved_reserved	http://purl.obolibrary.org/obo/FLOPO_0980515	pubescent	A maturity quality inhering in a bearer by virtue of the bearer's having arrived at the onset of puberty (the age at which sex glands become functional) but not yet fully mature.	pubescent hair	A pilosity quality of being covered with short hairs or soft down.	remove_logical_axioms_and_usages;retain_definition;add_owl_deprecated_true;prefix_label_obsolete;add_IAO_0100001	mint_new_class_with_correct_botanical_pilosity_signature	EVID:UPOV_TGP14|EVID:AOS_DOWNY|PATO-source-definitions	obsolete_and_replace_wrong_semantics	accept	Approved by Robert Hoehndorf (ORCID:0000-0001-8149-5890) on 2026-07-15.
FLOPO_0002008	ovary wall pubescent	obsolete ovary wall pubescent	EQ|PO_0005022|PATO_0000455	FLOPO_0980460	ovary wall pubescent	EQ|PO_0005022|PATO_0001320	new_approved_reserved	http://purl.obolibrary.org/obo/FLOPO_0980460	pubescent	A maturity quality inhering in a bearer by virtue of the bearer's having arrived at the onset of puberty (the age at which sex glands become functional) but not yet fully mature.	pubescent hair	A pilosity quality of being covered with short hairs or soft down.	remove_logical_axioms_and_usages;retain_definition;add_owl_deprecated_true;prefix_label_obsolete;add_IAO_0100001	mint_new_class_with_correct_botanical_pilosity_signature	EVID:UPOV_TGP14|EVID:AOS_DOWNY|PATO-source-definitions	obsolete_and_replace_wrong_semantics	accept	Approved by Robert Hoehndorf (ORCID:0000-0001-8149-5890) on 2026-07-15.
FLOPO_0002041	vascular bundle pubescent	obsolete vascular bundle pubescent	EQ|PO_0005020|PATO_0000455	FLOPO_0980459	vascular bundle pubescent	EQ|PO_0005020|PATO_0001320	new_approved_reserved	http://purl.obolibrary.org/obo/FLOPO_0980459	pubescent	A maturity quality inhering in a bearer by virtue of the bearer's having arrived at the onset of puberty (the age at which sex glands become functional) but not yet fully mature.	pubescent hair	A pilosity quality of being covered with short hairs or soft down.	remove_logical_axioms_and_usages;retain_definition;add_owl_deprecated_true;prefix_label_obsolete;add_IAO_0100001	mint_new_class_with_correct_botanical_pilosity_signature	EVID:UPOV_TGP14|EVID:AOS_DOWNY|PATO-source-definitions	obsolete_and_replace_wrong_semantics	accept	Approved by Robert Hoehndorf (ORCID:0000-0001-8149-5890) on 2026-07-15.
FLOPO_0002053	stamen pubescent	obsolete stamen pubescent	EQ|PO_0009029|PATO_0000455	FLOPO_0980490	stamen pubescent	EQ|PO_0009029|PATO_0001320	new_approved_reserved	http://purl.obolibrary.org/obo/FLOPO_0980490	pubescent	A maturity quality inhering in a bearer by virtue of the bearer's having arrived at the onset of puberty (the age at which sex glands become functional) but not yet fully mature.	pubescent hair	A pilosity quality of being covered with short hairs or soft down.	remove_logical_axioms_and_usages;retain_definition;add_owl_deprecated_true;prefix_label_obsolete;add_IAO_0100001	mint_new_class_with_correct_botanical_pilosity_signature	EVID:UPOV_TGP14|EVID:AOS_DOWNY|PATO-source-definitions	obsolete_and_replace_wrong_semantics	accept	Approved by Robert Hoehndorf (ORCID:0000-0001-8149-5890) on 2026-07-15.
FLOPO_0002138	filament pubescent	obsolete filament pubescent	EQ|PO_0009067|PATO_0000455	FLOPO_0980517	filament pubescent	EQ|PO_0009067|PATO_0001320	new_approved_reserved	http://purl.obolibrary.org/obo/FLOPO_0980517	pubescent	A maturity quality inhering in a bearer by virtue of the bearer's having arrived at the onset of puberty (the age at which sex glands become functional) but not yet fully mature.	pubescent hair	A pilosity quality of being covered with short hairs or soft down.	remove_logical_axioms_and_usages;retain_definition;add_owl_deprecated_true;prefix_label_obsolete;add_IAO_0100001	mint_new_class_with_correct_botanical_pilosity_signature	EVID:UPOV_TGP14|EVID:AOS_DOWNY|PATO-source-definitions	obsolete_and_replace_wrong_semantics	accept	Approved by Robert Hoehndorf (ORCID:0000-0001-8149-5890) on 2026-07-15.
FLOPO_0002142	spore capsule annulus pubescent	obsolete spore capsule annulus pubescent	EQ|PO_0025093|PATO_0000455	FLOPO_0980559	spore capsule annulus pubescent	EQ|PO_0025093|PATO_0001320	new_approved_reserved	http://purl.obolibrary.org/obo/FLOPO_0980559	pubescent	A maturity quality inhering in a bearer by virtue of the bearer's having arrived at the onset of puberty (the age at which sex glands become functional) but not yet fully mature.	pubescent hair	A pilosity quality of being covered with short hairs or soft down.	remove_logical_axioms_and_usages;retain_definition;add_owl_deprecated_true;prefix_label_obsolete;add_IAO_0100001	mint_new_class_with_correct_botanical_pilosity_signature	EVID:UPOV_TGP14|EVID:AOS_DOWNY|PATO-source-definitions	obsolete_and_replace_wrong_semantics	accept	Approved by Robert Hoehndorf (ORCID:0000-0001-8149-5890) on 2026-07-15.
FLOPO_0002277	petal pubescent	obsolete petal pubescent	EQ|PO_0009032|PATO_0000455	FLOPO_0980493	petal pubescent	EQ|PO_0009032|PATO_0001320	new_approved_reserved	http://purl.obolibrary.org/obo/FLOPO_0980493	pubescent	A maturity quality inhering in a bearer by virtue of the bearer's having arrived at the onset of puberty (the age at which sex glands become functional) but not yet fully mature.	pubescent hair	A pilosity quality of being covered with short hairs or soft down.	remove_logical_axioms_and_usages;retain_definition;add_owl_deprecated_true;prefix_label_obsolete;add_IAO_0100001	mint_new_class_with_correct_botanical_pilosity_signature	EVID:UPOV_TGP14|EVID:AOS_DOWNY|PATO-source-definitions	obsolete_and_replace_wrong_semantics	accept	Approved by Robert Hoehndorf (ORCID:0000-0001-8149-5890) on 2026-07-15.
FLOPO_0002366	bud pubescent	obsolete bud pubescent	EQ|PO_0000055|PATO_0000455	FLOPO_0980441	bud pubescent	EQ|PO_0000055|PATO_0001320	new_approved_reserved	http://purl.obolibrary.org/obo/FLOPO_0980441	pubescent	A maturity quality inhering in a bearer by virtue of the bearer's having arrived at the onset of puberty (the age at which sex glands become functional) but not yet fully mature.	pubescent hair	A pilosity quality of being covered with short hairs or soft down.	remove_logical_axioms_and_usages;retain_definition;add_owl_deprecated_true;prefix_label_obsolete;add_IAO_0100001	mint_new_class_with_correct_botanical_pilosity_signature	EVID:UPOV_TGP14|EVID:AOS_DOWNY|PATO-source-definitions	obsolete_and_replace_wrong_semantics	accept	Approved by Robert Hoehndorf (ORCID:0000-0001-8149-5890) on 2026-07-15.
FLOPO_0002426	leaf lamina pubescent	obsolete leaf lamina pubescent	EQ|PO_0020039|PATO_0000455	FLOPO_0980536	leaf lamina pubescent	EQ|PO_0020039|PATO_0001320	new_approved_reserved	http://purl.obolibrary.org/obo/FLOPO_0980536	pubescent	A maturity quality inhering in a bearer by virtue of the bearer's having arrived at the onset of puberty (the age at which sex glands become functional) but not yet fully mature.	pubescent hair	A pilosity quality of being covered with short hairs or soft down.	remove_logical_axioms_and_usages;retain_definition;add_owl_deprecated_true;prefix_label_obsolete;add_IAO_0100001	mint_new_class_with_correct_botanical_pilosity_signature	EVID:UPOV_TGP14|EVID:AOS_DOWNY|PATO-source-definitions	obsolete_and_replace_wrong_semantics	accept	Approved by Robert Hoehndorf (ORCID:0000-0001-8149-5890) on 2026-07-15.
FLOPO_0002430	trichome pubescent	obsolete trichome pubescent	EQ|PO_0000282|PATO_0000455	FLOPO_0980444	trichome pubescent	EQ|PO_0000282|PATO_0001320	new_approved_reserved	http://purl.obolibrary.org/obo/FLOPO_0980444	pubescent	A maturity quality inhering in a bearer by virtue of the bearer's having arrived at the onset of puberty (the age at which sex glands become functional) but not yet fully mature.	pubescent hair	A pilosity quality of being covered with short hairs or soft down.	remove_logical_axioms_and_usages;retain_definition;add_owl_deprecated_true;prefix_label_obsolete;add_IAO_0100001	mint_new_class_with_correct_botanical_pilosity_signature	EVID:UPOV_TGP14|EVID:AOS_DOWNY|PATO-source-definitions	obsolete_and_replace_wrong_semantics	accept	Approved by Robert Hoehndorf (ORCID:0000-0001-8149-5890) on 2026-07-15.
FLOPO_0002481	prickle pubescent	obsolete prickle pubescent	EQ|PO_0025169|PATO_0000455	FLOPO_0980562	prickle pubescent	EQ|PO_0025169|PATO_0001320	new_approved_reserved	http://purl.obolibrary.org/obo/FLOPO_0980562	pubescent	A maturity quality inhering in a bearer by virtue of the bearer's having arrived at the onset of puberty (the age at which sex glands become functional) but not yet fully mature.	pubescent hair	A pilosity quality of being covered with short hairs or soft down.	remove_logical_axioms_and_usages;retain_definition;add_owl_deprecated_true;prefix_label_obsolete;add_IAO_0100001	mint_new_class_with_correct_botanical_pilosity_signature	EVID:UPOV_TGP14|EVID:AOS_DOWNY|PATO-source-definitions	obsolete_and_replace_wrong_semantics	accept	Approved by Robert Hoehndorf (ORCID:0000-0001-8149-5890) on 2026-07-15.
FLOPO_0002520	xylem vessel member pubescent	obsolete xylem vessel member pubescent	EQ|PO_0002003|PATO_0000455	FLOPO_0980445	xylem vessel member pubescent	EQ|PO_0002003|PATO_0001320	new_approved_reserved	http://purl.obolibrary.org/obo/FLOPO_0980445	pubescent	A maturity quality inhering in a bearer by virtue of the bearer's having arrived at the onset of puberty (the age at which sex glands become functional) but not yet fully mature.	pubescent hair	A pilosity quality of being covered with short hairs or soft down.	remove_logical_axioms_and_usages;retain_definition;add_owl_deprecated_true;prefix_label_obsolete;add_IAO_0100001	mint_new_class_with_correct_botanical_pilosity_signature	EVID:UPOV_TGP14|EVID:AOS_DOWNY|PATO-source-definitions	obsolete_and_replace_wrong_semantics	accept	Approved by Robert Hoehndorf (ORCID:0000-0001-8149-5890) on 2026-07-15.
FLOPO_0002620	spikelet pubescent	obsolete spikelet pubescent	EQ|PO_0009051|PATO_0000455	FLOPO_0980504	spikelet pubescent	EQ|PO_0009051|PATO_0001320	new_approved_reserved	http://purl.obolibrary.org/obo/FLOPO_0980504	pubescent	A maturity quality inhering in a bearer by virtue of the bearer's having arrived at the onset of puberty (the age at which sex glands become functional) but not yet fully mature.	pubescent hair	A pilosity quality of being covered with short hairs or soft down.	remove_logical_axioms_and_usages;retain_definition;add_owl_deprecated_true;prefix_label_obsolete;add_IAO_0100001	mint_new_class_with_correct_botanical_pilosity_signature	EVID:UPOV_TGP14|EVID:AOS_DOWNY|PATO-source-definitions	obsolete_and_replace_wrong_semantics	accept	Approved by Robert Hoehndorf (ORCID:0000-0001-8149-5890) on 2026-07-15.
FLOPO_0002742	portion of secretory tissue pubescent	obsolete portion of secretory tissue pubescent	EQ|PO_0005656|PATO_0000455	FLOPO_0980464	portion of secretory tissue pubescent	EQ|PO_0005656|PATO_0001320	new_approved_reserved	http://purl.obolibrary.org/obo/FLOPO_0980464	pubescent	A maturity quality inhering in a bearer by virtue of the bearer's having arrived at the onset of puberty (the age at which sex glands become functional) but not yet fully mature.	pubescent hair	A pilosity quality of being covered with short hairs or soft down.	remove_logical_axioms_and_usages;retain_definition;add_owl_deprecated_true;prefix_label_obsolete;add_IAO_0100001	mint_new_class_with_correct_botanical_pilosity_signature	EVID:UPOV_TGP14|EVID:AOS_DOWNY|PATO-source-definitions	obsolete_and_replace_wrong_semantics	accept	Approved by Robert Hoehndorf (ORCID:0000-0001-8149-5890) on 2026-07-15.
FLOPO_0002787	persistent sepal pubescent	obsolete persistent sepal pubescent	EQ|PO_0025245|PATO_0000455	FLOPO_0980567	persistent sepal pubescent	EQ|PO_0025245|PATO_0001320	new_approved_reserved	http://purl.obolibrary.org/obo/FLOPO_0980567	pubescent	A maturity quality inhering in a bearer by virtue of the bearer's having arrived at the onset of puberty (the age at which sex glands become functional) but not yet fully mature.	pubescent hair	A pilosity quality of being covered with short hairs or soft down.	remove_logical_axioms_and_usages;retain_definition;add_owl_deprecated_true;prefix_label_obsolete;add_IAO_0100001	mint_new_class_with_correct_botanical_pilosity_signature	EVID:UPOV_TGP14|EVID:AOS_DOWNY|PATO-source-definitions	obsolete_and_replace_wrong_semantics	accept	Approved by Robert Hoehndorf (ORCID:0000-0001-8149-5890) on 2026-07-15.
FLOPO_0002869	growth ring pubescent	obsolete growth ring pubescent	EQ|PO_0004514|PATO_0000455	FLOPO_0980449	growth ring pubescent	EQ|PO_0004514|PATO_0001320	new_approved_reserved	http://purl.obolibrary.org/obo/FLOPO_0980449	pubescent	A maturity quality inhering in a bearer by virtue of the bearer's having arrived at the onset of puberty (the age at which sex glands become functional) but not yet fully mature.	pubescent hair	A pilosity quality of being covered with short hairs or soft down.	remove_logical_axioms_and_usages;retain_definition;add_owl_deprecated_true;prefix_label_obsolete;add_IAO_0100001	mint_new_class_with_correct_botanical_pilosity_signature	EVID:UPOV_TGP14|EVID:AOS_DOWNY|PATO-source-definitions	obsolete_and_replace_wrong_semantics	accept	Approved by Robert Hoehndorf (ORCID:0000-0001-8149-5890) on 2026-07-15.
FLOPO_0003022	leaf tendril pubescent	obsolete leaf tendril pubescent	EQ|PO_0025361|PATO_0000455	FLOPO_0980577	leaf tendril pubescent	EQ|PO_0025361|PATO_0001320	new_approved_reserved	http://purl.obolibrary.org/obo/FLOPO_0980577	pubescent	A maturity quality inhering in a bearer by virtue of the bearer's having arrived at the onset of puberty (the age at which sex glands become functional) but not yet fully mature.	pubescent hair	A pilosity quality of being covered with short hairs or soft down.	remove_logical_axioms_and_usages;retain_definition;add_owl_deprecated_true;prefix_label_obsolete;add_IAO_0100001	mint_new_class_with_correct_botanical_pilosity_signature	EVID:UPOV_TGP14|EVID:AOS_DOWNY|PATO-source-definitions	obsolete_and_replace_wrong_semantics	accept	Approved by Robert Hoehndorf (ORCID:0000-0001-8149-5890) on 2026-07-15.
FLOPO_0003057	tassel sessile spikelet pubescent	obsolete tassel sessile spikelet pubescent	EQ|PO_0006311|PATO_0000455	FLOPO_0980475	tassel sessile spikelet pubescent	EQ|PO_0006311|PATO_0001320	new_approved_reserved	http://purl.obolibrary.org/obo/FLOPO_0980475	pubescent	A maturity quality inhering in a bearer by virtue of the bearer's having arrived at the onset of puberty (the age at which sex glands become functional) but not yet fully mature.	pubescent hair	A pilosity quality of being covered with short hairs or soft down.	remove_logical_axioms_and_usages;retain_definition;add_owl_deprecated_true;prefix_label_obsolete;add_IAO_0100001	mint_new_class_with_correct_botanical_pilosity_signature	EVID:UPOV_TGP14|EVID:AOS_DOWNY|PATO-source-definitions	obsolete_and_replace_wrong_semantics	accept	Approved by Robert Hoehndorf (ORCID:0000-0001-8149-5890) on 2026-07-15.
FLOPO_0003126	apical hook pubescent	obsolete apical hook pubescent	EQ|PO_0000012|PATO_0000455	FLOPO_0980433	apical hook pubescent	EQ|PO_0000012|PATO_0001320	new_approved_reserved	http://purl.obolibrary.org/obo/FLOPO_0980433	pubescent	A maturity quality inhering in a bearer by virtue of the bearer's having arrived at the onset of puberty (the age at which sex glands become functional) but not yet fully mature.	pubescent hair	A pilosity quality of being covered with short hairs or soft down.	remove_logical_axioms_and_usages;retain_definition;add_owl_deprecated_true;prefix_label_obsolete;add_IAO_0100001	mint_new_class_with_correct_botanical_pilosity_signature	EVID:UPOV_TGP14|EVID:AOS_DOWNY|PATO-source-definitions	obsolete_and_replace_wrong_semantics	accept	Approved by Robert Hoehndorf (ORCID:0000-0001-8149-5890) on 2026-07-15.
FLOPO_0003273	glume pubescent	obsolete glume pubescent	EQ|PO_0009039|PATO_0000455	FLOPO_0980499	glume pubescent	EQ|PO_0009039|PATO_0001320	new_approved_reserved	http://purl.obolibrary.org/obo/FLOPO_0980499	pubescent	A maturity quality inhering in a bearer by virtue of the bearer's having arrived at the onset of puberty (the age at which sex glands become functional) but not yet fully mature.	pubescent hair	A pilosity quality of being covered with short hairs or soft down.	remove_logical_axioms_and_usages;retain_definition;add_owl_deprecated_true;prefix_label_obsolete;add_IAO_0100001	mint_new_class_with_correct_botanical_pilosity_signature	EVID:UPOV_TGP14|EVID:AOS_DOWNY|PATO-source-definitions	obsolete_and_replace_wrong_semantics	accept	Approved by Robert Hoehndorf (ORCID:0000-0001-8149-5890) on 2026-07-15.
FLOPO_0003470	exocarp pubescent	obsolete exocarp pubescent	EQ|PO_0009085|PATO_0000455	FLOPO_0980525	exocarp pubescent	EQ|PO_0009085|PATO_0001320	new_approved_reserved	http://purl.obolibrary.org/obo/FLOPO_0980525	pubescent	A maturity quality inhering in a bearer by virtue of the bearer's having arrived at the onset of puberty (the age at which sex glands become functional) but not yet fully mature.	pubescent hair	A pilosity quality of being covered with short hairs or soft down.	remove_logical_axioms_and_usages;retain_definition;add_owl_deprecated_true;prefix_label_obsolete;add_IAO_0100001	mint_new_class_with_correct_botanical_pilosity_signature	EVID:UPOV_TGP14|EVID:AOS_DOWNY|PATO-source-definitions	obsolete_and_replace_wrong_semantics	accept	Approved by Robert Hoehndorf (ORCID:0000-0001-8149-5890) on 2026-07-15.
FLOPO_0003479	ovule primordium pubescent	obsolete ovule primordium pubescent	EQ|PO_0000018|PATO_0000455	FLOPO_0980434	ovule primordium pubescent	EQ|PO_0000018|PATO_0001320	new_approved_reserved	http://purl.obolibrary.org/obo/FLOPO_0980434	pubescent	A maturity quality inhering in a bearer by virtue of the bearer's having arrived at the onset of puberty (the age at which sex glands become functional) but not yet fully mature.	pubescent hair	A pilosity quality of being covered with short hairs or soft down.	remove_logical_axioms_and_usages;retain_definition;add_owl_deprecated_true;prefix_label_obsolete;add_IAO_0100001	mint_new_class_with_correct_botanical_pilosity_signature	EVID:UPOV_TGP14|EVID:AOS_DOWNY|PATO-source-definitions	obsolete_and_replace_wrong_semantics	accept	Approved by Robert Hoehndorf (ORCID:0000-0001-8149-5890) on 2026-07-15.
FLOPO_0003679	tubercle pubescent	obsolete tubercle pubescent	EQ|PO_0025352|PATO_0000455	FLOPO_0980575	tubercle pubescent	EQ|PO_0025352|PATO_0001320	new_approved_reserved	http://purl.obolibrary.org/obo/FLOPO_0980575	pubescent	A maturity quality inhering in a bearer by virtue of the bearer's having arrived at the onset of puberty (the age at which sex glands become functional) but not yet fully mature.	pubescent hair	A pilosity quality of being covered with short hairs or soft down.	remove_logical_axioms_and_usages;retain_definition;add_owl_deprecated_true;prefix_label_obsolete;add_IAO_0100001	mint_new_class_with_correct_botanical_pilosity_signature	EVID:UPOV_TGP14|EVID:AOS_DOWNY|PATO-source-definitions	obsolete_and_replace_wrong_semantics	accept	Approved by Robert Hoehndorf (ORCID:0000-0001-8149-5890) on 2026-07-15.
FLOPO_0003713	pith pubescent	obsolete pith pubescent	EQ|PO_0006109|PATO_0000455	FLOPO_0980474	pith pubescent	EQ|PO_0006109|PATO_0001320	new_approved_reserved	http://purl.obolibrary.org/obo/FLOPO_0980474	pubescent	A maturity quality inhering in a bearer by virtue of the bearer's having arrived at the onset of puberty (the age at which sex glands become functional) but not yet fully mature.	pubescent hair	A pilosity quality of being covered with short hairs or soft down.	remove_logical_axioms_and_usages;retain_definition;add_owl_deprecated_true;prefix_label_obsolete;add_IAO_0100001	mint_new_class_with_correct_botanical_pilosity_signature	EVID:UPOV_TGP14|EVID:AOS_DOWNY|PATO-source-definitions	obsolete_and_replace_wrong_semantics	accept	Approved by Robert Hoehndorf (ORCID:0000-0001-8149-5890) on 2026-07-15.
FLOPO_0003806	banner petal pubescent	obsolete banner petal pubescent	EQ|PO_0025324|PATO_0000455	FLOPO_0980571	banner petal pubescent	EQ|PO_0025324|PATO_0001320	new_approved_reserved	http://purl.obolibrary.org/obo/FLOPO_0980571	pubescent	A maturity quality inhering in a bearer by virtue of the bearer's having arrived at the onset of puberty (the age at which sex glands become functional) but not yet fully mature.	pubescent hair	A pilosity quality of being covered with short hairs or soft down.	remove_logical_axioms_and_usages;retain_definition;add_owl_deprecated_true;prefix_label_obsolete;add_IAO_0100001	mint_new_class_with_correct_botanical_pilosity_signature	EVID:UPOV_TGP14|EVID:AOS_DOWNY|PATO-source-definitions	obsolete_and_replace_wrong_semantics	accept	Approved by Robert Hoehndorf (ORCID:0000-0001-8149-5890) on 2026-07-15.
FLOPO_0003883	sheath cell pubescent	obsolete sheath cell pubescent	EQ|PO_0004531|PATO_0000455	FLOPO_0980451	sheath cell pubescent	EQ|PO_0004531|PATO_0001320	new_approved_reserved	http://purl.obolibrary.org/obo/FLOPO_0980451	pubescent	A maturity quality inhering in a bearer by virtue of the bearer's having arrived at the onset of puberty (the age at which sex glands become functional) but not yet fully mature.	pubescent hair	A pilosity quality of being covered with short hairs or soft down.	remove_logical_axioms_and_usages;retain_definition;add_owl_deprecated_true;prefix_label_obsolete;add_IAO_0100001	mint_new_class_with_correct_botanical_pilosity_signature	EVID:UPOV_TGP14|EVID:AOS_DOWNY|PATO-source-definitions	obsolete_and_replace_wrong_semantics	accept	Approved by Robert Hoehndorf (ORCID:0000-0001-8149-5890) on 2026-07-15.
FLOPO_0004009	perianth pubescent	obsolete perianth pubescent	EQ|PO_0009058|PATO_0000455	FLOPO_0980508	perianth pubescent	EQ|PO_0009058|PATO_0001320	new_approved_reserved	http://purl.obolibrary.org/obo/FLOPO_0980508	pubescent	A maturity quality inhering in a bearer by virtue of the bearer's having arrived at the onset of puberty (the age at which sex glands become functional) but not yet fully mature.	pubescent hair	A pilosity quality of being covered with short hairs or soft down.	remove_logical_axioms_and_usages;retain_definition;add_owl_deprecated_true;prefix_label_obsolete;add_IAO_0100001	mint_new_class_with_correct_botanical_pilosity_signature	EVID:UPOV_TGP14|EVID:AOS_DOWNY|PATO-source-definitions	obsolete_and_replace_wrong_semantics	accept	Approved by Robert Hoehndorf (ORCID:0000-0001-8149-5890) on 2026-07-15.
FLOPO_0004315	staminode pubescent	obsolete staminode pubescent	EQ|PO_0009077|PATO_0000455	FLOPO_0980522	staminode pubescent	EQ|PO_0009077|PATO_0001320	new_approved_reserved	http://purl.obolibrary.org/obo/FLOPO_0980522	pubescent	A maturity quality inhering in a bearer by virtue of the bearer's having arrived at the onset of puberty (the age at which sex glands become functional) but not yet fully mature.	pubescent hair	A pilosity quality of being covered with short hairs or soft down.	remove_logical_axioms_and_usages;retain_definition;add_owl_deprecated_true;prefix_label_obsolete;add_IAO_0100001	mint_new_class_with_correct_botanical_pilosity_signature	EVID:UPOV_TGP14|EVID:AOS_DOWNY|PATO-source-definitions	obsolete_and_replace_wrong_semantics	accept	Approved by Robert Hoehndorf (ORCID:0000-0001-8149-5890) on 2026-07-15.
FLOPO_0004336	lemma pubescent	obsolete lemma pubescent	EQ|PO_0009037|PATO_0000455	FLOPO_0980497	lemma pubescent	EQ|PO_0009037|PATO_0001320	new_approved_reserved	http://purl.obolibrary.org/obo/FLOPO_0980497	pubescent	A maturity quality inhering in a bearer by virtue of the bearer's having arrived at the onset of puberty (the age at which sex glands become functional) but not yet fully mature.	pubescent hair	A pilosity quality of being covered with short hairs or soft down.	remove_logical_axioms_and_usages;retain_definition;add_owl_deprecated_true;prefix_label_obsolete;add_IAO_0100001	mint_new_class_with_correct_botanical_pilosity_signature	EVID:UPOV_TGP14|EVID:AOS_DOWNY|PATO-source-definitions	obsolete_and_replace_wrong_semantics	accept	Approved by Robert Hoehndorf (ORCID:0000-0001-8149-5890) on 2026-07-15.
FLOPO_0004341	keel pubescent	obsolete keel pubescent	EQ|PO_0025327|PATO_0000455	FLOPO_0980572	keel pubescent	EQ|PO_0025327|PATO_0001320	new_approved_reserved	http://purl.obolibrary.org/obo/FLOPO_0980572	pubescent	A maturity quality inhering in a bearer by virtue of the bearer's having arrived at the onset of puberty (the age at which sex glands become functional) but not yet fully mature.	pubescent hair	A pilosity quality of being covered with short hairs or soft down.	remove_logical_axioms_and_usages;retain_definition;add_owl_deprecated_true;prefix_label_obsolete;add_IAO_0100001	mint_new_class_with_correct_botanical_pilosity_signature	EVID:UPOV_TGP14|EVID:AOS_DOWNY|PATO-source-definitions	obsolete_and_replace_wrong_semantics	accept	Approved by Robert Hoehndorf (ORCID:0000-0001-8149-5890) on 2026-07-15.
FLOPO_0004397	axil pubescent	obsolete axil pubescent	EQ|PO_0025224|PATO_0000455	FLOPO_0980565	axil pubescent	EQ|PO_0025224|PATO_0001320	new_approved_reserved	http://purl.obolibrary.org/obo/FLOPO_0980565	pubescent	A maturity quality inhering in a bearer by virtue of the bearer's having arrived at the onset of puberty (the age at which sex glands become functional) but not yet fully mature.	pubescent hair	A pilosity quality of being covered with short hairs or soft down.	remove_logical_axioms_and_usages;retain_definition;add_owl_deprecated_true;prefix_label_obsolete;add_IAO_0100001	mint_new_class_with_correct_botanical_pilosity_signature	EVID:UPOV_TGP14|EVID:AOS_DOWNY|PATO-source-definitions	obsolete_and_replace_wrong_semantics	accept	Approved by Robert Hoehndorf (ORCID:0000-0001-8149-5890) on 2026-07-15.
FLOPO_0004437	leaf midvein pubescent	obsolete leaf midvein pubescent	EQ|PO_0020139|PATO_0000455	FLOPO_0980551	leaf midvein pubescent	EQ|PO_0020139|PATO_0001320	new_approved_reserved	http://purl.obolibrary.org/obo/FLOPO_0980551	pubescent	A maturity quality inhering in a bearer by virtue of the bearer's having arrived at the onset of puberty (the age at which sex glands become functional) but not yet fully mature.	pubescent hair	A pilosity quality of being covered with short hairs or soft down.	remove_logical_axioms_and_usages;retain_definition;add_owl_deprecated_true;prefix_label_obsolete;add_IAO_0100001	mint_new_class_with_correct_botanical_pilosity_signature	EVID:UPOV_TGP14|EVID:AOS_DOWNY|PATO-source-definitions	obsolete_and_replace_wrong_semantics	accept	Approved by Robert Hoehndorf (ORCID:0000-0001-8149-5890) on 2026-07-15.
FLOPO_0004594	leaf vascular system pubescent	obsolete leaf vascular system pubescent	EQ|PO_0000036|PATO_0000455	FLOPO_0980437	leaf vascular system pubescent	EQ|PO_0000036|PATO_0001320	new_approved_reserved	http://purl.obolibrary.org/obo/FLOPO_0980437	pubescent	A maturity quality inhering in a bearer by virtue of the bearer's having arrived at the onset of puberty (the age at which sex glands become functional) but not yet fully mature.	pubescent hair	A pilosity quality of being covered with short hairs or soft down.	remove_logical_axioms_and_usages;retain_definition;add_owl_deprecated_true;prefix_label_obsolete;add_IAO_0100001	mint_new_class_with_correct_botanical_pilosity_signature	EVID:UPOV_TGP14|EVID:AOS_DOWNY|PATO-source-definitions	obsolete_and_replace_wrong_semantics	accept	Approved by Robert Hoehndorf (ORCID:0000-0001-8149-5890) on 2026-07-15.
FLOPO_0004699	tertiary leaf vein pubescent	obsolete tertiary leaf vein pubescent	EQ|PO_0008021|PATO_0000455	FLOPO_0980479	tertiary leaf vein pubescent	EQ|PO_0008021|PATO_0001320	new_approved_reserved	http://purl.obolibrary.org/obo/FLOPO_0980479	pubescent	A maturity quality inhering in a bearer by virtue of the bearer's having arrived at the onset of puberty (the age at which sex glands become functional) but not yet fully mature.	pubescent hair	A pilosity quality of being covered with short hairs or soft down.	remove_logical_axioms_and_usages;retain_definition;add_owl_deprecated_true;prefix_label_obsolete;add_IAO_0100001	mint_new_class_with_correct_botanical_pilosity_signature	EVID:UPOV_TGP14|EVID:AOS_DOWNY|PATO-source-definitions	obsolete_and_replace_wrong_semantics	accept	Approved by Robert Hoehndorf (ORCID:0000-0001-8149-5890) on 2026-07-15.
FLOPO_0004905	whole plant pubescent	obsolete whole plant pubescent	EQ|PO_0000003|PATO_0000455	FLOPO_0980432	whole plant pubescent	EQ|PO_0000003|PATO_0001320	new_approved_reserved	http://purl.obolibrary.org/obo/FLOPO_0980432	pubescent	A maturity quality inhering in a bearer by virtue of the bearer's having arrived at the onset of puberty (the age at which sex glands become functional) but not yet fully mature.	pubescent hair	A pilosity quality of being covered with short hairs or soft down.	remove_logical_axioms_and_usages;retain_definition;add_owl_deprecated_true;prefix_label_obsolete;add_IAO_0100001	mint_new_class_with_correct_botanical_pilosity_signature	EVID:UPOV_TGP14|EVID:AOS_DOWNY|PATO-source-definitions	obsolete_and_replace_wrong_semantics	accept	Approved by Robert Hoehndorf (ORCID:0000-0001-8149-5890) on 2026-07-15.
FLOPO_0004941	stalk pubescent	obsolete stalk pubescent	EQ|PO_0025066|PATO_0000455	FLOPO_0980556	stalk pubescent	EQ|PO_0025066|PATO_0001320	new_approved_reserved	http://purl.obolibrary.org/obo/FLOPO_0980556	pubescent	A maturity quality inhering in a bearer by virtue of the bearer's having arrived at the onset of puberty (the age at which sex glands become functional) but not yet fully mature.	pubescent hair	A pilosity quality of being covered with short hairs or soft down.	remove_logical_axioms_and_usages;retain_definition;add_owl_deprecated_true;prefix_label_obsolete;add_IAO_0100001	mint_new_class_with_correct_botanical_pilosity_signature	EVID:UPOV_TGP14|EVID:AOS_DOWNY|PATO-source-definitions	obsolete_and_replace_wrong_semantics	accept	Approved by Robert Hoehndorf (ORCID:0000-0001-8149-5890) on 2026-07-15.
FLOPO_0005008	bark pubescent	obsolete bark pubescent	EQ|PO_0004518|PATO_0000455	FLOPO_0980450	bark pubescent	EQ|PO_0004518|PATO_0001320	new_approved_reserved	http://purl.obolibrary.org/obo/FLOPO_0980450	pubescent	A maturity quality inhering in a bearer by virtue of the bearer's having arrived at the onset of puberty (the age at which sex glands become functional) but not yet fully mature.	pubescent hair	A pilosity quality of being covered with short hairs or soft down.	remove_logical_axioms_and_usages;retain_definition;add_owl_deprecated_true;prefix_label_obsolete;add_IAO_0100001	mint_new_class_with_correct_botanical_pilosity_signature	EVID:UPOV_TGP14|EVID:AOS_DOWNY|PATO-source-definitions	obsolete_and_replace_wrong_semantics	accept	Approved by Robert Hoehndorf (ORCID:0000-0001-8149-5890) on 2026-07-15.
FLOPO_0005396	shoot-borne root pubescent	obsolete shoot-borne root pubescent	EQ|PO_0000042|PATO_0000455	FLOPO_0980439	shoot-borne root pubescent	EQ|PO_0000042|PATO_0001320	new_approved_reserved	http://purl.obolibrary.org/obo/FLOPO_0980439	pubescent	A maturity quality inhering in a bearer by virtue of the bearer's having arrived at the onset of puberty (the age at which sex glands become functional) but not yet fully mature.	pubescent hair	A pilosity quality of being covered with short hairs or soft down.	remove_logical_axioms_and_usages;retain_definition;add_owl_deprecated_true;prefix_label_obsolete;add_IAO_0100001	mint_new_class_with_correct_botanical_pilosity_signature	EVID:UPOV_TGP14|EVID:AOS_DOWNY|PATO-source-definitions	obsolete_and_replace_wrong_semantics	accept	Approved by Robert Hoehndorf (ORCID:0000-0001-8149-5890) on 2026-07-15.
FLOPO_0005402	seed trichome pubescent	obsolete seed trichome pubescent	EQ|PO_0004511|PATO_0000455	FLOPO_0980447	seed trichome pubescent	EQ|PO_0004511|PATO_0001320	new_approved_reserved	http://purl.obolibrary.org/obo/FLOPO_0980447	pubescent	A maturity quality inhering in a bearer by virtue of the bearer's having arrived at the onset of puberty (the age at which sex glands become functional) but not yet fully mature.	pubescent hair	A pilosity quality of being covered with short hairs or soft down.	remove_logical_axioms_and_usages;retain_definition;add_owl_deprecated_true;prefix_label_obsolete;add_IAO_0100001	mint_new_class_with_correct_botanical_pilosity_signature	EVID:UPOV_TGP14|EVID:AOS_DOWNY|PATO-source-definitions	obsolete_and_replace_wrong_semantics	accept	Approved by Robert Hoehndorf (ORCID:0000-0001-8149-5890) on 2026-07-15.
FLOPO_0005858	fertile lemma pubescent	obsolete fertile lemma pubescent	EQ|PO_0009041|PATO_0000455	FLOPO_0980500	fertile lemma pubescent	EQ|PO_0009041|PATO_0001320	new_approved_reserved	http://purl.obolibrary.org/obo/FLOPO_0980500	pubescent	A maturity quality inhering in a bearer by virtue of the bearer's having arrived at the onset of puberty (the age at which sex glands become functional) but not yet fully mature.	pubescent hair	A pilosity quality of being covered with short hairs or soft down.	remove_logical_axioms_and_usages;retain_definition;add_owl_deprecated_true;prefix_label_obsolete;add_IAO_0100001	mint_new_class_with_correct_botanical_pilosity_signature	EVID:UPOV_TGP14|EVID:AOS_DOWNY|PATO-source-definitions	obsolete_and_replace_wrong_semantics	accept	Approved by Robert Hoehndorf (ORCID:0000-0001-8149-5890) on 2026-07-15.
FLOPO_0006034	coma pubescent	obsolete coma pubescent	EQ|PO_0020061|PATO_0000455	FLOPO_0980543	coma pubescent	EQ|PO_0020061|PATO_0001320	new_approved_reserved	http://purl.obolibrary.org/obo/FLOPO_0980543	pubescent	A maturity quality inhering in a bearer by virtue of the bearer's having arrived at the onset of puberty (the age at which sex glands become functional) but not yet fully mature.	pubescent hair	A pilosity quality of being covered with short hairs or soft down.	remove_logical_axioms_and_usages;retain_definition;add_owl_deprecated_true;prefix_label_obsolete;add_IAO_0100001	mint_new_class_with_correct_botanical_pilosity_signature	EVID:UPOV_TGP14|EVID:AOS_DOWNY|PATO-source-definitions	obsolete_and_replace_wrong_semantics	accept	Approved by Robert Hoehndorf (ORCID:0000-0001-8149-5890) on 2026-07-15.
FLOPO_0006216	heartwood pubescent	obsolete heartwood pubescent	EQ|PO_0004512|PATO_0000455	FLOPO_0980448	heartwood pubescent	EQ|PO_0004512|PATO_0001320	new_approved_reserved	http://purl.obolibrary.org/obo/FLOPO_0980448	pubescent	A maturity quality inhering in a bearer by virtue of the bearer's having arrived at the onset of puberty (the age at which sex glands become functional) but not yet fully mature.	pubescent hair	A pilosity quality of being covered with short hairs or soft down.	remove_logical_axioms_and_usages;retain_definition;add_owl_deprecated_true;prefix_label_obsolete;add_IAO_0100001	mint_new_class_with_correct_botanical_pilosity_signature	EVID:UPOV_TGP14|EVID:AOS_DOWNY|PATO-source-definitions	obsolete_and_replace_wrong_semantics	accept	Approved by Robert Hoehndorf (ORCID:0000-0001-8149-5890) on 2026-07-15.
FLOPO_0006476	canal pubescent	obsolete canal pubescent	EQ|PO_0025132|PATO_0000455	FLOPO_0980560	canal pubescent	EQ|PO_0025132|PATO_0001320	new_approved_reserved	http://purl.obolibrary.org/obo/FLOPO_0980560	pubescent	A maturity quality inhering in a bearer by virtue of the bearer's having arrived at the onset of puberty (the age at which sex glands become functional) but not yet fully mature.	pubescent hair	A pilosity quality of being covered with short hairs or soft down.	remove_logical_axioms_and_usages;retain_definition;add_owl_deprecated_true;prefix_label_obsolete;add_IAO_0100001	mint_new_class_with_correct_botanical_pilosity_signature	EVID:UPOV_TGP14|EVID:AOS_DOWNY|PATO-source-definitions	obsolete_and_replace_wrong_semantics	accept	Approved by Robert Hoehndorf (ORCID:0000-0001-8149-5890) on 2026-07-15.
FLOPO_0006492	pericarp pubescent	obsolete pericarp pubescent	EQ|PO_0009084|PATO_0000455	FLOPO_0980524	pericarp pubescent	EQ|PO_0009084|PATO_0001320	new_approved_reserved	http://purl.obolibrary.org/obo/FLOPO_0980524	pubescent	A maturity quality inhering in a bearer by virtue of the bearer's having arrived at the onset of puberty (the age at which sex glands become functional) but not yet fully mature.	pubescent hair	A pilosity quality of being covered with short hairs or soft down.	remove_logical_axioms_and_usages;retain_definition;add_owl_deprecated_true;prefix_label_obsolete;add_IAO_0100001	mint_new_class_with_correct_botanical_pilosity_signature	EVID:UPOV_TGP14|EVID:AOS_DOWNY|PATO-source-definitions	obsolete_and_replace_wrong_semantics	accept	Approved by Robert Hoehndorf (ORCID:0000-0001-8149-5890) on 2026-07-15.
FLOPO_0006561	seed pubescent	obsolete seed pubescent	EQ|PO_0009010|PATO_0000455	FLOPO_0980487	seed pubescent	EQ|PO_0009010|PATO_0001320	new_approved_reserved	http://purl.obolibrary.org/obo/FLOPO_0980487	pubescent	A maturity quality inhering in a bearer by virtue of the bearer's having arrived at the onset of puberty (the age at which sex glands become functional) but not yet fully mature.	pubescent hair	A pilosity quality of being covered with short hairs or soft down.	remove_logical_axioms_and_usages;retain_definition;add_owl_deprecated_true;prefix_label_obsolete;add_IAO_0100001	mint_new_class_with_correct_botanical_pilosity_signature	EVID:UPOV_TGP14|EVID:AOS_DOWNY|PATO-source-definitions	obsolete_and_replace_wrong_semantics	accept	Approved by Robert Hoehndorf (ORCID:0000-0001-8149-5890) on 2026-07-15.
FLOPO_0006574	cotyledon pubescent	obsolete cotyledon pubescent	EQ|PO_0020030|PATO_0000455	FLOPO_0980531	cotyledon pubescent	EQ|PO_0020030|PATO_0001320	new_approved_reserved	http://purl.obolibrary.org/obo/FLOPO_0980531	pubescent	A maturity quality inhering in a bearer by virtue of the bearer's having arrived at the onset of puberty (the age at which sex glands become functional) but not yet fully mature.	pubescent hair	A pilosity quality of being covered with short hairs or soft down.	remove_logical_axioms_and_usages;retain_definition;add_owl_deprecated_true;prefix_label_obsolete;add_IAO_0100001	mint_new_class_with_correct_botanical_pilosity_signature	EVID:UPOV_TGP14|EVID:AOS_DOWNY|PATO-source-definitions	obsolete_and_replace_wrong_semantics	accept	Approved by Robert Hoehndorf (ORCID:0000-0001-8149-5890) on 2026-07-15.
FLOPO_0006688	root tip pubescent	obsolete root tip pubescent	EQ|PO_0000025|PATO_0000455	FLOPO_0980435	root tip pubescent	EQ|PO_0000025|PATO_0001320	new_approved_reserved	http://purl.obolibrary.org/obo/FLOPO_0980435	pubescent	A maturity quality inhering in a bearer by virtue of the bearer's having arrived at the onset of puberty (the age at which sex glands become functional) but not yet fully mature.	pubescent hair	A pilosity quality of being covered with short hairs or soft down.	remove_logical_axioms_and_usages;retain_definition;add_owl_deprecated_true;prefix_label_obsolete;add_IAO_0100001	mint_new_class_with_correct_botanical_pilosity_signature	EVID:UPOV_TGP14|EVID:AOS_DOWNY|PATO-source-definitions	obsolete_and_replace_wrong_semantics	accept	Approved by Robert Hoehndorf (ORCID:0000-0001-8149-5890) on 2026-07-15.
FLOPO_0006719	crown root pubescent	obsolete crown root pubescent	EQ|PO_0000043|PATO_0000455	FLOPO_0980440	crown root pubescent	EQ|PO_0000043|PATO_0001320	new_approved_reserved	http://purl.obolibrary.org/obo/FLOPO_0980440	pubescent	A maturity quality inhering in a bearer by virtue of the bearer's having arrived at the onset of puberty (the age at which sex glands become functional) but not yet fully mature.	pubescent hair	A pilosity quality of being covered with short hairs or soft down.	remove_logical_axioms_and_usages;retain_definition;add_owl_deprecated_true;prefix_label_obsolete;add_IAO_0100001	mint_new_class_with_correct_botanical_pilosity_signature	EVID:UPOV_TGP14|EVID:AOS_DOWNY|PATO-source-definitions	obsolete_and_replace_wrong_semantics	accept	Approved by Robert Hoehndorf (ORCID:0000-0001-8149-5890) on 2026-07-15.
FLOPO_0006988	shoot internode pubescent	obsolete shoot internode pubescent	EQ|PO_0005005|PATO_0000455	FLOPO_0980458	shoot internode pubescent	EQ|PO_0005005|PATO_0001320	new_approved_reserved	http://purl.obolibrary.org/obo/FLOPO_0980458	pubescent	A maturity quality inhering in a bearer by virtue of the bearer's having arrived at the onset of puberty (the age at which sex glands become functional) but not yet fully mature.	pubescent hair	A pilosity quality of being covered with short hairs or soft down.	remove_logical_axioms_and_usages;retain_definition;add_owl_deprecated_true;prefix_label_obsolete;add_IAO_0100001	mint_new_class_with_correct_botanical_pilosity_signature	EVID:UPOV_TGP14|EVID:AOS_DOWNY|PATO-source-definitions	obsolete_and_replace_wrong_semantics	accept	Approved by Robert Hoehndorf (ORCID:0000-0001-8149-5890) on 2026-07-15.
FLOPO_0007079	scutellar node pubescent	obsolete scutellar node pubescent	EQ|PO_0004708|PATO_0000455	FLOPO_0980455	scutellar node pubescent	EQ|PO_0004708|PATO_0001320	new_approved_reserved	http://purl.obolibrary.org/obo/FLOPO_0980455	pubescent	A maturity quality inhering in a bearer by virtue of the bearer's having arrived at the onset of puberty (the age at which sex glands become functional) but not yet fully mature.	pubescent hair	A pilosity quality of being covered with short hairs or soft down.	remove_logical_axioms_and_usages;retain_definition;add_owl_deprecated_true;prefix_label_obsolete;add_IAO_0100001	mint_new_class_with_correct_botanical_pilosity_signature	EVID:UPOV_TGP14|EVID:AOS_DOWNY|PATO-source-definitions	obsolete_and_replace_wrong_semantics	accept	Approved by Robert Hoehndorf (ORCID:0000-0001-8149-5890) on 2026-07-15.
FLOPO_0007144	epidermis pubescent	obsolete epidermis pubescent	EQ|PO_0005679|PATO_0000455	FLOPO_0980468	epidermis pubescent	EQ|PO_0005679|PATO_0001320	new_approved_reserved	http://purl.obolibrary.org/obo/FLOPO_0980468	pubescent	A maturity quality inhering in a bearer by virtue of the bearer's having arrived at the onset of puberty (the age at which sex glands become functional) but not yet fully mature.	pubescent hair	A pilosity quality of being covered with short hairs or soft down.	remove_logical_axioms_and_usages;retain_definition;add_owl_deprecated_true;prefix_label_obsolete;add_IAO_0100001	mint_new_class_with_correct_botanical_pilosity_signature	EVID:UPOV_TGP14|EVID:AOS_DOWNY|PATO-source-definitions	obsolete_and_replace_wrong_semantics	accept	Approved by Robert Hoehndorf (ORCID:0000-0001-8149-5890) on 2026-07-15.
FLOPO_0007570	receptacle pubescent	obsolete receptacle pubescent	EQ|PO_0009064|PATO_0000455	FLOPO_0980514	receptacle pubescent	EQ|PO_0009064|PATO_0001320	new_approved_reserved	http://purl.obolibrary.org/obo/FLOPO_0980514	pubescent	A maturity quality inhering in a bearer by virtue of the bearer's having arrived at the onset of puberty (the age at which sex glands become functional) but not yet fully mature.	pubescent hair	A pilosity quality of being covered with short hairs or soft down.	remove_logical_axioms_and_usages;retain_definition;add_owl_deprecated_true;prefix_label_obsolete;add_IAO_0100001	mint_new_class_with_correct_botanical_pilosity_signature	EVID:UPOV_TGP14|EVID:AOS_DOWNY|PATO-source-definitions	obsolete_and_replace_wrong_semantics	accept	Approved by Robert Hoehndorf (ORCID:0000-0001-8149-5890) on 2026-07-15.
FLOPO_0007838	root pubescent	obsolete root pubescent	EQ|PO_0009005|PATO_0000455	FLOPO_0980484	root pubescent	EQ|PO_0009005|PATO_0001320	new_approved_reserved	http://purl.obolibrary.org/obo/FLOPO_0980484	pubescent	A maturity quality inhering in a bearer by virtue of the bearer's having arrived at the onset of puberty (the age at which sex glands become functional) but not yet fully mature.	pubescent hair	A pilosity quality of being covered with short hairs or soft down.	remove_logical_axioms_and_usages;retain_definition;add_owl_deprecated_true;prefix_label_obsolete;add_IAO_0100001	mint_new_class_with_correct_botanical_pilosity_signature	EVID:UPOV_TGP14|EVID:AOS_DOWNY|PATO-source-definitions	obsolete_and_replace_wrong_semantics	accept	Approved by Robert Hoehndorf (ORCID:0000-0001-8149-5890) on 2026-07-15.
FLOPO_0007848	upper glume pubescent	obsolete upper glume pubescent	EQ|PO_0006004|PATO_0000455	FLOPO_0980471	upper glume pubescent	EQ|PO_0006004|PATO_0001320	new_approved_reserved	http://purl.obolibrary.org/obo/FLOPO_0980471	pubescent	A maturity quality inhering in a bearer by virtue of the bearer's having arrived at the onset of puberty (the age at which sex glands become functional) but not yet fully mature.	pubescent hair	A pilosity quality of being covered with short hairs or soft down.	remove_logical_axioms_and_usages;retain_definition;add_owl_deprecated_true;prefix_label_obsolete;add_IAO_0100001	mint_new_class_with_correct_botanical_pilosity_signature	EVID:UPOV_TGP14|EVID:AOS_DOWNY|PATO-source-definitions	obsolete_and_replace_wrong_semantics	accept	Approved by Robert Hoehndorf (ORCID:0000-0001-8149-5890) on 2026-07-15.
FLOPO_0008036	phyllome sinus pubescent	obsolete phyllome sinus pubescent	EQ|PO_0025383|PATO_0000455	FLOPO_0980578	phyllome sinus pubescent	EQ|PO_0025383|PATO_0001320	new_approved_reserved	http://purl.obolibrary.org/obo/FLOPO_0980578	pubescent	A maturity quality inhering in a bearer by virtue of the bearer's having arrived at the onset of puberty (the age at which sex glands become functional) but not yet fully mature.	pubescent hair	A pilosity quality of being covered with short hairs or soft down.	remove_logical_axioms_and_usages;retain_definition;add_owl_deprecated_true;prefix_label_obsolete;add_IAO_0100001	mint_new_class_with_correct_botanical_pilosity_signature	EVID:UPOV_TGP14|EVID:AOS_DOWNY|PATO-source-definitions	obsolete_and_replace_wrong_semantics	accept	Approved by Robert Hoehndorf (ORCID:0000-0001-8149-5890) on 2026-07-15.
FLOPO_0008151	valve pubescent	obsolete valve pubescent	EQ|PO_0025228|PATO_0000455	FLOPO_0980566	valve pubescent	EQ|PO_0025228|PATO_0001320	new_approved_reserved	http://purl.obolibrary.org/obo/FLOPO_0980566	pubescent	A maturity quality inhering in a bearer by virtue of the bearer's having arrived at the onset of puberty (the age at which sex glands become functional) but not yet fully mature.	pubescent hair	A pilosity quality of being covered with short hairs or soft down.	remove_logical_axioms_and_usages;retain_definition;add_owl_deprecated_true;prefix_label_obsolete;add_IAO_0100001	mint_new_class_with_correct_botanical_pilosity_signature	EVID:UPOV_TGP14|EVID:AOS_DOWNY|PATO-source-definitions	obsolete_and_replace_wrong_semantics	accept	Approved by Robert Hoehndorf (ORCID:0000-0001-8149-5890) on 2026-07-15.
FLOPO_0008287	epicotyl pubescent	obsolete epicotyl pubescent	EQ|PO_0020035|PATO_0000455	FLOPO_0980534	epicotyl pubescent	EQ|PO_0020035|PATO_0001320	new_approved_reserved	http://purl.obolibrary.org/obo/FLOPO_0980534	pubescent	A maturity quality inhering in a bearer by virtue of the bearer's having arrived at the onset of puberty (the age at which sex glands become functional) but not yet fully mature.	pubescent hair	A pilosity quality of being covered with short hairs or soft down.	remove_logical_axioms_and_usages;retain_definition;add_owl_deprecated_true;prefix_label_obsolete;add_IAO_0100001	mint_new_class_with_correct_botanical_pilosity_signature	EVID:UPOV_TGP14|EVID:AOS_DOWNY|PATO-source-definitions	obsolete_and_replace_wrong_semantics	accept	Approved by Robert Hoehndorf (ORCID:0000-0001-8149-5890) on 2026-07-15.
FLOPO_0008362	collective phyllome structure pubescent	obsolete collective phyllome structure pubescent	EQ|PO_0025023|PATO_0000455	FLOPO_0980553	collective phyllome structure pubescent	EQ|PO_0025023|PATO_0001320	new_approved_reserved	http://purl.obolibrary.org/obo/FLOPO_0980553	pubescent	A maturity quality inhering in a bearer by virtue of the bearer's having arrived at the onset of puberty (the age at which sex glands become functional) but not yet fully mature.	pubescent hair	A pilosity quality of being covered with short hairs or soft down.	remove_logical_axioms_and_usages;retain_definition;add_owl_deprecated_true;prefix_label_obsolete;add_IAO_0100001	mint_new_class_with_correct_botanical_pilosity_signature	EVID:UPOV_TGP14|EVID:AOS_DOWNY|PATO-source-definitions	obsolete_and_replace_wrong_semantics	accept	Approved by Robert Hoehndorf (ORCID:0000-0001-8149-5890) on 2026-07-15.
FLOPO_0008492	hydathode pubescent	obsolete hydathode pubescent	EQ|PO_0005660|PATO_0000455	FLOPO_0980465	hydathode pubescent	EQ|PO_0005660|PATO_0001320	new_approved_reserved	http://purl.obolibrary.org/obo/FLOPO_0980465	pubescent	A maturity quality inhering in a bearer by virtue of the bearer's having arrived at the onset of puberty (the age at which sex glands become functional) but not yet fully mature.	pubescent hair	A pilosity quality of being covered with short hairs or soft down.	remove_logical_axioms_and_usages;retain_definition;add_owl_deprecated_true;prefix_label_obsolete;add_IAO_0100001	mint_new_class_with_correct_botanical_pilosity_signature	EVID:UPOV_TGP14|EVID:AOS_DOWNY|PATO-source-definitions	obsolete_and_replace_wrong_semantics	accept	Approved by Robert Hoehndorf (ORCID:0000-0001-8149-5890) on 2026-07-15.
FLOPO_0008535	locule pubescent	obsolete locule pubescent	EQ|PO_0025263|PATO_0000455	FLOPO_0980568	locule pubescent	EQ|PO_0025263|PATO_0001320	new_approved_reserved	http://purl.obolibrary.org/obo/FLOPO_0980568	pubescent	A maturity quality inhering in a bearer by virtue of the bearer's having arrived at the onset of puberty (the age at which sex glands become functional) but not yet fully mature.	pubescent hair	A pilosity quality of being covered with short hairs or soft down.	remove_logical_axioms_and_usages;retain_definition;add_owl_deprecated_true;prefix_label_obsolete;add_IAO_0100001	mint_new_class_with_correct_botanical_pilosity_signature	EVID:UPOV_TGP14|EVID:AOS_DOWNY|PATO-source-definitions	obsolete_and_replace_wrong_semantics	accept	Approved by Robert Hoehndorf (ORCID:0000-0001-8149-5890) on 2026-07-15.
FLOPO_0008773	gynoecium pubescent	obsolete gynoecium pubescent	EQ|PO_0009062|PATO_0000455	FLOPO_0980512	gynoecium pubescent	EQ|PO_0009062|PATO_0001320	new_approved_reserved	http://purl.obolibrary.org/obo/FLOPO_0980512	pubescent	A maturity quality inhering in a bearer by virtue of the bearer's having arrived at the onset of puberty (the age at which sex glands become functional) but not yet fully mature.	pubescent hair	A pilosity quality of being covered with short hairs or soft down.	remove_logical_axioms_and_usages;retain_definition;add_owl_deprecated_true;prefix_label_obsolete;add_IAO_0100001	mint_new_class_with_correct_botanical_pilosity_signature	EVID:UPOV_TGP14|EVID:AOS_DOWNY|PATO-source-definitions	obsolete_and_replace_wrong_semantics	accept	Approved by Robert Hoehndorf (ORCID:0000-0001-8149-5890) on 2026-07-15.
FLOPO_0009049	ligule pubescent	obsolete ligule pubescent	EQ|PO_0020105|PATO_0000455	FLOPO_0980547	ligule pubescent	EQ|PO_0020105|PATO_0001320	new_approved_reserved	http://purl.obolibrary.org/obo/FLOPO_0980547	pubescent	A maturity quality inhering in a bearer by virtue of the bearer's having arrived at the onset of puberty (the age at which sex glands become functional) but not yet fully mature.	pubescent hair	A pilosity quality of being covered with short hairs or soft down.	remove_logical_axioms_and_usages;retain_definition;add_owl_deprecated_true;prefix_label_obsolete;add_IAO_0100001	mint_new_class_with_correct_botanical_pilosity_signature	EVID:UPOV_TGP14|EVID:AOS_DOWNY|PATO-source-definitions	obsolete_and_replace_wrong_semantics	accept	Approved by Robert Hoehndorf (ORCID:0000-0001-8149-5890) on 2026-07-15.
FLOPO_0009313	leaf margin pubescent	obsolete leaf margin pubescent	EQ|PO_0020128|PATO_0000455	FLOPO_0980549	leaf margin pubescent	EQ|PO_0020128|PATO_0001320	new_approved_reserved	http://purl.obolibrary.org/obo/FLOPO_0980549	pubescent	A maturity quality inhering in a bearer by virtue of the bearer's having arrived at the onset of puberty (the age at which sex glands become functional) but not yet fully mature.	pubescent hair	A pilosity quality of being covered with short hairs or soft down.	remove_logical_axioms_and_usages;retain_definition;add_owl_deprecated_true;prefix_label_obsolete;add_IAO_0100001	mint_new_class_with_correct_botanical_pilosity_signature	EVID:UPOV_TGP14|EVID:AOS_DOWNY|PATO-source-definitions	obsolete_and_replace_wrong_semantics	accept	Approved by Robert Hoehndorf (ORCID:0000-0001-8149-5890) on 2026-07-15.
FLOPO_0009524	connective pubescent	obsolete connective pubescent	EQ|PO_0009068|PATO_0000455	FLOPO_0980518	connective pubescent	EQ|PO_0009068|PATO_0001320	new_approved_reserved	http://purl.obolibrary.org/obo/FLOPO_0980518	pubescent	A maturity quality inhering in a bearer by virtue of the bearer's having arrived at the onset of puberty (the age at which sex glands become functional) but not yet fully mature.	pubescent hair	A pilosity quality of being covered with short hairs or soft down.	remove_logical_axioms_and_usages;retain_definition;add_owl_deprecated_true;prefix_label_obsolete;add_IAO_0100001	mint_new_class_with_correct_botanical_pilosity_signature	EVID:UPOV_TGP14|EVID:AOS_DOWNY|PATO-source-definitions	obsolete_and_replace_wrong_semantics	accept	Approved by Robert Hoehndorf (ORCID:0000-0001-8149-5890) on 2026-07-15.
FLOPO_0009634	rhizome pubescent	obsolete rhizome pubescent	EQ|PO_0004542|PATO_0000455	FLOPO_0980452	rhizome pubescent	EQ|PO_0004542|PATO_0001320	new_approved_reserved	http://purl.obolibrary.org/obo/FLOPO_0980452	pubescent	A maturity quality inhering in a bearer by virtue of the bearer's having arrived at the onset of puberty (the age at which sex glands become functional) but not yet fully mature.	pubescent hair	A pilosity quality of being covered with short hairs or soft down.	remove_logical_axioms_and_usages;retain_definition;add_owl_deprecated_true;prefix_label_obsolete;add_IAO_0100001	mint_new_class_with_correct_botanical_pilosity_signature	EVID:UPOV_TGP14|EVID:AOS_DOWNY|PATO-source-definitions	obsolete_and_replace_wrong_semantics	accept	Approved by Robert Hoehndorf (ORCID:0000-0001-8149-5890) on 2026-07-15.
FLOPO_0009715	basal axillary shoot system pubescent	obsolete basal axillary shoot system pubescent	EQ|PO_0005001|PATO_0000455	FLOPO_0980457	basal axillary shoot system pubescent	EQ|PO_0005001|PATO_0001320	new_approved_reserved	http://purl.obolibrary.org/obo/FLOPO_0980457	pubescent	A maturity quality inhering in a bearer by virtue of the bearer's having arrived at the onset of puberty (the age at which sex glands become functional) but not yet fully mature.	pubescent hair	A pilosity quality of being covered with short hairs or soft down.	remove_logical_axioms_and_usages;retain_definition;add_owl_deprecated_true;prefix_label_obsolete;add_IAO_0100001	mint_new_class_with_correct_botanical_pilosity_signature	EVID:UPOV_TGP14|EVID:AOS_DOWNY|PATO-source-definitions	obsolete_and_replace_wrong_semantics	accept	Approved by Robert Hoehndorf (ORCID:0000-0001-8149-5890) on 2026-07-15.
FLOPO_0009874	infructescence pubescent	obsolete infructescence pubescent	EQ|PO_0006342|PATO_0000455	FLOPO_0980478	infructescence pubescent	EQ|PO_0006342|PATO_0001320	new_approved_reserved	http://purl.obolibrary.org/obo/FLOPO_0980478	pubescent	A maturity quality inhering in a bearer by virtue of the bearer's having arrived at the onset of puberty (the age at which sex glands become functional) but not yet fully mature.	pubescent hair	A pilosity quality of being covered with short hairs or soft down.	remove_logical_axioms_and_usages;retain_definition;add_owl_deprecated_true;prefix_label_obsolete;add_IAO_0100001	mint_new_class_with_correct_botanical_pilosity_signature	EVID:UPOV_TGP14|EVID:AOS_DOWNY|PATO-source-definitions	obsolete_and_replace_wrong_semantics	accept	Approved by Robert Hoehndorf (ORCID:0000-0001-8149-5890) on 2026-07-15.
FLOPO_0009996	leaf axil pubescent	obsolete leaf axil pubescent	EQ|PO_0009023|PATO_0000455	FLOPO_0980488	leaf axil pubescent	EQ|PO_0009023|PATO_0001320	new_approved_reserved	http://purl.obolibrary.org/obo/FLOPO_0980488	pubescent	A maturity quality inhering in a bearer by virtue of the bearer's having arrived at the onset of puberty (the age at which sex glands become functional) but not yet fully mature.	pubescent hair	A pilosity quality of being covered with short hairs or soft down.	remove_logical_axioms_and_usages;retain_definition;add_owl_deprecated_true;prefix_label_obsolete;add_IAO_0100001	mint_new_class_with_correct_botanical_pilosity_signature	EVID:UPOV_TGP14|EVID:AOS_DOWNY|PATO-source-definitions	obsolete_and_replace_wrong_semantics	accept	Approved by Robert Hoehndorf (ORCID:0000-0001-8149-5890) on 2026-07-15.
FLOPO_0009999	epicalyx pubescent	obsolete epicalyx pubescent	EQ|PO_0009063|PATO_0000455	FLOPO_0980513	epicalyx pubescent	EQ|PO_0009063|PATO_0001320	new_approved_reserved	http://purl.obolibrary.org/obo/FLOPO_0980513	pubescent	A maturity quality inhering in a bearer by virtue of the bearer's having arrived at the onset of puberty (the age at which sex glands become functional) but not yet fully mature.	pubescent hair	A pilosity quality of being covered with short hairs or soft down.	remove_logical_axioms_and_usages;retain_definition;add_owl_deprecated_true;prefix_label_obsolete;add_IAO_0100001	mint_new_class_with_correct_botanical_pilosity_signature	EVID:UPOV_TGP14|EVID:AOS_DOWNY|PATO-source-definitions	obsolete_and_replace_wrong_semantics	accept	Approved by Robert Hoehndorf (ORCID:0000-0001-8149-5890) on 2026-07-15.
FLOPO_0010088	aril pubescent	obsolete aril pubescent	EQ|PO_0009090|PATO_0000455	FLOPO_0980528	aril pubescent	EQ|PO_0009090|PATO_0001320	new_approved_reserved	http://purl.obolibrary.org/obo/FLOPO_0980528	pubescent	A maturity quality inhering in a bearer by virtue of the bearer's having arrived at the onset of puberty (the age at which sex glands become functional) but not yet fully mature.	pubescent hair	A pilosity quality of being covered with short hairs or soft down.	remove_logical_axioms_and_usages;retain_definition;add_owl_deprecated_true;prefix_label_obsolete;add_IAO_0100001	mint_new_class_with_correct_botanical_pilosity_signature	EVID:UPOV_TGP14|EVID:AOS_DOWNY|PATO-source-definitions	obsolete_and_replace_wrong_semantics	accept	Approved by Robert Hoehndorf (ORCID:0000-0001-8149-5890) on 2026-07-15.
FLOPO_0010115	stereome pubescent	obsolete stereome pubescent	EQ|PO_0030050|PATO_0000455	FLOPO_0980583	stereome pubescent	EQ|PO_0030050|PATO_0001320	new_approved_reserved	http://purl.obolibrary.org/obo/FLOPO_0980583	pubescent	A maturity quality inhering in a bearer by virtue of the bearer's having arrived at the onset of puberty (the age at which sex glands become functional) but not yet fully mature.	pubescent hair	A pilosity quality of being covered with short hairs or soft down.	remove_logical_axioms_and_usages;retain_definition;add_owl_deprecated_true;prefix_label_obsolete;add_IAO_0100001	mint_new_class_with_correct_botanical_pilosity_signature	EVID:UPOV_TGP14|EVID:AOS_DOWNY|PATO-source-definitions	obsolete_and_replace_wrong_semantics	accept	Approved by Robert Hoehndorf (ORCID:0000-0001-8149-5890) on 2026-07-15.
FLOPO_0010243	lower glume pubescent	obsolete lower glume pubescent	EQ|PO_0006002|PATO_0000455	FLOPO_0980470	lower glume pubescent	EQ|PO_0006002|PATO_0001320	new_approved_reserved	http://purl.obolibrary.org/obo/FLOPO_0980470	pubescent	A maturity quality inhering in a bearer by virtue of the bearer's having arrived at the onset of puberty (the age at which sex glands become functional) but not yet fully mature.	pubescent hair	A pilosity quality of being covered with short hairs or soft down.	remove_logical_axioms_and_usages;retain_definition;add_owl_deprecated_true;prefix_label_obsolete;add_IAO_0100001	mint_new_class_with_correct_botanical_pilosity_signature	EVID:UPOV_TGP14|EVID:AOS_DOWNY|PATO-source-definitions	obsolete_and_replace_wrong_semantics	accept	Approved by Robert Hoehndorf (ORCID:0000-0001-8149-5890) on 2026-07-15.
FLOPO_0010398	parenchyma pubescent	obsolete parenchyma pubescent	EQ|PO_0005421|PATO_0000455	FLOPO_0980463	parenchyma pubescent	EQ|PO_0005421|PATO_0001320	new_approved_reserved	http://purl.obolibrary.org/obo/FLOPO_0980463	pubescent	A maturity quality inhering in a bearer by virtue of the bearer's having arrived at the onset of puberty (the age at which sex glands become functional) but not yet fully mature.	pubescent hair	A pilosity quality of being covered with short hairs or soft down.	remove_logical_axioms_and_usages;retain_definition;add_owl_deprecated_true;prefix_label_obsolete;add_IAO_0100001	mint_new_class_with_correct_botanical_pilosity_signature	EVID:UPOV_TGP14|EVID:AOS_DOWNY|PATO-source-definitions	obsolete_and_replace_wrong_semantics	accept	Approved by Robert Hoehndorf (ORCID:0000-0001-8149-5890) on 2026-07-15.
FLOPO_0010582	hypocotyl pubescent	obsolete hypocotyl pubescent	EQ|PO_0020100|PATO_0000455	FLOPO_0980545	hypocotyl pubescent	EQ|PO_0020100|PATO_0001320	new_approved_reserved	http://purl.obolibrary.org/obo/FLOPO_0980545	pubescent	A maturity quality inhering in a bearer by virtue of the bearer's having arrived at the onset of puberty (the age at which sex glands become functional) but not yet fully mature.	pubescent hair	A pilosity quality of being covered with short hairs or soft down.	remove_logical_axioms_and_usages;retain_definition;add_owl_deprecated_true;prefix_label_obsolete;add_IAO_0100001	mint_new_class_with_correct_botanical_pilosity_signature	EVID:UPOV_TGP14|EVID:AOS_DOWNY|PATO-source-definitions	obsolete_and_replace_wrong_semantics	accept	Approved by Robert Hoehndorf (ORCID:0000-0001-8149-5890) on 2026-07-15.
FLOPO_0010621	leaf base pubescent	obsolete leaf base pubescent	EQ|PO_0020040|PATO_0000455	FLOPO_0980537	leaf base pubescent	EQ|PO_0020040|PATO_0001320	new_approved_reserved	http://purl.obolibrary.org/obo/FLOPO_0980537	pubescent	A maturity quality inhering in a bearer by virtue of the bearer's having arrived at the onset of puberty (the age at which sex glands become functional) but not yet fully mature.	pubescent hair	A pilosity quality of being covered with short hairs or soft down.	remove_logical_axioms_and_usages;retain_definition;add_owl_deprecated_true;prefix_label_obsolete;add_IAO_0100001	mint_new_class_with_correct_botanical_pilosity_signature	EVID:UPOV_TGP14|EVID:AOS_DOWNY|PATO-source-definitions	obsolete_and_replace_wrong_semantics	accept	Approved by Robert Hoehndorf (ORCID:0000-0001-8149-5890) on 2026-07-15.
FLOPO_0011121	anther theca pubescent	obsolete anther theca pubescent	EQ|PO_0009069|PATO_0000455	FLOPO_0980519	anther theca pubescent	EQ|PO_0009069|PATO_0001320	new_approved_reserved	http://purl.obolibrary.org/obo/FLOPO_0980519	pubescent	A maturity quality inhering in a bearer by virtue of the bearer's having arrived at the onset of puberty (the age at which sex glands become functional) but not yet fully mature.	pubescent hair	A pilosity quality of being covered with short hairs or soft down.	remove_logical_axioms_and_usages;retain_definition;add_owl_deprecated_true;prefix_label_obsolete;add_IAO_0100001	mint_new_class_with_correct_botanical_pilosity_signature	EVID:UPOV_TGP14|EVID:AOS_DOWNY|PATO-source-definitions	obsolete_and_replace_wrong_semantics	accept	Approved by Robert Hoehndorf (ORCID:0000-0001-8149-5890) on 2026-07-15.
FLOPO_0011234	thorn pubescent	obsolete thorn pubescent	EQ|PO_0025172|PATO_0000455	FLOPO_0980563	thorn pubescent	EQ|PO_0025172|PATO_0001320	new_approved_reserved	http://purl.obolibrary.org/obo/FLOPO_0980563	pubescent	A maturity quality inhering in a bearer by virtue of the bearer's having arrived at the onset of puberty (the age at which sex glands become functional) but not yet fully mature.	pubescent hair	A pilosity quality of being covered with short hairs or soft down.	remove_logical_axioms_and_usages;retain_definition;add_owl_deprecated_true;prefix_label_obsolete;add_IAO_0100001	mint_new_class_with_correct_botanical_pilosity_signature	EVID:UPOV_TGP14|EVID:AOS_DOWNY|PATO-source-definitions	obsolete_and_replace_wrong_semantics	accept	Approved by Robert Hoehndorf (ORCID:0000-0001-8149-5890) on 2026-07-15.
FLOPO_0011952	primary parietal cell pubescent	obsolete primary parietal cell pubescent	EQ|PO_0006010|PATO_0000455	FLOPO_0980472	primary parietal cell pubescent	EQ|PO_0006010|PATO_0001320	new_approved_reserved	http://purl.obolibrary.org/obo/FLOPO_0980472	pubescent	A maturity quality inhering in a bearer by virtue of the bearer's having arrived at the onset of puberty (the age at which sex glands become functional) but not yet fully mature.	pubescent hair	A pilosity quality of being covered with short hairs or soft down.	remove_logical_axioms_and_usages;retain_definition;add_owl_deprecated_true;prefix_label_obsolete;add_IAO_0100001	mint_new_class_with_correct_botanical_pilosity_signature	EVID:UPOV_TGP14|EVID:AOS_DOWNY|PATO-source-definitions	obsolete_and_replace_wrong_semantics	accept	Approved by Robert Hoehndorf (ORCID:0000-0001-8149-5890) on 2026-07-15.
FLOPO_0012113	tepal pubescent	obsolete tepal pubescent	EQ|PO_0009033|PATO_0000455	FLOPO_0980494	tepal pubescent	EQ|PO_0009033|PATO_0001320	new_approved_reserved	http://purl.obolibrary.org/obo/FLOPO_0980494	pubescent	A maturity quality inhering in a bearer by virtue of the bearer's having arrived at the onset of puberty (the age at which sex glands become functional) but not yet fully mature.	pubescent hair	A pilosity quality of being covered with short hairs or soft down.	remove_logical_axioms_and_usages;retain_definition;add_owl_deprecated_true;prefix_label_obsolete;add_IAO_0100001	mint_new_class_with_correct_botanical_pilosity_signature	EVID:UPOV_TGP14|EVID:AOS_DOWNY|PATO-source-definitions	obsolete_and_replace_wrong_semantics	accept	Approved by Robert Hoehndorf (ORCID:0000-0001-8149-5890) on 2026-07-15.
FLOPO_0012218	plumule pubescent	obsolete plumule pubescent	EQ|PO_0020032|PATO_0000455	FLOPO_0980533	plumule pubescent	EQ|PO_0020032|PATO_0001320	new_approved_reserved	http://purl.obolibrary.org/obo/FLOPO_0980533	pubescent	A maturity quality inhering in a bearer by virtue of the bearer's having arrived at the onset of puberty (the age at which sex glands become functional) but not yet fully mature.	pubescent hair	A pilosity quality of being covered with short hairs or soft down.	remove_logical_axioms_and_usages;retain_definition;add_owl_deprecated_true;prefix_label_obsolete;add_IAO_0100001	mint_new_class_with_correct_botanical_pilosity_signature	EVID:UPOV_TGP14|EVID:AOS_DOWNY|PATO-source-definitions	obsolete_and_replace_wrong_semantics	accept	Approved by Robert Hoehndorf (ORCID:0000-0001-8149-5890) on 2026-07-15.
FLOPO_0012694	radicle pubescent	obsolete radicle pubescent	EQ|PO_0020031|PATO_0000455	FLOPO_0980532	radicle pubescent	EQ|PO_0020031|PATO_0001320	new_approved_reserved	http://purl.obolibrary.org/obo/FLOPO_0980532	pubescent	A maturity quality inhering in a bearer by virtue of the bearer's having arrived at the onset of puberty (the age at which sex glands become functional) but not yet fully mature.	pubescent hair	A pilosity quality of being covered with short hairs or soft down.	remove_logical_axioms_and_usages;retain_definition;add_owl_deprecated_true;prefix_label_obsolete;add_IAO_0100001	mint_new_class_with_correct_botanical_pilosity_signature	EVID:UPOV_TGP14|EVID:AOS_DOWNY|PATO-source-definitions	obsolete_and_replace_wrong_semantics	accept	Approved by Robert Hoehndorf (ORCID:0000-0001-8149-5890) on 2026-07-15.
FLOPO_0012701	gynoecium ridge pubescent	obsolete gynoecium ridge pubescent	EQ|PO_0025088|PATO_0000455	FLOPO_0980558	gynoecium ridge pubescent	EQ|PO_0025088|PATO_0001320	new_approved_reserved	http://purl.obolibrary.org/obo/FLOPO_0980558	pubescent	A maturity quality inhering in a bearer by virtue of the bearer's having arrived at the onset of puberty (the age at which sex glands become functional) but not yet fully mature.	pubescent hair	A pilosity quality of being covered with short hairs or soft down.	remove_logical_axioms_and_usages;retain_definition;add_owl_deprecated_true;prefix_label_obsolete;add_IAO_0100001	mint_new_class_with_correct_botanical_pilosity_signature	EVID:UPOV_TGP14|EVID:AOS_DOWNY|PATO-source-definitions	obsolete_and_replace_wrong_semantics	accept	Approved by Robert Hoehndorf (ORCID:0000-0001-8149-5890) on 2026-07-15.
FLOPO_0013307	pappus pubescent	obsolete pappus pubescent	EQ|PO_0025393|PATO_0000455	FLOPO_0980579	pappus pubescent	EQ|PO_0025393|PATO_0001320	new_approved_reserved	http://purl.obolibrary.org/obo/FLOPO_0980579	pubescent	A maturity quality inhering in a bearer by virtue of the bearer's having arrived at the onset of puberty (the age at which sex glands become functional) but not yet fully mature.	pubescent hair	A pilosity quality of being covered with short hairs or soft down.	remove_logical_axioms_and_usages;retain_definition;add_owl_deprecated_true;prefix_label_obsolete;add_IAO_0100001	mint_new_class_with_correct_botanical_pilosity_signature	EVID:UPOV_TGP14|EVID:AOS_DOWNY|PATO-source-definitions	obsolete_and_replace_wrong_semantics	accept	Approved by Robert Hoehndorf (ORCID:0000-0001-8149-5890) on 2026-07-15.
FLOPO_0013435	pulvinus pubescent	obsolete pulvinus pubescent	EQ|PO_0009000|PATO_0000455	FLOPO_0980481	pulvinus pubescent	EQ|PO_0009000|PATO_0001320	new_approved_reserved	http://purl.obolibrary.org/obo/FLOPO_0980481	pubescent	A maturity quality inhering in a bearer by virtue of the bearer's having arrived at the onset of puberty (the age at which sex glands become functional) but not yet fully mature.	pubescent hair	A pilosity quality of being covered with short hairs or soft down.	remove_logical_axioms_and_usages;retain_definition;add_owl_deprecated_true;prefix_label_obsolete;add_IAO_0100001	mint_new_class_with_correct_botanical_pilosity_signature	EVID:UPOV_TGP14|EVID:AOS_DOWNY|PATO-source-definitions	obsolete_and_replace_wrong_semantics	accept	Approved by Robert Hoehndorf (ORCID:0000-0001-8149-5890) on 2026-07-15.
FLOPO_0013450	vascular leaf pubescent	obsolete vascular leaf pubescent	EQ|PO_0009025|PATO_0000455	FLOPO_0980489	vascular leaf pubescent	EQ|PO_0009025|PATO_0001320	new_approved_reserved	http://purl.obolibrary.org/obo/FLOPO_0980489	pubescent	A maturity quality inhering in a bearer by virtue of the bearer's having arrived at the onset of puberty (the age at which sex glands become functional) but not yet fully mature.	pubescent hair	A pilosity quality of being covered with short hairs or soft down.	remove_logical_axioms_and_usages;retain_definition;add_owl_deprecated_true;prefix_label_obsolete;add_IAO_0100001	mint_new_class_with_correct_botanical_pilosity_signature	EVID:UPOV_TGP14|EVID:AOS_DOWNY|PATO-source-definitions	obsolete_and_replace_wrong_semantics	accept	Approved by Robert Hoehndorf (ORCID:0000-0001-8149-5890) on 2026-07-15.
FLOPO_0013483	testa pubescent	obsolete testa pubescent	EQ|PO_0020057|PATO_0000455	FLOPO_0980542	testa pubescent	EQ|PO_0020057|PATO_0001320	new_approved_reserved	http://purl.obolibrary.org/obo/FLOPO_0980542	pubescent	A maturity quality inhering in a bearer by virtue of the bearer's having arrived at the onset of puberty (the age at which sex glands become functional) but not yet fully mature.	pubescent hair	A pilosity quality of being covered with short hairs or soft down.	remove_logical_axioms_and_usages;retain_definition;add_owl_deprecated_true;prefix_label_obsolete;add_IAO_0100001	mint_new_class_with_correct_botanical_pilosity_signature	EVID:UPOV_TGP14|EVID:AOS_DOWNY|PATO-source-definitions	obsolete_and_replace_wrong_semantics	accept	Approved by Robert Hoehndorf (ORCID:0000-0001-8149-5890) on 2026-07-15.
FLOPO_0013486	cortex pubescent	obsolete cortex pubescent	EQ|PO_0005708|PATO_0000455	FLOPO_0980469	cortex pubescent	EQ|PO_0005708|PATO_0001320	new_approved_reserved	http://purl.obolibrary.org/obo/FLOPO_0980469	pubescent	A maturity quality inhering in a bearer by virtue of the bearer's having arrived at the onset of puberty (the age at which sex glands become functional) but not yet fully mature.	pubescent hair	A pilosity quality of being covered with short hairs or soft down.	remove_logical_axioms_and_usages;retain_definition;add_owl_deprecated_true;prefix_label_obsolete;add_IAO_0100001	mint_new_class_with_correct_botanical_pilosity_signature	EVID:UPOV_TGP14|EVID:AOS_DOWNY|PATO-source-definitions	obsolete_and_replace_wrong_semantics	accept	Approved by Robert Hoehndorf (ORCID:0000-0001-8149-5890) on 2026-07-15.
FLOPO_0014122	oil gland pubescent	obsolete oil gland pubescent	EQ|PO_0005669|PATO_0000455	FLOPO_0980467	oil gland pubescent	EQ|PO_0005669|PATO_0001320	new_approved_reserved	http://purl.obolibrary.org/obo/FLOPO_0980467	pubescent	A maturity quality inhering in a bearer by virtue of the bearer's having arrived at the onset of puberty (the age at which sex glands become functional) but not yet fully mature.	pubescent hair	A pilosity quality of being covered with short hairs or soft down.	remove_logical_axioms_and_usages;retain_definition;add_owl_deprecated_true;prefix_label_obsolete;add_IAO_0100001	mint_new_class_with_correct_botanical_pilosity_signature	EVID:UPOV_TGP14|EVID:AOS_DOWNY|PATO-source-definitions	obsolete_and_replace_wrong_semantics	accept	Approved by Robert Hoehndorf (ORCID:0000-0001-8149-5890) on 2026-07-15.
FLOPO_0014474	tuber pubescent	obsolete tuber pubescent	EQ|PO_0025522|PATO_0000455	FLOPO_0980580	tuber pubescent	EQ|PO_0025522|PATO_0001320	new_approved_reserved	http://purl.obolibrary.org/obo/FLOPO_0980580	pubescent	A maturity quality inhering in a bearer by virtue of the bearer's having arrived at the onset of puberty (the age at which sex glands become functional) but not yet fully mature.	pubescent hair	A pilosity quality of being covered with short hairs or soft down.	remove_logical_axioms_and_usages;retain_definition;add_owl_deprecated_true;prefix_label_obsolete;add_IAO_0100001	mint_new_class_with_correct_botanical_pilosity_signature	EVID:UPOV_TGP14|EVID:AOS_DOWNY|PATO-source-definitions	obsolete_and_replace_wrong_semantics	accept	Approved by Robert Hoehndorf (ORCID:0000-0001-8149-5890) on 2026-07-15.
FLOPO_0014542	costa pubescent	obsolete costa pubescent	EQ|PO_0030072|PATO_0000455	FLOPO_0980584	costa pubescent	EQ|PO_0030072|PATO_0001320	new_approved_reserved	http://purl.obolibrary.org/obo/FLOPO_0980584	pubescent	A maturity quality inhering in a bearer by virtue of the bearer's having arrived at the onset of puberty (the age at which sex glands become functional) but not yet fully mature.	pubescent hair	A pilosity quality of being covered with short hairs or soft down.	remove_logical_axioms_and_usages;retain_definition;add_owl_deprecated_true;prefix_label_obsolete;add_IAO_0100001	mint_new_class_with_correct_botanical_pilosity_signature	EVID:UPOV_TGP14|EVID:AOS_DOWNY|PATO-source-definitions	obsolete_and_replace_wrong_semantics	accept	Approved by Robert Hoehndorf (ORCID:0000-0001-8149-5890) on 2026-07-15.
FLOPO_0015117	raphe pubescent	obsolete raphe pubescent	EQ|PO_0020027|PATO_0000455	FLOPO_0980530	raphe pubescent	EQ|PO_0020027|PATO_0001320	new_approved_reserved	http://purl.obolibrary.org/obo/FLOPO_0980530	pubescent	A maturity quality inhering in a bearer by virtue of the bearer's having arrived at the onset of puberty (the age at which sex glands become functional) but not yet fully mature.	pubescent hair	A pilosity quality of being covered with short hairs or soft down.	remove_logical_axioms_and_usages;retain_definition;add_owl_deprecated_true;prefix_label_obsolete;add_IAO_0100001	mint_new_class_with_correct_botanical_pilosity_signature	EVID:UPOV_TGP14|EVID:AOS_DOWNY|PATO-source-definitions	obsolete_and_replace_wrong_semantics	accept	Approved by Robert Hoehndorf (ORCID:0000-0001-8149-5890) on 2026-07-15.
FLOPO_0015453	shoot system pubescent	obsolete shoot system pubescent	EQ|PO_0009006|PATO_0000455	FLOPO_0980485	shoot system pubescent	EQ|PO_0009006|PATO_0001320	new_approved_reserved	http://purl.obolibrary.org/obo/FLOPO_0980485	pubescent	A maturity quality inhering in a bearer by virtue of the bearer's having arrived at the onset of puberty (the age at which sex glands become functional) but not yet fully mature.	pubescent hair	A pilosity quality of being covered with short hairs or soft down.	remove_logical_axioms_and_usages;retain_definition;add_owl_deprecated_true;prefix_label_obsolete;add_IAO_0100001	mint_new_class_with_correct_botanical_pilosity_signature	EVID:UPOV_TGP14|EVID:AOS_DOWNY|PATO-source-definitions	obsolete_and_replace_wrong_semantics	accept	Approved by Robert Hoehndorf (ORCID:0000-0001-8149-5890) on 2026-07-15.
FLOPO_0015462	leaf sheath pubescent	obsolete leaf sheath pubescent	EQ|PO_0020104|PATO_0000455	FLOPO_0980546	leaf sheath pubescent	EQ|PO_0020104|PATO_0001320	new_approved_reserved	http://purl.obolibrary.org/obo/FLOPO_0980546	pubescent	A maturity quality inhering in a bearer by virtue of the bearer's having arrived at the onset of puberty (the age at which sex glands become functional) but not yet fully mature.	pubescent hair	A pilosity quality of being covered with short hairs or soft down.	remove_logical_axioms_and_usages;retain_definition;add_owl_deprecated_true;prefix_label_obsolete;add_IAO_0100001	mint_new_class_with_correct_botanical_pilosity_signature	EVID:UPOV_TGP14|EVID:AOS_DOWNY|PATO-source-definitions	obsolete_and_replace_wrong_semantics	accept	Approved by Robert Hoehndorf (ORCID:0000-0001-8149-5890) on 2026-07-15.
FLOPO_0015907	gynophore pubescent	obsolete gynophore pubescent	EQ|PO_0006330|PATO_0000455	FLOPO_0980477	gynophore pubescent	EQ|PO_0006330|PATO_0001320	new_approved_reserved	http://purl.obolibrary.org/obo/FLOPO_0980477	pubescent	A maturity quality inhering in a bearer by virtue of the bearer's having arrived at the onset of puberty (the age at which sex glands become functional) but not yet fully mature.	pubescent hair	A pilosity quality of being covered with short hairs or soft down.	remove_logical_axioms_and_usages;retain_definition;add_owl_deprecated_true;prefix_label_obsolete;add_IAO_0100001	mint_new_class_with_correct_botanical_pilosity_signature	EVID:UPOV_TGP14|EVID:AOS_DOWNY|PATO-source-definitions	obsolete_and_replace_wrong_semantics	accept	Approved by Robert Hoehndorf (ORCID:0000-0001-8149-5890) on 2026-07-15.
FLOPO_0016064	lodicule pubescent	obsolete lodicule pubescent	EQ|PO_0009036|PATO_0000455	FLOPO_0980496	lodicule pubescent	EQ|PO_0009036|PATO_0001320	new_approved_reserved	http://purl.obolibrary.org/obo/FLOPO_0980496	pubescent	A maturity quality inhering in a bearer by virtue of the bearer's having arrived at the onset of puberty (the age at which sex glands become functional) but not yet fully mature.	pubescent hair	A pilosity quality of being covered with short hairs or soft down.	remove_logical_axioms_and_usages;retain_definition;add_owl_deprecated_true;prefix_label_obsolete;add_IAO_0100001	mint_new_class_with_correct_botanical_pilosity_signature	EVID:UPOV_TGP14|EVID:AOS_DOWNY|PATO-source-definitions	obsolete_and_replace_wrong_semantics	accept	Approved by Robert Hoehndorf (ORCID:0000-0001-8149-5890) on 2026-07-15.
FLOPO_0016681	hilum pubescent	obsolete hilum pubescent	EQ|PO_0020063|PATO_0000455	FLOPO_0980544	hilum pubescent	EQ|PO_0020063|PATO_0001320	new_approved_reserved	http://purl.obolibrary.org/obo/FLOPO_0980544	pubescent	A maturity quality inhering in a bearer by virtue of the bearer's having arrived at the onset of puberty (the age at which sex glands become functional) but not yet fully mature.	pubescent hair	A pilosity quality of being covered with short hairs or soft down.	remove_logical_axioms_and_usages;retain_definition;add_owl_deprecated_true;prefix_label_obsolete;add_IAO_0100001	mint_new_class_with_correct_botanical_pilosity_signature	EVID:UPOV_TGP14|EVID:AOS_DOWNY|PATO-source-definitions	obsolete_and_replace_wrong_semantics	accept	Approved by Robert Hoehndorf (ORCID:0000-0001-8149-5890) on 2026-07-15.
FLOPO_0016706	papilla cell pubescent	obsolete papilla cell pubescent	EQ|PO_0025166|PATO_0000455	FLOPO_0980561	papilla cell pubescent	EQ|PO_0025166|PATO_0001320	new_approved_reserved	http://purl.obolibrary.org/obo/FLOPO_0980561	pubescent	A maturity quality inhering in a bearer by virtue of the bearer's having arrived at the onset of puberty (the age at which sex glands become functional) but not yet fully mature.	pubescent hair	A pilosity quality of being covered with short hairs or soft down.	remove_logical_axioms_and_usages;retain_definition;add_owl_deprecated_true;prefix_label_obsolete;add_IAO_0100001	mint_new_class_with_correct_botanical_pilosity_signature	EVID:UPOV_TGP14|EVID:AOS_DOWNY|PATO-source-definitions	obsolete_and_replace_wrong_semantics	accept	Approved by Robert Hoehndorf (ORCID:0000-0001-8149-5890) on 2026-07-15.
FLOPO_0017334	leaf apex pubescent	obsolete leaf apex pubescent	EQ|PO_0020137|PATO_0000455	FLOPO_0980550	leaf apex pubescent	EQ|PO_0020137|PATO_0001320	new_approved_reserved	http://purl.obolibrary.org/obo/FLOPO_0980550	pubescent	A maturity quality inhering in a bearer by virtue of the bearer's having arrived at the onset of puberty (the age at which sex glands become functional) but not yet fully mature.	pubescent hair	A pilosity quality of being covered with short hairs or soft down.	remove_logical_axioms_and_usages;retain_definition;add_owl_deprecated_true;prefix_label_obsolete;add_IAO_0100001	mint_new_class_with_correct_botanical_pilosity_signature	EVID:UPOV_TGP14|EVID:AOS_DOWNY|PATO-source-definitions	obsolete_and_replace_wrong_semantics	accept	Approved by Robert Hoehndorf (ORCID:0000-0001-8149-5890) on 2026-07-15.
FLOPO_0018028	seta pubescent	obsolete seta pubescent	EQ|PO_0030032|PATO_0000455	FLOPO_0980582	seta pubescent	EQ|PO_0030032|PATO_0001320	new_approved_reserved	http://purl.obolibrary.org/obo/FLOPO_0980582	pubescent	A maturity quality inhering in a bearer by virtue of the bearer's having arrived at the onset of puberty (the age at which sex glands become functional) but not yet fully mature.	pubescent hair	A pilosity quality of being covered with short hairs or soft down.	remove_logical_axioms_and_usages;retain_definition;add_owl_deprecated_true;prefix_label_obsolete;add_IAO_0100001	mint_new_class_with_correct_botanical_pilosity_signature	EVID:UPOV_TGP14|EVID:AOS_DOWNY|PATO-source-definitions	obsolete_and_replace_wrong_semantics	accept	Approved by Robert Hoehndorf (ORCID:0000-0001-8149-5890) on 2026-07-15.
FLOPO_0018605	short shoot pubescent	obsolete short shoot pubescent	EQ|PO_0004701|PATO_0000455	FLOPO_0980454	short shoot pubescent	EQ|PO_0004701|PATO_0001320	new_approved_reserved	http://purl.obolibrary.org/obo/FLOPO_0980454	pubescent	A maturity quality inhering in a bearer by virtue of the bearer's having arrived at the onset of puberty (the age at which sex glands become functional) but not yet fully mature.	pubescent hair	A pilosity quality of being covered with short hairs or soft down.	remove_logical_axioms_and_usages;retain_definition;add_owl_deprecated_true;prefix_label_obsolete;add_IAO_0100001	mint_new_class_with_correct_botanical_pilosity_signature	EVID:UPOV_TGP14|EVID:AOS_DOWNY|PATO-source-definitions	obsolete_and_replace_wrong_semantics	accept	Approved by Robert Hoehndorf (ORCID:0000-0001-8149-5890) on 2026-07-15.
FLOPO_0018865	androecium pubescent	obsolete androecium pubescent	EQ|PO_0009061|PATO_0000455	FLOPO_0980511	androecium pubescent	EQ|PO_0009061|PATO_0001320	new_approved_reserved	http://purl.obolibrary.org/obo/FLOPO_0980511	pubescent	A maturity quality inhering in a bearer by virtue of the bearer's having arrived at the onset of puberty (the age at which sex glands become functional) but not yet fully mature.	pubescent hair	A pilosity quality of being covered with short hairs or soft down.	remove_logical_axioms_and_usages;retain_definition;add_owl_deprecated_true;prefix_label_obsolete;add_IAO_0100001	mint_new_class_with_correct_botanical_pilosity_signature	EVID:UPOV_TGP14|EVID:AOS_DOWNY|PATO-source-definitions	obsolete_and_replace_wrong_semantics	accept	Approved by Robert Hoehndorf (ORCID:0000-0001-8149-5890) on 2026-07-15.
FLOPO_0019134	mesocarp pubescent	obsolete mesocarp pubescent	EQ|PO_0009087|PATO_0000455	FLOPO_0980527	mesocarp pubescent	EQ|PO_0009087|PATO_0001320	new_approved_reserved	http://purl.obolibrary.org/obo/FLOPO_0980527	pubescent	A maturity quality inhering in a bearer by virtue of the bearer's having arrived at the onset of puberty (the age at which sex glands become functional) but not yet fully mature.	pubescent hair	A pilosity quality of being covered with short hairs or soft down.	remove_logical_axioms_and_usages;retain_definition;add_owl_deprecated_true;prefix_label_obsolete;add_IAO_0100001	mint_new_class_with_correct_botanical_pilosity_signature	EVID:UPOV_TGP14|EVID:AOS_DOWNY|PATO-source-definitions	obsolete_and_replace_wrong_semantics	accept	Approved by Robert Hoehndorf (ORCID:0000-0001-8149-5890) on 2026-07-15.
FLOPO_0019179	protonema sub-apical initial cell pubescent	obsolete protonema sub-apical initial cell pubescent	EQ|PO_0030086|PATO_0000455	FLOPO_0980585	protonema sub-apical initial cell pubescent	EQ|PO_0030086|PATO_0001320	new_approved_reserved	http://purl.obolibrary.org/obo/FLOPO_0980585	pubescent	A maturity quality inhering in a bearer by virtue of the bearer's having arrived at the onset of puberty (the age at which sex glands become functional) but not yet fully mature.	pubescent hair	A pilosity quality of being covered with short hairs or soft down.	remove_logical_axioms_and_usages;retain_definition;add_owl_deprecated_true;prefix_label_obsolete;add_IAO_0100001	mint_new_class_with_correct_botanical_pilosity_signature	EVID:UPOV_TGP14|EVID:AOS_DOWNY|PATO-source-definitions	obsolete_and_replace_wrong_semantics	accept	Approved by Robert Hoehndorf (ORCID:0000-0001-8149-5890) on 2026-07-15.
FLOPO_0019306	nectary pubescent	obsolete nectary pubescent	EQ|PO_0009035|PATO_0000455	FLOPO_0980495	nectary pubescent	EQ|PO_0009035|PATO_0001320	new_approved_reserved	http://purl.obolibrary.org/obo/FLOPO_0980495	pubescent	A maturity quality inhering in a bearer by virtue of the bearer's having arrived at the onset of puberty (the age at which sex glands become functional) but not yet fully mature.	pubescent hair	A pilosity quality of being covered with short hairs or soft down.	remove_logical_axioms_and_usages;retain_definition;add_owl_deprecated_true;prefix_label_obsolete;add_IAO_0100001	mint_new_class_with_correct_botanical_pilosity_signature	EVID:UPOV_TGP14|EVID:AOS_DOWNY|PATO-source-definitions	obsolete_and_replace_wrong_semantics	accept	Approved by Robert Hoehndorf (ORCID:0000-0001-8149-5890) on 2026-07-15.
FLOPO_0019819	palea pubescent	obsolete palea pubescent	EQ|PO_0009038|PATO_0000455	FLOPO_0980498	palea pubescent	EQ|PO_0009038|PATO_0001320	new_approved_reserved	http://purl.obolibrary.org/obo/FLOPO_0980498	pubescent	A maturity quality inhering in a bearer by virtue of the bearer's having arrived at the onset of puberty (the age at which sex glands become functional) but not yet fully mature.	pubescent hair	A pilosity quality of being covered with short hairs or soft down.	remove_logical_axioms_and_usages;retain_definition;add_owl_deprecated_true;prefix_label_obsolete;add_IAO_0100001	mint_new_class_with_correct_botanical_pilosity_signature	EVID:UPOV_TGP14|EVID:AOS_DOWNY|PATO-source-definitions	obsolete_and_replace_wrong_semantics	accept	Approved by Robert Hoehndorf (ORCID:0000-0001-8149-5890) on 2026-07-15.
FLOPO_0021456	petiole margin pubescent	obsolete petiole margin pubescent	EQ|PO_0025010|PATO_0000455	FLOPO_0980552	petiole margin pubescent	EQ|PO_0025010|PATO_0001320	new_approved_reserved	http://purl.obolibrary.org/obo/FLOPO_0980552	pubescent	A maturity quality inhering in a bearer by virtue of the bearer's having arrived at the onset of puberty (the age at which sex glands become functional) but not yet fully mature.	pubescent hair	A pilosity quality of being covered with short hairs or soft down.	remove_logical_axioms_and_usages;retain_definition;add_owl_deprecated_true;prefix_label_obsolete;add_IAO_0100001	mint_new_class_with_correct_botanical_pilosity_signature	EVID:UPOV_TGP14|EVID:AOS_DOWNY|PATO-source-definitions	obsolete_and_replace_wrong_semantics	accept	Approved by Robert Hoehndorf (ORCID:0000-0001-8149-5890) on 2026-07-15.
FLOPO_0021511	stomatal pore pubescent	obsolete stomatal pore pubescent	EQ|PO_0008032|PATO_0000455	FLOPO_0980480	stomatal pore pubescent	EQ|PO_0008032|PATO_0001320	new_approved_reserved	http://purl.obolibrary.org/obo/FLOPO_0980480	pubescent	A maturity quality inhering in a bearer by virtue of the bearer's having arrived at the onset of puberty (the age at which sex glands become functional) but not yet fully mature.	pubescent hair	A pilosity quality of being covered with short hairs or soft down.	remove_logical_axioms_and_usages;retain_definition;add_owl_deprecated_true;prefix_label_obsolete;add_IAO_0100001	mint_new_class_with_correct_botanical_pilosity_signature	EVID:UPOV_TGP14|EVID:AOS_DOWNY|PATO-source-definitions	obsolete_and_replace_wrong_semantics	accept	Approved by Robert Hoehndorf (ORCID:0000-0001-8149-5890) on 2026-07-15.
FLOPO_0021564	plant cell pubescent	obsolete plant cell pubescent	EQ|PO_0009002|PATO_0000455	FLOPO_0980483	plant cell pubescent	EQ|PO_0009002|PATO_0001320	new_approved_reserved	http://purl.obolibrary.org/obo/FLOPO_0980483	pubescent	A maturity quality inhering in a bearer by virtue of the bearer's having arrived at the onset of puberty (the age at which sex glands become functional) but not yet fully mature.	pubescent hair	A pilosity quality of being covered with short hairs or soft down.	remove_logical_axioms_and_usages;retain_definition;add_owl_deprecated_true;prefix_label_obsolete;add_IAO_0100001	mint_new_class_with_correct_botanical_pilosity_signature	EVID:UPOV_TGP14|EVID:AOS_DOWNY|PATO-source-definitions	obsolete_and_replace_wrong_semantics	accept	Approved by Robert Hoehndorf (ORCID:0000-0001-8149-5890) on 2026-07-15.
FLOPO_0021779	inflorescence axis pubescent	obsolete inflorescence axis pubescent	EQ|PO_0020122|PATO_0000455	FLOPO_0980548	inflorescence axis pubescent	EQ|PO_0020122|PATO_0001320	new_approved_reserved	http://purl.obolibrary.org/obo/FLOPO_0980548	pubescent	A maturity quality inhering in a bearer by virtue of the bearer's having arrived at the onset of puberty (the age at which sex glands become functional) but not yet fully mature.	pubescent hair	A pilosity quality of being covered with short hairs or soft down.	remove_logical_axioms_and_usages;retain_definition;add_owl_deprecated_true;prefix_label_obsolete;add_IAO_0100001	mint_new_class_with_correct_botanical_pilosity_signature	EVID:UPOV_TGP14|EVID:AOS_DOWNY|PATO-source-definitions	obsolete_and_replace_wrong_semantics	accept	Approved by Robert Hoehndorf (ORCID:0000-0001-8149-5890) on 2026-07-15.
FLOPO_0021887	root-borne shoot system pubescent	obsolete root-borne shoot system pubescent	EQ|PO_0004544|PATO_0000455	FLOPO_0980453	root-borne shoot system pubescent	EQ|PO_0004544|PATO_0001320	new_approved_reserved	http://purl.obolibrary.org/obo/FLOPO_0980453	pubescent	A maturity quality inhering in a bearer by virtue of the bearer's having arrived at the onset of puberty (the age at which sex glands become functional) but not yet fully mature.	pubescent hair	A pilosity quality of being covered with short hairs or soft down.	remove_logical_axioms_and_usages;retain_definition;add_owl_deprecated_true;prefix_label_obsolete;add_IAO_0100001	mint_new_class_with_correct_botanical_pilosity_signature	EVID:UPOV_TGP14|EVID:AOS_DOWNY|PATO-source-definitions	obsolete_and_replace_wrong_semantics	accept	Approved by Robert Hoehndorf (ORCID:0000-0001-8149-5890) on 2026-07-15.
FLOPO_0022109	pollen pubescent	obsolete pollen pubescent	EQ|PO_0025281|PATO_0000455	FLOPO_0980569	pollen pubescent	EQ|PO_0025281|PATO_0001320	new_approved_reserved	http://purl.obolibrary.org/obo/FLOPO_0980569	pubescent	A maturity quality inhering in a bearer by virtue of the bearer's having arrived at the onset of puberty (the age at which sex glands become functional) but not yet fully mature.	pubescent hair	A pilosity quality of being covered with short hairs or soft down.	remove_logical_axioms_and_usages;retain_definition;add_owl_deprecated_true;prefix_label_obsolete;add_IAO_0100001	mint_new_class_with_correct_botanical_pilosity_signature	EVID:UPOV_TGP14|EVID:AOS_DOWNY|PATO-source-definitions	obsolete_and_replace_wrong_semantics	accept	Approved by Robert Hoehndorf (ORCID:0000-0001-8149-5890) on 2026-07-15.
FLOPO_0022113	periderm pubescent	obsolete periderm pubescent	EQ|PO_0005046|PATO_0000455	FLOPO_0980461	periderm pubescent	EQ|PO_0005046|PATO_0001320	new_approved_reserved	http://purl.obolibrary.org/obo/FLOPO_0980461	pubescent	A maturity quality inhering in a bearer by virtue of the bearer's having arrived at the onset of puberty (the age at which sex glands become functional) but not yet fully mature.	pubescent hair	A pilosity quality of being covered with short hairs or soft down.	remove_logical_axioms_and_usages;retain_definition;add_owl_deprecated_true;prefix_label_obsolete;add_IAO_0100001	mint_new_class_with_correct_botanical_pilosity_signature	EVID:UPOV_TGP14|EVID:AOS_DOWNY|PATO-source-definitions	obsolete_and_replace_wrong_semantics	accept	Approved by Robert Hoehndorf (ORCID:0000-0001-8149-5890) on 2026-07-15.
FLOPO_0022264	terminal bud pubescent	obsolete terminal bud pubescent	EQ|PO_0004713|PATO_0000455	FLOPO_0980456	terminal bud pubescent	EQ|PO_0004713|PATO_0001320	new_approved_reserved	http://purl.obolibrary.org/obo/FLOPO_0980456	pubescent	A maturity quality inhering in a bearer by virtue of the bearer's having arrived at the onset of puberty (the age at which sex glands become functional) but not yet fully mature.	pubescent hair	A pilosity quality of being covered with short hairs or soft down.	remove_logical_axioms_and_usages;retain_definition;add_owl_deprecated_true;prefix_label_obsolete;add_IAO_0100001	mint_new_class_with_correct_botanical_pilosity_signature	EVID:UPOV_TGP14|EVID:AOS_DOWNY|PATO-source-definitions	obsolete_and_replace_wrong_semantics	accept	Approved by Robert Hoehndorf (ORCID:0000-0001-8149-5890) on 2026-07-15.
FLOPO_0022913	tuberous root pubescent	obsolete tuberous root pubescent	EQ|PO_0025523|PATO_0000455	FLOPO_0980581	tuberous root pubescent	EQ|PO_0025523|PATO_0001320	new_approved_reserved	http://purl.obolibrary.org/obo/FLOPO_0980581	pubescent	A maturity quality inhering in a bearer by virtue of the bearer's having arrived at the onset of puberty (the age at which sex glands become functional) but not yet fully mature.	pubescent hair	A pilosity quality of being covered with short hairs or soft down.	remove_logical_axioms_and_usages;retain_definition;add_owl_deprecated_true;prefix_label_obsolete;add_IAO_0100001	mint_new_class_with_correct_botanical_pilosity_signature	EVID:UPOV_TGP14|EVID:AOS_DOWNY|PATO-source-definitions	obsolete_and_replace_wrong_semantics	accept	Approved by Robert Hoehndorf (ORCID:0000-0001-8149-5890) on 2026-07-15.
FLOPO_0023418	velamen pubescent	obsolete velamen pubescent	EQ|PO_0006042|PATO_0000455	FLOPO_0980473	velamen pubescent	EQ|PO_0006042|PATO_0001320	new_approved_reserved	http://purl.obolibrary.org/obo/FLOPO_0980473	pubescent	A maturity quality inhering in a bearer by virtue of the bearer's having arrived at the onset of puberty (the age at which sex glands become functional) but not yet fully mature.	pubescent hair	A pilosity quality of being covered with short hairs or soft down.	remove_logical_axioms_and_usages;retain_definition;add_owl_deprecated_true;prefix_label_obsolete;add_IAO_0100001	mint_new_class_with_correct_botanical_pilosity_signature	EVID:UPOV_TGP14|EVID:AOS_DOWNY|PATO-source-definitions	obsolete_and_replace_wrong_semantics	accept	Approved by Robert Hoehndorf (ORCID:0000-0001-8149-5890) on 2026-07-15.
FLOPO_0023654	stolon pubescent	obsolete stolon pubescent	EQ|PO_0003024|PATO_0000455	FLOPO_0980446	stolon pubescent	EQ|PO_0003024|PATO_0001320	new_approved_reserved	http://purl.obolibrary.org/obo/FLOPO_0980446	pubescent	A maturity quality inhering in a bearer by virtue of the bearer's having arrived at the onset of puberty (the age at which sex glands become functional) but not yet fully mature.	pubescent hair	A pilosity quality of being covered with short hairs or soft down.	remove_logical_axioms_and_usages;retain_definition;add_owl_deprecated_true;prefix_label_obsolete;add_IAO_0100001	mint_new_class_with_correct_botanical_pilosity_signature	EVID:UPOV_TGP14|EVID:AOS_DOWNY|PATO-source-definitions	obsolete_and_replace_wrong_semantics	accept	Approved by Robert Hoehndorf (ORCID:0000-0001-8149-5890) on 2026-07-15.
FLOPO_0023782	plant embryo pubescent	obsolete plant embryo pubescent	EQ|PO_0009009|PATO_0000455	FLOPO_0980486	plant embryo pubescent	EQ|PO_0009009|PATO_0001320	new_approved_reserved	http://purl.obolibrary.org/obo/FLOPO_0980486	pubescent	A maturity quality inhering in a bearer by virtue of the bearer's having arrived at the onset of puberty (the age at which sex glands become functional) but not yet fully mature.	pubescent hair	A pilosity quality of being covered with short hairs or soft down.	remove_logical_axioms_and_usages;retain_definition;add_owl_deprecated_true;prefix_label_obsolete;add_IAO_0100001	mint_new_class_with_correct_botanical_pilosity_signature	EVID:UPOV_TGP14|EVID:AOS_DOWNY|PATO-source-definitions	obsolete_and_replace_wrong_semantics	accept	Approved by Robert Hoehndorf (ORCID:0000-0001-8149-5890) on 2026-07-15.
FLOPO_0023872	areole bud pubescent	obsolete areole bud pubescent	EQ|PO_0025353|PATO_0000455	FLOPO_0980576	areole bud pubescent	EQ|PO_0025353|PATO_0001320	new_approved_reserved	http://purl.obolibrary.org/obo/FLOPO_0980576	pubescent	A maturity quality inhering in a bearer by virtue of the bearer's having arrived at the onset of puberty (the age at which sex glands become functional) but not yet fully mature.	pubescent hair	A pilosity quality of being covered with short hairs or soft down.	remove_logical_axioms_and_usages;retain_definition;add_owl_deprecated_true;prefix_label_obsolete;add_IAO_0100001	mint_new_class_with_correct_botanical_pilosity_signature	EVID:UPOV_TGP14|EVID:AOS_DOWNY|PATO-source-definitions	obsolete_and_replace_wrong_semantics	accept	Approved by Robert Hoehndorf (ORCID:0000-0001-8149-5890) on 2026-07-15.
FLOPO_0023886	resin canal pubescent	obsolete resin canal pubescent	EQ|PO_0005665|PATO_0000455	FLOPO_0980466	resin canal pubescent	EQ|PO_0005665|PATO_0001320	new_approved_reserved	http://purl.obolibrary.org/obo/FLOPO_0980466	pubescent	A maturity quality inhering in a bearer by virtue of the bearer's having arrived at the onset of puberty (the age at which sex glands become functional) but not yet fully mature.	pubescent hair	A pilosity quality of being covered with short hairs or soft down.	remove_logical_axioms_and_usages;retain_definition;add_owl_deprecated_true;prefix_label_obsolete;add_IAO_0100001	mint_new_class_with_correct_botanical_pilosity_signature	EVID:UPOV_TGP14|EVID:AOS_DOWNY|PATO-source-definitions	obsolete_and_replace_wrong_semantics	accept	Approved by Robert Hoehndorf (ORCID:0000-0001-8149-5890) on 2026-07-15.
